date,track,race_time,runner_number,dog_name,race_id,source,race_url
2026-09-12,Central Park,17:30,1,Tia Lilly Dancer,516085,Sporting Life,https://www.sportinglife.com/greyhounds/racecards/2026-09-12/central-park/racecard/516085
2026-09-12,Central Park,17:30,2,Aphantasia,516085,Sporting Life,https://www.sportinglife.com/greyhounds/racecards/2026-09-12/central-park/racecard/516085
2026-09-12,Central Park,17:30,3,Kitmins Kate,516085,Sporting Life,https://www.sportinglife.com/greyhounds/racecards/2026-09-12/central-park/racecard/516085
2026-09-12,Central Park,17:30,5,Barnora Kate,516085,Sporting Life,https://www.sportinglife.com/greyhounds/racecards/2026-09-12/central-park/racecard/516085
2026-09-12,Central Park,17:30,6,Savana Mai,516085,Sporting Life,https://www.sportinglife.com/greyhounds/racecards/2026-09-12/central-park/racecard/516085
2026-09-12,Central Park,17:50,1,Always Bright,516086,Sporting Life,https://www.sportinglife.com/greyhounds/racecards/2026-09-12/central-park/racecard/516086
2026-09-12,Central Park,17:50,2,Chic Le Freak,516086,Sporting Life,https://www.sportinglife.com/greyhounds/racecards/2026-09-12/central-park/racecard/516086
2026-09-12,Central Park,17:50,3,Insane Ace,516086,Sporting Life,https://www.sportinglife.com/greyhounds/racecards/2026-09-12/central-park/racecard/516086
2026-09-12,Central Park,17:50,4,Ask The Warden,516086,Sporting Life,https://www.sportinglife.com/greyhounds/racecards/2026-09-12/central-park/racecard/516086
2026-09-12,Central Park,17:50,6,Glosha Sally,516086,Sporting Life,https://www.sportinglife.com/greyhounds/racecards/2026-09-12/central-park/racecard/516086
2026-09-12,Central Park,18:10,1,Rydons Dream,516087,Sporting Life,https://www.sportinglife.com/greyhounds/racecards/2026-09-12/central-park/racecard/516087
2026-09-12,Central Park,18:10,2,Lemon Maxine,516087,Sporting Life,https://www.sportinglife.com/greyhounds/racecards/2026-09-12/central-park/racecard/516087
2026-09-12,Central Park,18:10,3,Rydons Ranger,516087,Sporting Life,https://www.sportinglife.com/greyhounds/racecards/2026-09-12/central-park/racecard/516087
2026-09-12,Central Park,18:10,4,Insane Investa,516087,Sporting Life,https://www.sportinglife.com/greyhounds/racecards/2026-09-12/central-park/racecard/516087
2026-09-12,Central Park,18:10,5,Headford Toby,516087,Sporting Life,https://www.sportinglife.com/greyhounds/racecards/2026-09-12/central-park/racecard/516087
2026-09-12,Central Park,18:10,6,Insane Gee Two,516087,Sporting Life,https://www.sportinglife.com/greyhounds/racecards/2026-09-12/central-park/racecard/516087
2026-09-12,Central Park,18:30,1,Eddies Gift,516088,Sporting Life,https://www.sportinglife.com/greyhounds/racecards/2026-09-12/central-park/racecard/516088
2026-09-12,Central Park,18:30,2,Insane Mariela,516088,Sporting Life,https://www.sportinglife.com/greyhounds/racecards/2026-09-12/central-park/racecard/516088
2026-09-12,Central Park,18:30,3,Yassoo Gee One,516088,Sporting Life,https://www.sportinglife.com/greyhounds/racecards/2026-09-12/central-park/racecard/516088
2026-09-12,Central Park,18:30,4,Keefill Zeus,516088,Sporting Life,https://www.sportinglife.com/greyhounds/racecards/2026-09-12/central-park/racecard/516088
2026-09-12,Central Park,18:30,5,Headford Sirl,516088,Sporting Life,https://www.sportinglife.com/greyhounds/racecards/2026-09-12/central-park/racecard/516088
2026-09-12,Central Park,18:30,6,Blazeaway Noir,516088,Sporting Life,https://www.sportinglife.com/greyhounds/racecards/2026-09-12/central-park/racecard/516088
2026-09-12,Central Park,18:50,1,Drombeg Amble,516089,Sporting Life,https://www.sportinglife.com/greyhounds/racecards/2026-09-12/central-park/racecard/516089
2026-09-12,Central Park,18:50,2,Capel Icon,516089,Sporting Life,https://www.sportinglife.com/greyhounds/racecards/2026-09-12/central-park/racecard/516089
2026-09-12,Central Park,18:50,4,Deelish Maggie,516089,Sporting Life,https://www.sportinglife.com/greyhounds/racecards/2026-09-12/central-park/racecard/516089
2026-09-12,Central Park,18:50,5,Heygood Lookin,516089,Sporting Life,https://www.sportinglife.com/greyhounds/racecards/2026-09-12/central-park/racecard/516089
2026-09-12,Central Park,18:50,6,Roaming Polly,516089,Sporting Life,https://www.sportinglife.com/greyhounds/racecards/2026-09-12/central-park/racecard/516089
2026-09-12,Central Park,19:10,1,Insane Shenen,516090,Sporting Life,https://www.sportinglife.com/greyhounds/racecards/2026-09-12/central-park/racecard/516090
2026-09-12,Central Park,19:10,2,Miss Puddy,516090,Sporting Life,https://www.sportinglife.com/greyhounds/racecards/2026-09-12/central-park/racecard/516090
2026-09-12,Central Park,19:10,3,Ever So Thunder,516090,Sporting Life,https://www.sportinglife.com/greyhounds/racecards/2026-09-12/central-park/racecard/516090
2026-09-12,Central Park,19:10,4,Tassie Ted,516090,Sporting Life,https://www.sportinglife.com/greyhounds/racecards/2026-09-12/central-park/racecard/516090
2026-09-12,Central Park,19:10,5,Mucky Murty,516090,Sporting Life,https://www.sportinglife.com/greyhounds/racecards/2026-09-12/central-park/racecard/516090
2026-09-12,Central Park,19:10,6,Zari Mahoonagh,516090,Sporting Life,https://www.sportinglife.com/greyhounds/racecards/2026-09-12/central-park/racecard/516090
2026-09-12,Central Park,19:30,1,Zenith Sultan,516091,Sporting Life,https://www.sportinglife.com/greyhounds/racecards/2026-09-12/central-park/racecard/516091
2026-09-12,Central Park,19:30,2,Foxwood Christy,516091,Sporting Life,https://www.sportinglife.com/greyhounds/racecards/2026-09-12/central-park/racecard/516091
2026-09-12,Central Park,19:30,3,Maireads Diamond,516091,Sporting Life,https://www.sportinglife.com/greyhounds/racecards/2026-09-12/central-park/racecard/516091
2026-09-12,Central Park,19:30,4,Slaneyside Ross,516091,Sporting Life,https://www.sportinglife.com/greyhounds/racecards/2026-09-12/central-park/racecard/516091
2026-09-12,Central Park,19:30,5,Bushpark Cathal,516091,Sporting Life,https://www.sportinglife.com/greyhounds/racecards/2026-09-12/central-park/racecard/516091
2026-09-12,Central Park,19:30,6,Bowes Hill News,516091,Sporting Life,https://www.sportinglife.com/greyhounds/racecards/2026-09-12/central-park/racecard/516091
2026-09-12,Central Park,19:50,1,Francos Matt,516092,Sporting Life,https://www.sportinglife.com/greyhounds/racecards/2026-09-12/central-park/racecard/516092
2026-09-12,Central Park,19:50,2,Gur Gur Granvile,516092,Sporting Life,https://www.sportinglife.com/greyhounds/racecards/2026-09-12/central-park/racecard/516092
2026-09-12,Central Park,19:50,3,Sehnsa Amigo,516092,Sporting Life,https://www.sportinglife.com/greyhounds/racecards/2026-09-12/central-park/racecard/516092
2026-09-12,Central Park,19:50,4,Jacktavern Don,516092,Sporting Life,https://www.sportinglife.com/greyhounds/racecards/2026-09-12/central-park/racecard/516092
2026-09-12,Central Park,19:50,5,Crossbar,516092,Sporting Life,https://www.sportinglife.com/greyhounds/racecards/2026-09-12/central-park/racecard/516092
2026-09-12,Central Park,19:50,6,Emers Dex,516092,Sporting Life,https://www.sportinglife.com/greyhounds/racecards/2026-09-12/central-park/racecard/516092
2026-09-12,Central Park,20:10,1,Savana Yahoo,516093,Sporting Life,https://www.sportinglife.com/greyhounds/racecards/2026-09-12/central-park/racecard/516093
2026-09-12,Central Park,20:10,2,Westwood Shay,516093,Sporting Life,https://www.sportinglife.com/greyhounds/racecards/2026-09-12/central-park/racecard/516093
2026-09-12,Central Park,20:10,3,Brunch Pal,516093,Sporting Life,https://www.sportinglife.com/greyhounds/racecards/2026-09-12/central-park/racecard/516093
2026-09-12,Central Park,20:10,4,Scooby The Lady,516093,Sporting Life,https://www.sportinglife.com/greyhounds/racecards/2026-09-12/central-park/racecard/516093
2026-09-12,Central Park,20:10,5,Watcha Gotcookin,516093,Sporting Life,https://www.sportinglife.com/greyhounds/racecards/2026-09-12/central-park/racecard/516093
2026-09-12,Central Park,20:10,6,Bubbly Hogan,516093,Sporting Life,https://www.sportinglife.com/greyhounds/racecards/2026-09-12/central-park/racecard/516093
2026-09-12,Central Park,20:30,1,Early Storm,516094,Sporting Life,https://www.sportinglife.com/greyhounds/racecards/2026-09-12/central-park/racecard/516094
2026-09-12,Central Park,20:30,2,Dereks Legend,516094,Sporting Life,https://www.sportinglife.com/greyhounds/racecards/2026-09-12/central-park/racecard/516094
2026-09-12,Central Park,20:30,3,One More Tune,516094,Sporting Life,https://www.sportinglife.com/greyhounds/racecards/2026-09-12/central-park/racecard/516094
2026-09-12,Central Park,20:30,4,Newinn Jolie,516094,Sporting Life,https://www.sportinglife.com/greyhounds/racecards/2026-09-12/central-park/racecard/516094
2026-09-12,Central Park,20:30,5,Glenhead Tom,516094,Sporting Life,https://www.sportinglife.com/greyhounds/racecards/2026-09-12/central-park/racecard/516094
2026-09-12,Central Park,20:30,6,Front Polo,516094,Sporting Life,https://www.sportinglife.com/greyhounds/racecards/2026-09-12/central-park/racecard/516094
2026-09-12,Central Park,20:50,1,Bluebells Looker,516095,Sporting Life,https://www.sportinglife.com/greyhounds/racecards/2026-09-12/central-park/racecard/516095
2026-09-12,Central Park,20:50,2,Havana Jetstream,516095,Sporting Life,https://www.sportinglife.com/greyhounds/racecards/2026-09-12/central-park/racecard/516095
2026-09-12,Central Park,20:50,3,Insane Cuddles,516095,Sporting Life,https://www.sportinglife.com/greyhounds/racecards/2026-09-12/central-park/racecard/516095
2026-09-12,Central Park,20:50,4,Front Amara,516095,Sporting Life,https://www.sportinglife.com/greyhounds/racecards/2026-09-12/central-park/racecard/516095
2026-09-12,Central Park,20:50,5,Earls Jacqueline,516095,Sporting Life,https://www.sportinglife.com/greyhounds/racecards/2026-09-12/central-park/racecard/516095
2026-09-12,Central Park,20:50,6,Sonnys Lou Lou,516095,Sporting Life,https://www.sportinglife.com/greyhounds/racecards/2026-09-12/central-park/racecard/516095
2026-09-12,Central Park,21:10,1,Bowes Hill Bocko,516096,Sporting Life,https://www.sportinglife.com/greyhounds/racecards/2026-09-12/central-park/racecard/516096
2026-09-12,Central Park,21:10,2,Millbank Rocco,516096,Sporting Life,https://www.sportinglife.com/greyhounds/racecards/2026-09-12/central-park/racecard/516096
2026-09-12,Central Park,21:10,3,Best Miney,516096,Sporting Life,https://www.sportinglife.com/greyhounds/racecards/2026-09-12/central-park/racecard/516096
2026-09-12,Central Park,21:10,4,Im Afraid Not,516096,Sporting Life,https://www.sportinglife.com/greyhounds/racecards/2026-09-12/central-park/racecard/516096
2026-09-12,Central Park,21:10,5,Earls Ruby,516096,Sporting Life,https://www.sportinglife.com/greyhounds/racecards/2026-09-12/central-park/racecard/516096
2026-09-12,Central Park,21:10,6,Charity,516096,Sporting Life,https://www.sportinglife.com/greyhounds/racecards/2026-09-12/central-park/racecard/516096
2026-09-12,Central Park,21:30,1,Woodys Banga,516097,Sporting Life,https://www.sportinglife.com/greyhounds/racecards/2026-09-12/central-park/racecard/516097
2026-09-12,Central Park,21:30,2,Roseville Icon,516097,Sporting Life,https://www.sportinglife.com/greyhounds/racecards/2026-09-12/central-park/racecard/516097
2026-09-12,Central Park,21:30,3,Ima Rocket Fran,516097,Sporting Life,https://www.sportinglife.com/greyhounds/racecards/2026-09-12/central-park/racecard/516097
2026-09-12,Central Park,21:30,4,Media Mogul,516097,Sporting Life,https://www.sportinglife.com/greyhounds/racecards/2026-09-12/central-park/racecard/516097
2026-09-12,Central Park,21:30,5,Windsor Times,516097,Sporting Life,https://www.sportinglife.com/greyhounds/racecards/2026-09-12/central-park/racecard/516097
2026-09-12,Central Park,21:30,6,No Nenono Yes,516097,Sporting Life,https://www.sportinglife.com/greyhounds/racecards/2026-09-12/central-park/racecard/516097
2026-09-12,Doncaster,10:32,1,Tommys Dolly,515961,Sporting Life,https://www.sportinglife.com/greyhounds/racecards/2026-09-12/doncaster/racecard/515961
2026-09-12,Doncaster,10:32,2,Cockneys Zazu,515961,Sporting Life,https://www.sportinglife.com/greyhounds/racecards/2026-09-12/doncaster/racecard/515961
2026-09-12,Doncaster,10:32,3,Zero To Hero,515961,Sporting Life,https://www.sportinglife.com/greyhounds/racecards/2026-09-12/doncaster/racecard/515961
2026-09-12,Doncaster,10:32,4,Hollyhill Tiny,515961,Sporting Life,https://www.sportinglife.com/greyhounds/racecards/2026-09-12/doncaster/racecard/515961
2026-09-12,Doncaster,10:32,6,Anchor Banken,515961,Sporting Life,https://www.sportinglife.com/greyhounds/racecards/2026-09-12/doncaster/racecard/515961
2026-09-12,Doncaster,10:48,1,Manx Saskia,515962,Sporting Life,https://www.sportinglife.com/greyhounds/racecards/2026-09-12/doncaster/racecard/515962
2026-09-12,Doncaster,10:48,2,Aghaburren Milly,515962,Sporting Life,https://www.sportinglife.com/greyhounds/racecards/2026-09-12/doncaster/racecard/515962
2026-09-12,Doncaster,10:48,3,Cockneys Charm,515962,Sporting Life,https://www.sportinglife.com/greyhounds/racecards/2026-09-12/doncaster/racecard/515962
2026-09-12,Doncaster,10:48,4,Da President,515962,Sporting Life,https://www.sportinglife.com/greyhounds/racecards/2026-09-12/doncaster/racecard/515962
2026-09-12,Doncaster,10:48,6,Grouchos Smasher,515962,Sporting Life,https://www.sportinglife.com/greyhounds/racecards/2026-09-12/doncaster/racecard/515962
2026-09-12,Doncaster,11:04,2,Water Diviner,515963,Sporting Life,https://www.sportinglife.com/greyhounds/racecards/2026-09-12/doncaster/racecard/515963
2026-09-12,Doncaster,11:04,3,Gethoffame,515963,Sporting Life,https://www.sportinglife.com/greyhounds/racecards/2026-09-12/doncaster/racecard/515963
2026-09-12,Doncaster,11:04,4,Greenhill Mac,515963,Sporting Life,https://www.sportinglife.com/greyhounds/racecards/2026-09-12/doncaster/racecard/515963
2026-09-12,Doncaster,11:04,5,Flosses Fendi,515963,Sporting Life,https://www.sportinglife.com/greyhounds/racecards/2026-09-12/doncaster/racecard/515963
2026-09-12,Doncaster,11:04,6,Glitter Moon,515963,Sporting Life,https://www.sportinglife.com/greyhounds/racecards/2026-09-12/doncaster/racecard/515963
2026-09-12,Doncaster,11:21,1,Droopys Trendy,515964,Sporting Life,https://www.sportinglife.com/greyhounds/racecards/2026-09-12/doncaster/racecard/515964
2026-09-12,Doncaster,11:21,2,Stoney Bono,515964,Sporting Life,https://www.sportinglife.com/greyhounds/racecards/2026-09-12/doncaster/racecard/515964
2026-09-12,Doncaster,11:21,3,Slaine Luna,515964,Sporting Life,https://www.sportinglife.com/greyhounds/racecards/2026-09-12/doncaster/racecard/515964
2026-09-12,Doncaster,11:21,4,Ruffian Kimber,515964,Sporting Life,https://www.sportinglife.com/greyhounds/racecards/2026-09-12/doncaster/racecard/515964
2026-09-12,Doncaster,11:21,6,Dark Eddie,515964,Sporting Life,https://www.sportinglife.com/greyhounds/racecards/2026-09-12/doncaster/racecard/515964
2026-09-12,Doncaster,11:38,2,Qwerty,515965,Sporting Life,https://www.sportinglife.com/greyhounds/racecards/2026-09-12/doncaster/racecard/515965
2026-09-12,Doncaster,11:38,3,Millabbey Kitty,515965,Sporting Life,https://www.sportinglife.com/greyhounds/racecards/2026-09-12/doncaster/racecard/515965
2026-09-12,Doncaster,11:38,4,Jazza Darcy,515965,Sporting Life,https://www.sportinglife.com/greyhounds/racecards/2026-09-12/doncaster/racecard/515965
2026-09-12,Doncaster,11:38,5,Jazza Rooney,515965,Sporting Life,https://www.sportinglife.com/greyhounds/racecards/2026-09-12/doncaster/racecard/515965
2026-09-12,Doncaster,11:38,6,Makeit Whisper,515965,Sporting Life,https://www.sportinglife.com/greyhounds/racecards/2026-09-12/doncaster/racecard/515965
2026-09-12,Doncaster,11:54,2,Grouchos Holly,515966,Sporting Life,https://www.sportinglife.com/greyhounds/racecards/2026-09-12/doncaster/racecard/515966
2026-09-12,Doncaster,11:54,3,Grouchos Poppy,515966,Sporting Life,https://www.sportinglife.com/greyhounds/racecards/2026-09-12/doncaster/racecard/515966
2026-09-12,Doncaster,11:54,4,Grouchos Rose,515966,Sporting Life,https://www.sportinglife.com/greyhounds/racecards/2026-09-12/doncaster/racecard/515966
2026-09-12,Doncaster,11:54,5,Ballyrobin Liz,515966,Sporting Life,https://www.sportinglife.com/greyhounds/racecards/2026-09-12/doncaster/racecard/515966
2026-09-12,Doncaster,11:54,6,Killieford Zoe,515966,Sporting Life,https://www.sportinglife.com/greyhounds/racecards/2026-09-12/doncaster/racecard/515966
2026-09-12,Doncaster,12:12,1,Favourite Place,515967,Sporting Life,https://www.sportinglife.com/greyhounds/racecards/2026-09-12/doncaster/racecard/515967
2026-09-12,Doncaster,12:12,2,Sandwood Gabby,515967,Sporting Life,https://www.sportinglife.com/greyhounds/racecards/2026-09-12/doncaster/racecard/515967
2026-09-12,Doncaster,12:12,3,Grouchos Maverik,515967,Sporting Life,https://www.sportinglife.com/greyhounds/racecards/2026-09-12/doncaster/racecard/515967
2026-09-12,Doncaster,12:12,4,Ruffian Blue,515967,Sporting Life,https://www.sportinglife.com/greyhounds/racecards/2026-09-12/doncaster/racecard/515967
2026-09-12,Doncaster,12:12,6,Mustang Mile,515967,Sporting Life,https://www.sportinglife.com/greyhounds/racecards/2026-09-12/doncaster/racecard/515967
2026-09-12,Doncaster,12:29,2,Rumble Strip,515968,Sporting Life,https://www.sportinglife.com/greyhounds/racecards/2026-09-12/doncaster/racecard/515968
2026-09-12,Doncaster,12:29,3,Mahomes,515968,Sporting Life,https://www.sportinglife.com/greyhounds/racecards/2026-09-12/doncaster/racecard/515968
2026-09-12,Doncaster,12:29,4,Leahs Pat,515968,Sporting Life,https://www.sportinglife.com/greyhounds/racecards/2026-09-12/doncaster/racecard/515968
2026-09-12,Doncaster,12:29,5,Romantic Dano,515968,Sporting Life,https://www.sportinglife.com/greyhounds/racecards/2026-09-12/doncaster/racecard/515968
2026-09-12,Doncaster,12:29,6,Active Hill,515968,Sporting Life,https://www.sportinglife.com/greyhounds/racecards/2026-09-12/doncaster/racecard/515968
2026-09-12,Doncaster,18:11,1,Flyhigh Star,515969,Sporting Life,https://www.sportinglife.com/greyhounds/racecards/2026-09-12/doncaster/racecard/515969
2026-09-12,Doncaster,18:11,2,Aghaburren Lucas,515969,Sporting Life,https://www.sportinglife.com/greyhounds/racecards/2026-09-12/doncaster/racecard/515969
2026-09-12,Doncaster,18:11,3,Final Frontier,515969,Sporting Life,https://www.sportinglife.com/greyhounds/racecards/2026-09-12/doncaster/racecard/515969
2026-09-12,Doncaster,18:11,4,Ballymac Kandoo,515969,Sporting Life,https://www.sportinglife.com/greyhounds/racecards/2026-09-12/doncaster/racecard/515969
2026-09-12,Doncaster,18:11,5,Grumpy Jacko,515969,Sporting Life,https://www.sportinglife.com/greyhounds/racecards/2026-09-12/doncaster/racecard/515969
2026-09-12,Doncaster,18:11,6,Betweenthe Lines,515969,Sporting Life,https://www.sportinglife.com/greyhounds/racecards/2026-09-12/doncaster/racecard/515969
2026-09-12,Doncaster,18:29,1,Cascabel,515970,Sporting Life,https://www.sportinglife.com/greyhounds/racecards/2026-09-12/doncaster/racecard/515970
2026-09-12,Doncaster,18:29,2,Keefill Mo,515970,Sporting Life,https://www.sportinglife.com/greyhounds/racecards/2026-09-12/doncaster/racecard/515970
2026-09-12,Doncaster,18:29,3,Ballintubberstar,515970,Sporting Life,https://www.sportinglife.com/greyhounds/racecards/2026-09-12/doncaster/racecard/515970
2026-09-12,Doncaster,18:29,4,Headford Asher,515970,Sporting Life,https://www.sportinglife.com/greyhounds/racecards/2026-09-12/doncaster/racecard/515970
2026-09-12,Doncaster,18:29,6,Aghaburren Luna,515970,Sporting Life,https://www.sportinglife.com/greyhounds/racecards/2026-09-12/doncaster/racecard/515970
2026-09-12,Doncaster,18:46,1,Demba Bark,515971,Sporting Life,https://www.sportinglife.com/greyhounds/racecards/2026-09-12/doncaster/racecard/515971
2026-09-12,Doncaster,18:46,2,Tromora Cross,515971,Sporting Life,https://www.sportinglife.com/greyhounds/racecards/2026-09-12/doncaster/racecard/515971
2026-09-12,Doncaster,18:46,3,Whyaye Mister,515971,Sporting Life,https://www.sportinglife.com/greyhounds/racecards/2026-09-12/doncaster/racecard/515971
2026-09-12,Doncaster,18:46,5,Magical Harper,515971,Sporting Life,https://www.sportinglife.com/greyhounds/racecards/2026-09-12/doncaster/racecard/515971
2026-09-12,Doncaster,18:46,6,Grouchos Champ,515971,Sporting Life,https://www.sportinglife.com/greyhounds/racecards/2026-09-12/doncaster/racecard/515971
2026-09-12,Doncaster,19:04,1,Keefill Indy,515972,Sporting Life,https://www.sportinglife.com/greyhounds/racecards/2026-09-12/doncaster/racecard/515972
2026-09-12,Doncaster,19:04,2,Droopys Gabby,515972,Sporting Life,https://www.sportinglife.com/greyhounds/racecards/2026-09-12/doncaster/racecard/515972
2026-09-12,Doncaster,19:04,3,Amazing Molly,515972,Sporting Life,https://www.sportinglife.com/greyhounds/racecards/2026-09-12/doncaster/racecard/515972
2026-09-12,Doncaster,19:04,5,Salems Amaretto,515972,Sporting Life,https://www.sportinglife.com/greyhounds/racecards/2026-09-12/doncaster/racecard/515972
2026-09-12,Doncaster,19:04,6,Salems Sassenach,515972,Sporting Life,https://www.sportinglife.com/greyhounds/racecards/2026-09-12/doncaster/racecard/515972
2026-09-12,Doncaster,19:24,1,Jays Pippin,515973,Sporting Life,https://www.sportinglife.com/greyhounds/racecards/2026-09-12/doncaster/racecard/515973
2026-09-12,Doncaster,19:24,2,Vixons Ricchezze,515973,Sporting Life,https://www.sportinglife.com/greyhounds/racecards/2026-09-12/doncaster/racecard/515973
2026-09-12,Doncaster,19:24,3,Allowdale Bingo,515973,Sporting Life,https://www.sportinglife.com/greyhounds/racecards/2026-09-12/doncaster/racecard/515973
2026-09-12,Doncaster,19:24,4,Grovenor Sophie,515973,Sporting Life,https://www.sportinglife.com/greyhounds/racecards/2026-09-12/doncaster/racecard/515973
2026-09-12,Doncaster,19:24,5,Bretons Girl,515973,Sporting Life,https://www.sportinglife.com/greyhounds/racecards/2026-09-12/doncaster/racecard/515973
2026-09-12,Doncaster,19:24,6,Tickets King,515973,Sporting Life,https://www.sportinglife.com/greyhounds/racecards/2026-09-12/doncaster/racecard/515973
2026-09-12,Doncaster,19:42,1,Keefill Bingo,515974,Sporting Life,https://www.sportinglife.com/greyhounds/racecards/2026-09-12/doncaster/racecard/515974
2026-09-12,Doncaster,19:42,2,Vixons Eggshell,515974,Sporting Life,https://www.sportinglife.com/greyhounds/racecards/2026-09-12/doncaster/racecard/515974
2026-09-12,Doncaster,19:42,3,Miss Tibbs,515974,Sporting Life,https://www.sportinglife.com/greyhounds/racecards/2026-09-12/doncaster/racecard/515974
2026-09-12,Doncaster,19:42,4,Erebor,515974,Sporting Life,https://www.sportinglife.com/greyhounds/racecards/2026-09-12/doncaster/racecard/515974
2026-09-12,Doncaster,19:42,5,Shenanigan Dream,515974,Sporting Life,https://www.sportinglife.com/greyhounds/racecards/2026-09-12/doncaster/racecard/515974
2026-09-12,Doncaster,19:42,6,Favourite Rogue,515974,Sporting Life,https://www.sportinglife.com/greyhounds/racecards/2026-09-12/doncaster/racecard/515974
2026-09-12,Doncaster,19:58,1,Skeard Noah,515975,Sporting Life,https://www.sportinglife.com/greyhounds/racecards/2026-09-12/doncaster/racecard/515975
2026-09-12,Doncaster,19:58,2,Newline Kielty,515975,Sporting Life,https://www.sportinglife.com/greyhounds/racecards/2026-09-12/doncaster/racecard/515975
2026-09-12,Doncaster,19:58,3,Abigails Cian,515975,Sporting Life,https://www.sportinglife.com/greyhounds/racecards/2026-09-12/doncaster/racecard/515975
2026-09-12,Doncaster,19:58,4,Rockmount Bob,515975,Sporting Life,https://www.sportinglife.com/greyhounds/racecards/2026-09-12/doncaster/racecard/515975
2026-09-12,Doncaster,19:58,6,Hows That,515975,Sporting Life,https://www.sportinglife.com/greyhounds/racecards/2026-09-12/doncaster/racecard/515975
2026-09-12,Doncaster,20:16,1,Reckless Sparks,515976,Sporting Life,https://www.sportinglife.com/greyhounds/racecards/2026-09-12/doncaster/racecard/515976
2026-09-12,Doncaster,20:16,2,Heathmill Nidge,515976,Sporting Life,https://www.sportinglife.com/greyhounds/racecards/2026-09-12/doncaster/racecard/515976
2026-09-12,Doncaster,20:16,3,Droopys Tiffany,515976,Sporting Life,https://www.sportinglife.com/greyhounds/racecards/2026-09-12/doncaster/racecard/515976
2026-09-12,Doncaster,20:16,4,Coonough Scobie,515976,Sporting Life,https://www.sportinglife.com/greyhounds/racecards/2026-09-12/doncaster/racecard/515976
2026-09-12,Doncaster,20:16,6,Flyhigh Bully,515976,Sporting Life,https://www.sportinglife.com/greyhounds/racecards/2026-09-12/doncaster/racecard/515976
2026-09-12,Dunstall Park,18:20,1,Mercia Uhtred,515949,Sporting Life,https://www.sportinglife.com/greyhounds/racecards/2026-09-12/dunstall-park/racecard/515949
2026-09-12,Dunstall Park,18:20,2,Hello Mate,515949,Sporting Life,https://www.sportinglife.com/greyhounds/racecards/2026-09-12/dunstall-park/racecard/515949
2026-09-12,Dunstall Park,18:20,3,Mercia Artemis,515949,Sporting Life,https://www.sportinglife.com/greyhounds/racecards/2026-09-12/dunstall-park/racecard/515949
2026-09-12,Dunstall Park,18:20,4,Undo,515949,Sporting Life,https://www.sportinglife.com/greyhounds/racecards/2026-09-12/dunstall-park/racecard/515949
2026-09-12,Dunstall Park,18:20,5,Ohtheresally,515949,Sporting Life,https://www.sportinglife.com/greyhounds/racecards/2026-09-12/dunstall-park/racecard/515949
2026-09-12,Dunstall Park,18:38,1,Droopys Alldeway,515950,Sporting Life,https://www.sportinglife.com/greyhounds/racecards/2026-09-12/dunstall-park/racecard/515950
2026-09-12,Dunstall Park,18:38,2,Betgoodwin Eddy,515950,Sporting Life,https://www.sportinglife.com/greyhounds/racecards/2026-09-12/dunstall-park/racecard/515950
2026-09-12,Dunstall Park,18:38,3,Strideon Clara,515950,Sporting Life,https://www.sportinglife.com/greyhounds/racecards/2026-09-12/dunstall-park/racecard/515950
2026-09-12,Dunstall Park,18:38,4,Headford Dane,515950,Sporting Life,https://www.sportinglife.com/greyhounds/racecards/2026-09-12/dunstall-park/racecard/515950
2026-09-12,Dunstall Park,18:38,5,Copney Queen,515950,Sporting Life,https://www.sportinglife.com/greyhounds/racecards/2026-09-12/dunstall-park/racecard/515950
2026-09-12,Dunstall Park,18:38,6,Skyfall Khan,515950,Sporting Life,https://www.sportinglife.com/greyhounds/racecards/2026-09-12/dunstall-park/racecard/515950
2026-09-12,Dunstall Park,18:58,1,Droopys Bookem,515951,Sporting Life,https://www.sportinglife.com/greyhounds/racecards/2026-09-12/dunstall-park/racecard/515951
2026-09-12,Dunstall Park,18:58,2,Greenwell Gypsy,515951,Sporting Life,https://www.sportinglife.com/greyhounds/racecards/2026-09-12/dunstall-park/racecard/515951
2026-09-12,Dunstall Park,18:58,3,Zenith Pasha,515951,Sporting Life,https://www.sportinglife.com/greyhounds/racecards/2026-09-12/dunstall-park/racecard/515951
2026-09-12,Dunstall Park,18:58,4,Vhagar,515951,Sporting Life,https://www.sportinglife.com/greyhounds/racecards/2026-09-12/dunstall-park/racecard/515951
2026-09-12,Dunstall Park,18:58,5,Radical Story,515951,Sporting Life,https://www.sportinglife.com/greyhounds/racecards/2026-09-12/dunstall-park/racecard/515951
2026-09-12,Dunstall Park,18:58,6,Lets Go Girl,515951,Sporting Life,https://www.sportinglife.com/greyhounds/racecards/2026-09-12/dunstall-park/racecard/515951
2026-09-12,Dunstall Park,19:18,1,Teejays Buddy,515952,Sporting Life,https://www.sportinglife.com/greyhounds/racecards/2026-09-12/dunstall-park/racecard/515952
2026-09-12,Dunstall Park,19:18,2,Venetian Nero,515952,Sporting Life,https://www.sportinglife.com/greyhounds/racecards/2026-09-12/dunstall-park/racecard/515952
2026-09-12,Dunstall Park,19:18,3,Elusivenomore,515952,Sporting Life,https://www.sportinglife.com/greyhounds/racecards/2026-09-12/dunstall-park/racecard/515952
2026-09-12,Dunstall Park,19:18,4,Signet Nayla,515952,Sporting Life,https://www.sportinglife.com/greyhounds/racecards/2026-09-12/dunstall-park/racecard/515952
2026-09-12,Dunstall Park,19:18,5,Holding Aero,515952,Sporting Life,https://www.sportinglife.com/greyhounds/racecards/2026-09-12/dunstall-park/racecard/515952
2026-09-12,Dunstall Park,19:18,6,Woltemade,515952,Sporting Life,https://www.sportinglife.com/greyhounds/racecards/2026-09-12/dunstall-park/racecard/515952
2026-09-12,Dunstall Park,19:38,1,Tooreen Rose,515953,Sporting Life,https://www.sportinglife.com/greyhounds/racecards/2026-09-12/dunstall-park/racecard/515953
2026-09-12,Dunstall Park,19:38,2,Droopys Flare,515953,Sporting Life,https://www.sportinglife.com/greyhounds/racecards/2026-09-12/dunstall-park/racecard/515953
2026-09-12,Dunstall Park,19:38,3,Venetian Mick,515953,Sporting Life,https://www.sportinglife.com/greyhounds/racecards/2026-09-12/dunstall-park/racecard/515953
2026-09-12,Dunstall Park,19:38,4,Droopys Rhona,515953,Sporting Life,https://www.sportinglife.com/greyhounds/racecards/2026-09-12/dunstall-park/racecard/515953
2026-09-12,Dunstall Park,19:38,5,Malcolm Bosh,515953,Sporting Life,https://www.sportinglife.com/greyhounds/racecards/2026-09-12/dunstall-park/racecard/515953
2026-09-12,Dunstall Park,19:38,6,Resonate,515953,Sporting Life,https://www.sportinglife.com/greyhounds/racecards/2026-09-12/dunstall-park/racecard/515953
2026-09-12,Dunstall Park,19:58,1,Alright Bullet,515954,Sporting Life,https://www.sportinglife.com/greyhounds/racecards/2026-09-12/dunstall-park/racecard/515954
2026-09-12,Dunstall Park,19:58,2,Grouchos Cossie,515954,Sporting Life,https://www.sportinglife.com/greyhounds/racecards/2026-09-12/dunstall-park/racecard/515954
2026-09-12,Dunstall Park,19:58,3,Tomahawk,515954,Sporting Life,https://www.sportinglife.com/greyhounds/racecards/2026-09-12/dunstall-park/racecard/515954
2026-09-12,Dunstall Park,19:58,4,Kranky Drake,515954,Sporting Life,https://www.sportinglife.com/greyhounds/racecards/2026-09-12/dunstall-park/racecard/515954
2026-09-12,Dunstall Park,19:58,5,Headford Cian,515954,Sporting Life,https://www.sportinglife.com/greyhounds/racecards/2026-09-12/dunstall-park/racecard/515954
2026-09-12,Dunstall Park,19:58,6,Santas Tornado,515954,Sporting Life,https://www.sportinglife.com/greyhounds/racecards/2026-09-12/dunstall-park/racecard/515954
2026-09-12,Dunstall Park,20:18,1,Mercia Diana,515955,Sporting Life,https://www.sportinglife.com/greyhounds/racecards/2026-09-12/dunstall-park/racecard/515955
2026-09-12,Dunstall Park,20:18,2,Taffy Wrexham,515955,Sporting Life,https://www.sportinglife.com/greyhounds/racecards/2026-09-12/dunstall-park/racecard/515955
2026-09-12,Dunstall Park,20:18,3,Moulton Maxine,515955,Sporting Life,https://www.sportinglife.com/greyhounds/racecards/2026-09-12/dunstall-park/racecard/515955
2026-09-12,Dunstall Park,20:18,4,On The Razl,515955,Sporting Life,https://www.sportinglife.com/greyhounds/racecards/2026-09-12/dunstall-park/racecard/515955
2026-09-12,Dunstall Park,20:18,5,Rockmount Raven,515955,Sporting Life,https://www.sportinglife.com/greyhounds/racecards/2026-09-12/dunstall-park/racecard/515955
2026-09-12,Dunstall Park,20:18,6,Bluntys Blue Eye,515955,Sporting Life,https://www.sportinglife.com/greyhounds/racecards/2026-09-12/dunstall-park/racecard/515955
2026-09-12,Dunstall Park,20:38,1,Mohican Lisa,515956,Sporting Life,https://www.sportinglife.com/greyhounds/racecards/2026-09-12/dunstall-park/racecard/515956
2026-09-12,Dunstall Park,20:38,2,Moulton Melanie,515956,Sporting Life,https://www.sportinglife.com/greyhounds/racecards/2026-09-12/dunstall-park/racecard/515956
2026-09-12,Dunstall Park,20:38,3,Wingates Elsa,515956,Sporting Life,https://www.sportinglife.com/greyhounds/racecards/2026-09-12/dunstall-park/racecard/515956
2026-09-12,Dunstall Park,20:38,4,Darbys Harlie,515956,Sporting Life,https://www.sportinglife.com/greyhounds/racecards/2026-09-12/dunstall-park/racecard/515956
2026-09-12,Dunstall Park,20:38,5,Swift Wife,515956,Sporting Life,https://www.sportinglife.com/greyhounds/racecards/2026-09-12/dunstall-park/racecard/515956
2026-09-12,Dunstall Park,20:38,6,Knock Voodoo,515956,Sporting Life,https://www.sportinglife.com/greyhounds/racecards/2026-09-12/dunstall-park/racecard/515956
2026-09-12,Dunstall Park,20:58,1,Crokers Delight,515957,Sporting Life,https://www.sportinglife.com/greyhounds/racecards/2026-09-12/dunstall-park/racecard/515957
2026-09-12,Dunstall Park,20:58,2,Crokers Eimear,515957,Sporting Life,https://www.sportinglife.com/greyhounds/racecards/2026-09-12/dunstall-park/racecard/515957
2026-09-12,Dunstall Park,20:58,3,Flowerpot Bingo,515957,Sporting Life,https://www.sportinglife.com/greyhounds/racecards/2026-09-12/dunstall-park/racecard/515957
2026-09-12,Dunstall Park,20:58,4,Showemyourtail,515957,Sporting Life,https://www.sportinglife.com/greyhounds/racecards/2026-09-12/dunstall-park/racecard/515957
2026-09-12,Dunstall Park,20:58,5,Moanteen Molly,515957,Sporting Life,https://www.sportinglife.com/greyhounds/racecards/2026-09-12/dunstall-park/racecard/515957
2026-09-12,Dunstall Park,20:58,6,Shockwave Salina,515957,Sporting Life,https://www.sportinglife.com/greyhounds/racecards/2026-09-12/dunstall-park/racecard/515957
2026-09-12,Dunstall Park,21:18,1,Detroit Sonny,515958,Sporting Life,https://www.sportinglife.com/greyhounds/racecards/2026-09-12/dunstall-park/racecard/515958
2026-09-12,Dunstall Park,21:18,2,Mercia Raven,515958,Sporting Life,https://www.sportinglife.com/greyhounds/racecards/2026-09-12/dunstall-park/racecard/515958
2026-09-12,Dunstall Park,21:18,3,Ashtons Bingo,515958,Sporting Life,https://www.sportinglife.com/greyhounds/racecards/2026-09-12/dunstall-park/racecard/515958
2026-09-12,Dunstall Park,21:18,4,Mohican Bale,515958,Sporting Life,https://www.sportinglife.com/greyhounds/racecards/2026-09-12/dunstall-park/racecard/515958
2026-09-12,Dunstall Park,21:18,5,Mohican Lucy,515958,Sporting Life,https://www.sportinglife.com/greyhounds/racecards/2026-09-12/dunstall-park/racecard/515958
2026-09-12,Dunstall Park,21:18,6,Swift Zaria,515958,Sporting Life,https://www.sportinglife.com/greyhounds/racecards/2026-09-12/dunstall-park/racecard/515958
2026-09-12,Dunstall Park,21:38,1,Blackstone Benny,515959,Sporting Life,https://www.sportinglife.com/greyhounds/racecards/2026-09-12/dunstall-park/racecard/515959
2026-09-12,Dunstall Park,21:38,2,Kash Ching,515959,Sporting Life,https://www.sportinglife.com/greyhounds/racecards/2026-09-12/dunstall-park/racecard/515959
2026-09-12,Dunstall Park,21:38,3,Wicky Buddy,515959,Sporting Life,https://www.sportinglife.com/greyhounds/racecards/2026-09-12/dunstall-park/racecard/515959
2026-09-12,Dunstall Park,21:38,4,Elsies Champ,515959,Sporting Life,https://www.sportinglife.com/greyhounds/racecards/2026-09-12/dunstall-park/racecard/515959
2026-09-12,Dunstall Park,21:38,5,Quivers Jazz,515959,Sporting Life,https://www.sportinglife.com/greyhounds/racecards/2026-09-12/dunstall-park/racecard/515959
2026-09-12,Dunstall Park,21:38,6,Skinnylittlemiss,515959,Sporting Life,https://www.sportinglife.com/greyhounds/racecards/2026-09-12/dunstall-park/racecard/515959
2026-09-12,Dunstall Park,21:54,1,Wonka,515960,Sporting Life,https://www.sportinglife.com/greyhounds/racecards/2026-09-12/dunstall-park/racecard/515960
2026-09-12,Dunstall Park,21:54,2,Ashtons Ollie,515960,Sporting Life,https://www.sportinglife.com/greyhounds/racecards/2026-09-12/dunstall-park/racecard/515960
2026-09-12,Dunstall Park,21:54,3,Wicky Bucko,515960,Sporting Life,https://www.sportinglife.com/greyhounds/racecards/2026-09-12/dunstall-park/racecard/515960
2026-09-12,Dunstall Park,21:54,4,Wingates Baloo,515960,Sporting Life,https://www.sportinglife.com/greyhounds/racecards/2026-09-12/dunstall-park/racecard/515960
2026-09-12,Dunstall Park,21:54,5,Bombay Tilda,515960,Sporting Life,https://www.sportinglife.com/greyhounds/racecards/2026-09-12/dunstall-park/racecard/515960
2026-09-12,Dunstall Park,21:54,6,Mr Gaffney,515960,Sporting Life,https://www.sportinglife.com/greyhounds/racecards/2026-09-12/dunstall-park/racecard/515960
2026-09-12,Hove,18:06,1,Punk Rock Harley,515937,Sporting Life,https://www.sportinglife.com/greyhounds/racecards/2026-09-12/hove/racecard/515937
2026-09-12,Hove,18:06,2,Irrelevent,515937,Sporting Life,https://www.sportinglife.com/greyhounds/racecards/2026-09-12/hove/racecard/515937
2026-09-12,Hove,18:06,3,Slingshot Coisty,515937,Sporting Life,https://www.sportinglife.com/greyhounds/racecards/2026-09-12/hove/racecard/515937
2026-09-12,Hove,18:06,4,Slippy Queen,515937,Sporting Life,https://www.sportinglife.com/greyhounds/racecards/2026-09-12/hove/racecard/515937
2026-09-12,Hove,18:06,6,Amys Onthe Run,515937,Sporting Life,https://www.sportinglife.com/greyhounds/racecards/2026-09-12/hove/racecard/515937
2026-09-12,Hove,18:26,1,Shelby On Faya,515938,Sporting Life,https://www.sportinglife.com/greyhounds/racecards/2026-09-12/hove/racecard/515938
2026-09-12,Hove,18:26,2,Ghost Mode,515938,Sporting Life,https://www.sportinglife.com/greyhounds/racecards/2026-09-12/hove/racecard/515938
2026-09-12,Hove,18:26,3,Wedontdopanic,515938,Sporting Life,https://www.sportinglife.com/greyhounds/racecards/2026-09-12/hove/racecard/515938
2026-09-12,Hove,18:26,4,Marvellous Mabel,515938,Sporting Life,https://www.sportinglife.com/greyhounds/racecards/2026-09-12/hove/racecard/515938
2026-09-12,Hove,18:26,5,Fruity Yip Yip,515938,Sporting Life,https://www.sportinglife.com/greyhounds/racecards/2026-09-12/hove/racecard/515938
2026-09-12,Hove,18:46,1,Swift Income,515939,Sporting Life,https://www.sportinglife.com/greyhounds/racecards/2026-09-12/hove/racecard/515939
2026-09-12,Hove,18:46,2,Im Justa Rarity,515939,Sporting Life,https://www.sportinglife.com/greyhounds/racecards/2026-09-12/hove/racecard/515939
2026-09-12,Hove,18:46,3,Miruts Yifter,515939,Sporting Life,https://www.sportinglife.com/greyhounds/racecards/2026-09-12/hove/racecard/515939
2026-09-12,Hove,18:46,4,Kelseys Azure,515939,Sporting Life,https://www.sportinglife.com/greyhounds/racecards/2026-09-12/hove/racecard/515939
2026-09-12,Hove,18:46,5,Droopys Fervour,515939,Sporting Life,https://www.sportinglife.com/greyhounds/racecards/2026-09-12/hove/racecard/515939
2026-09-12,Hove,18:46,6,Kamikaze Daisy,515939,Sporting Life,https://www.sportinglife.com/greyhounds/racecards/2026-09-12/hove/racecard/515939
2026-09-12,Hove,19:06,1,Candolim Getaway,515940,Sporting Life,https://www.sportinglife.com/greyhounds/racecards/2026-09-12/hove/racecard/515940
2026-09-12,Hove,19:06,2,Backoftheline,515940,Sporting Life,https://www.sportinglife.com/greyhounds/racecards/2026-09-12/hove/racecard/515940
2026-09-12,Hove,19:06,3,Wee Miss Badger,515940,Sporting Life,https://www.sportinglife.com/greyhounds/racecards/2026-09-12/hove/racecard/515940
2026-09-12,Hove,19:06,4,Coppice Denver,515940,Sporting Life,https://www.sportinglife.com/greyhounds/racecards/2026-09-12/hove/racecard/515940
2026-09-12,Hove,19:26,1,Yougo Jessie,515941,Sporting Life,https://www.sportinglife.com/greyhounds/racecards/2026-09-12/hove/racecard/515941
2026-09-12,Hove,19:26,2,Ballydarley Jack,515941,Sporting Life,https://www.sportinglife.com/greyhounds/racecards/2026-09-12/hove/racecard/515941
2026-09-12,Hove,19:26,3,Sly Wolf,515941,Sporting Life,https://www.sportinglife.com/greyhounds/racecards/2026-09-12/hove/racecard/515941
2026-09-12,Hove,19:26,4,Pips Gamble,515941,Sporting Life,https://www.sportinglife.com/greyhounds/racecards/2026-09-12/hove/racecard/515941
2026-09-12,Hove,19:26,5,Waste House Ton,515941,Sporting Life,https://www.sportinglife.com/greyhounds/racecards/2026-09-12/hove/racecard/515941
2026-09-12,Hove,19:46,1,Move Over Eva,515942,Sporting Life,https://www.sportinglife.com/greyhounds/racecards/2026-09-12/hove/racecard/515942
2026-09-12,Hove,19:46,2,Lets Go Yankees,515942,Sporting Life,https://www.sportinglife.com/greyhounds/racecards/2026-09-12/hove/racecard/515942
2026-09-12,Hove,19:46,3,Droopys Lara,515942,Sporting Life,https://www.sportinglife.com/greyhounds/racecards/2026-09-12/hove/racecard/515942
2026-09-12,Hove,19:46,4,Nice Enough,515942,Sporting Life,https://www.sportinglife.com/greyhounds/racecards/2026-09-12/hove/racecard/515942
2026-09-12,Hove,19:46,5,Coppice Gemini,515942,Sporting Life,https://www.sportinglife.com/greyhounds/racecards/2026-09-12/hove/racecard/515942
2026-09-12,Hove,19:46,6,Move Over Harry,515942,Sporting Life,https://www.sportinglife.com/greyhounds/racecards/2026-09-12/hove/racecard/515942
2026-09-12,Hove,20:06,1,Coolavanny Nancy,515943,Sporting Life,https://www.sportinglife.com/greyhounds/racecards/2026-09-12/hove/racecard/515943
2026-09-12,Hove,20:06,2,Melbury Tyr,515943,Sporting Life,https://www.sportinglife.com/greyhounds/racecards/2026-09-12/hove/racecard/515943
2026-09-12,Hove,20:06,3,Hillend Rachel,515943,Sporting Life,https://www.sportinglife.com/greyhounds/racecards/2026-09-12/hove/racecard/515943
2026-09-12,Hove,20:06,4,Yougo Finn,515943,Sporting Life,https://www.sportinglife.com/greyhounds/racecards/2026-09-12/hove/racecard/515943
2026-09-12,Hove,20:06,6,Ivy Hill Jake,515943,Sporting Life,https://www.sportinglife.com/greyhounds/racecards/2026-09-12/hove/racecard/515943
2026-09-12,Hove,20:26,1,Flushing Fiftys,515944,Sporting Life,https://www.sportinglife.com/greyhounds/racecards/2026-09-12/hove/racecard/515944
2026-09-12,Hove,20:26,2,Kopreus,515944,Sporting Life,https://www.sportinglife.com/greyhounds/racecards/2026-09-12/hove/racecard/515944
2026-09-12,Hove,20:26,3,Tall Trees,515944,Sporting Life,https://www.sportinglife.com/greyhounds/racecards/2026-09-12/hove/racecard/515944
2026-09-12,Hove,20:26,4,Bowles Bullet,515944,Sporting Life,https://www.sportinglife.com/greyhounds/racecards/2026-09-12/hove/racecard/515944
2026-09-12,Hove,20:26,5,Harley Quinn,515944,Sporting Life,https://www.sportinglife.com/greyhounds/racecards/2026-09-12/hove/racecard/515944
2026-09-12,Hove,20:26,6,Portobello Quay,515944,Sporting Life,https://www.sportinglife.com/greyhounds/racecards/2026-09-12/hove/racecard/515944
2026-09-12,Hove,20:46,1,Yougo Charlie,515945,Sporting Life,https://www.sportinglife.com/greyhounds/racecards/2026-09-12/hove/racecard/515945
2026-09-12,Hove,20:46,2,Swift Zane,515945,Sporting Life,https://www.sportinglife.com/greyhounds/racecards/2026-09-12/hove/racecard/515945
2026-09-12,Hove,20:46,3,Southafrikka,515945,Sporting Life,https://www.sportinglife.com/greyhounds/racecards/2026-09-12/hove/racecard/515945
2026-09-12,Hove,20:46,4,Rory The Arb,515945,Sporting Life,https://www.sportinglife.com/greyhounds/racecards/2026-09-12/hove/racecard/515945
2026-09-12,Hove,20:46,5,Droopys Invasion,515945,Sporting Life,https://www.sportinglife.com/greyhounds/racecards/2026-09-12/hove/racecard/515945
2026-09-12,Hove,21:06,1,Insane Marshall,515946,Sporting Life,https://www.sportinglife.com/greyhounds/racecards/2026-09-12/hove/racecard/515946
2026-09-12,Hove,21:06,2,Bluestar Grace,515946,Sporting Life,https://www.sportinglife.com/greyhounds/racecards/2026-09-12/hove/racecard/515946
2026-09-12,Hove,21:06,3,Hellofanangel,515946,Sporting Life,https://www.sportinglife.com/greyhounds/racecards/2026-09-12/hove/racecard/515946
2026-09-12,Hove,21:06,4,Stefans Bomb,515946,Sporting Life,https://www.sportinglife.com/greyhounds/racecards/2026-09-12/hove/racecard/515946
2026-09-12,Hove,21:06,5,Doublermoney,515946,Sporting Life,https://www.sportinglife.com/greyhounds/racecards/2026-09-12/hove/racecard/515946
2026-09-12,Hove,21:26,1,Lava King,515947,Sporting Life,https://www.sportinglife.com/greyhounds/racecards/2026-09-12/hove/racecard/515947
2026-09-12,Hove,21:26,2,Yougo Jenny,515947,Sporting Life,https://www.sportinglife.com/greyhounds/racecards/2026-09-12/hove/racecard/515947
2026-09-12,Hove,21:26,3,Sly Big Bird,515947,Sporting Life,https://www.sportinglife.com/greyhounds/racecards/2026-09-12/hove/racecard/515947
2026-09-12,Hove,21:26,4,My Tiny Trainer,515947,Sporting Life,https://www.sportinglife.com/greyhounds/racecards/2026-09-12/hove/racecard/515947
2026-09-12,Hove,21:26,5,Ashwood Shelby,515947,Sporting Life,https://www.sportinglife.com/greyhounds/racecards/2026-09-12/hove/racecard/515947
2026-09-12,Hove,21:26,6,Rapido Willow,515947,Sporting Life,https://www.sportinglife.com/greyhounds/racecards/2026-09-12/hove/racecard/515947
2026-09-12,Hove,21:46,1,Mob De Souza,515948,Sporting Life,https://www.sportinglife.com/greyhounds/racecards/2026-09-12/hove/racecard/515948
2026-09-12,Hove,21:46,3,Stheno,515948,Sporting Life,https://www.sportinglife.com/greyhounds/racecards/2026-09-12/hove/racecard/515948
2026-09-12,Hove,21:46,4,Punk Rock Zelda,515948,Sporting Life,https://www.sportinglife.com/greyhounds/racecards/2026-09-12/hove/racecard/515948
2026-09-12,Hove,21:46,5,Southdowns Rose,515948,Sporting Life,https://www.sportinglife.com/greyhounds/racecards/2026-09-12/hove/racecard/515948
2026-09-12,Hove,21:46,6,Easy Lashes,515948,Sporting Life,https://www.sportinglife.com/greyhounds/racecards/2026-09-12/hove/racecard/515948
2026-09-12,Monmore,11:01,1,Droopys Highfive,515925,Sporting Life,https://www.sportinglife.com/greyhounds/racecards/2026-09-12/monmore/racecard/515925
2026-09-12,Monmore,11:01,2,Aero Molly,515925,Sporting Life,https://www.sportinglife.com/greyhounds/racecards/2026-09-12/monmore/racecard/515925
2026-09-12,Monmore,11:01,3,Get In Line,515925,Sporting Life,https://www.sportinglife.com/greyhounds/racecards/2026-09-12/monmore/racecard/515925
2026-09-12,Monmore,11:01,5,Kilwest Beauty,515925,Sporting Life,https://www.sportinglife.com/greyhounds/racecards/2026-09-12/monmore/racecard/515925
2026-09-12,Monmore,11:01,6,Ballymac Bardo,515925,Sporting Life,https://www.sportinglife.com/greyhounds/racecards/2026-09-12/monmore/racecard/515925
2026-09-12,Monmore,11:18,1,Freedom Spirit,515926,Sporting Life,https://www.sportinglife.com/greyhounds/racecards/2026-09-12/monmore/racecard/515926
2026-09-12,Monmore,11:18,2,Emerald Vista,515926,Sporting Life,https://www.sportinglife.com/greyhounds/racecards/2026-09-12/monmore/racecard/515926
2026-09-12,Monmore,11:18,3,Aero Evie,515926,Sporting Life,https://www.sportinglife.com/greyhounds/racecards/2026-09-12/monmore/racecard/515926
2026-09-12,Monmore,11:18,4,Phoenix Diva,515926,Sporting Life,https://www.sportinglife.com/greyhounds/racecards/2026-09-12/monmore/racecard/515926
2026-09-12,Monmore,11:18,5,Gulf Breeze,515926,Sporting Life,https://www.sportinglife.com/greyhounds/racecards/2026-09-12/monmore/racecard/515926
2026-09-12,Monmore,11:18,6,Killimor Canya,515926,Sporting Life,https://www.sportinglife.com/greyhounds/racecards/2026-09-12/monmore/racecard/515926
2026-09-12,Monmore,11:34,1,Patoka,515927,Sporting Life,https://www.sportinglife.com/greyhounds/racecards/2026-09-12/monmore/racecard/515927
2026-09-12,Monmore,11:34,2,Zenith Dazzler,515927,Sporting Life,https://www.sportinglife.com/greyhounds/racecards/2026-09-12/monmore/racecard/515927
2026-09-12,Monmore,11:34,3,Citadel Bob,515927,Sporting Life,https://www.sportinglife.com/greyhounds/racecards/2026-09-12/monmore/racecard/515927
2026-09-12,Monmore,11:34,4,Velvet Neymar,515927,Sporting Life,https://www.sportinglife.com/greyhounds/racecards/2026-09-12/monmore/racecard/515927
2026-09-12,Monmore,11:34,6,Aero Walsh,515927,Sporting Life,https://www.sportinglife.com/greyhounds/racecards/2026-09-12/monmore/racecard/515927
2026-09-12,Monmore,11:52,1,Sporting Legion,515928,Sporting Life,https://www.sportinglife.com/greyhounds/racecards/2026-09-12/monmore/racecard/515928
2026-09-12,Monmore,11:52,2,Southwood Jake,515928,Sporting Life,https://www.sportinglife.com/greyhounds/racecards/2026-09-12/monmore/racecard/515928
2026-09-12,Monmore,11:52,3,Amka Raven,515928,Sporting Life,https://www.sportinglife.com/greyhounds/racecards/2026-09-12/monmore/racecard/515928
2026-09-12,Monmore,11:52,4,Longacres Bocko,515928,Sporting Life,https://www.sportinglife.com/greyhounds/racecards/2026-09-12/monmore/racecard/515928
2026-09-12,Monmore,11:52,5,Tiree,515928,Sporting Life,https://www.sportinglife.com/greyhounds/racecards/2026-09-12/monmore/racecard/515928
2026-09-12,Monmore,12:09,1,Dashgrove Posh,515929,Sporting Life,https://www.sportinglife.com/greyhounds/racecards/2026-09-12/monmore/racecard/515929
2026-09-12,Monmore,12:09,2,Dhustone Nita,515929,Sporting Life,https://www.sportinglife.com/greyhounds/racecards/2026-09-12/monmore/racecard/515929
2026-09-12,Monmore,12:09,3,Rambling Home,515929,Sporting Life,https://www.sportinglife.com/greyhounds/racecards/2026-09-12/monmore/racecard/515929
2026-09-12,Monmore,12:09,4,Seven Brent,515929,Sporting Life,https://www.sportinglife.com/greyhounds/racecards/2026-09-12/monmore/racecard/515929
2026-09-12,Monmore,12:09,5,Alone All Alone,515929,Sporting Life,https://www.sportinglife.com/greyhounds/racecards/2026-09-12/monmore/racecard/515929
2026-09-12,Monmore,12:09,6,Titanium Annie,515929,Sporting Life,https://www.sportinglife.com/greyhounds/racecards/2026-09-12/monmore/racecard/515929
2026-09-12,Monmore,12:26,1,Only On Bale,515930,Sporting Life,https://www.sportinglife.com/greyhounds/racecards/2026-09-12/monmore/racecard/515930
2026-09-12,Monmore,12:26,2,Tromora Boomer,515930,Sporting Life,https://www.sportinglife.com/greyhounds/racecards/2026-09-12/monmore/racecard/515930
2026-09-12,Monmore,12:26,3,Final Episode,515930,Sporting Life,https://www.sportinglife.com/greyhounds/racecards/2026-09-12/monmore/racecard/515930
2026-09-12,Monmore,12:26,4,Kilwest Barney,515930,Sporting Life,https://www.sportinglife.com/greyhounds/racecards/2026-09-12/monmore/racecard/515930
2026-09-12,Monmore,12:26,5,Speedy Dog,515930,Sporting Life,https://www.sportinglife.com/greyhounds/racecards/2026-09-12/monmore/racecard/515930
2026-09-12,Monmore,12:42,1,Rallying Cash,515931,Sporting Life,https://www.sportinglife.com/greyhounds/racecards/2026-09-12/monmore/racecard/515931
2026-09-12,Monmore,12:42,2,Tullymurry Rishi,515931,Sporting Life,https://www.sportinglife.com/greyhounds/racecards/2026-09-12/monmore/racecard/515931
2026-09-12,Monmore,12:42,3,Aero Noduff,515931,Sporting Life,https://www.sportinglife.com/greyhounds/racecards/2026-09-12/monmore/racecard/515931
2026-09-12,Monmore,12:42,4,Getup Me Ava,515931,Sporting Life,https://www.sportinglife.com/greyhounds/racecards/2026-09-12/monmore/racecard/515931
2026-09-12,Monmore,12:42,6,Aero Replace,515931,Sporting Life,https://www.sportinglife.com/greyhounds/racecards/2026-09-12/monmore/racecard/515931
2026-09-12,Monmore,12:59,1,Whisky Dream,515932,Sporting Life,https://www.sportinglife.com/greyhounds/racecards/2026-09-12/monmore/racecard/515932
2026-09-12,Monmore,12:59,2,Catunda Apollo,515932,Sporting Life,https://www.sportinglife.com/greyhounds/racecards/2026-09-12/monmore/racecard/515932
2026-09-12,Monmore,12:59,3,Tell Me Nova,515932,Sporting Life,https://www.sportinglife.com/greyhounds/racecards/2026-09-12/monmore/racecard/515932
2026-09-12,Monmore,12:59,4,Elderberry Pepsi,515932,Sporting Life,https://www.sportinglife.com/greyhounds/racecards/2026-09-12/monmore/racecard/515932
2026-09-12,Monmore,12:59,5,Longacres Spider,515932,Sporting Life,https://www.sportinglife.com/greyhounds/racecards/2026-09-12/monmore/racecard/515932
2026-09-12,Monmore,12:59,6,Whisky Insta,515932,Sporting Life,https://www.sportinglife.com/greyhounds/racecards/2026-09-12/monmore/racecard/515932
2026-09-12,Monmore,13:17,1,Still Moment,515933,Sporting Life,https://www.sportinglife.com/greyhounds/racecards/2026-09-12/monmore/racecard/515933
2026-09-12,Monmore,13:17,2,Whisky Time,515933,Sporting Life,https://www.sportinglife.com/greyhounds/racecards/2026-09-12/monmore/racecard/515933
2026-09-12,Monmore,13:17,3,Tommys Grace,515933,Sporting Life,https://www.sportinglife.com/greyhounds/racecards/2026-09-12/monmore/racecard/515933
2026-09-12,Monmore,13:17,4,Swift Style,515933,Sporting Life,https://www.sportinglife.com/greyhounds/racecards/2026-09-12/monmore/racecard/515933
2026-09-12,Monmore,13:17,5,Yama Darlin,515933,Sporting Life,https://www.sportinglife.com/greyhounds/racecards/2026-09-12/monmore/racecard/515933
2026-09-12,Monmore,13:17,6,Dunquin Brendan,515933,Sporting Life,https://www.sportinglife.com/greyhounds/racecards/2026-09-12/monmore/racecard/515933
2026-09-12,Monmore,13:33,1,Longacres Tommy,515934,Sporting Life,https://www.sportinglife.com/greyhounds/racecards/2026-09-12/monmore/racecard/515934
2026-09-12,Monmore,13:33,2,Casino Brody,515934,Sporting Life,https://www.sportinglife.com/greyhounds/racecards/2026-09-12/monmore/racecard/515934
2026-09-12,Monmore,13:33,3,Cazzers Ade,515934,Sporting Life,https://www.sportinglife.com/greyhounds/racecards/2026-09-12/monmore/racecard/515934
2026-09-12,Monmore,13:33,5,Swoop Swoop,515934,Sporting Life,https://www.sportinglife.com/greyhounds/racecards/2026-09-12/monmore/racecard/515934
2026-09-12,Monmore,13:33,6,Aero Cobra,515934,Sporting Life,https://www.sportinglife.com/greyhounds/racecards/2026-09-12/monmore/racecard/515934
2026-09-12,Monmore,13:51,1,Swift Avid,515935,Sporting Life,https://www.sportinglife.com/greyhounds/racecards/2026-09-12/monmore/racecard/515935
2026-09-12,Monmore,13:51,2,Pennylane Ya Ya,515935,Sporting Life,https://www.sportinglife.com/greyhounds/racecards/2026-09-12/monmore/racecard/515935
2026-09-12,Monmore,13:51,3,Anglesey Prince,515935,Sporting Life,https://www.sportinglife.com/greyhounds/racecards/2026-09-12/monmore/racecard/515935
2026-09-12,Monmore,13:51,4,Aero Mockery,515935,Sporting Life,https://www.sportinglife.com/greyhounds/racecards/2026-09-12/monmore/racecard/515935
2026-09-12,Monmore,13:51,5,Whyaye Dubai,515935,Sporting Life,https://www.sportinglife.com/greyhounds/racecards/2026-09-12/monmore/racecard/515935
2026-09-12,Monmore,14:07,1,Hello Youngfella,515936,Sporting Life,https://www.sportinglife.com/greyhounds/racecards/2026-09-12/monmore/racecard/515936
2026-09-12,Monmore,14:07,2,Whelan,515936,Sporting Life,https://www.sportinglife.com/greyhounds/racecards/2026-09-12/monmore/racecard/515936
2026-09-12,Monmore,14:07,3,Union Raider,515936,Sporting Life,https://www.sportinglife.com/greyhounds/racecards/2026-09-12/monmore/racecard/515936
2026-09-12,Monmore,14:07,4,Millview Mags,515936,Sporting Life,https://www.sportinglife.com/greyhounds/racecards/2026-09-12/monmore/racecard/515936
2026-09-12,Monmore,14:07,5,Like Lightning,515936,Sporting Life,https://www.sportinglife.com/greyhounds/racecards/2026-09-12/monmore/racecard/515936
2026-09-12,Monmore,14:07,6,Moanteen Mimi,515936,Sporting Life,https://www.sportinglife.com/greyhounds/racecards/2026-09-12/monmore/racecard/515936
2026-09-12,Monmore,18:14,1,Swift Jess,515977,Sporting Life,https://www.sportinglife.com/greyhounds/racecards/2026-09-12/monmore/racecard/515977
2026-09-12,Monmore,18:14,2,Swift Cami,515977,Sporting Life,https://www.sportinglife.com/greyhounds/racecards/2026-09-12/monmore/racecard/515977
2026-09-12,Monmore,18:14,3,Aero Vigil,515977,Sporting Life,https://www.sportinglife.com/greyhounds/racecards/2026-09-12/monmore/racecard/515977
2026-09-12,Monmore,18:14,5,Winterfield Bird,515977,Sporting Life,https://www.sportinglife.com/greyhounds/racecards/2026-09-12/monmore/racecard/515977
2026-09-12,Monmore,18:14,6,Bloos Bro Bugsy,515977,Sporting Life,https://www.sportinglife.com/greyhounds/racecards/2026-09-12/monmore/racecard/515977
2026-09-12,Monmore,18:34,1,Madabout Racer,515978,Sporting Life,https://www.sportinglife.com/greyhounds/racecards/2026-09-12/monmore/racecard/515978
2026-09-12,Monmore,18:34,2,Prove Em Wrong,515978,Sporting Life,https://www.sportinglife.com/greyhounds/racecards/2026-09-12/monmore/racecard/515978
2026-09-12,Monmore,18:34,3,Aero Biscuit,515978,Sporting Life,https://www.sportinglife.com/greyhounds/racecards/2026-09-12/monmore/racecard/515978
2026-09-12,Monmore,18:34,4,Elderberry Luna,515978,Sporting Life,https://www.sportinglife.com/greyhounds/racecards/2026-09-12/monmore/racecard/515978
2026-09-12,Monmore,18:34,5,Yama Queen,515978,Sporting Life,https://www.sportinglife.com/greyhounds/racecards/2026-09-12/monmore/racecard/515978
2026-09-12,Monmore,18:34,6,Mucky Danno,515978,Sporting Life,https://www.sportinglife.com/greyhounds/racecards/2026-09-12/monmore/racecard/515978
2026-09-12,Monmore,18:54,1,Hollywell Cookie,515979,Sporting Life,https://www.sportinglife.com/greyhounds/racecards/2026-09-12/monmore/racecard/515979
2026-09-12,Monmore,18:54,2,No Step Back,515979,Sporting Life,https://www.sportinglife.com/greyhounds/racecards/2026-09-12/monmore/racecard/515979
2026-09-12,Monmore,18:54,3,Bogger Rapid,515979,Sporting Life,https://www.sportinglife.com/greyhounds/racecards/2026-09-12/monmore/racecard/515979
2026-09-12,Monmore,18:54,4,Longacres Danny,515979,Sporting Life,https://www.sportinglife.com/greyhounds/racecards/2026-09-12/monmore/racecard/515979
2026-09-12,Monmore,18:54,5,Cherry Bee,515979,Sporting Life,https://www.sportinglife.com/greyhounds/racecards/2026-09-12/monmore/racecard/515979
2026-09-12,Monmore,18:54,6,Wanfourtoeknee,515979,Sporting Life,https://www.sportinglife.com/greyhounds/racecards/2026-09-12/monmore/racecard/515979
2026-09-12,Monmore,19:14,1,Winterfield Jack,515980,Sporting Life,https://www.sportinglife.com/greyhounds/racecards/2026-09-12/monmore/racecard/515980
2026-09-12,Monmore,19:14,2,Bombay Lucky,515980,Sporting Life,https://www.sportinglife.com/greyhounds/racecards/2026-09-12/monmore/racecard/515980
2026-09-12,Monmore,19:14,3,First Dates,515980,Sporting Life,https://www.sportinglife.com/greyhounds/racecards/2026-09-12/monmore/racecard/515980
2026-09-12,Monmore,19:14,4,Roulette,515980,Sporting Life,https://www.sportinglife.com/greyhounds/racecards/2026-09-12/monmore/racecard/515980
2026-09-12,Monmore,19:14,5,Rushmoor Patsy,515980,Sporting Life,https://www.sportinglife.com/greyhounds/racecards/2026-09-12/monmore/racecard/515980
2026-09-12,Monmore,19:14,6,Elderberry Flash,515980,Sporting Life,https://www.sportinglife.com/greyhounds/racecards/2026-09-12/monmore/racecard/515980
2026-09-12,Monmore,19:34,1,Tommys Target,515981,Sporting Life,https://www.sportinglife.com/greyhounds/racecards/2026-09-12/monmore/racecard/515981
2026-09-12,Monmore,19:34,2,Beatties Shine,515981,Sporting Life,https://www.sportinglife.com/greyhounds/racecards/2026-09-12/monmore/racecard/515981
2026-09-12,Monmore,19:34,3,Newinn Bachelor,515981,Sporting Life,https://www.sportinglife.com/greyhounds/racecards/2026-09-12/monmore/racecard/515981
2026-09-12,Monmore,19:34,4,Union Piper,515981,Sporting Life,https://www.sportinglife.com/greyhounds/racecards/2026-09-12/monmore/racecard/515981
2026-09-12,Monmore,19:34,5,Aero Luther,515981,Sporting Life,https://www.sportinglife.com/greyhounds/racecards/2026-09-12/monmore/racecard/515981
2026-09-12,Monmore,19:34,6,Kates Goldie,515981,Sporting Life,https://www.sportinglife.com/greyhounds/racecards/2026-09-12/monmore/racecard/515981
2026-09-12,Monmore,19:54,1,Bandit Poppy,515982,Sporting Life,https://www.sportinglife.com/greyhounds/racecards/2026-09-12/monmore/racecard/515982
2026-09-12,Monmore,19:54,2,Hawkfield Bionic,515982,Sporting Life,https://www.sportinglife.com/greyhounds/racecards/2026-09-12/monmore/racecard/515982
2026-09-12,Monmore,19:54,3,Black Scorpion,515982,Sporting Life,https://www.sportinglife.com/greyhounds/racecards/2026-09-12/monmore/racecard/515982
2026-09-12,Monmore,19:54,4,Vixons Mission,515982,Sporting Life,https://www.sportinglife.com/greyhounds/racecards/2026-09-12/monmore/racecard/515982
2026-09-12,Monmore,19:54,5,Thirty Seconds,515982,Sporting Life,https://www.sportinglife.com/greyhounds/racecards/2026-09-12/monmore/racecard/515982
2026-09-12,Monmore,20:14,1,Dhustone Spud,515983,Sporting Life,https://www.sportinglife.com/greyhounds/racecards/2026-09-12/monmore/racecard/515983
2026-09-12,Monmore,20:14,2,Tullymurry India,515983,Sporting Life,https://www.sportinglife.com/greyhounds/racecards/2026-09-12/monmore/racecard/515983
2026-09-12,Monmore,20:14,3,Aero Stormrage,515983,Sporting Life,https://www.sportinglife.com/greyhounds/racecards/2026-09-12/monmore/racecard/515983
2026-09-12,Monmore,20:14,4,Drive On Signet,515983,Sporting Life,https://www.sportinglife.com/greyhounds/racecards/2026-09-12/monmore/racecard/515983
2026-09-12,Monmore,20:14,5,Longacres Arles,515983,Sporting Life,https://www.sportinglife.com/greyhounds/racecards/2026-09-12/monmore/racecard/515983
2026-09-12,Monmore,20:14,6,Tullymurry Ned,515983,Sporting Life,https://www.sportinglife.com/greyhounds/racecards/2026-09-12/monmore/racecard/515983
2026-09-12,Monmore,20:34,1,Kilwest Diva,515984,Sporting Life,https://www.sportinglife.com/greyhounds/racecards/2026-09-12/monmore/racecard/515984
2026-09-12,Monmore,20:34,2,Zenith Imminent,515984,Sporting Life,https://www.sportinglife.com/greyhounds/racecards/2026-09-12/monmore/racecard/515984
2026-09-12,Monmore,20:34,3,Ballymac Odin,515984,Sporting Life,https://www.sportinglife.com/greyhounds/racecards/2026-09-12/monmore/racecard/515984
2026-09-12,Monmore,20:34,4,Adelinesfirstdog,515984,Sporting Life,https://www.sportinglife.com/greyhounds/racecards/2026-09-12/monmore/racecard/515984
2026-09-12,Monmore,20:34,5,Beatties Bliss,515984,Sporting Life,https://www.sportinglife.com/greyhounds/racecards/2026-09-12/monmore/racecard/515984
2026-09-12,Monmore,20:34,6,Kingsholm Road,515984,Sporting Life,https://www.sportinglife.com/greyhounds/racecards/2026-09-12/monmore/racecard/515984
2026-09-12,Monmore,20:54,1,Carrick Scholsey,515985,Sporting Life,https://www.sportinglife.com/greyhounds/racecards/2026-09-12/monmore/racecard/515985
2026-09-12,Monmore,20:54,2,Aero Boris,515985,Sporting Life,https://www.sportinglife.com/greyhounds/racecards/2026-09-12/monmore/racecard/515985
2026-09-12,Monmore,20:54,3,Innfield Fifi,515985,Sporting Life,https://www.sportinglife.com/greyhounds/racecards/2026-09-12/monmore/racecard/515985
2026-09-12,Monmore,20:54,4,Skylars Vision,515985,Sporting Life,https://www.sportinglife.com/greyhounds/racecards/2026-09-12/monmore/racecard/515985
2026-09-12,Monmore,20:54,5,Sugar Candice,515985,Sporting Life,https://www.sportinglife.com/greyhounds/racecards/2026-09-12/monmore/racecard/515985
2026-09-12,Monmore,21:14,1,Snazzy Honey,515986,Sporting Life,https://www.sportinglife.com/greyhounds/racecards/2026-09-12/monmore/racecard/515986
2026-09-12,Monmore,21:14,2,Rossa Vita,515986,Sporting Life,https://www.sportinglife.com/greyhounds/racecards/2026-09-12/monmore/racecard/515986
2026-09-12,Monmore,21:14,3,Thor Odinson,515986,Sporting Life,https://www.sportinglife.com/greyhounds/racecards/2026-09-12/monmore/racecard/515986
2026-09-12,Monmore,21:14,4,Eternal Spirit,515986,Sporting Life,https://www.sportinglife.com/greyhounds/racecards/2026-09-12/monmore/racecard/515986
2026-09-12,Monmore,21:14,5,Aero Ella,515986,Sporting Life,https://www.sportinglife.com/greyhounds/racecards/2026-09-12/monmore/racecard/515986
2026-09-12,Monmore,21:14,6,Timmys Hunter,515986,Sporting Life,https://www.sportinglife.com/greyhounds/racecards/2026-09-12/monmore/racecard/515986
2026-09-12,Monmore,21:34,1,Aero Pepinillo,515987,Sporting Life,https://www.sportinglife.com/greyhounds/racecards/2026-09-12/monmore/racecard/515987
2026-09-12,Monmore,21:34,2,Kick On Archie,515987,Sporting Life,https://www.sportinglife.com/greyhounds/racecards/2026-09-12/monmore/racecard/515987
2026-09-12,Monmore,21:34,3,Blackstone Ten,515987,Sporting Life,https://www.sportinglife.com/greyhounds/racecards/2026-09-12/monmore/racecard/515987
2026-09-12,Monmore,21:34,4,Slick Sabre,515987,Sporting Life,https://www.sportinglife.com/greyhounds/racecards/2026-09-12/monmore/racecard/515987
2026-09-12,Monmore,21:34,5,Mon Amis,515987,Sporting Life,https://www.sportinglife.com/greyhounds/racecards/2026-09-12/monmore/racecard/515987
2026-09-12,Monmore,21:34,6,Holding Blaze,515987,Sporting Life,https://www.sportinglife.com/greyhounds/racecards/2026-09-12/monmore/racecard/515987
2026-09-12,Monmore,21:50,1,Mash Mad Bridie,515988,Sporting Life,https://www.sportinglife.com/greyhounds/racecards/2026-09-12/monmore/racecard/515988
2026-09-12,Monmore,21:50,2,Aero Candy,515988,Sporting Life,https://www.sportinglife.com/greyhounds/racecards/2026-09-12/monmore/racecard/515988
2026-09-12,Monmore,21:50,4,Bloos Ladysandra,515988,Sporting Life,https://www.sportinglife.com/greyhounds/racecards/2026-09-12/monmore/racecard/515988
2026-09-12,Monmore,21:50,5,Do Gooder,515988,Sporting Life,https://www.sportinglife.com/greyhounds/racecards/2026-09-12/monmore/racecard/515988
2026-09-12,Monmore,21:50,6,Cazzers Ellie,515988,Sporting Life,https://www.sportinglife.com/greyhounds/racecards/2026-09-12/monmore/racecard/515988
2026-09-12,Newcastle,14:28,1,Bramble Emerald,516049,Sporting Life,https://www.sportinglife.com/greyhounds/racecards/2026-09-12/newcastle/racecard/516049
2026-09-12,Newcastle,14:28,2,Wanted Bocko,516049,Sporting Life,https://www.sportinglife.com/greyhounds/racecards/2026-09-12/newcastle/racecard/516049
2026-09-12,Newcastle,14:28,3,Mossend Dan,516049,Sporting Life,https://www.sportinglife.com/greyhounds/racecards/2026-09-12/newcastle/racecard/516049
2026-09-12,Newcastle,14:28,4,Alnwick Hawk,516049,Sporting Life,https://www.sportinglife.com/greyhounds/racecards/2026-09-12/newcastle/racecard/516049
2026-09-12,Newcastle,14:28,6,Alnwick River,516049,Sporting Life,https://www.sportinglife.com/greyhounds/racecards/2026-09-12/newcastle/racecard/516049
2026-09-12,Newcastle,14:48,1,Swish Swish Bish,516050,Sporting Life,https://www.sportinglife.com/greyhounds/racecards/2026-09-12/newcastle/racecard/516050
2026-09-12,Newcastle,14:48,2,Zenith Efendi,516050,Sporting Life,https://www.sportinglife.com/greyhounds/racecards/2026-09-12/newcastle/racecard/516050
2026-09-12,Newcastle,14:48,3,Fooled Again,516050,Sporting Life,https://www.sportinglife.com/greyhounds/racecards/2026-09-12/newcastle/racecard/516050
2026-09-12,Newcastle,14:48,4,Text Noah,516050,Sporting Life,https://www.sportinglife.com/greyhounds/racecards/2026-09-12/newcastle/racecard/516050
2026-09-12,Newcastle,14:48,5,Millhill Yogi,516050,Sporting Life,https://www.sportinglife.com/greyhounds/racecards/2026-09-12/newcastle/racecard/516050
2026-09-12,Newcastle,14:48,6,Da Short Haul,516050,Sporting Life,https://www.sportinglife.com/greyhounds/racecards/2026-09-12/newcastle/racecard/516050
2026-09-12,Newcastle,15:08,1,Tinnock Stellar,516051,Sporting Life,https://www.sportinglife.com/greyhounds/racecards/2026-09-12/newcastle/racecard/516051
2026-09-12,Newcastle,15:08,2,Evening Call,516051,Sporting Life,https://www.sportinglife.com/greyhounds/racecards/2026-09-12/newcastle/racecard/516051
2026-09-12,Newcastle,15:08,3,Droopys Renee,516051,Sporting Life,https://www.sportinglife.com/greyhounds/racecards/2026-09-12/newcastle/racecard/516051
2026-09-12,Newcastle,15:08,4,Garren Zulu,516051,Sporting Life,https://www.sportinglife.com/greyhounds/racecards/2026-09-12/newcastle/racecard/516051
2026-09-12,Newcastle,15:08,5,Withme Withoutme,516051,Sporting Life,https://www.sportinglife.com/greyhounds/racecards/2026-09-12/newcastle/racecard/516051
2026-09-12,Newcastle,15:08,6,Romeo Mig,516051,Sporting Life,https://www.sportinglife.com/greyhounds/racecards/2026-09-12/newcastle/racecard/516051
2026-09-12,Newcastle,15:28,1,Mollys Aoibhe,516052,Sporting Life,https://www.sportinglife.com/greyhounds/racecards/2026-09-12/newcastle/racecard/516052
2026-09-12,Newcastle,15:28,2,Balrobuck Kisses,516052,Sporting Life,https://www.sportinglife.com/greyhounds/racecards/2026-09-12/newcastle/racecard/516052
2026-09-12,Newcastle,15:28,3,Howay Suarez,516052,Sporting Life,https://www.sportinglife.com/greyhounds/racecards/2026-09-12/newcastle/racecard/516052
2026-09-12,Newcastle,15:28,4,Johnny Chase,516052,Sporting Life,https://www.sportinglife.com/greyhounds/racecards/2026-09-12/newcastle/racecard/516052
2026-09-12,Newcastle,15:28,5,Wanganui Wanda,516052,Sporting Life,https://www.sportinglife.com/greyhounds/racecards/2026-09-12/newcastle/racecard/516052
2026-09-12,Newcastle,15:48,1,Brickkiln Matty,516053,Sporting Life,https://www.sportinglife.com/greyhounds/racecards/2026-09-12/newcastle/racecard/516053
2026-09-12,Newcastle,15:48,2,Alnwick Queen,516053,Sporting Life,https://www.sportinglife.com/greyhounds/racecards/2026-09-12/newcastle/racecard/516053
2026-09-12,Newcastle,15:48,3,Mcdara Julie,516053,Sporting Life,https://www.sportinglife.com/greyhounds/racecards/2026-09-12/newcastle/racecard/516053
2026-09-12,Newcastle,15:48,4,Strictly Vito,516053,Sporting Life,https://www.sportinglife.com/greyhounds/racecards/2026-09-12/newcastle/racecard/516053
2026-09-12,Newcastle,15:48,5,Rowington Ruby,516053,Sporting Life,https://www.sportinglife.com/greyhounds/racecards/2026-09-12/newcastle/racecard/516053
2026-09-12,Newcastle,16:08,1,Hollyhill Ger,516054,Sporting Life,https://www.sportinglife.com/greyhounds/racecards/2026-09-12/newcastle/racecard/516054
2026-09-12,Newcastle,16:08,2,Never Too Late,516054,Sporting Life,https://www.sportinglife.com/greyhounds/racecards/2026-09-12/newcastle/racecard/516054
2026-09-12,Newcastle,16:08,3,Two Votes,516054,Sporting Life,https://www.sportinglife.com/greyhounds/racecards/2026-09-12/newcastle/racecard/516054
2026-09-12,Newcastle,16:08,4,Alnwick Haws,516054,Sporting Life,https://www.sportinglife.com/greyhounds/racecards/2026-09-12/newcastle/racecard/516054
2026-09-12,Newcastle,16:08,5,Avenue Cove,516054,Sporting Life,https://www.sportinglife.com/greyhounds/racecards/2026-09-12/newcastle/racecard/516054
2026-09-12,Newcastle,16:08,6,Croia Agus Gwen,516054,Sporting Life,https://www.sportinglife.com/greyhounds/racecards/2026-09-12/newcastle/racecard/516054
2026-09-12,Newcastle,16:28,1,Salahs The Goat,516055,Sporting Life,https://www.sportinglife.com/greyhounds/racecards/2026-09-12/newcastle/racecard/516055
2026-09-12,Newcastle,16:28,2,Strictly Alexis,516055,Sporting Life,https://www.sportinglife.com/greyhounds/racecards/2026-09-12/newcastle/racecard/516055
2026-09-12,Newcastle,16:28,3,Richies Richie,516055,Sporting Life,https://www.sportinglife.com/greyhounds/racecards/2026-09-12/newcastle/racecard/516055
2026-09-12,Newcastle,16:28,4,Left Unread,516055,Sporting Life,https://www.sportinglife.com/greyhounds/racecards/2026-09-12/newcastle/racecard/516055
2026-09-12,Newcastle,16:28,5,Drumcrow Wanda,516055,Sporting Life,https://www.sportinglife.com/greyhounds/racecards/2026-09-12/newcastle/racecard/516055
2026-09-12,Newcastle,16:28,6,Darraghs Elz,516055,Sporting Life,https://www.sportinglife.com/greyhounds/racecards/2026-09-12/newcastle/racecard/516055
2026-09-12,Newcastle,16:48,1,Timones Star,516056,Sporting Life,https://www.sportinglife.com/greyhounds/racecards/2026-09-12/newcastle/racecard/516056
2026-09-12,Newcastle,16:48,2,Proud One,516056,Sporting Life,https://www.sportinglife.com/greyhounds/racecards/2026-09-12/newcastle/racecard/516056
2026-09-12,Newcastle,16:48,3,Canny Stunner,516056,Sporting Life,https://www.sportinglife.com/greyhounds/racecards/2026-09-12/newcastle/racecard/516056
2026-09-12,Newcastle,16:48,4,Alnwick Megan,516056,Sporting Life,https://www.sportinglife.com/greyhounds/racecards/2026-09-12/newcastle/racecard/516056
2026-09-12,Newcastle,16:48,5,Slaneyside Boyne,516056,Sporting Life,https://www.sportinglife.com/greyhounds/racecards/2026-09-12/newcastle/racecard/516056
2026-09-12,Newcastle,16:48,6,Fabulous Shona,516056,Sporting Life,https://www.sportinglife.com/greyhounds/racecards/2026-09-12/newcastle/racecard/516056
2026-09-12,Newcastle,17:08,1,Smiling Evamac,516057,Sporting Life,https://www.sportinglife.com/greyhounds/racecards/2026-09-12/newcastle/racecard/516057
2026-09-12,Newcastle,17:08,2,Brickkiln Bugsy,516057,Sporting Life,https://www.sportinglife.com/greyhounds/racecards/2026-09-12/newcastle/racecard/516057
2026-09-12,Newcastle,17:08,3,Alnwick Kenny,516057,Sporting Life,https://www.sportinglife.com/greyhounds/racecards/2026-09-12/newcastle/racecard/516057
2026-09-12,Newcastle,17:08,4,Be Here Now,516057,Sporting Life,https://www.sportinglife.com/greyhounds/racecards/2026-09-12/newcastle/racecard/516057
2026-09-12,Newcastle,17:08,6,Alnwick Wizard,516057,Sporting Life,https://www.sportinglife.com/greyhounds/racecards/2026-09-12/newcastle/racecard/516057
2026-09-12,Newcastle,17:24,1,Onyergostar,516058,Sporting Life,https://www.sportinglife.com/greyhounds/racecards/2026-09-12/newcastle/racecard/516058
2026-09-12,Newcastle,17:24,2,Ballymac Fearne,516058,Sporting Life,https://www.sportinglife.com/greyhounds/racecards/2026-09-12/newcastle/racecard/516058
2026-09-12,Newcastle,17:24,3,Alnwick Teeny,516058,Sporting Life,https://www.sportinglife.com/greyhounds/racecards/2026-09-12/newcastle/racecard/516058
2026-09-12,Newcastle,17:24,4,Wraysbury King,516058,Sporting Life,https://www.sportinglife.com/greyhounds/racecards/2026-09-12/newcastle/racecard/516058
2026-09-12,Newcastle,17:24,5,Texas Ranger,516058,Sporting Life,https://www.sportinglife.com/greyhounds/racecards/2026-09-12/newcastle/racecard/516058
2026-09-12,Newcastle,17:24,6,Swift Table,516058,Sporting Life,https://www.sportinglife.com/greyhounds/racecards/2026-09-12/newcastle/racecard/516058
2026-09-12,Newcastle,17:43,1,Midtown Romeo,516059,Sporting Life,https://www.sportinglife.com/greyhounds/racecards/2026-09-12/newcastle/racecard/516059
2026-09-12,Newcastle,17:43,2,Freedom Layton,516059,Sporting Life,https://www.sportinglife.com/greyhounds/racecards/2026-09-12/newcastle/racecard/516059
2026-09-12,Newcastle,17:43,3,Fabulous Lakota,516059,Sporting Life,https://www.sportinglife.com/greyhounds/racecards/2026-09-12/newcastle/racecard/516059
2026-09-12,Newcastle,17:43,4,Kerabellec Ella,516059,Sporting Life,https://www.sportinglife.com/greyhounds/racecards/2026-09-12/newcastle/racecard/516059
2026-09-12,Newcastle,17:43,5,Canny Orla,516059,Sporting Life,https://www.sportinglife.com/greyhounds/racecards/2026-09-12/newcastle/racecard/516059
2026-09-12,Newcastle,17:43,6,Girl Of Exile,516059,Sporting Life,https://www.sportinglife.com/greyhounds/racecards/2026-09-12/newcastle/racecard/516059
2026-09-12,Newcastle,18:01,1,Midtown Ebony,516060,Sporting Life,https://www.sportinglife.com/greyhounds/racecards/2026-09-12/newcastle/racecard/516060
2026-09-12,Newcastle,18:01,2,Mad For Porter,516060,Sporting Life,https://www.sportinglife.com/greyhounds/racecards/2026-09-12/newcastle/racecard/516060
2026-09-12,Newcastle,18:01,3,Stormy Kira,516060,Sporting Life,https://www.sportinglife.com/greyhounds/racecards/2026-09-12/newcastle/racecard/516060
2026-09-12,Newcastle,18:01,4,Five Alley Macy,516060,Sporting Life,https://www.sportinglife.com/greyhounds/racecards/2026-09-12/newcastle/racecard/516060
2026-09-12,Newcastle,18:01,5,Chasing Aine,516060,Sporting Life,https://www.sportinglife.com/greyhounds/racecards/2026-09-12/newcastle/racecard/516060
2026-09-12,Newcastle,18:01,6,Coppice Kaiser,516060,Sporting Life,https://www.sportinglife.com/greyhounds/racecards/2026-09-12/newcastle/racecard/516060
2026-09-12,Romford,11:09,1,Haverhill Matt,516073,Sporting Life,https://www.sportinglife.com/greyhounds/racecards/2026-09-12/romford/racecard/516073
2026-09-12,Romford,11:09,2,Eddies Star,516073,Sporting Life,https://www.sportinglife.com/greyhounds/racecards/2026-09-12/romford/racecard/516073
2026-09-12,Romford,11:09,3,My Sweet Boy,516073,Sporting Life,https://www.sportinglife.com/greyhounds/racecards/2026-09-12/romford/racecard/516073
2026-09-12,Romford,11:09,5,Toems Bono,516073,Sporting Life,https://www.sportinglife.com/greyhounds/racecards/2026-09-12/romford/racecard/516073
2026-09-12,Romford,11:09,6,Hollywood Topcat,516073,Sporting Life,https://www.sportinglife.com/greyhounds/racecards/2026-09-12/romford/racecard/516073
2026-09-12,Romford,11:27,1,College Twain,516074,Sporting Life,https://www.sportinglife.com/greyhounds/racecards/2026-09-12/romford/racecard/516074
2026-09-12,Romford,11:27,2,Come On Sheileen,516074,Sporting Life,https://www.sportinglife.com/greyhounds/racecards/2026-09-12/romford/racecard/516074
2026-09-12,Romford,11:27,3,Blacklabel Power,516074,Sporting Life,https://www.sportinglife.com/greyhounds/racecards/2026-09-12/romford/racecard/516074
2026-09-12,Romford,11:27,4,Dans Peach,516074,Sporting Life,https://www.sportinglife.com/greyhounds/racecards/2026-09-12/romford/racecard/516074
2026-09-12,Romford,11:27,5,Micks Boy,516074,Sporting Life,https://www.sportinglife.com/greyhounds/racecards/2026-09-12/romford/racecard/516074
2026-09-12,Romford,11:43,1,Slippy Teddy,516075,Sporting Life,https://www.sportinglife.com/greyhounds/racecards/2026-09-12/romford/racecard/516075
2026-09-12,Romford,11:43,2,Didier Dogba,516075,Sporting Life,https://www.sportinglife.com/greyhounds/racecards/2026-09-12/romford/racecard/516075
2026-09-12,Romford,11:43,3,Crafty Boyo,516075,Sporting Life,https://www.sportinglife.com/greyhounds/racecards/2026-09-12/romford/racecard/516075
2026-09-12,Romford,11:43,4,Jeopardy Heidi,516075,Sporting Life,https://www.sportinglife.com/greyhounds/racecards/2026-09-12/romford/racecard/516075
2026-09-12,Romford,11:43,5,Haverhill Ellie,516075,Sporting Life,https://www.sportinglife.com/greyhounds/racecards/2026-09-12/romford/racecard/516075
2026-09-12,Romford,11:43,6,Hawkfield Grant,516075,Sporting Life,https://www.sportinglife.com/greyhounds/racecards/2026-09-12/romford/racecard/516075
2026-09-12,Romford,12:01,1,Catunda Harlow,516076,Sporting Life,https://www.sportinglife.com/greyhounds/racecards/2026-09-12/romford/racecard/516076
2026-09-12,Romford,12:01,2,Cosmic Blue,516076,Sporting Life,https://www.sportinglife.com/greyhounds/racecards/2026-09-12/romford/racecard/516076
2026-09-12,Romford,12:01,3,Hollywood Athena,516076,Sporting Life,https://www.sportinglife.com/greyhounds/racecards/2026-09-12/romford/racecard/516076
2026-09-12,Romford,12:01,4,Ashwood Links,516076,Sporting Life,https://www.sportinglife.com/greyhounds/racecards/2026-09-12/romford/racecard/516076
2026-09-12,Romford,12:01,5,Cowboy Terry,516076,Sporting Life,https://www.sportinglife.com/greyhounds/racecards/2026-09-12/romford/racecard/516076
2026-09-12,Romford,12:01,6,Swift Kelvin,516076,Sporting Life,https://www.sportinglife.com/greyhounds/racecards/2026-09-12/romford/racecard/516076
2026-09-12,Romford,12:18,2,Bacon Hotpot,516077,Sporting Life,https://www.sportinglife.com/greyhounds/racecards/2026-09-12/romford/racecard/516077
2026-09-12,Romford,12:18,3,Rough Ronan,516077,Sporting Life,https://www.sportinglife.com/greyhounds/racecards/2026-09-12/romford/racecard/516077
2026-09-12,Romford,12:18,4,Distant Ciara,516077,Sporting Life,https://www.sportinglife.com/greyhounds/racecards/2026-09-12/romford/racecard/516077
2026-09-12,Romford,12:18,5,Da Young Lad,516077,Sporting Life,https://www.sportinglife.com/greyhounds/racecards/2026-09-12/romford/racecard/516077
2026-09-12,Romford,12:18,6,Keefill Darwin,516077,Sporting Life,https://www.sportinglife.com/greyhounds/racecards/2026-09-12/romford/racecard/516077
2026-09-12,Romford,12:34,1,Jeopardy Diva,516078,Sporting Life,https://www.sportinglife.com/greyhounds/racecards/2026-09-12/romford/racecard/516078
2026-09-12,Romford,12:34,3,Jan Jan,516078,Sporting Life,https://www.sportinglife.com/greyhounds/racecards/2026-09-12/romford/racecard/516078
2026-09-12,Romford,12:34,4,Garrys Lil Star,516078,Sporting Life,https://www.sportinglife.com/greyhounds/racecards/2026-09-12/romford/racecard/516078
2026-09-12,Romford,12:34,5,Lollipop Lucy,516078,Sporting Life,https://www.sportinglife.com/greyhounds/racecards/2026-09-12/romford/racecard/516078
2026-09-12,Romford,12:34,6,Kilara Bijoux,516078,Sporting Life,https://www.sportinglife.com/greyhounds/racecards/2026-09-12/romford/racecard/516078
2026-09-12,Romford,12:51,1,Hannipaul Lecter,516079,Sporting Life,https://www.sportinglife.com/greyhounds/racecards/2026-09-12/romford/racecard/516079
2026-09-12,Romford,12:51,2,Smashing Major,516079,Sporting Life,https://www.sportinglife.com/greyhounds/racecards/2026-09-12/romford/racecard/516079
2026-09-12,Romford,12:51,3,Distant Lilly,516079,Sporting Life,https://www.sportinglife.com/greyhounds/racecards/2026-09-12/romford/racecard/516079
2026-09-12,Romford,12:51,4,Deelish Annie,516079,Sporting Life,https://www.sportinglife.com/greyhounds/racecards/2026-09-12/romford/racecard/516079
2026-09-12,Romford,12:51,6,Orange Ryan,516079,Sporting Life,https://www.sportinglife.com/greyhounds/racecards/2026-09-12/romford/racecard/516079
2026-09-12,Romford,13:08,2,Bensourboy,516080,Sporting Life,https://www.sportinglife.com/greyhounds/racecards/2026-09-12/romford/racecard/516080
2026-09-12,Romford,13:08,3,San Siro,516080,Sporting Life,https://www.sportinglife.com/greyhounds/racecards/2026-09-12/romford/racecard/516080
2026-09-12,Romford,13:08,4,Distant Faraday,516080,Sporting Life,https://www.sportinglife.com/greyhounds/racecards/2026-09-12/romford/racecard/516080
2026-09-12,Romford,13:08,5,Young Dotty,516080,Sporting Life,https://www.sportinglife.com/greyhounds/racecards/2026-09-12/romford/racecard/516080
2026-09-12,Romford,13:08,6,Tea Leaf Thor,516080,Sporting Life,https://www.sportinglife.com/greyhounds/racecards/2026-09-12/romford/racecard/516080
2026-09-12,Romford,13:26,1,Dinner Spiros,516081,Sporting Life,https://www.sportinglife.com/greyhounds/racecards/2026-09-12/romford/racecard/516081
2026-09-12,Romford,13:26,2,Newtown Sinead,516081,Sporting Life,https://www.sportinglife.com/greyhounds/racecards/2026-09-12/romford/racecard/516081
2026-09-12,Romford,13:26,3,Hesarightbucko,516081,Sporting Life,https://www.sportinglife.com/greyhounds/racecards/2026-09-12/romford/racecard/516081
2026-09-12,Romford,13:26,4,Amelias Tag,516081,Sporting Life,https://www.sportinglife.com/greyhounds/racecards/2026-09-12/romford/racecard/516081
2026-09-12,Romford,13:26,5,Yahoo Orla,516081,Sporting Life,https://www.sportinglife.com/greyhounds/racecards/2026-09-12/romford/racecard/516081
2026-09-12,Romford,13:42,1,Two Sterling,516082,Sporting Life,https://www.sportinglife.com/greyhounds/racecards/2026-09-12/romford/racecard/516082
2026-09-12,Romford,13:42,2,Bacon Burrger,516082,Sporting Life,https://www.sportinglife.com/greyhounds/racecards/2026-09-12/romford/racecard/516082
2026-09-12,Romford,13:42,3,Lil Bo Beep,516082,Sporting Life,https://www.sportinglife.com/greyhounds/racecards/2026-09-12/romford/racecard/516082
2026-09-12,Romford,13:42,4,Da Honey Mil,516082,Sporting Life,https://www.sportinglife.com/greyhounds/racecards/2026-09-12/romford/racecard/516082
2026-09-12,Romford,13:42,6,Headford Eimear,516082,Sporting Life,https://www.sportinglife.com/greyhounds/racecards/2026-09-12/romford/racecard/516082
2026-09-12,Romford,13:59,1,Scooby Topaz,516083,Sporting Life,https://www.sportinglife.com/greyhounds/racecards/2026-09-12/romford/racecard/516083
2026-09-12,Romford,13:59,2,Slippy Coleman,516083,Sporting Life,https://www.sportinglife.com/greyhounds/racecards/2026-09-12/romford/racecard/516083
2026-09-12,Romford,13:59,3,Heroic King,516083,Sporting Life,https://www.sportinglife.com/greyhounds/racecards/2026-09-12/romford/racecard/516083
2026-09-12,Romford,13:59,4,Oioi Savaloy,516083,Sporting Life,https://www.sportinglife.com/greyhounds/racecards/2026-09-12/romford/racecard/516083
2026-09-12,Romford,13:59,5,Express Tag,516083,Sporting Life,https://www.sportinglife.com/greyhounds/racecards/2026-09-12/romford/racecard/516083
2026-09-12,Romford,13:59,6,Langston Lucky,516083,Sporting Life,https://www.sportinglife.com/greyhounds/racecards/2026-09-12/romford/racecard/516083
2026-09-12,Romford,14:14,1,Burgess Sharon,516084,Sporting Life,https://www.sportinglife.com/greyhounds/racecards/2026-09-12/romford/racecard/516084
2026-09-12,Romford,14:14,2,Ritzy Rosie,516084,Sporting Life,https://www.sportinglife.com/greyhounds/racecards/2026-09-12/romford/racecard/516084
2026-09-12,Romford,14:14,3,Dots Petra,516084,Sporting Life,https://www.sportinglife.com/greyhounds/racecards/2026-09-12/romford/racecard/516084
2026-09-12,Romford,14:14,4,Fire Knot,516084,Sporting Life,https://www.sportinglife.com/greyhounds/racecards/2026-09-12/romford/racecard/516084
2026-09-12,Romford,14:14,6,Holding Suzie,516084,Sporting Life,https://www.sportinglife.com/greyhounds/racecards/2026-09-12/romford/racecard/516084
2026-09-12,Romford,18:42,1,Sundance Sasha,516112,Sporting Life,https://www.sportinglife.com/greyhounds/racecards/2026-09-12/romford/racecard/516112
2026-09-12,Romford,18:42,2,Peteys Queen,516112,Sporting Life,https://www.sportinglife.com/greyhounds/racecards/2026-09-12/romford/racecard/516112
2026-09-12,Romford,18:42,3,Yahoo Jimmy,516112,Sporting Life,https://www.sportinglife.com/greyhounds/racecards/2026-09-12/romford/racecard/516112
2026-09-12,Romford,18:42,4,Chelms Harry,516112,Sporting Life,https://www.sportinglife.com/greyhounds/racecards/2026-09-12/romford/racecard/516112
2026-09-12,Romford,18:42,5,Trinity Bella,516112,Sporting Life,https://www.sportinglife.com/greyhounds/racecards/2026-09-12/romford/racecard/516112
2026-09-12,Romford,18:42,6,Louises Summer,516112,Sporting Life,https://www.sportinglife.com/greyhounds/racecards/2026-09-12/romford/racecard/516112
2026-09-12,Romford,19:02,1,Pantone Alley,516113,Sporting Life,https://www.sportinglife.com/greyhounds/racecards/2026-09-12/romford/racecard/516113
2026-09-12,Romford,19:02,2,Droopys Pedigree,516113,Sporting Life,https://www.sportinglife.com/greyhounds/racecards/2026-09-12/romford/racecard/516113
2026-09-12,Romford,19:02,3,Snoopys Opal,516113,Sporting Life,https://www.sportinglife.com/greyhounds/racecards/2026-09-12/romford/racecard/516113
2026-09-12,Romford,19:02,4,Saleen Blaze,516113,Sporting Life,https://www.sportinglife.com/greyhounds/racecards/2026-09-12/romford/racecard/516113
2026-09-12,Romford,19:02,5,Catunda Nemo,516113,Sporting Life,https://www.sportinglife.com/greyhounds/racecards/2026-09-12/romford/racecard/516113
2026-09-12,Romford,19:02,6,Moaning Dolly,516113,Sporting Life,https://www.sportinglife.com/greyhounds/racecards/2026-09-12/romford/racecard/516113
2026-09-12,Romford,19:22,1,Lego,516114,Sporting Life,https://www.sportinglife.com/greyhounds/racecards/2026-09-12/romford/racecard/516114
2026-09-12,Romford,19:22,2,My Agne,516114,Sporting Life,https://www.sportinglife.com/greyhounds/racecards/2026-09-12/romford/racecard/516114
2026-09-12,Romford,19:22,3,Returning Storm,516114,Sporting Life,https://www.sportinglife.com/greyhounds/racecards/2026-09-12/romford/racecard/516114
2026-09-12,Romford,19:22,4,Blackburny Storm,516114,Sporting Life,https://www.sportinglife.com/greyhounds/racecards/2026-09-12/romford/racecard/516114
2026-09-12,Romford,19:22,5,Swift Quick,516114,Sporting Life,https://www.sportinglife.com/greyhounds/racecards/2026-09-12/romford/racecard/516114
2026-09-12,Romford,19:42,2,Romford Sheriff,516115,Sporting Life,https://www.sportinglife.com/greyhounds/racecards/2026-09-12/romford/racecard/516115
2026-09-12,Romford,19:42,3,Showgirl Lola,516115,Sporting Life,https://www.sportinglife.com/greyhounds/racecards/2026-09-12/romford/racecard/516115
2026-09-12,Romford,19:42,4,Snoopys Star,516115,Sporting Life,https://www.sportinglife.com/greyhounds/racecards/2026-09-12/romford/racecard/516115
2026-09-12,Romford,19:42,5,Blackrose Amy,516115,Sporting Life,https://www.sportinglife.com/greyhounds/racecards/2026-09-12/romford/racecard/516115
2026-09-12,Romford,19:42,6,Trumps Again,516115,Sporting Life,https://www.sportinglife.com/greyhounds/racecards/2026-09-12/romford/racecard/516115
2026-09-12,Romford,20:02,1,Flys Legacy,516116,Sporting Life,https://www.sportinglife.com/greyhounds/racecards/2026-09-12/romford/racecard/516116
2026-09-12,Romford,20:02,2,Old Fort Wifi,516116,Sporting Life,https://www.sportinglife.com/greyhounds/racecards/2026-09-12/romford/racecard/516116
2026-09-12,Romford,20:02,3,Freddy Steady Go,516116,Sporting Life,https://www.sportinglife.com/greyhounds/racecards/2026-09-12/romford/racecard/516116
2026-09-12,Romford,20:02,5,Ardera Actor,516116,Sporting Life,https://www.sportinglife.com/greyhounds/racecards/2026-09-12/romford/racecard/516116
2026-09-12,Romford,20:02,6,Big Time Roisin,516116,Sporting Life,https://www.sportinglife.com/greyhounds/racecards/2026-09-12/romford/racecard/516116
2026-09-12,Romford,20:22,1,Aint Got No Cash,516117,Sporting Life,https://www.sportinglife.com/greyhounds/racecards/2026-09-12/romford/racecard/516117
2026-09-12,Romford,20:22,2,Mohican Honey,516117,Sporting Life,https://www.sportinglife.com/greyhounds/racecards/2026-09-12/romford/racecard/516117
2026-09-12,Romford,20:22,3,Pupi Chulo,516117,Sporting Life,https://www.sportinglife.com/greyhounds/racecards/2026-09-12/romford/racecard/516117
2026-09-12,Romford,20:22,4,Blackrose Venus,516117,Sporting Life,https://www.sportinglife.com/greyhounds/racecards/2026-09-12/romford/racecard/516117
2026-09-12,Romford,20:22,6,Hawkfield Kiki,516117,Sporting Life,https://www.sportinglife.com/greyhounds/racecards/2026-09-12/romford/racecard/516117
2026-09-12,Romford,20:42,1,Easy Flossy,516118,Sporting Life,https://www.sportinglife.com/greyhounds/racecards/2026-09-12/romford/racecard/516118
2026-09-12,Romford,20:42,2,Rural Bluey,516118,Sporting Life,https://www.sportinglife.com/greyhounds/racecards/2026-09-12/romford/racecard/516118
2026-09-12,Romford,20:42,3,Castillo Del Rey,516118,Sporting Life,https://www.sportinglife.com/greyhounds/racecards/2026-09-12/romford/racecard/516118
2026-09-12,Romford,20:42,4,Ballybreen Holly,516118,Sporting Life,https://www.sportinglife.com/greyhounds/racecards/2026-09-12/romford/racecard/516118
2026-09-12,Romford,20:42,5,Young Poppy,516118,Sporting Life,https://www.sportinglife.com/greyhounds/racecards/2026-09-12/romford/racecard/516118
2026-09-12,Romford,21:02,1,Coolanga Diamond,516119,Sporting Life,https://www.sportinglife.com/greyhounds/racecards/2026-09-12/romford/racecard/516119
2026-09-12,Romford,21:02,3,Underground Zeus,516119,Sporting Life,https://www.sportinglife.com/greyhounds/racecards/2026-09-12/romford/racecard/516119
2026-09-12,Romford,21:02,4,Blackrose Pageta,516119,Sporting Life,https://www.sportinglife.com/greyhounds/racecards/2026-09-12/romford/racecard/516119
2026-09-12,Romford,21:02,5,False Time,516119,Sporting Life,https://www.sportinglife.com/greyhounds/racecards/2026-09-12/romford/racecard/516119
2026-09-12,Romford,21:02,6,Clovass Spice,516119,Sporting Life,https://www.sportinglife.com/greyhounds/racecards/2026-09-12/romford/racecard/516119
2026-09-12,Romford,21:22,1,Jogon Flo Joe,516120,Sporting Life,https://www.sportinglife.com/greyhounds/racecards/2026-09-12/romford/racecard/516120
2026-09-12,Romford,21:22,2,Kingsroad Rocket,516120,Sporting Life,https://www.sportinglife.com/greyhounds/racecards/2026-09-12/romford/racecard/516120
2026-09-12,Romford,21:22,3,Distant Debbie,516120,Sporting Life,https://www.sportinglife.com/greyhounds/racecards/2026-09-12/romford/racecard/516120
2026-09-12,Romford,21:22,4,Trinity Hoffa,516120,Sporting Life,https://www.sportinglife.com/greyhounds/racecards/2026-09-12/romford/racecard/516120
2026-09-12,Romford,21:22,5,Stonepark Susie,516120,Sporting Life,https://www.sportinglife.com/greyhounds/racecards/2026-09-12/romford/racecard/516120
2026-09-12,Romford,21:42,1,Holding Lizzy,516121,Sporting Life,https://www.sportinglife.com/greyhounds/racecards/2026-09-12/romford/racecard/516121
2026-09-12,Romford,21:42,2,Noreason Amelia,516121,Sporting Life,https://www.sportinglife.com/greyhounds/racecards/2026-09-12/romford/racecard/516121
2026-09-12,Romford,21:42,3,Brandywell Queen,516121,Sporting Life,https://www.sportinglife.com/greyhounds/racecards/2026-09-12/romford/racecard/516121
2026-09-12,Romford,21:42,4,Old Fort Monaco,516121,Sporting Life,https://www.sportinglife.com/greyhounds/racecards/2026-09-12/romford/racecard/516121
2026-09-12,Romford,21:42,5,Surely Mad,516121,Sporting Life,https://www.sportinglife.com/greyhounds/racecards/2026-09-12/romford/racecard/516121
2026-09-12,Romford,22:02,1,Velvet Rolo,516122,Sporting Life,https://www.sportinglife.com/greyhounds/racecards/2026-09-12/romford/racecard/516122
2026-09-12,Romford,22:02,3,Highway Bobby,516122,Sporting Life,https://www.sportinglife.com/greyhounds/racecards/2026-09-12/romford/racecard/516122
2026-09-12,Romford,22:02,4,Funky Adz,516122,Sporting Life,https://www.sportinglife.com/greyhounds/racecards/2026-09-12/romford/racecard/516122
2026-09-12,Romford,22:02,5,Satin Barney,516122,Sporting Life,https://www.sportinglife.com/greyhounds/racecards/2026-09-12/romford/racecard/516122
2026-09-12,Romford,22:02,6,Stormy Pat,516122,Sporting Life,https://www.sportinglife.com/greyhounds/racecards/2026-09-12/romford/racecard/516122
2026-09-12,Romford,22:20,2,Cofam Bob,516123,Sporting Life,https://www.sportinglife.com/greyhounds/racecards/2026-09-12/romford/racecard/516123
2026-09-12,Romford,22:20,3,Jet Velocity,516123,Sporting Life,https://www.sportinglife.com/greyhounds/racecards/2026-09-12/romford/racecard/516123
2026-09-12,Romford,22:20,4,Swift Accomplish,516123,Sporting Life,https://www.sportinglife.com/greyhounds/racecards/2026-09-12/romford/racecard/516123
2026-09-12,Romford,22:20,5,Droopys Floorish,516123,Sporting Life,https://www.sportinglife.com/greyhounds/racecards/2026-09-12/romford/racecard/516123
2026-09-12,Romford,22:20,6,Crossfield Becca,516123,Sporting Life,https://www.sportinglife.com/greyhounds/racecards/2026-09-12/romford/racecard/516123
2026-09-12,Star Pelaw,17:47,1,Marisol,516098,Sporting Life,https://www.sportinglife.com/greyhounds/racecards/2026-09-12/star-pelaw/racecard/516098
2026-09-12,Star Pelaw,17:47,2,Hello Me Man,516098,Sporting Life,https://www.sportinglife.com/greyhounds/racecards/2026-09-12/star-pelaw/racecard/516098
2026-09-12,Star Pelaw,17:47,4,Mossend Jan,516098,Sporting Life,https://www.sportinglife.com/greyhounds/racecards/2026-09-12/star-pelaw/racecard/516098
2026-09-12,Star Pelaw,17:47,5,Trimmer Marley,516098,Sporting Life,https://www.sportinglife.com/greyhounds/racecards/2026-09-12/star-pelaw/racecard/516098
2026-09-12,Star Pelaw,17:47,6,Blackstone Dani,516098,Sporting Life,https://www.sportinglife.com/greyhounds/racecards/2026-09-12/star-pelaw/racecard/516098
2026-09-12,Star Pelaw,18:04,1,Stefans Shine,516099,Sporting Life,https://www.sportinglife.com/greyhounds/racecards/2026-09-12/star-pelaw/racecard/516099
2026-09-12,Star Pelaw,18:04,2,Tassie Trump,516099,Sporting Life,https://www.sportinglife.com/greyhounds/racecards/2026-09-12/star-pelaw/racecard/516099
2026-09-12,Star Pelaw,18:04,3,Moonveen Belle,516099,Sporting Life,https://www.sportinglife.com/greyhounds/racecards/2026-09-12/star-pelaw/racecard/516099
2026-09-12,Star Pelaw,18:04,4,Fruity Minty,516099,Sporting Life,https://www.sportinglife.com/greyhounds/racecards/2026-09-12/star-pelaw/racecard/516099
2026-09-12,Star Pelaw,18:04,6,Razldazl Layla,516099,Sporting Life,https://www.sportinglife.com/greyhounds/racecards/2026-09-12/star-pelaw/racecard/516099
2026-09-12,Star Pelaw,18:21,1,Illnotbedown,516100,Sporting Life,https://www.sportinglife.com/greyhounds/racecards/2026-09-12/star-pelaw/racecard/516100
2026-09-12,Star Pelaw,18:21,2,Slippy Francis,516100,Sporting Life,https://www.sportinglife.com/greyhounds/racecards/2026-09-12/star-pelaw/racecard/516100
2026-09-12,Star Pelaw,18:21,3,Razldazl Tully,516100,Sporting Life,https://www.sportinglife.com/greyhounds/racecards/2026-09-12/star-pelaw/racecard/516100
2026-09-12,Star Pelaw,18:21,5,Cloheena Bully,516100,Sporting Life,https://www.sportinglife.com/greyhounds/racecards/2026-09-12/star-pelaw/racecard/516100
2026-09-12,Star Pelaw,18:21,6,Safe Vision,516100,Sporting Life,https://www.sportinglife.com/greyhounds/racecards/2026-09-12/star-pelaw/racecard/516100
2026-09-12,Star Pelaw,18:39,1,Footfield Angel,516101,Sporting Life,https://www.sportinglife.com/greyhounds/racecards/2026-09-12/star-pelaw/racecard/516101
2026-09-12,Star Pelaw,18:39,2,Easy Kentucky,516101,Sporting Life,https://www.sportinglife.com/greyhounds/racecards/2026-09-12/star-pelaw/racecard/516101
2026-09-12,Star Pelaw,18:39,3,Dairyland Amelia,516101,Sporting Life,https://www.sportinglife.com/greyhounds/racecards/2026-09-12/star-pelaw/racecard/516101
2026-09-12,Star Pelaw,18:39,4,Dairyland Shan,516101,Sporting Life,https://www.sportinglife.com/greyhounds/racecards/2026-09-12/star-pelaw/racecard/516101
2026-09-12,Star Pelaw,18:39,5,Bangoutbambi,516101,Sporting Life,https://www.sportinglife.com/greyhounds/racecards/2026-09-12/star-pelaw/racecard/516101
2026-09-12,Star Pelaw,18:39,6,Second Addition,516101,Sporting Life,https://www.sportinglife.com/greyhounds/racecards/2026-09-12/star-pelaw/racecard/516101
2026-09-12,Star Pelaw,18:56,1,Razldazl Barkley,516102,Sporting Life,https://www.sportinglife.com/greyhounds/racecards/2026-09-12/star-pelaw/racecard/516102
2026-09-12,Star Pelaw,18:56,2,Punk Rock Legend,516102,Sporting Life,https://www.sportinglife.com/greyhounds/racecards/2026-09-12/star-pelaw/racecard/516102
2026-09-12,Star Pelaw,18:56,4,Savanabetgoodwin,516102,Sporting Life,https://www.sportinglife.com/greyhounds/racecards/2026-09-12/star-pelaw/racecard/516102
2026-09-12,Star Pelaw,18:56,6,Mickys Tribute,516102,Sporting Life,https://www.sportinglife.com/greyhounds/racecards/2026-09-12/star-pelaw/racecard/516102
2026-09-12,Star Pelaw,19:14,1,Witton Gucci,516103,Sporting Life,https://www.sportinglife.com/greyhounds/racecards/2026-09-12/star-pelaw/racecard/516103
2026-09-12,Star Pelaw,19:14,2,Maes Maya,516103,Sporting Life,https://www.sportinglife.com/greyhounds/racecards/2026-09-12/star-pelaw/racecard/516103
2026-09-12,Star Pelaw,19:14,3,Fabulous Spell,516103,Sporting Life,https://www.sportinglife.com/greyhounds/racecards/2026-09-12/star-pelaw/racecard/516103
2026-09-12,Star Pelaw,19:14,4,Razldazl Paloma,516103,Sporting Life,https://www.sportinglife.com/greyhounds/racecards/2026-09-12/star-pelaw/racecard/516103
2026-09-12,Star Pelaw,19:14,6,Spy Master,516103,Sporting Life,https://www.sportinglife.com/greyhounds/racecards/2026-09-12/star-pelaw/racecard/516103
2026-09-12,Star Pelaw,19:31,1,Glenhead Grace,516104,Sporting Life,https://www.sportinglife.com/greyhounds/racecards/2026-09-12/star-pelaw/racecard/516104
2026-09-12,Star Pelaw,19:31,2,Millroad Rain,516104,Sporting Life,https://www.sportinglife.com/greyhounds/racecards/2026-09-12/star-pelaw/racecard/516104
2026-09-12,Star Pelaw,19:31,3,Blackstone Senna,516104,Sporting Life,https://www.sportinglife.com/greyhounds/racecards/2026-09-12/star-pelaw/racecard/516104
2026-09-12,Star Pelaw,19:31,5,Untold Flare,516104,Sporting Life,https://www.sportinglife.com/greyhounds/racecards/2026-09-12/star-pelaw/racecard/516104
2026-09-12,Star Pelaw,19:31,6,Mitches Cocker,516104,Sporting Life,https://www.sportinglife.com/greyhounds/racecards/2026-09-12/star-pelaw/racecard/516104
2026-09-12,Star Pelaw,19:51,1,Ma Darlin,516105,Sporting Life,https://www.sportinglife.com/greyhounds/racecards/2026-09-12/star-pelaw/racecard/516105
2026-09-12,Star Pelaw,19:51,2,Rapido Benny,516105,Sporting Life,https://www.sportinglife.com/greyhounds/racecards/2026-09-12/star-pelaw/racecard/516105
2026-09-12,Star Pelaw,19:51,3,Aero Advocate,516105,Sporting Life,https://www.sportinglife.com/greyhounds/racecards/2026-09-12/star-pelaw/racecard/516105
2026-09-12,Star Pelaw,19:51,4,Nicothebumblebee,516105,Sporting Life,https://www.sportinglife.com/greyhounds/racecards/2026-09-12/star-pelaw/racecard/516105
2026-09-12,Star Pelaw,19:51,5,Slingshot Franky,516105,Sporting Life,https://www.sportinglife.com/greyhounds/racecards/2026-09-12/star-pelaw/racecard/516105
2026-09-12,Star Pelaw,20:09,1,Chisem Dodger,516106,Sporting Life,https://www.sportinglife.com/greyhounds/racecards/2026-09-12/star-pelaw/racecard/516106
2026-09-12,Star Pelaw,20:09,2,Knackstar,516106,Sporting Life,https://www.sportinglife.com/greyhounds/racecards/2026-09-12/star-pelaw/racecard/516106
2026-09-12,Star Pelaw,20:09,3,Pappys Berry,516106,Sporting Life,https://www.sportinglife.com/greyhounds/racecards/2026-09-12/star-pelaw/racecard/516106
2026-09-12,Star Pelaw,20:09,4,Kilbarry Limit,516106,Sporting Life,https://www.sportinglife.com/greyhounds/racecards/2026-09-12/star-pelaw/racecard/516106
2026-09-12,Star Pelaw,20:09,5,Droopys Verdict,516106,Sporting Life,https://www.sportinglife.com/greyhounds/racecards/2026-09-12/star-pelaw/racecard/516106
2026-09-12,Star Pelaw,20:09,6,Keplar Venom,516106,Sporting Life,https://www.sportinglife.com/greyhounds/racecards/2026-09-12/star-pelaw/racecard/516106
2026-09-12,Star Pelaw,20:26,1,Popper Jon,516107,Sporting Life,https://www.sportinglife.com/greyhounds/racecards/2026-09-12/star-pelaw/racecard/516107
2026-09-12,Star Pelaw,20:26,2,Popper Joe,516107,Sporting Life,https://www.sportinglife.com/greyhounds/racecards/2026-09-12/star-pelaw/racecard/516107
2026-09-12,Star Pelaw,20:26,3,Ballymac Kind,516107,Sporting Life,https://www.sportinglife.com/greyhounds/racecards/2026-09-12/star-pelaw/racecard/516107
2026-09-12,Star Pelaw,20:26,4,Jaydee Baby,516107,Sporting Life,https://www.sportinglife.com/greyhounds/racecards/2026-09-12/star-pelaw/racecard/516107
2026-09-12,Star Pelaw,20:26,5,Affane Fox,516107,Sporting Life,https://www.sportinglife.com/greyhounds/racecards/2026-09-12/star-pelaw/racecard/516107
2026-09-12,Star Pelaw,20:26,6,Brinkleys Louis,516107,Sporting Life,https://www.sportinglife.com/greyhounds/racecards/2026-09-12/star-pelaw/racecard/516107
2026-09-12,Star Pelaw,20:43,1,Here Comes Bob,516108,Sporting Life,https://www.sportinglife.com/greyhounds/racecards/2026-09-12/star-pelaw/racecard/516108
2026-09-12,Star Pelaw,20:43,2,Travel Safe,516108,Sporting Life,https://www.sportinglife.com/greyhounds/racecards/2026-09-12/star-pelaw/racecard/516108
2026-09-12,Star Pelaw,20:43,3,Coolavannydelboy,516108,Sporting Life,https://www.sportinglife.com/greyhounds/racecards/2026-09-12/star-pelaw/racecard/516108
2026-09-12,Star Pelaw,20:43,4,Pothole Bob,516108,Sporting Life,https://www.sportinglife.com/greyhounds/racecards/2026-09-12/star-pelaw/racecard/516108
2026-09-12,Star Pelaw,20:43,5,Sunnyside Gurkha,516108,Sporting Life,https://www.sportinglife.com/greyhounds/racecards/2026-09-12/star-pelaw/racecard/516108
2026-09-12,Star Pelaw,21:01,1,Vixons Cocktail,516109,Sporting Life,https://www.sportinglife.com/greyhounds/racecards/2026-09-12/star-pelaw/racecard/516109
2026-09-12,Star Pelaw,21:01,2,Tally Ho Swift,516109,Sporting Life,https://www.sportinglife.com/greyhounds/racecards/2026-09-12/star-pelaw/racecard/516109
2026-09-12,Star Pelaw,21:01,4,Mitches Marra,516109,Sporting Life,https://www.sportinglife.com/greyhounds/racecards/2026-09-12/star-pelaw/racecard/516109
2026-09-12,Star Pelaw,21:01,5,Glenhead Sam,516109,Sporting Life,https://www.sportinglife.com/greyhounds/racecards/2026-09-12/star-pelaw/racecard/516109
2026-09-12,Star Pelaw,21:01,6,Glenbervie Wolf,516109,Sporting Life,https://www.sportinglife.com/greyhounds/racecards/2026-09-12/star-pelaw/racecard/516109
2026-09-12,Star Pelaw,21:18,1,Mary Walloper,516110,Sporting Life,https://www.sportinglife.com/greyhounds/racecards/2026-09-12/star-pelaw/racecard/516110
2026-09-12,Star Pelaw,21:18,2,Keeperhill Ei Ei,516110,Sporting Life,https://www.sportinglife.com/greyhounds/racecards/2026-09-12/star-pelaw/racecard/516110
2026-09-12,Star Pelaw,21:18,3,Meenagh Milan,516110,Sporting Life,https://www.sportinglife.com/greyhounds/racecards/2026-09-12/star-pelaw/racecard/516110
2026-09-12,Star Pelaw,21:18,4,Caister Kay,516110,Sporting Life,https://www.sportinglife.com/greyhounds/racecards/2026-09-12/star-pelaw/racecard/516110
2026-09-12,Star Pelaw,21:18,5,Moonveen Dancer,516110,Sporting Life,https://www.sportinglife.com/greyhounds/racecards/2026-09-12/star-pelaw/racecard/516110
2026-09-12,Star Pelaw,21:31,1,Catch The Wind,516111,Sporting Life,https://www.sportinglife.com/greyhounds/racecards/2026-09-12/star-pelaw/racecard/516111
2026-09-12,Star Pelaw,21:31,2,Moonveen Jemima,516111,Sporting Life,https://www.sportinglife.com/greyhounds/racecards/2026-09-12/star-pelaw/racecard/516111
2026-09-12,Star Pelaw,21:31,3,Prove It,516111,Sporting Life,https://www.sportinglife.com/greyhounds/racecards/2026-09-12/star-pelaw/racecard/516111
2026-09-12,Star Pelaw,21:31,4,Burgess Siun,516111,Sporting Life,https://www.sportinglife.com/greyhounds/racecards/2026-09-12/star-pelaw/racecard/516111
2026-09-12,Star Pelaw,21:31,5,Newyork Fitzy,516111,Sporting Life,https://www.sportinglife.com/greyhounds/racecards/2026-09-12/star-pelaw/racecard/516111
2026-09-12,Star Pelaw,21:31,6,Luminous Busty,516111,Sporting Life,https://www.sportinglife.com/greyhounds/racecards/2026-09-12/star-pelaw/racecard/516111
2026-09-12,Towcester,14:18,1,Ballymac Indo,515989,Sporting Life,https://www.sportinglife.com/greyhounds/racecards/2026-09-12/towcester/racecard/515989
2026-09-12,Towcester,14:18,2,Haverhill Lass,515989,Sporting Life,https://www.sportinglife.com/greyhounds/racecards/2026-09-12/towcester/racecard/515989
2026-09-12,Towcester,14:18,3,Pomba Gladys,515989,Sporting Life,https://www.sportinglife.com/greyhounds/racecards/2026-09-12/towcester/racecard/515989
2026-09-12,Towcester,14:18,4,Westwind Ron,515989,Sporting Life,https://www.sportinglife.com/greyhounds/racecards/2026-09-12/towcester/racecard/515989
2026-09-12,Towcester,14:18,5,Unknown Path,515989,Sporting Life,https://www.sportinglife.com/greyhounds/racecards/2026-09-12/towcester/racecard/515989
2026-09-12,Towcester,14:18,6,Cragbrien Fire,515989,Sporting Life,https://www.sportinglife.com/greyhounds/racecards/2026-09-12/towcester/racecard/515989
2026-09-12,Towcester,14:38,1,Dromtrasna Swift,515990,Sporting Life,https://www.sportinglife.com/greyhounds/racecards/2026-09-12/towcester/racecard/515990
2026-09-12,Towcester,14:38,2,Elite Jackie,515990,Sporting Life,https://www.sportinglife.com/greyhounds/racecards/2026-09-12/towcester/racecard/515990
2026-09-12,Towcester,14:38,3,Lion King,515990,Sporting Life,https://www.sportinglife.com/greyhounds/racecards/2026-09-12/towcester/racecard/515990
2026-09-12,Towcester,14:38,4,Da Badman,515990,Sporting Life,https://www.sportinglife.com/greyhounds/racecards/2026-09-12/towcester/racecard/515990
2026-09-12,Towcester,14:38,5,Ducleagh,515990,Sporting Life,https://www.sportinglife.com/greyhounds/racecards/2026-09-12/towcester/racecard/515990
2026-09-12,Towcester,14:38,6,Makeit Dj,515990,Sporting Life,https://www.sportinglife.com/greyhounds/racecards/2026-09-12/towcester/racecard/515990
2026-09-12,Towcester,14:58,1,Ernie Webb Mate,515991,Sporting Life,https://www.sportinglife.com/greyhounds/racecards/2026-09-12/towcester/racecard/515991
2026-09-12,Towcester,14:58,2,Trapstyle Bluey,515991,Sporting Life,https://www.sportinglife.com/greyhounds/racecards/2026-09-12/towcester/racecard/515991
2026-09-12,Towcester,14:58,3,Eagles Rest,515991,Sporting Life,https://www.sportinglife.com/greyhounds/racecards/2026-09-12/towcester/racecard/515991
2026-09-12,Towcester,14:58,4,Flitwick Trigger,515991,Sporting Life,https://www.sportinglife.com/greyhounds/racecards/2026-09-12/towcester/racecard/515991
2026-09-12,Towcester,14:58,5,Glengar Peppa,515991,Sporting Life,https://www.sportinglife.com/greyhounds/racecards/2026-09-12/towcester/racecard/515991
2026-09-12,Towcester,14:58,6,Harlequin Toast,515991,Sporting Life,https://www.sportinglife.com/greyhounds/racecards/2026-09-12/towcester/racecard/515991
2026-09-12,Towcester,15:18,1,Rowington Rascal,515992,Sporting Life,https://www.sportinglife.com/greyhounds/racecards/2026-09-12/towcester/racecard/515992
2026-09-12,Towcester,15:18,2,Likely Lady,515992,Sporting Life,https://www.sportinglife.com/greyhounds/racecards/2026-09-12/towcester/racecard/515992
2026-09-12,Towcester,15:18,3,Hareofthebear,515992,Sporting Life,https://www.sportinglife.com/greyhounds/racecards/2026-09-12/towcester/racecard/515992
2026-09-12,Towcester,15:18,4,Freeway Zac,515992,Sporting Life,https://www.sportinglife.com/greyhounds/racecards/2026-09-12/towcester/racecard/515992
2026-09-12,Towcester,15:18,5,Halli Young,515992,Sporting Life,https://www.sportinglife.com/greyhounds/racecards/2026-09-12/towcester/racecard/515992
2026-09-12,Towcester,15:18,6,St Edmunds Dan,515992,Sporting Life,https://www.sportinglife.com/greyhounds/racecards/2026-09-12/towcester/racecard/515992
2026-09-12,Towcester,15:38,1,Ballycowen Lil,515993,Sporting Life,https://www.sportinglife.com/greyhounds/racecards/2026-09-12/towcester/racecard/515993
2026-09-12,Towcester,15:38,2,Fabulous Trick,515993,Sporting Life,https://www.sportinglife.com/greyhounds/racecards/2026-09-12/towcester/racecard/515993
2026-09-12,Towcester,15:38,3,Fabulous Ellen,515993,Sporting Life,https://www.sportinglife.com/greyhounds/racecards/2026-09-12/towcester/racecard/515993
2026-09-12,Towcester,15:38,4,Glencoe Queen,515993,Sporting Life,https://www.sportinglife.com/greyhounds/racecards/2026-09-12/towcester/racecard/515993
2026-09-12,Towcester,15:38,5,All Long,515993,Sporting Life,https://www.sportinglife.com/greyhounds/racecards/2026-09-12/towcester/racecard/515993
2026-09-12,Towcester,15:38,6,Givemethemoney,515993,Sporting Life,https://www.sportinglife.com/greyhounds/racecards/2026-09-12/towcester/racecard/515993
2026-09-12,Towcester,15:58,1,Megso Potty,515994,Sporting Life,https://www.sportinglife.com/greyhounds/racecards/2026-09-12/towcester/racecard/515994
2026-09-12,Towcester,15:58,2,Rockstar Lilly,515994,Sporting Life,https://www.sportinglife.com/greyhounds/racecards/2026-09-12/towcester/racecard/515994
2026-09-12,Towcester,15:58,3,Trapstyle Hope,515994,Sporting Life,https://www.sportinglife.com/greyhounds/racecards/2026-09-12/towcester/racecard/515994
2026-09-12,Towcester,15:58,4,Holmleigh Hailey,515994,Sporting Life,https://www.sportinglife.com/greyhounds/racecards/2026-09-12/towcester/racecard/515994
2026-09-12,Towcester,15:58,5,Savana Florida,515994,Sporting Life,https://www.sportinglife.com/greyhounds/racecards/2026-09-12/towcester/racecard/515994
2026-09-12,Towcester,15:58,6,Makeit Juice,515994,Sporting Life,https://www.sportinglife.com/greyhounds/racecards/2026-09-12/towcester/racecard/515994
2026-09-12,Towcester,16:18,1,Feathers Mcgraw,515995,Sporting Life,https://www.sportinglife.com/greyhounds/racecards/2026-09-12/towcester/racecard/515995
2026-09-12,Towcester,16:18,2,Bodie,515995,Sporting Life,https://www.sportinglife.com/greyhounds/racecards/2026-09-12/towcester/racecard/515995
2026-09-12,Towcester,16:18,3,Westwood Jack,515995,Sporting Life,https://www.sportinglife.com/greyhounds/racecards/2026-09-12/towcester/racecard/515995
2026-09-12,Towcester,16:18,4,Kates Dream,515995,Sporting Life,https://www.sportinglife.com/greyhounds/racecards/2026-09-12/towcester/racecard/515995
2026-09-12,Towcester,16:18,5,Five Alley Zena,515995,Sporting Life,https://www.sportinglife.com/greyhounds/racecards/2026-09-12/towcester/racecard/515995
2026-09-12,Towcester,16:18,6,Unknown Allie,515995,Sporting Life,https://www.sportinglife.com/greyhounds/racecards/2026-09-12/towcester/racecard/515995
2026-09-12,Towcester,16:38,1,Sapphire Wolf,515996,Sporting Life,https://www.sportinglife.com/greyhounds/racecards/2026-09-12/towcester/racecard/515996
2026-09-12,Towcester,16:38,2,Mustang Mania,515996,Sporting Life,https://www.sportinglife.com/greyhounds/racecards/2026-09-12/towcester/racecard/515996
2026-09-12,Towcester,16:38,4,Unknown Captain,515996,Sporting Life,https://www.sportinglife.com/greyhounds/racecards/2026-09-12/towcester/racecard/515996
2026-09-12,Towcester,16:38,5,Confey Story,515996,Sporting Life,https://www.sportinglife.com/greyhounds/racecards/2026-09-12/towcester/racecard/515996
2026-09-12,Towcester,16:38,6,Blue Sensation,515996,Sporting Life,https://www.sportinglife.com/greyhounds/racecards/2026-09-12/towcester/racecard/515996
2026-09-12,Towcester,16:58,1,Kingdom Sparkle,515997,Sporting Life,https://www.sportinglife.com/greyhounds/racecards/2026-09-12/towcester/racecard/515997
2026-09-12,Towcester,16:58,2,Savana Perama,515997,Sporting Life,https://www.sportinglife.com/greyhounds/racecards/2026-09-12/towcester/racecard/515997
2026-09-12,Towcester,16:58,3,Adamant Finn,515997,Sporting Life,https://www.sportinglife.com/greyhounds/racecards/2026-09-12/towcester/racecard/515997
2026-09-12,Towcester,16:58,4,Ballymac Seomra,515997,Sporting Life,https://www.sportinglife.com/greyhounds/racecards/2026-09-12/towcester/racecard/515997
2026-09-12,Towcester,16:58,5,Spiridon Zelus,515997,Sporting Life,https://www.sportinglife.com/greyhounds/racecards/2026-09-12/towcester/racecard/515997
2026-09-12,Towcester,17:18,1,Trapstyle Faith,515998,Sporting Life,https://www.sportinglife.com/greyhounds/racecards/2026-09-12/towcester/racecard/515998
2026-09-12,Towcester,17:18,2,Grayroy Duke,515998,Sporting Life,https://www.sportinglife.com/greyhounds/racecards/2026-09-12/towcester/racecard/515998
2026-09-12,Towcester,17:18,3,Forest Leann,515998,Sporting Life,https://www.sportinglife.com/greyhounds/racecards/2026-09-12/towcester/racecard/515998
2026-09-12,Towcester,17:18,4,Ardera Ella,515998,Sporting Life,https://www.sportinglife.com/greyhounds/racecards/2026-09-12/towcester/racecard/515998
2026-09-12,Towcester,17:18,5,Maireads Duchess,515998,Sporting Life,https://www.sportinglife.com/greyhounds/racecards/2026-09-12/towcester/racecard/515998
2026-09-12,Towcester,17:18,6,Onthemissinglist,515998,Sporting Life,https://www.sportinglife.com/greyhounds/racecards/2026-09-12/towcester/racecard/515998
2026-09-12,Towcester,17:36,1,Blakefield Fizz,515999,Sporting Life,https://www.sportinglife.com/greyhounds/racecards/2026-09-12/towcester/racecard/515999
2026-09-12,Towcester,17:36,2,Ballymac Dashel,515999,Sporting Life,https://www.sportinglife.com/greyhounds/racecards/2026-09-12/towcester/racecard/515999
2026-09-12,Towcester,17:36,3,Navy Bullet,515999,Sporting Life,https://www.sportinglife.com/greyhounds/racecards/2026-09-12/towcester/racecard/515999
2026-09-12,Towcester,17:36,4,Darraghs Dream,515999,Sporting Life,https://www.sportinglife.com/greyhounds/racecards/2026-09-12/towcester/racecard/515999
2026-09-12,Towcester,17:36,5,Eagles Kraken,515999,Sporting Life,https://www.sportinglife.com/greyhounds/racecards/2026-09-12/towcester/racecard/515999
2026-09-12,Towcester,17:36,6,Flitwick Del Boy,515999,Sporting Life,https://www.sportinglife.com/greyhounds/racecards/2026-09-12/towcester/racecard/515999
2026-09-12,Towcester,17:55,1,Trapstyle Toucan,516000,Sporting Life,https://www.sportinglife.com/greyhounds/racecards/2026-09-12/towcester/racecard/516000
2026-09-12,Towcester,17:55,2,Savana Limani,516000,Sporting Life,https://www.sportinglife.com/greyhounds/racecards/2026-09-12/towcester/racecard/516000
2026-09-12,Towcester,17:55,3,Hitthelids Kiley,516000,Sporting Life,https://www.sportinglife.com/greyhounds/racecards/2026-09-12/towcester/racecard/516000
2026-09-12,Towcester,17:55,4,Flitwick Girl,516000,Sporting Life,https://www.sportinglife.com/greyhounds/racecards/2026-09-12/towcester/racecard/516000
2026-09-12,Towcester,17:55,5,Anything Strange,516000,Sporting Life,https://www.sportinglife.com/greyhounds/racecards/2026-09-12/towcester/racecard/516000
2026-09-12,Towcester,17:55,6,St Edmunds Steve,516000,Sporting Life,https://www.sportinglife.com/greyhounds/racecards/2026-09-12/towcester/racecard/516000
2026-09-12,Yarmouth,19:08,2,Harlequin Eugene,516061,Sporting Life,https://www.sportinglife.com/greyhounds/racecards/2026-09-12/yarmouth/racecard/516061
2026-09-12,Yarmouth,19:08,3,Rules Dont Apply,516061,Sporting Life,https://www.sportinglife.com/greyhounds/racecards/2026-09-12/yarmouth/racecard/516061
2026-09-12,Yarmouth,19:08,4,Harlequin Xena,516061,Sporting Life,https://www.sportinglife.com/greyhounds/racecards/2026-09-12/yarmouth/racecard/516061
2026-09-12,Yarmouth,19:08,5,Charlies Girl,516061,Sporting Life,https://www.sportinglife.com/greyhounds/racecards/2026-09-12/yarmouth/racecard/516061
2026-09-12,Yarmouth,19:08,6,Now Listen Honey,516061,Sporting Life,https://www.sportinglife.com/greyhounds/racecards/2026-09-12/yarmouth/racecard/516061
2026-09-12,Yarmouth,19:25,1,Bluejig Tank,516062,Sporting Life,https://www.sportinglife.com/greyhounds/racecards/2026-09-12/yarmouth/racecard/516062
2026-09-12,Yarmouth,19:25,2,Harlequin Brinn,516062,Sporting Life,https://www.sportinglife.com/greyhounds/racecards/2026-09-12/yarmouth/racecard/516062
2026-09-12,Yarmouth,19:25,3,Fastnet Ranger,516062,Sporting Life,https://www.sportinglife.com/greyhounds/racecards/2026-09-12/yarmouth/racecard/516062
2026-09-12,Yarmouth,19:25,4,Epic Fire,516062,Sporting Life,https://www.sportinglife.com/greyhounds/racecards/2026-09-12/yarmouth/racecard/516062
2026-09-12,Yarmouth,19:25,5,Essjay Whisper,516062,Sporting Life,https://www.sportinglife.com/greyhounds/racecards/2026-09-12/yarmouth/racecard/516062
2026-09-12,Yarmouth,19:41,1,Galinism,516063,Sporting Life,https://www.sportinglife.com/greyhounds/racecards/2026-09-12/yarmouth/racecard/516063
2026-09-12,Yarmouth,19:41,2,Derrygrath Laura,516063,Sporting Life,https://www.sportinglife.com/greyhounds/racecards/2026-09-12/yarmouth/racecard/516063
2026-09-12,Yarmouth,19:41,3,Swift Jordana,516063,Sporting Life,https://www.sportinglife.com/greyhounds/racecards/2026-09-12/yarmouth/racecard/516063
2026-09-12,Yarmouth,19:41,4,Hunsdon Jimmy,516063,Sporting Life,https://www.sportinglife.com/greyhounds/racecards/2026-09-12/yarmouth/racecard/516063
2026-09-12,Yarmouth,19:41,5,Lemon Missy,516063,Sporting Life,https://www.sportinglife.com/greyhounds/racecards/2026-09-12/yarmouth/racecard/516063
2026-09-12,Yarmouth,19:41,6,Solid Luna,516063,Sporting Life,https://www.sportinglife.com/greyhounds/racecards/2026-09-12/yarmouth/racecard/516063
2026-09-12,Yarmouth,19:59,2,Rapido Wilson,516064,Sporting Life,https://www.sportinglife.com/greyhounds/racecards/2026-09-12/yarmouth/racecard/516064
2026-09-12,Yarmouth,19:59,3,Goldcash Wild,516064,Sporting Life,https://www.sportinglife.com/greyhounds/racecards/2026-09-12/yarmouth/racecard/516064
2026-09-12,Yarmouth,19:59,4,Bankrobber,516064,Sporting Life,https://www.sportinglife.com/greyhounds/racecards/2026-09-12/yarmouth/racecard/516064
2026-09-12,Yarmouth,19:59,5,Radical Bear,516064,Sporting Life,https://www.sportinglife.com/greyhounds/racecards/2026-09-12/yarmouth/racecard/516064
2026-09-12,Yarmouth,19:59,6,Golden Drop,516064,Sporting Life,https://www.sportinglife.com/greyhounds/racecards/2026-09-12/yarmouth/racecard/516064
2026-09-12,Yarmouth,20:17,1,Gundy,516065,Sporting Life,https://www.sportinglife.com/greyhounds/racecards/2026-09-12/yarmouth/racecard/516065
2026-09-12,Yarmouth,20:17,2,Caseys Moment,516065,Sporting Life,https://www.sportinglife.com/greyhounds/racecards/2026-09-12/yarmouth/racecard/516065
2026-09-12,Yarmouth,20:17,3,Peppered Bedlam,516065,Sporting Life,https://www.sportinglife.com/greyhounds/racecards/2026-09-12/yarmouth/racecard/516065
2026-09-12,Yarmouth,20:17,4,Venom Storm,516065,Sporting Life,https://www.sportinglife.com/greyhounds/racecards/2026-09-12/yarmouth/racecard/516065
2026-09-12,Yarmouth,20:17,5,Kilara Reaper,516065,Sporting Life,https://www.sportinglife.com/greyhounds/racecards/2026-09-12/yarmouth/racecard/516065
2026-09-12,Yarmouth,20:37,1,Westway Buzz,516066,Sporting Life,https://www.sportinglife.com/greyhounds/racecards/2026-09-12/yarmouth/racecard/516066
2026-09-12,Yarmouth,20:37,2,Blackrose Tina,516066,Sporting Life,https://www.sportinglife.com/greyhounds/racecards/2026-09-12/yarmouth/racecard/516066
2026-09-12,Yarmouth,20:37,3,Fen Nannas Pride,516066,Sporting Life,https://www.sportinglife.com/greyhounds/racecards/2026-09-12/yarmouth/racecard/516066
2026-09-12,Yarmouth,20:37,4,Worth The Risk,516066,Sporting Life,https://www.sportinglife.com/greyhounds/racecards/2026-09-12/yarmouth/racecard/516066
2026-09-12,Yarmouth,20:37,6,Kilara Rodrigo,516066,Sporting Life,https://www.sportinglife.com/greyhounds/racecards/2026-09-12/yarmouth/racecard/516066
2026-09-12,Yarmouth,20:56,1,Glory Diamond,516067,Sporting Life,https://www.sportinglife.com/greyhounds/racecards/2026-09-12/yarmouth/racecard/516067
2026-09-12,Yarmouth,20:56,2,Golden Passion,516067,Sporting Life,https://www.sportinglife.com/greyhounds/racecards/2026-09-12/yarmouth/racecard/516067
2026-09-12,Yarmouth,20:56,3,Kilcash Happy,516067,Sporting Life,https://www.sportinglife.com/greyhounds/racecards/2026-09-12/yarmouth/racecard/516067
2026-09-12,Yarmouth,20:56,4,Table Talk,516067,Sporting Life,https://www.sportinglife.com/greyhounds/racecards/2026-09-12/yarmouth/racecard/516067
2026-09-12,Yarmouth,20:56,5,Cryptography,516067,Sporting Life,https://www.sportinglife.com/greyhounds/racecards/2026-09-12/yarmouth/racecard/516067
2026-09-12,Yarmouth,21:14,2,Sidestrand Trixi,516068,Sporting Life,https://www.sportinglife.com/greyhounds/racecards/2026-09-12/yarmouth/racecard/516068
2026-09-12,Yarmouth,21:14,3,Bright Layla,516068,Sporting Life,https://www.sportinglife.com/greyhounds/racecards/2026-09-12/yarmouth/racecard/516068
2026-09-12,Yarmouth,21:14,4,Yummy Yummy,516068,Sporting Life,https://www.sportinglife.com/greyhounds/racecards/2026-09-12/yarmouth/racecard/516068
2026-09-12,Yarmouth,21:14,5,American Aray,516068,Sporting Life,https://www.sportinglife.com/greyhounds/racecards/2026-09-12/yarmouth/racecard/516068
2026-09-12,Yarmouth,21:14,6,Isla Bonita,516068,Sporting Life,https://www.sportinglife.com/greyhounds/racecards/2026-09-12/yarmouth/racecard/516068
2026-09-12,Yarmouth,21:32,1,Catunda Bo,516069,Sporting Life,https://www.sportinglife.com/greyhounds/racecards/2026-09-12/yarmouth/racecard/516069
2026-09-12,Yarmouth,21:32,2,Followdelite,516069,Sporting Life,https://www.sportinglife.com/greyhounds/racecards/2026-09-12/yarmouth/racecard/516069
2026-09-12,Yarmouth,21:32,3,Essjay Lola,516069,Sporting Life,https://www.sportinglife.com/greyhounds/racecards/2026-09-12/yarmouth/racecard/516069
2026-09-12,Yarmouth,21:32,4,Hunsdon Major,516069,Sporting Life,https://www.sportinglife.com/greyhounds/racecards/2026-09-12/yarmouth/racecard/516069
2026-09-12,Yarmouth,21:32,6,Swift Engine,516069,Sporting Life,https://www.sportinglife.com/greyhounds/racecards/2026-09-12/yarmouth/racecard/516069
2026-09-12,Yarmouth,21:48,1,Blackrosepopcorn,516070,Sporting Life,https://www.sportinglife.com/greyhounds/racecards/2026-09-12/yarmouth/racecard/516070
2026-09-12,Yarmouth,21:48,2,After Work,516070,Sporting Life,https://www.sportinglife.com/greyhounds/racecards/2026-09-12/yarmouth/racecard/516070
2026-09-12,Yarmouth,21:48,3,Champagne Zombie,516070,Sporting Life,https://www.sportinglife.com/greyhounds/racecards/2026-09-12/yarmouth/racecard/516070
2026-09-12,Yarmouth,21:48,4,My Jack Silver,516070,Sporting Life,https://www.sportinglife.com/greyhounds/racecards/2026-09-12/yarmouth/racecard/516070
2026-09-12,Yarmouth,21:48,5,Eddieslastchance,516070,Sporting Life,https://www.sportinglife.com/greyhounds/racecards/2026-09-12/yarmouth/racecard/516070
2026-09-12,Yarmouth,22:04,1,Two Slip Jigs,516071,Sporting Life,https://www.sportinglife.com/greyhounds/racecards/2026-09-12/yarmouth/racecard/516071
2026-09-12,Yarmouth,22:04,2,Strideaway Baby,516071,Sporting Life,https://www.sportinglife.com/greyhounds/racecards/2026-09-12/yarmouth/racecard/516071
2026-09-12,Yarmouth,22:04,3,Whisper Dolly,516071,Sporting Life,https://www.sportinglife.com/greyhounds/racecards/2026-09-12/yarmouth/racecard/516071
2026-09-12,Yarmouth,22:04,4,Drombeg Lyra,516071,Sporting Life,https://www.sportinglife.com/greyhounds/racecards/2026-09-12/yarmouth/racecard/516071
2026-09-12,Yarmouth,22:04,5,Wishful Decko,516071,Sporting Life,https://www.sportinglife.com/greyhounds/racecards/2026-09-12/yarmouth/racecard/516071
2026-09-12,Yarmouth,22:22,2,Liberty Buck,516072,Sporting Life,https://www.sportinglife.com/greyhounds/racecards/2026-09-12/yarmouth/racecard/516072
2026-09-12,Yarmouth,22:22,3,Razzamatazz,516072,Sporting Life,https://www.sportinglife.com/greyhounds/racecards/2026-09-12/yarmouth/racecard/516072
2026-09-12,Yarmouth,22:22,4,Move Over Julia,516072,Sporting Life,https://www.sportinglife.com/greyhounds/racecards/2026-09-12/yarmouth/racecard/516072
2026-09-12,Yarmouth,22:22,5,Harlequin Essex,516072,Sporting Life,https://www.sportinglife.com/greyhounds/racecards/2026-09-12/yarmouth/racecard/516072
2026-09-12,Yarmouth,22:22,6,Solana Jet,516072,Sporting Life,https://www.sportinglife.com/greyhounds/racecards/2026-09-12/yarmouth/racecard/516072
