date,track,race_time,runner_number,dog_name,race_id,source,race_url
2026-09-18,Central Park,11:09,1,Seals Beauty,516776,Sporting Life,https://www.sportinglife.com/greyhounds/racecards/2026-09-18/central-park/racecard/516776
2026-09-18,Central Park,11:09,2,Cold Blow Lane,516776,Sporting Life,https://www.sportinglife.com/greyhounds/racecards/2026-09-18/central-park/racecard/516776
2026-09-18,Central Park,11:09,3,Hollyoak Cindy,516776,Sporting Life,https://www.sportinglife.com/greyhounds/racecards/2026-09-18/central-park/racecard/516776
2026-09-18,Central Park,11:09,5,Pearces Magic,516776,Sporting Life,https://www.sportinglife.com/greyhounds/racecards/2026-09-18/central-park/racecard/516776
2026-09-18,Central Park,11:09,6,Airlie Nambucca,516776,Sporting Life,https://www.sportinglife.com/greyhounds/racecards/2026-09-18/central-park/racecard/516776
2026-09-18,Central Park,11:27,1,Burgess Sailor,516777,Sporting Life,https://www.sportinglife.com/greyhounds/racecards/2026-09-18/central-park/racecard/516777
2026-09-18,Central Park,11:27,2,Hollyoak Bailey,516777,Sporting Life,https://www.sportinglife.com/greyhounds/racecards/2026-09-18/central-park/racecard/516777
2026-09-18,Central Park,11:27,3,Earls Jacqueline,516777,Sporting Life,https://www.sportinglife.com/greyhounds/racecards/2026-09-18/central-park/racecard/516777
2026-09-18,Central Park,11:27,4,Devonshire Girl,516777,Sporting Life,https://www.sportinglife.com/greyhounds/racecards/2026-09-18/central-park/racecard/516777
2026-09-18,Central Park,11:27,5,Swift Bree,516777,Sporting Life,https://www.sportinglife.com/greyhounds/racecards/2026-09-18/central-park/racecard/516777
2026-09-18,Central Park,11:27,6,Hardy Gringo,516777,Sporting Life,https://www.sportinglife.com/greyhounds/racecards/2026-09-18/central-park/racecard/516777
2026-09-18,Central Park,11:43,2,Droopys Rarity,516778,Sporting Life,https://www.sportinglife.com/greyhounds/racecards/2026-09-18/central-park/racecard/516778
2026-09-18,Central Park,11:43,3,Echo Milan,516778,Sporting Life,https://www.sportinglife.com/greyhounds/racecards/2026-09-18/central-park/racecard/516778
2026-09-18,Central Park,11:43,4,Millbank Jasmine,516778,Sporting Life,https://www.sportinglife.com/greyhounds/racecards/2026-09-18/central-park/racecard/516778
2026-09-18,Central Park,11:43,5,Bonville Secret,516778,Sporting Life,https://www.sportinglife.com/greyhounds/racecards/2026-09-18/central-park/racecard/516778
2026-09-18,Central Park,11:43,6,Headford Sirl,516778,Sporting Life,https://www.sportinglife.com/greyhounds/racecards/2026-09-18/central-park/racecard/516778
2026-09-18,Central Park,12:01,1,Dunbolg Stream,516779,Sporting Life,https://www.sportinglife.com/greyhounds/racecards/2026-09-18/central-park/racecard/516779
2026-09-18,Central Park,12:01,2,Run On Queen,516779,Sporting Life,https://www.sportinglife.com/greyhounds/racecards/2026-09-18/central-park/racecard/516779
2026-09-18,Central Park,12:01,3,Hollyoak Odyssey,516779,Sporting Life,https://www.sportinglife.com/greyhounds/racecards/2026-09-18/central-park/racecard/516779
2026-09-18,Central Park,12:01,4,Samrose Jet,516779,Sporting Life,https://www.sportinglife.com/greyhounds/racecards/2026-09-18/central-park/racecard/516779
2026-09-18,Central Park,12:01,5,Moaning Saka,516779,Sporting Life,https://www.sportinglife.com/greyhounds/racecards/2026-09-18/central-park/racecard/516779
2026-09-18,Central Park,12:01,6,Mellieha Maria,516779,Sporting Life,https://www.sportinglife.com/greyhounds/racecards/2026-09-18/central-park/racecard/516779
2026-09-18,Central Park,12:18,1,Hollyoak Ronald,516780,Sporting Life,https://www.sportinglife.com/greyhounds/racecards/2026-09-18/central-park/racecard/516780
2026-09-18,Central Park,12:18,2,Beach Bum,516780,Sporting Life,https://www.sportinglife.com/greyhounds/racecards/2026-09-18/central-park/racecard/516780
2026-09-18,Central Park,12:18,3,Hollyoak Siobhan,516780,Sporting Life,https://www.sportinglife.com/greyhounds/racecards/2026-09-18/central-park/racecard/516780
2026-09-18,Central Park,12:18,4,Shadow Warrior,516780,Sporting Life,https://www.sportinglife.com/greyhounds/racecards/2026-09-18/central-park/racecard/516780
2026-09-18,Central Park,12:18,5,Beach Body,516780,Sporting Life,https://www.sportinglife.com/greyhounds/racecards/2026-09-18/central-park/racecard/516780
2026-09-18,Central Park,12:34,1,Eire Beetle,516781,Sporting Life,https://www.sportinglife.com/greyhounds/racecards/2026-09-18/central-park/racecard/516781
2026-09-18,Central Park,12:34,2,Keggal Sadie,516781,Sporting Life,https://www.sportinglife.com/greyhounds/racecards/2026-09-18/central-park/racecard/516781
2026-09-18,Central Park,12:34,3,Montana Lady,516781,Sporting Life,https://www.sportinglife.com/greyhounds/racecards/2026-09-18/central-park/racecard/516781
2026-09-18,Central Park,12:34,4,Hollyoak Peace,516781,Sporting Life,https://www.sportinglife.com/greyhounds/racecards/2026-09-18/central-park/racecard/516781
2026-09-18,Central Park,12:34,5,Classic Orla,516781,Sporting Life,https://www.sportinglife.com/greyhounds/racecards/2026-09-18/central-park/racecard/516781
2026-09-18,Central Park,12:51,1,Frankton Flame,516782,Sporting Life,https://www.sportinglife.com/greyhounds/racecards/2026-09-18/central-park/racecard/516782
2026-09-18,Central Park,12:51,2,Always Bright,516782,Sporting Life,https://www.sportinglife.com/greyhounds/racecards/2026-09-18/central-park/racecard/516782
2026-09-18,Central Park,12:51,3,Silver Medal,516782,Sporting Life,https://www.sportinglife.com/greyhounds/racecards/2026-09-18/central-park/racecard/516782
2026-09-18,Central Park,12:51,5,West Coast Star,516782,Sporting Life,https://www.sportinglife.com/greyhounds/racecards/2026-09-18/central-park/racecard/516782
2026-09-18,Central Park,12:51,6,Fawkham Sunrise,516782,Sporting Life,https://www.sportinglife.com/greyhounds/racecards/2026-09-18/central-park/racecard/516782
2026-09-18,Central Park,13:08,1,Broadway Rose,516783,Sporting Life,https://www.sportinglife.com/greyhounds/racecards/2026-09-18/central-park/racecard/516783
2026-09-18,Central Park,13:08,3,Russmur Dancer,516783,Sporting Life,https://www.sportinglife.com/greyhounds/racecards/2026-09-18/central-park/racecard/516783
2026-09-18,Central Park,13:08,4,Moanteen Lisa,516783,Sporting Life,https://www.sportinglife.com/greyhounds/racecards/2026-09-18/central-park/racecard/516783
2026-09-18,Central Park,13:08,5,Glosha Sally,516783,Sporting Life,https://www.sportinglife.com/greyhounds/racecards/2026-09-18/central-park/racecard/516783
2026-09-18,Central Park,13:08,6,Catunda Miley,516783,Sporting Life,https://www.sportinglife.com/greyhounds/racecards/2026-09-18/central-park/racecard/516783
2026-09-18,Central Park,13:26,1,Socrates Smiled,516784,Sporting Life,https://www.sportinglife.com/greyhounds/racecards/2026-09-18/central-park/racecard/516784
2026-09-18,Central Park,13:26,2,Montana Faithful,516784,Sporting Life,https://www.sportinglife.com/greyhounds/racecards/2026-09-18/central-park/racecard/516784
2026-09-18,Central Park,13:26,3,Hollyoak Prince,516784,Sporting Life,https://www.sportinglife.com/greyhounds/racecards/2026-09-18/central-park/racecard/516784
2026-09-18,Central Park,13:26,4,Pearces Willow,516784,Sporting Life,https://www.sportinglife.com/greyhounds/racecards/2026-09-18/central-park/racecard/516784
2026-09-18,Central Park,13:26,5,Beach Party,516784,Sporting Life,https://www.sportinglife.com/greyhounds/racecards/2026-09-18/central-park/racecard/516784
2026-09-18,Central Park,13:42,1,Harlequin Upbeat,516785,Sporting Life,https://www.sportinglife.com/greyhounds/racecards/2026-09-18/central-park/racecard/516785
2026-09-18,Central Park,13:42,2,Pickofthebunch,516785,Sporting Life,https://www.sportinglife.com/greyhounds/racecards/2026-09-18/central-park/racecard/516785
2026-09-18,Central Park,13:42,3,Pearces Bluebell,516785,Sporting Life,https://www.sportinglife.com/greyhounds/racecards/2026-09-18/central-park/racecard/516785
2026-09-18,Central Park,13:42,5,Speedy Bas,516785,Sporting Life,https://www.sportinglife.com/greyhounds/racecards/2026-09-18/central-park/racecard/516785
2026-09-18,Central Park,13:42,6,Rossa Annie,516785,Sporting Life,https://www.sportinglife.com/greyhounds/racecards/2026-09-18/central-park/racecard/516785
2026-09-18,Central Park,13:59,1,Pulleen Misty,516786,Sporting Life,https://www.sportinglife.com/greyhounds/racecards/2026-09-18/central-park/racecard/516786
2026-09-18,Central Park,13:59,2,Hollyoak Taylor,516786,Sporting Life,https://www.sportinglife.com/greyhounds/racecards/2026-09-18/central-park/racecard/516786
2026-09-18,Central Park,13:59,3,Miami Eagle,516786,Sporting Life,https://www.sportinglife.com/greyhounds/racecards/2026-09-18/central-park/racecard/516786
2026-09-18,Central Park,13:59,4,Hollyoak Lisa,516786,Sporting Life,https://www.sportinglife.com/greyhounds/racecards/2026-09-18/central-park/racecard/516786
2026-09-18,Central Park,13:59,5,Notorious Sue,516786,Sporting Life,https://www.sportinglife.com/greyhounds/racecards/2026-09-18/central-park/racecard/516786
2026-09-18,Central Park,13:59,6,Swift Grinch,516786,Sporting Life,https://www.sportinglife.com/greyhounds/racecards/2026-09-18/central-park/racecard/516786
2026-09-18,Central Park,14:14,1,Ravestock Buck,516787,Sporting Life,https://www.sportinglife.com/greyhounds/racecards/2026-09-18/central-park/racecard/516787
2026-09-18,Central Park,14:14,2,Swift Vacation,516787,Sporting Life,https://www.sportinglife.com/greyhounds/racecards/2026-09-18/central-park/racecard/516787
2026-09-18,Central Park,14:14,4,Drombeg Jacob,516787,Sporting Life,https://www.sportinglife.com/greyhounds/racecards/2026-09-18/central-park/racecard/516787
2026-09-18,Central Park,14:14,5,Devon Dolly,516787,Sporting Life,https://www.sportinglife.com/greyhounds/racecards/2026-09-18/central-park/racecard/516787
2026-09-18,Central Park,14:14,6,Hollyoak Speedy,516787,Sporting Life,https://www.sportinglife.com/greyhounds/racecards/2026-09-18/central-park/racecard/516787
2026-09-18,Harlow,10:32,1,Moaning Medow,516762,Sporting Life,https://www.sportinglife.com/greyhounds/racecards/2026-09-18/harlow/racecard/516762
2026-09-18,Harlow,10:32,2,Adamant Breeze,516762,Sporting Life,https://www.sportinglife.com/greyhounds/racecards/2026-09-18/harlow/racecard/516762
2026-09-18,Harlow,10:32,3,Brynoffa Jill,516762,Sporting Life,https://www.sportinglife.com/greyhounds/racecards/2026-09-18/harlow/racecard/516762
2026-09-18,Harlow,10:32,4,Skinny Pete,516762,Sporting Life,https://www.sportinglife.com/greyhounds/racecards/2026-09-18/harlow/racecard/516762
2026-09-18,Harlow,10:32,5,Rathmeehan Judi,516762,Sporting Life,https://www.sportinglife.com/greyhounds/racecards/2026-09-18/harlow/racecard/516762
2026-09-18,Harlow,10:32,6,Ardnasool Hulk,516762,Sporting Life,https://www.sportinglife.com/greyhounds/racecards/2026-09-18/harlow/racecard/516762
2026-09-18,Harlow,10:48,1,Salems Lily,516763,Sporting Life,https://www.sportinglife.com/greyhounds/racecards/2026-09-18/harlow/racecard/516763
2026-09-18,Harlow,10:48,2,Moaning Simone,516763,Sporting Life,https://www.sportinglife.com/greyhounds/racecards/2026-09-18/harlow/racecard/516763
2026-09-18,Harlow,10:48,3,Oppo,516763,Sporting Life,https://www.sportinglife.com/greyhounds/racecards/2026-09-18/harlow/racecard/516763
2026-09-18,Harlow,10:48,4,Catunda Remi,516763,Sporting Life,https://www.sportinglife.com/greyhounds/racecards/2026-09-18/harlow/racecard/516763
2026-09-18,Harlow,10:48,5,Scroggy Moe,516763,Sporting Life,https://www.sportinglife.com/greyhounds/racecards/2026-09-18/harlow/racecard/516763
2026-09-18,Harlow,10:48,6,Divine Rule,516763,Sporting Life,https://www.sportinglife.com/greyhounds/racecards/2026-09-18/harlow/racecard/516763
2026-09-18,Harlow,11:04,1,Hes Always Right,516764,Sporting Life,https://www.sportinglife.com/greyhounds/racecards/2026-09-18/harlow/racecard/516764
2026-09-18,Harlow,11:04,2,Townsend Peggy,516764,Sporting Life,https://www.sportinglife.com/greyhounds/racecards/2026-09-18/harlow/racecard/516764
2026-09-18,Harlow,11:04,3,Browns Barbie,516764,Sporting Life,https://www.sportinglife.com/greyhounds/racecards/2026-09-18/harlow/racecard/516764
2026-09-18,Harlow,11:04,4,Cofam Spurs,516764,Sporting Life,https://www.sportinglife.com/greyhounds/racecards/2026-09-18/harlow/racecard/516764
2026-09-18,Harlow,11:04,6,Catunda Harrison,516764,Sporting Life,https://www.sportinglife.com/greyhounds/racecards/2026-09-18/harlow/racecard/516764
2026-09-18,Harlow,11:21,1,Foxrock Buddy,516765,Sporting Life,https://www.sportinglife.com/greyhounds/racecards/2026-09-18/harlow/racecard/516765
2026-09-18,Harlow,11:21,2,Rhombus Lass,516765,Sporting Life,https://www.sportinglife.com/greyhounds/racecards/2026-09-18/harlow/racecard/516765
2026-09-18,Harlow,11:21,3,Paradise Liberty,516765,Sporting Life,https://www.sportinglife.com/greyhounds/racecards/2026-09-18/harlow/racecard/516765
2026-09-18,Harlow,11:21,4,Moaning Wilson,516765,Sporting Life,https://www.sportinglife.com/greyhounds/racecards/2026-09-18/harlow/racecard/516765
2026-09-18,Harlow,11:21,5,Sallins Flyer,516765,Sporting Life,https://www.sportinglife.com/greyhounds/racecards/2026-09-18/harlow/racecard/516765
2026-09-18,Harlow,11:21,6,Olwinn Pest,516765,Sporting Life,https://www.sportinglife.com/greyhounds/racecards/2026-09-18/harlow/racecard/516765
2026-09-18,Harlow,11:38,1,Budge Up,516766,Sporting Life,https://www.sportinglife.com/greyhounds/racecards/2026-09-18/harlow/racecard/516766
2026-09-18,Harlow,11:38,2,Moaning Martini,516766,Sporting Life,https://www.sportinglife.com/greyhounds/racecards/2026-09-18/harlow/racecard/516766
2026-09-18,Harlow,11:38,3,Scarlett Galaxy,516766,Sporting Life,https://www.sportinglife.com/greyhounds/racecards/2026-09-18/harlow/racecard/516766
2026-09-18,Harlow,11:38,4,Tiermana Sally,516766,Sporting Life,https://www.sportinglife.com/greyhounds/racecards/2026-09-18/harlow/racecard/516766
2026-09-18,Harlow,11:38,6,Salems Mickey,516766,Sporting Life,https://www.sportinglife.com/greyhounds/racecards/2026-09-18/harlow/racecard/516766
2026-09-18,Harlow,11:54,1,Sunnyside Ellie,516767,Sporting Life,https://www.sportinglife.com/greyhounds/racecards/2026-09-18/harlow/racecard/516767
2026-09-18,Harlow,11:54,2,Clodaghs Gift,516767,Sporting Life,https://www.sportinglife.com/greyhounds/racecards/2026-09-18/harlow/racecard/516767
2026-09-18,Harlow,11:54,3,Moaning Louise,516767,Sporting Life,https://www.sportinglife.com/greyhounds/racecards/2026-09-18/harlow/racecard/516767
2026-09-18,Harlow,11:54,4,Miss Pepsi,516767,Sporting Life,https://www.sportinglife.com/greyhounds/racecards/2026-09-18/harlow/racecard/516767
2026-09-18,Harlow,11:54,5,Savourtheflavour,516767,Sporting Life,https://www.sportinglife.com/greyhounds/racecards/2026-09-18/harlow/racecard/516767
2026-09-18,Harlow,11:54,6,Fairhill Hug,516767,Sporting Life,https://www.sportinglife.com/greyhounds/racecards/2026-09-18/harlow/racecard/516767
2026-09-18,Harlow,12:12,1,Havana Belle,516768,Sporting Life,https://www.sportinglife.com/greyhounds/racecards/2026-09-18/harlow/racecard/516768
2026-09-18,Harlow,12:12,2,Mykindaguy,516768,Sporting Life,https://www.sportinglife.com/greyhounds/racecards/2026-09-18/harlow/racecard/516768
2026-09-18,Harlow,12:12,3,Salems Anarchy,516768,Sporting Life,https://www.sportinglife.com/greyhounds/racecards/2026-09-18/harlow/racecard/516768
2026-09-18,Harlow,12:12,4,Moaning Gamble,516768,Sporting Life,https://www.sportinglife.com/greyhounds/racecards/2026-09-18/harlow/racecard/516768
2026-09-18,Harlow,12:12,6,Fenview Taylor,516768,Sporting Life,https://www.sportinglife.com/greyhounds/racecards/2026-09-18/harlow/racecard/516768
2026-09-18,Harlow,12:29,1,Moaning Franklyn,516769,Sporting Life,https://www.sportinglife.com/greyhounds/racecards/2026-09-18/harlow/racecard/516769
2026-09-18,Harlow,12:29,2,Old Bed Forrest,516769,Sporting Life,https://www.sportinglife.com/greyhounds/racecards/2026-09-18/harlow/racecard/516769
2026-09-18,Harlow,12:29,3,Brandywell King,516769,Sporting Life,https://www.sportinglife.com/greyhounds/racecards/2026-09-18/harlow/racecard/516769
2026-09-18,Harlow,12:29,4,Random Izzy,516769,Sporting Life,https://www.sportinglife.com/greyhounds/racecards/2026-09-18/harlow/racecard/516769
2026-09-18,Harlow,12:29,5,Cofam Tiger,516769,Sporting Life,https://www.sportinglife.com/greyhounds/racecards/2026-09-18/harlow/racecard/516769
2026-09-18,Harlow,12:29,6,Dynamic Logan,516769,Sporting Life,https://www.sportinglife.com/greyhounds/racecards/2026-09-18/harlow/racecard/516769
2026-09-18,Harlow,12:46,1,Crucial Ruby,516770,Sporting Life,https://www.sportinglife.com/greyhounds/racecards/2026-09-18/harlow/racecard/516770
2026-09-18,Harlow,12:46,2,Moaning Hagler,516770,Sporting Life,https://www.sportinglife.com/greyhounds/racecards/2026-09-18/harlow/racecard/516770
2026-09-18,Harlow,12:46,3,Moaning May,516770,Sporting Life,https://www.sportinglife.com/greyhounds/racecards/2026-09-18/harlow/racecard/516770
2026-09-18,Harlow,12:46,5,Jayar Rogue,516770,Sporting Life,https://www.sportinglife.com/greyhounds/racecards/2026-09-18/harlow/racecard/516770
2026-09-18,Harlow,12:46,6,Tinas Liberty,516770,Sporting Life,https://www.sportinglife.com/greyhounds/racecards/2026-09-18/harlow/racecard/516770
2026-09-18,Harlow,13:03,1,Flattotheboards,516771,Sporting Life,https://www.sportinglife.com/greyhounds/racecards/2026-09-18/harlow/racecard/516771
2026-09-18,Harlow,13:03,2,Joys Of Danielle,516771,Sporting Life,https://www.sportinglife.com/greyhounds/racecards/2026-09-18/harlow/racecard/516771
2026-09-18,Harlow,13:03,3,Alfies Jet,516771,Sporting Life,https://www.sportinglife.com/greyhounds/racecards/2026-09-18/harlow/racecard/516771
2026-09-18,Harlow,13:03,4,Ballymac Julia,516771,Sporting Life,https://www.sportinglife.com/greyhounds/racecards/2026-09-18/harlow/racecard/516771
2026-09-18,Harlow,13:03,5,Doggy Parton,516771,Sporting Life,https://www.sportinglife.com/greyhounds/racecards/2026-09-18/harlow/racecard/516771
2026-09-18,Harlow,13:03,6,Tanvalley Robin,516771,Sporting Life,https://www.sportinglife.com/greyhounds/racecards/2026-09-18/harlow/racecard/516771
2026-09-18,Harlow,13:19,1,Speedy Gene,516772,Sporting Life,https://www.sportinglife.com/greyhounds/racecards/2026-09-18/harlow/racecard/516772
2026-09-18,Harlow,13:19,2,Salems Disaronno,516772,Sporting Life,https://www.sportinglife.com/greyhounds/racecards/2026-09-18/harlow/racecard/516772
2026-09-18,Harlow,13:19,4,Caislean Champ,516772,Sporting Life,https://www.sportinglife.com/greyhounds/racecards/2026-09-18/harlow/racecard/516772
2026-09-18,Harlow,13:19,5,Salems Sassenach,516772,Sporting Life,https://www.sportinglife.com/greyhounds/racecards/2026-09-18/harlow/racecard/516772
2026-09-18,Harlow,13:19,6,Double Errill,516772,Sporting Life,https://www.sportinglife.com/greyhounds/racecards/2026-09-18/harlow/racecard/516772
2026-09-18,Harlow,13:37,1,Rathbally Anna,516773,Sporting Life,https://www.sportinglife.com/greyhounds/racecards/2026-09-18/harlow/racecard/516773
2026-09-18,Harlow,13:37,2,Ballybrennan Joe,516773,Sporting Life,https://www.sportinglife.com/greyhounds/racecards/2026-09-18/harlow/racecard/516773
2026-09-18,Harlow,13:37,3,Jumbos Toffee,516773,Sporting Life,https://www.sportinglife.com/greyhounds/racecards/2026-09-18/harlow/racecard/516773
2026-09-18,Harlow,13:37,4,Traptoline Elena,516773,Sporting Life,https://www.sportinglife.com/greyhounds/racecards/2026-09-18/harlow/racecard/516773
2026-09-18,Harlow,13:37,5,Catunda Alex,516773,Sporting Life,https://www.sportinglife.com/greyhounds/racecards/2026-09-18/harlow/racecard/516773
2026-09-18,Harlow,13:37,6,Gainstown Sky,516773,Sporting Life,https://www.sportinglife.com/greyhounds/racecards/2026-09-18/harlow/racecard/516773
2026-09-18,Harlow,13:54,1,Faces And Places,516774,Sporting Life,https://www.sportinglife.com/greyhounds/racecards/2026-09-18/harlow/racecard/516774
2026-09-18,Harlow,13:54,2,Ravenswood Blake,516774,Sporting Life,https://www.sportinglife.com/greyhounds/racecards/2026-09-18/harlow/racecard/516774
2026-09-18,Harlow,13:54,3,Da Danna,516774,Sporting Life,https://www.sportinglife.com/greyhounds/racecards/2026-09-18/harlow/racecard/516774
2026-09-18,Harlow,13:54,4,Jamaica Smiles,516774,Sporting Life,https://www.sportinglife.com/greyhounds/racecards/2026-09-18/harlow/racecard/516774
2026-09-18,Harlow,13:54,6,Kiskillo,516774,Sporting Life,https://www.sportinglife.com/greyhounds/racecards/2026-09-18/harlow/racecard/516774
2026-09-18,Harlow,14:11,1,Skidrow Jake,516775,Sporting Life,https://www.sportinglife.com/greyhounds/racecards/2026-09-18/harlow/racecard/516775
2026-09-18,Harlow,14:11,2,Rathmeehan Honey,516775,Sporting Life,https://www.sportinglife.com/greyhounds/racecards/2026-09-18/harlow/racecard/516775
2026-09-18,Harlow,14:11,3,Brindle Bomber,516775,Sporting Life,https://www.sportinglife.com/greyhounds/racecards/2026-09-18/harlow/racecard/516775
2026-09-18,Harlow,14:11,4,Rathbally Bolger,516775,Sporting Life,https://www.sportinglife.com/greyhounds/racecards/2026-09-18/harlow/racecard/516775
2026-09-18,Harlow,14:11,5,Simply Perfect,516775,Sporting Life,https://www.sportinglife.com/greyhounds/racecards/2026-09-18/harlow/racecard/516775
2026-09-18,Harlow,14:11,6,Westfield Aida,516775,Sporting Life,https://www.sportinglife.com/greyhounds/racecards/2026-09-18/harlow/racecard/516775
2026-09-18,Harlow,17:51,1,Sweetpea,516800,Sporting Life,https://www.sportinglife.com/greyhounds/racecards/2026-09-18/harlow/racecard/516800
2026-09-18,Harlow,17:51,2,Chamuda,516800,Sporting Life,https://www.sportinglife.com/greyhounds/racecards/2026-09-18/harlow/racecard/516800
2026-09-18,Harlow,17:51,3,Savana Marylou,516800,Sporting Life,https://www.sportinglife.com/greyhounds/racecards/2026-09-18/harlow/racecard/516800
2026-09-18,Harlow,17:51,4,Danielles Queen,516800,Sporting Life,https://www.sportinglife.com/greyhounds/racecards/2026-09-18/harlow/racecard/516800
2026-09-18,Harlow,17:51,5,Hell Mary,516800,Sporting Life,https://www.sportinglife.com/greyhounds/racecards/2026-09-18/harlow/racecard/516800
2026-09-18,Harlow,17:51,6,Brentfordforever,516800,Sporting Life,https://www.sportinglife.com/greyhounds/racecards/2026-09-18/harlow/racecard/516800
2026-09-18,Harlow,18:11,1,Yo Ranger,516801,Sporting Life,https://www.sportinglife.com/greyhounds/racecards/2026-09-18/harlow/racecard/516801
2026-09-18,Harlow,18:11,2,Townsend Abby,516801,Sporting Life,https://www.sportinglife.com/greyhounds/racecards/2026-09-18/harlow/racecard/516801
2026-09-18,Harlow,18:11,3,Ballybrennan Pat,516801,Sporting Life,https://www.sportinglife.com/greyhounds/racecards/2026-09-18/harlow/racecard/516801
2026-09-18,Harlow,18:11,4,Hollyhill Jimmy,516801,Sporting Life,https://www.sportinglife.com/greyhounds/racecards/2026-09-18/harlow/racecard/516801
2026-09-18,Harlow,18:11,5,Samrose Taylor,516801,Sporting Life,https://www.sportinglife.com/greyhounds/racecards/2026-09-18/harlow/racecard/516801
2026-09-18,Harlow,18:11,6,Taylormade Bono,516801,Sporting Life,https://www.sportinglife.com/greyhounds/racecards/2026-09-18/harlow/racecard/516801
2026-09-18,Harlow,18:29,1,Britbull Poppy,516802,Sporting Life,https://www.sportinglife.com/greyhounds/racecards/2026-09-18/harlow/racecard/516802
2026-09-18,Harlow,18:29,2,Harveys Girl,516802,Sporting Life,https://www.sportinglife.com/greyhounds/racecards/2026-09-18/harlow/racecard/516802
2026-09-18,Harlow,18:29,3,Headford Duchess,516802,Sporting Life,https://www.sportinglife.com/greyhounds/racecards/2026-09-18/harlow/racecard/516802
2026-09-18,Harlow,18:29,4,Shortwood Ally,516802,Sporting Life,https://www.sportinglife.com/greyhounds/racecards/2026-09-18/harlow/racecard/516802
2026-09-18,Harlow,18:29,5,Likely Lads,516802,Sporting Life,https://www.sportinglife.com/greyhounds/racecards/2026-09-18/harlow/racecard/516802
2026-09-18,Harlow,18:29,6,Old Fort Mickmac,516802,Sporting Life,https://www.sportinglife.com/greyhounds/racecards/2026-09-18/harlow/racecard/516802
2026-09-18,Harlow,18:46,1,Skirk Sky,516803,Sporting Life,https://www.sportinglife.com/greyhounds/racecards/2026-09-18/harlow/racecard/516803
2026-09-18,Harlow,18:46,2,Small Tommy,516803,Sporting Life,https://www.sportinglife.com/greyhounds/racecards/2026-09-18/harlow/racecard/516803
2026-09-18,Harlow,18:46,3,Tinks Jet,516803,Sporting Life,https://www.sportinglife.com/greyhounds/racecards/2026-09-18/harlow/racecard/516803
2026-09-18,Harlow,18:46,4,Luminous Cutie,516803,Sporting Life,https://www.sportinglife.com/greyhounds/racecards/2026-09-18/harlow/racecard/516803
2026-09-18,Harlow,18:46,6,The Other Rafa,516803,Sporting Life,https://www.sportinglife.com/greyhounds/racecards/2026-09-18/harlow/racecard/516803
2026-09-18,Harlow,19:04,1,Yo Twilight,516804,Sporting Life,https://www.sportinglife.com/greyhounds/racecards/2026-09-18/harlow/racecard/516804
2026-09-18,Harlow,19:04,2,Yo Savana,516804,Sporting Life,https://www.sportinglife.com/greyhounds/racecards/2026-09-18/harlow/racecard/516804
2026-09-18,Harlow,19:04,3,Hawkfield Impact,516804,Sporting Life,https://www.sportinglife.com/greyhounds/racecards/2026-09-18/harlow/racecard/516804
2026-09-18,Harlow,19:04,4,Britbull Mafia,516804,Sporting Life,https://www.sportinglife.com/greyhounds/racecards/2026-09-18/harlow/racecard/516804
2026-09-18,Harlow,19:04,5,Green Giants,516804,Sporting Life,https://www.sportinglife.com/greyhounds/racecards/2026-09-18/harlow/racecard/516804
2026-09-18,Harlow,19:04,6,Snoozing Plum,516804,Sporting Life,https://www.sportinglife.com/greyhounds/racecards/2026-09-18/harlow/racecard/516804
2026-09-18,Harlow,19:24,1,Jura Yala Enki,516805,Sporting Life,https://www.sportinglife.com/greyhounds/racecards/2026-09-18/harlow/racecard/516805
2026-09-18,Harlow,19:24,2,Rallying Wood,516805,Sporting Life,https://www.sportinglife.com/greyhounds/racecards/2026-09-18/harlow/racecard/516805
2026-09-18,Harlow,19:24,3,Sals Pepsi,516805,Sporting Life,https://www.sportinglife.com/greyhounds/racecards/2026-09-18/harlow/racecard/516805
2026-09-18,Harlow,19:24,4,Ballybreen Zeta,516805,Sporting Life,https://www.sportinglife.com/greyhounds/racecards/2026-09-18/harlow/racecard/516805
2026-09-18,Harlow,19:24,6,Devilsbit Rose,516805,Sporting Life,https://www.sportinglife.com/greyhounds/racecards/2026-09-18/harlow/racecard/516805
2026-09-18,Harlow,19:42,1,Dunnanelly Exit,516806,Sporting Life,https://www.sportinglife.com/greyhounds/racecards/2026-09-18/harlow/racecard/516806
2026-09-18,Harlow,19:42,2,Gothic Cheyenne,516806,Sporting Life,https://www.sportinglife.com/greyhounds/racecards/2026-09-18/harlow/racecard/516806
2026-09-18,Harlow,19:42,3,Keefill Coco,516806,Sporting Life,https://www.sportinglife.com/greyhounds/racecards/2026-09-18/harlow/racecard/516806
2026-09-18,Harlow,19:42,4,Meenagh Memphis,516806,Sporting Life,https://www.sportinglife.com/greyhounds/racecards/2026-09-18/harlow/racecard/516806
2026-09-18,Harlow,19:42,5,Estefans Tune,516806,Sporting Life,https://www.sportinglife.com/greyhounds/racecards/2026-09-18/harlow/racecard/516806
2026-09-18,Harlow,19:42,6,Boreen Pearl,516806,Sporting Life,https://www.sportinglife.com/greyhounds/racecards/2026-09-18/harlow/racecard/516806
2026-09-18,Harlow,19:58,1,Yo Dutchess,516807,Sporting Life,https://www.sportinglife.com/greyhounds/racecards/2026-09-18/harlow/racecard/516807
2026-09-18,Harlow,19:58,2,Chadwell Opus,516807,Sporting Life,https://www.sportinglife.com/greyhounds/racecards/2026-09-18/harlow/racecard/516807
2026-09-18,Harlow,19:58,3,Swift Zaylee,516807,Sporting Life,https://www.sportinglife.com/greyhounds/racecards/2026-09-18/harlow/racecard/516807
2026-09-18,Harlow,19:58,4,Fortunate Rose,516807,Sporting Life,https://www.sportinglife.com/greyhounds/racecards/2026-09-18/harlow/racecard/516807
2026-09-18,Harlow,19:58,6,Up North,516807,Sporting Life,https://www.sportinglife.com/greyhounds/racecards/2026-09-18/harlow/racecard/516807
2026-09-18,Harlow,20:16,1,Swift Uno,516808,Sporting Life,https://www.sportinglife.com/greyhounds/racecards/2026-09-18/harlow/racecard/516808
2026-09-18,Harlow,20:16,2,Rockmount Moe,516808,Sporting Life,https://www.sportinglife.com/greyhounds/racecards/2026-09-18/harlow/racecard/516808
2026-09-18,Harlow,20:16,3,Savana Snowflake,516808,Sporting Life,https://www.sportinglife.com/greyhounds/racecards/2026-09-18/harlow/racecard/516808
2026-09-18,Harlow,20:16,4,Jura Go Bucko,516808,Sporting Life,https://www.sportinglife.com/greyhounds/racecards/2026-09-18/harlow/racecard/516808
2026-09-18,Harlow,20:16,5,Eden Weasley,516808,Sporting Life,https://www.sportinglife.com/greyhounds/racecards/2026-09-18/harlow/racecard/516808
2026-09-18,Harlow,20:16,6,Darver Casemiro,516808,Sporting Life,https://www.sportinglife.com/greyhounds/racecards/2026-09-18/harlow/racecard/516808
2026-09-18,Harlow,20:34,1,My Fancy Ways,516809,Sporting Life,https://www.sportinglife.com/greyhounds/racecards/2026-09-18/harlow/racecard/516809
2026-09-18,Harlow,20:34,2,Darrens Dog,516809,Sporting Life,https://www.sportinglife.com/greyhounds/racecards/2026-09-18/harlow/racecard/516809
2026-09-18,Harlow,20:34,3,Savana Albert,516809,Sporting Life,https://www.sportinglife.com/greyhounds/racecards/2026-09-18/harlow/racecard/516809
2026-09-18,Harlow,20:34,5,Jimbo Junior,516809,Sporting Life,https://www.sportinglife.com/greyhounds/racecards/2026-09-18/harlow/racecard/516809
2026-09-18,Harlow,20:34,6,Baran Ghost,516809,Sporting Life,https://www.sportinglife.com/greyhounds/racecards/2026-09-18/harlow/racecard/516809
2026-09-18,Harlow,20:52,1,Fastlane Lilly,516810,Sporting Life,https://www.sportinglife.com/greyhounds/racecards/2026-09-18/harlow/racecard/516810
2026-09-18,Harlow,20:52,2,Savanalittlelegs,516810,Sporting Life,https://www.sportinglife.com/greyhounds/racecards/2026-09-18/harlow/racecard/516810
2026-09-18,Harlow,20:52,3,Swift Legacy,516810,Sporting Life,https://www.sportinglife.com/greyhounds/racecards/2026-09-18/harlow/racecard/516810
2026-09-18,Harlow,20:52,4,Savana Monica,516810,Sporting Life,https://www.sportinglife.com/greyhounds/racecards/2026-09-18/harlow/racecard/516810
2026-09-18,Harlow,20:52,5,Artys Corner,516810,Sporting Life,https://www.sportinglife.com/greyhounds/racecards/2026-09-18/harlow/racecard/516810
2026-09-18,Harlow,20:52,6,Signet Toofy,516810,Sporting Life,https://www.sportinglife.com/greyhounds/racecards/2026-09-18/harlow/racecard/516810
2026-09-18,Harlow,21:09,1,Derry Rebel,516811,Sporting Life,https://www.sportinglife.com/greyhounds/racecards/2026-09-18/harlow/racecard/516811
2026-09-18,Harlow,21:09,2,Jumbos Mia,516811,Sporting Life,https://www.sportinglife.com/greyhounds/racecards/2026-09-18/harlow/racecard/516811
2026-09-18,Harlow,21:09,3,Ballybrennan Jim,516811,Sporting Life,https://www.sportinglife.com/greyhounds/racecards/2026-09-18/harlow/racecard/516811
2026-09-18,Harlow,21:09,4,Joyces Sadie,516811,Sporting Life,https://www.sportinglife.com/greyhounds/racecards/2026-09-18/harlow/racecard/516811
2026-09-18,Harlow,21:09,5,Savana Shady,516811,Sporting Life,https://www.sportinglife.com/greyhounds/racecards/2026-09-18/harlow/racecard/516811
2026-09-18,Harlow,21:09,6,Savana Boycie,516811,Sporting Life,https://www.sportinglife.com/greyhounds/racecards/2026-09-18/harlow/racecard/516811
2026-09-18,Harlow,21:26,1,Small But Speedy,516812,Sporting Life,https://www.sportinglife.com/greyhounds/racecards/2026-09-18/harlow/racecard/516812
2026-09-18,Harlow,21:26,2,Savana Kayce,516812,Sporting Life,https://www.sportinglife.com/greyhounds/racecards/2026-09-18/harlow/racecard/516812
2026-09-18,Harlow,21:26,3,Savana Empress,516812,Sporting Life,https://www.sportinglife.com/greyhounds/racecards/2026-09-18/harlow/racecard/516812
2026-09-18,Harlow,21:26,4,Savana Tir Nanog,516812,Sporting Life,https://www.sportinglife.com/greyhounds/racecards/2026-09-18/harlow/racecard/516812
2026-09-18,Harlow,21:26,5,Savana Turtle,516812,Sporting Life,https://www.sportinglife.com/greyhounds/racecards/2026-09-18/harlow/racecard/516812
2026-09-18,Harlow,21:26,6,Mulrankin Raven,516812,Sporting Life,https://www.sportinglife.com/greyhounds/racecards/2026-09-18/harlow/racecard/516812
2026-09-18,Hove,11:01,1,Elite Wilson,516726,Sporting Life,https://www.sportinglife.com/greyhounds/racecards/2026-09-18/hove/racecard/516726
2026-09-18,Hove,11:01,2,Yankee Molly,516726,Sporting Life,https://www.sportinglife.com/greyhounds/racecards/2026-09-18/hove/racecard/516726
2026-09-18,Hove,11:01,3,Gingers Paddy,516726,Sporting Life,https://www.sportinglife.com/greyhounds/racecards/2026-09-18/hove/racecard/516726
2026-09-18,Hove,11:01,4,Alright Grace,516726,Sporting Life,https://www.sportinglife.com/greyhounds/racecards/2026-09-18/hove/racecard/516726
2026-09-18,Hove,11:01,5,Pierre Gun,516726,Sporting Life,https://www.sportinglife.com/greyhounds/racecards/2026-09-18/hove/racecard/516726
2026-09-18,Hove,11:18,1,Bridies Show,516727,Sporting Life,https://www.sportinglife.com/greyhounds/racecards/2026-09-18/hove/racecard/516727
2026-09-18,Hove,11:18,2,Sly Wobblebottom,516727,Sporting Life,https://www.sportinglife.com/greyhounds/racecards/2026-09-18/hove/racecard/516727
2026-09-18,Hove,11:18,3,Southafrikka,516727,Sporting Life,https://www.sportinglife.com/greyhounds/racecards/2026-09-18/hove/racecard/516727
2026-09-18,Hove,11:18,4,Droopys Playgirl,516727,Sporting Life,https://www.sportinglife.com/greyhounds/racecards/2026-09-18/hove/racecard/516727
2026-09-18,Hove,11:18,6,Playit Cool Trig,516727,Sporting Life,https://www.sportinglife.com/greyhounds/racecards/2026-09-18/hove/racecard/516727
2026-09-18,Hove,11:34,1,Candolim Getaway,516728,Sporting Life,https://www.sportinglife.com/greyhounds/racecards/2026-09-18/hove/racecard/516728
2026-09-18,Hove,11:34,2,Yougo Jessie,516728,Sporting Life,https://www.sportinglife.com/greyhounds/racecards/2026-09-18/hove/racecard/516728
2026-09-18,Hove,11:34,3,Wee Miss Badger,516728,Sporting Life,https://www.sportinglife.com/greyhounds/racecards/2026-09-18/hove/racecard/516728
2026-09-18,Hove,11:34,4,Droopys Runaway,516728,Sporting Life,https://www.sportinglife.com/greyhounds/racecards/2026-09-18/hove/racecard/516728
2026-09-18,Hove,11:34,6,Razldazl Royco,516728,Sporting Life,https://www.sportinglife.com/greyhounds/racecards/2026-09-18/hove/racecard/516728
2026-09-18,Hove,11:52,1,Romantic Richy,516729,Sporting Life,https://www.sportinglife.com/greyhounds/racecards/2026-09-18/hove/racecard/516729
2026-09-18,Hove,11:52,2,Im Justa Rarity,516729,Sporting Life,https://www.sportinglife.com/greyhounds/racecards/2026-09-18/hove/racecard/516729
2026-09-18,Hove,11:52,3,Killeacle Kobe,516729,Sporting Life,https://www.sportinglife.com/greyhounds/racecards/2026-09-18/hove/racecard/516729
2026-09-18,Hove,11:52,4,Punk Rock Puff,516729,Sporting Life,https://www.sportinglife.com/greyhounds/racecards/2026-09-18/hove/racecard/516729
2026-09-18,Hove,11:52,6,Harley Quinn,516729,Sporting Life,https://www.sportinglife.com/greyhounds/racecards/2026-09-18/hove/racecard/516729
2026-09-18,Hove,12:09,1,Punk Rock Harley,516730,Sporting Life,https://www.sportinglife.com/greyhounds/racecards/2026-09-18/hove/racecard/516730
2026-09-18,Hove,12:09,2,Irrelevent,516730,Sporting Life,https://www.sportinglife.com/greyhounds/racecards/2026-09-18/hove/racecard/516730
2026-09-18,Hove,12:09,3,Droopys Verdict,516730,Sporting Life,https://www.sportinglife.com/greyhounds/racecards/2026-09-18/hove/racecard/516730
2026-09-18,Hove,12:09,4,Azura Skye,516730,Sporting Life,https://www.sportinglife.com/greyhounds/racecards/2026-09-18/hove/racecard/516730
2026-09-18,Hove,12:09,6,Droopys Roster,516730,Sporting Life,https://www.sportinglife.com/greyhounds/racecards/2026-09-18/hove/racecard/516730
2026-09-18,Hove,12:26,1,Mind The Mouse,516731,Sporting Life,https://www.sportinglife.com/greyhounds/racecards/2026-09-18/hove/racecard/516731
2026-09-18,Hove,12:26,2,Goddessaphrodite,516731,Sporting Life,https://www.sportinglife.com/greyhounds/racecards/2026-09-18/hove/racecard/516731
2026-09-18,Hove,12:26,3,Paddyjoes Loch,516731,Sporting Life,https://www.sportinglife.com/greyhounds/racecards/2026-09-18/hove/racecard/516731
2026-09-18,Hove,12:26,4,Mylane Curly,516731,Sporting Life,https://www.sportinglife.com/greyhounds/racecards/2026-09-18/hove/racecard/516731
2026-09-18,Hove,12:26,5,Doublermoney,516731,Sporting Life,https://www.sportinglife.com/greyhounds/racecards/2026-09-18/hove/racecard/516731
2026-09-18,Hove,12:26,6,Flyers Geezer,516731,Sporting Life,https://www.sportinglife.com/greyhounds/racecards/2026-09-18/hove/racecard/516731
2026-09-18,Hove,12:42,1,Chisem Henry,516732,Sporting Life,https://www.sportinglife.com/greyhounds/racecards/2026-09-18/hove/racecard/516732
2026-09-18,Hove,12:42,2,Swift Income,516732,Sporting Life,https://www.sportinglife.com/greyhounds/racecards/2026-09-18/hove/racecard/516732
2026-09-18,Hove,12:42,3,Miruts Yifter,516732,Sporting Life,https://www.sportinglife.com/greyhounds/racecards/2026-09-18/hove/racecard/516732
2026-09-18,Hove,12:42,4,Chisem Mike,516732,Sporting Life,https://www.sportinglife.com/greyhounds/racecards/2026-09-18/hove/racecard/516732
2026-09-18,Hove,12:42,5,Droopys Fervour,516732,Sporting Life,https://www.sportinglife.com/greyhounds/racecards/2026-09-18/hove/racecard/516732
2026-09-18,Hove,12:42,6,Adachi Freddie,516732,Sporting Life,https://www.sportinglife.com/greyhounds/racecards/2026-09-18/hove/racecard/516732
2026-09-18,Hove,12:59,1,First Chosen,516733,Sporting Life,https://www.sportinglife.com/greyhounds/racecards/2026-09-18/hove/racecard/516733
2026-09-18,Hove,12:59,2,Mad To Run,516733,Sporting Life,https://www.sportinglife.com/greyhounds/racecards/2026-09-18/hove/racecard/516733
2026-09-18,Hove,12:59,3,Gorgeous Girl,516733,Sporting Life,https://www.sportinglife.com/greyhounds/racecards/2026-09-18/hove/racecard/516733
2026-09-18,Hove,12:59,4,Yougo Finn,516733,Sporting Life,https://www.sportinglife.com/greyhounds/racecards/2026-09-18/hove/racecard/516733
2026-09-18,Hove,12:59,5,Ashwood Shelby,516733,Sporting Life,https://www.sportinglife.com/greyhounds/racecards/2026-09-18/hove/racecard/516733
2026-09-18,Hove,12:59,6,Oioiperfectolads,516733,Sporting Life,https://www.sportinglife.com/greyhounds/racecards/2026-09-18/hove/racecard/516733
2026-09-18,Hove,13:17,1,Yougo Charlie,516734,Sporting Life,https://www.sportinglife.com/greyhounds/racecards/2026-09-18/hove/racecard/516734
2026-09-18,Hove,13:17,2,Spiritual Gift,516734,Sporting Life,https://www.sportinglife.com/greyhounds/racecards/2026-09-18/hove/racecard/516734
2026-09-18,Hove,13:17,3,Signet Force,516734,Sporting Life,https://www.sportinglife.com/greyhounds/racecards/2026-09-18/hove/racecard/516734
2026-09-18,Hove,13:17,4,Swap Around,516734,Sporting Life,https://www.sportinglife.com/greyhounds/racecards/2026-09-18/hove/racecard/516734
2026-09-18,Hove,13:17,6,Tuono Dave,516734,Sporting Life,https://www.sportinglife.com/greyhounds/racecards/2026-09-18/hove/racecard/516734
2026-09-18,Hove,13:33,1,Spot On Amethyst,516735,Sporting Life,https://www.sportinglife.com/greyhounds/racecards/2026-09-18/hove/racecard/516735
2026-09-18,Hove,13:33,2,Taylors Melody,516735,Sporting Life,https://www.sportinglife.com/greyhounds/racecards/2026-09-18/hove/racecard/516735
2026-09-18,Hove,13:33,3,Wedontdopanic,516735,Sporting Life,https://www.sportinglife.com/greyhounds/racecards/2026-09-18/hove/racecard/516735
2026-09-18,Hove,13:33,4,Highfield Lass,516735,Sporting Life,https://www.sportinglife.com/greyhounds/racecards/2026-09-18/hove/racecard/516735
2026-09-18,Hove,13:33,6,Ardera Sal,516735,Sporting Life,https://www.sportinglife.com/greyhounds/racecards/2026-09-18/hove/racecard/516735
2026-09-18,Hove,13:51,1,Coolavanny Nancy,516736,Sporting Life,https://www.sportinglife.com/greyhounds/racecards/2026-09-18/hove/racecard/516736
2026-09-18,Hove,13:51,2,Melbury Tyr,516736,Sporting Life,https://www.sportinglife.com/greyhounds/racecards/2026-09-18/hove/racecard/516736
2026-09-18,Hove,13:51,3,Aviendha,516736,Sporting Life,https://www.sportinglife.com/greyhounds/racecards/2026-09-18/hove/racecard/516736
2026-09-18,Hove,13:51,4,Hillend Rachel,516736,Sporting Life,https://www.sportinglife.com/greyhounds/racecards/2026-09-18/hove/racecard/516736
2026-09-18,Hove,13:51,6,Droopys Bafta,516736,Sporting Life,https://www.sportinglife.com/greyhounds/racecards/2026-09-18/hove/racecard/516736
2026-09-18,Hove,14:07,1,Jacktavern Smash,516737,Sporting Life,https://www.sportinglife.com/greyhounds/racecards/2026-09-18/hove/racecard/516737
2026-09-18,Hove,14:07,2,Jazs Dove,516737,Sporting Life,https://www.sportinglife.com/greyhounds/racecards/2026-09-18/hove/racecard/516737
2026-09-18,Hove,14:07,3,Stone Cold Punk,516737,Sporting Life,https://www.sportinglife.com/greyhounds/racecards/2026-09-18/hove/racecard/516737
2026-09-18,Hove,14:07,4,Kelseys Azure,516737,Sporting Life,https://www.sportinglife.com/greyhounds/racecards/2026-09-18/hove/racecard/516737
2026-09-18,Hove,14:07,5,Sly Ash,516737,Sporting Life,https://www.sportinglife.com/greyhounds/racecards/2026-09-18/hove/racecard/516737
2026-09-18,Hove,14:07,6,Coppice Connie,516737,Sporting Life,https://www.sportinglife.com/greyhounds/racecards/2026-09-18/hove/racecard/516737
2026-09-18,Kinsley,14:29,1,Lundhill Ellie,516714,Sporting Life,https://www.sportinglife.com/greyhounds/racecards/2026-09-18/kinsley/racecard/516714
2026-09-18,Kinsley,14:29,2,Grumpy Kevin,516714,Sporting Life,https://www.sportinglife.com/greyhounds/racecards/2026-09-18/kinsley/racecard/516714
2026-09-18,Kinsley,14:29,3,Crystal Jess,516714,Sporting Life,https://www.sportinglife.com/greyhounds/racecards/2026-09-18/kinsley/racecard/516714
2026-09-18,Kinsley,14:29,4,Thunder Run,516714,Sporting Life,https://www.sportinglife.com/greyhounds/racecards/2026-09-18/kinsley/racecard/516714
2026-09-18,Kinsley,14:29,5,Lundhill Alfie,516714,Sporting Life,https://www.sportinglife.com/greyhounds/racecards/2026-09-18/kinsley/racecard/516714
2026-09-18,Kinsley,14:29,6,Da Man Joey,516714,Sporting Life,https://www.sportinglife.com/greyhounds/racecards/2026-09-18/kinsley/racecard/516714
2026-09-18,Kinsley,14:48,1,Westfield Wispa,516715,Sporting Life,https://www.sportinglife.com/greyhounds/racecards/2026-09-18/kinsley/racecard/516715
2026-09-18,Kinsley,14:48,2,Ballymac Frisby,516715,Sporting Life,https://www.sportinglife.com/greyhounds/racecards/2026-09-18/kinsley/racecard/516715
2026-09-18,Kinsley,14:48,3,Critical Katie,516715,Sporting Life,https://www.sportinglife.com/greyhounds/racecards/2026-09-18/kinsley/racecard/516715
2026-09-18,Kinsley,14:48,4,Queen Etta,516715,Sporting Life,https://www.sportinglife.com/greyhounds/racecards/2026-09-18/kinsley/racecard/516715
2026-09-18,Kinsley,14:48,5,Mohican Richie,516715,Sporting Life,https://www.sportinglife.com/greyhounds/racecards/2026-09-18/kinsley/racecard/516715
2026-09-18,Kinsley,14:48,6,Glenvale Jolly,516715,Sporting Life,https://www.sportinglife.com/greyhounds/racecards/2026-09-18/kinsley/racecard/516715
2026-09-18,Kinsley,15:07,1,Crossfield Reba,516716,Sporting Life,https://www.sportinglife.com/greyhounds/racecards/2026-09-18/kinsley/racecard/516716
2026-09-18,Kinsley,15:07,2,Crystal Henry,516716,Sporting Life,https://www.sportinglife.com/greyhounds/racecards/2026-09-18/kinsley/racecard/516716
2026-09-18,Kinsley,15:07,3,Meenagh Medina,516716,Sporting Life,https://www.sportinglife.com/greyhounds/racecards/2026-09-18/kinsley/racecard/516716
2026-09-18,Kinsley,15:07,4,Drombeg Dolly,516716,Sporting Life,https://www.sportinglife.com/greyhounds/racecards/2026-09-18/kinsley/racecard/516716
2026-09-18,Kinsley,15:07,5,Cotswold Prince,516716,Sporting Life,https://www.sportinglife.com/greyhounds/racecards/2026-09-18/kinsley/racecard/516716
2026-09-18,Kinsley,15:07,6,Grumpy Pip,516716,Sporting Life,https://www.sportinglife.com/greyhounds/racecards/2026-09-18/kinsley/racecard/516716
2026-09-18,Kinsley,15:26,2,Carra Em,516717,Sporting Life,https://www.sportinglife.com/greyhounds/racecards/2026-09-18/kinsley/racecard/516717
2026-09-18,Kinsley,15:26,3,Comer Muir,516717,Sporting Life,https://www.sportinglife.com/greyhounds/racecards/2026-09-18/kinsley/racecard/516717
2026-09-18,Kinsley,15:26,4,Ballymac Beau,516717,Sporting Life,https://www.sportinglife.com/greyhounds/racecards/2026-09-18/kinsley/racecard/516717
2026-09-18,Kinsley,15:26,5,Alno Rose,516717,Sporting Life,https://www.sportinglife.com/greyhounds/racecards/2026-09-18/kinsley/racecard/516717
2026-09-18,Kinsley,15:26,6,Thanksforthehelp,516717,Sporting Life,https://www.sportinglife.com/greyhounds/racecards/2026-09-18/kinsley/racecard/516717
2026-09-18,Kinsley,15:44,1,Tonagha Chancer,516718,Sporting Life,https://www.sportinglife.com/greyhounds/racecards/2026-09-18/kinsley/racecard/516718
2026-09-18,Kinsley,15:44,3,Shady Della,516718,Sporting Life,https://www.sportinglife.com/greyhounds/racecards/2026-09-18/kinsley/racecard/516718
2026-09-18,Kinsley,15:44,4,Coolavanny Nano,516718,Sporting Life,https://www.sportinglife.com/greyhounds/racecards/2026-09-18/kinsley/racecard/516718
2026-09-18,Kinsley,15:44,5,Pennys Hiro,516718,Sporting Life,https://www.sportinglife.com/greyhounds/racecards/2026-09-18/kinsley/racecard/516718
2026-09-18,Kinsley,15:44,6,Teddys Beauty,516718,Sporting Life,https://www.sportinglife.com/greyhounds/racecards/2026-09-18/kinsley/racecard/516718
2026-09-18,Kinsley,16:03,1,Deecee Orla,516719,Sporting Life,https://www.sportinglife.com/greyhounds/racecards/2026-09-18/kinsley/racecard/516719
2026-09-18,Kinsley,16:03,2,Disengage,516719,Sporting Life,https://www.sportinglife.com/greyhounds/racecards/2026-09-18/kinsley/racecard/516719
2026-09-18,Kinsley,16:03,3,Romantic Ben,516719,Sporting Life,https://www.sportinglife.com/greyhounds/racecards/2026-09-18/kinsley/racecard/516719
2026-09-18,Kinsley,16:03,4,Lightfoot Rosa,516719,Sporting Life,https://www.sportinglife.com/greyhounds/racecards/2026-09-18/kinsley/racecard/516719
2026-09-18,Kinsley,16:03,5,Toems Diva,516719,Sporting Life,https://www.sportinglife.com/greyhounds/racecards/2026-09-18/kinsley/racecard/516719
2026-09-18,Kinsley,16:03,6,Seven Oclock Bob,516719,Sporting Life,https://www.sportinglife.com/greyhounds/racecards/2026-09-18/kinsley/racecard/516719
2026-09-18,Kinsley,16:22,1,Pomba Flo,516720,Sporting Life,https://www.sportinglife.com/greyhounds/racecards/2026-09-18/kinsley/racecard/516720
2026-09-18,Kinsley,16:22,2,Ballymac Dalton,516720,Sporting Life,https://www.sportinglife.com/greyhounds/racecards/2026-09-18/kinsley/racecard/516720
2026-09-18,Kinsley,16:22,3,Beaming Moscato,516720,Sporting Life,https://www.sportinglife.com/greyhounds/racecards/2026-09-18/kinsley/racecard/516720
2026-09-18,Kinsley,16:22,4,Lamia,516720,Sporting Life,https://www.sportinglife.com/greyhounds/racecards/2026-09-18/kinsley/racecard/516720
2026-09-18,Kinsley,16:22,5,Killieford Negri,516720,Sporting Life,https://www.sportinglife.com/greyhounds/racecards/2026-09-18/kinsley/racecard/516720
2026-09-18,Kinsley,16:41,1,A Lucky Tom,516721,Sporting Life,https://www.sportinglife.com/greyhounds/racecards/2026-09-18/kinsley/racecard/516721
2026-09-18,Kinsley,16:41,2,Chamberlain Jet,516721,Sporting Life,https://www.sportinglife.com/greyhounds/racecards/2026-09-18/kinsley/racecard/516721
2026-09-18,Kinsley,16:41,3,Swift Salem,516721,Sporting Life,https://www.sportinglife.com/greyhounds/racecards/2026-09-18/kinsley/racecard/516721
2026-09-18,Kinsley,16:41,4,Bens Nellie,516721,Sporting Life,https://www.sportinglife.com/greyhounds/racecards/2026-09-18/kinsley/racecard/516721
2026-09-18,Kinsley,16:41,5,Lynnway Again,516721,Sporting Life,https://www.sportinglife.com/greyhounds/racecards/2026-09-18/kinsley/racecard/516721
2026-09-18,Kinsley,16:41,6,Canal View Blue,516721,Sporting Life,https://www.sportinglife.com/greyhounds/racecards/2026-09-18/kinsley/racecard/516721
2026-09-18,Kinsley,16:59,1,Westfield Frank,516722,Sporting Life,https://www.sportinglife.com/greyhounds/racecards/2026-09-18/kinsley/racecard/516722
2026-09-18,Kinsley,16:59,2,Pro Cooper,516722,Sporting Life,https://www.sportinglife.com/greyhounds/racecards/2026-09-18/kinsley/racecard/516722
2026-09-18,Kinsley,16:59,3,Ballymac Baxter,516722,Sporting Life,https://www.sportinglife.com/greyhounds/racecards/2026-09-18/kinsley/racecard/516722
2026-09-18,Kinsley,16:59,4,Lauragh Ebony,516722,Sporting Life,https://www.sportinglife.com/greyhounds/racecards/2026-09-18/kinsley/racecard/516722
2026-09-18,Kinsley,16:59,6,Burkos Ellie,516722,Sporting Life,https://www.sportinglife.com/greyhounds/racecards/2026-09-18/kinsley/racecard/516722
2026-09-18,Kinsley,17:18,1,Disco Kate,516723,Sporting Life,https://www.sportinglife.com/greyhounds/racecards/2026-09-18/kinsley/racecard/516723
2026-09-18,Kinsley,17:18,2,Ninja Berkley,516723,Sporting Life,https://www.sportinglife.com/greyhounds/racecards/2026-09-18/kinsley/racecard/516723
2026-09-18,Kinsley,17:18,3,Hazelgrove Dusk,516723,Sporting Life,https://www.sportinglife.com/greyhounds/racecards/2026-09-18/kinsley/racecard/516723
2026-09-18,Kinsley,17:18,4,Droopys Willya,516723,Sporting Life,https://www.sportinglife.com/greyhounds/racecards/2026-09-18/kinsley/racecard/516723
2026-09-18,Kinsley,17:18,5,Norristown May,516723,Sporting Life,https://www.sportinglife.com/greyhounds/racecards/2026-09-18/kinsley/racecard/516723
2026-09-18,Kinsley,17:18,6,Swift Ecology,516723,Sporting Life,https://www.sportinglife.com/greyhounds/racecards/2026-09-18/kinsley/racecard/516723
2026-09-18,Kinsley,17:37,1,Hazelgrove Flash,516724,Sporting Life,https://www.sportinglife.com/greyhounds/racecards/2026-09-18/kinsley/racecard/516724
2026-09-18,Kinsley,17:37,2,Star Strand,516724,Sporting Life,https://www.sportinglife.com/greyhounds/racecards/2026-09-18/kinsley/racecard/516724
2026-09-18,Kinsley,17:37,3,Legendary Queen,516724,Sporting Life,https://www.sportinglife.com/greyhounds/racecards/2026-09-18/kinsley/racecard/516724
2026-09-18,Kinsley,17:37,4,Deecee Alpha,516724,Sporting Life,https://www.sportinglife.com/greyhounds/racecards/2026-09-18/kinsley/racecard/516724
2026-09-18,Kinsley,17:37,5,Backscratcher,516724,Sporting Life,https://www.sportinglife.com/greyhounds/racecards/2026-09-18/kinsley/racecard/516724
2026-09-18,Kinsley,17:37,6,Inclement Magic,516724,Sporting Life,https://www.sportinglife.com/greyhounds/racecards/2026-09-18/kinsley/racecard/516724
2026-09-18,Kinsley,17:56,1,Daniel Maxi,516725,Sporting Life,https://www.sportinglife.com/greyhounds/racecards/2026-09-18/kinsley/racecard/516725
2026-09-18,Kinsley,17:56,2,Snazzy Roadwheel,516725,Sporting Life,https://www.sportinglife.com/greyhounds/racecards/2026-09-18/kinsley/racecard/516725
2026-09-18,Kinsley,17:56,3,Crystal House,516725,Sporting Life,https://www.sportinglife.com/greyhounds/racecards/2026-09-18/kinsley/racecard/516725
2026-09-18,Kinsley,17:56,4,Ballymac Estelle,516725,Sporting Life,https://www.sportinglife.com/greyhounds/racecards/2026-09-18/kinsley/racecard/516725
2026-09-18,Kinsley,17:56,5,Alno Duke,516725,Sporting Life,https://www.sportinglife.com/greyhounds/racecards/2026-09-18/kinsley/racecard/516725
2026-09-18,Kinsley,17:56,6,Queen Babs,516725,Sporting Life,https://www.sportinglife.com/greyhounds/racecards/2026-09-18/kinsley/racecard/516725
2026-09-18,Newcastle,14:36,1,Ballymac Neems,516821,Sporting Life,https://www.sportinglife.com/greyhounds/racecards/2026-09-18/newcastle/racecard/516821
2026-09-18,Newcastle,14:36,2,Abbeyside Enda,516821,Sporting Life,https://www.sportinglife.com/greyhounds/racecards/2026-09-18/newcastle/racecard/516821
2026-09-18,Newcastle,14:36,3,Jacktavern Zoe,516821,Sporting Life,https://www.sportinglife.com/greyhounds/racecards/2026-09-18/newcastle/racecard/516821
2026-09-18,Newcastle,14:36,4,Our Chief,516821,Sporting Life,https://www.sportinglife.com/greyhounds/racecards/2026-09-18/newcastle/racecard/516821
2026-09-18,Newcastle,14:36,5,Fooled Again,516821,Sporting Life,https://www.sportinglife.com/greyhounds/racecards/2026-09-18/newcastle/racecard/516821
2026-09-18,Newcastle,14:36,6,Solway Ernie,516821,Sporting Life,https://www.sportinglife.com/greyhounds/racecards/2026-09-18/newcastle/racecard/516821
2026-09-18,Newcastle,14:54,1,Clona Levi,516822,Sporting Life,https://www.sportinglife.com/greyhounds/racecards/2026-09-18/newcastle/racecard/516822
2026-09-18,Newcastle,14:54,2,Evening Call,516822,Sporting Life,https://www.sportinglife.com/greyhounds/racecards/2026-09-18/newcastle/racecard/516822
2026-09-18,Newcastle,14:54,3,Highview Evie,516822,Sporting Life,https://www.sportinglife.com/greyhounds/racecards/2026-09-18/newcastle/racecard/516822
2026-09-18,Newcastle,14:54,4,Toddys Ace,516822,Sporting Life,https://www.sportinglife.com/greyhounds/racecards/2026-09-18/newcastle/racecard/516822
2026-09-18,Newcastle,14:54,5,Solway Aussie,516822,Sporting Life,https://www.sportinglife.com/greyhounds/racecards/2026-09-18/newcastle/racecard/516822
2026-09-18,Newcastle,14:54,6,Inclement Cindy,516822,Sporting Life,https://www.sportinglife.com/greyhounds/racecards/2026-09-18/newcastle/racecard/516822
2026-09-18,Newcastle,15:13,1,Highview Cutie,516823,Sporting Life,https://www.sportinglife.com/greyhounds/racecards/2026-09-18/newcastle/racecard/516823
2026-09-18,Newcastle,15:13,2,Malt Sally,516823,Sporting Life,https://www.sportinglife.com/greyhounds/racecards/2026-09-18/newcastle/racecard/516823
2026-09-18,Newcastle,15:13,3,Coppice Geronimo,516823,Sporting Life,https://www.sportinglife.com/greyhounds/racecards/2026-09-18/newcastle/racecard/516823
2026-09-18,Newcastle,15:13,4,Garrisons Gunner,516823,Sporting Life,https://www.sportinglife.com/greyhounds/racecards/2026-09-18/newcastle/racecard/516823
2026-09-18,Newcastle,15:13,6,Hazelhill Blue,516823,Sporting Life,https://www.sportinglife.com/greyhounds/racecards/2026-09-18/newcastle/racecard/516823
2026-09-18,Newcastle,15:32,1,Swish Swish Bish,516824,Sporting Life,https://www.sportinglife.com/greyhounds/racecards/2026-09-18/newcastle/racecard/516824
2026-09-18,Newcastle,15:32,2,Jackos Cody,516824,Sporting Life,https://www.sportinglife.com/greyhounds/racecards/2026-09-18/newcastle/racecard/516824
2026-09-18,Newcastle,15:32,3,Solway Leo,516824,Sporting Life,https://www.sportinglife.com/greyhounds/racecards/2026-09-18/newcastle/racecard/516824
2026-09-18,Newcastle,15:32,4,Please Sadie,516824,Sporting Life,https://www.sportinglife.com/greyhounds/racecards/2026-09-18/newcastle/racecard/516824
2026-09-18,Newcastle,15:32,5,Kuma Abdu,516824,Sporting Life,https://www.sportinglife.com/greyhounds/racecards/2026-09-18/newcastle/racecard/516824
2026-09-18,Newcastle,15:51,1,Midtown Ebony,516825,Sporting Life,https://www.sportinglife.com/greyhounds/racecards/2026-09-18/newcastle/racecard/516825
2026-09-18,Newcastle,15:51,2,Richies Richie,516825,Sporting Life,https://www.sportinglife.com/greyhounds/racecards/2026-09-18/newcastle/racecard/516825
2026-09-18,Newcastle,15:51,3,Onyago Kathy,516825,Sporting Life,https://www.sportinglife.com/greyhounds/racecards/2026-09-18/newcastle/racecard/516825
2026-09-18,Newcastle,15:51,4,Munoz Onthe Kop,516825,Sporting Life,https://www.sportinglife.com/greyhounds/racecards/2026-09-18/newcastle/racecard/516825
2026-09-18,Newcastle,15:51,5,Five Alley Macy,516825,Sporting Life,https://www.sportinglife.com/greyhounds/racecards/2026-09-18/newcastle/racecard/516825
2026-09-18,Newcastle,15:51,6,Coppice Kaiser,516825,Sporting Life,https://www.sportinglife.com/greyhounds/racecards/2026-09-18/newcastle/racecard/516825
2026-09-18,Newcastle,16:09,1,Coppice Survivor,516826,Sporting Life,https://www.sportinglife.com/greyhounds/racecards/2026-09-18/newcastle/racecard/516826
2026-09-18,Newcastle,16:09,2,Vinny Chase,516826,Sporting Life,https://www.sportinglife.com/greyhounds/racecards/2026-09-18/newcastle/racecard/516826
2026-09-18,Newcastle,16:09,3,Howay Suarez,516826,Sporting Life,https://www.sportinglife.com/greyhounds/racecards/2026-09-18/newcastle/racecard/516826
2026-09-18,Newcastle,16:09,4,So Its Lillie,516826,Sporting Life,https://www.sportinglife.com/greyhounds/racecards/2026-09-18/newcastle/racecard/516826
2026-09-18,Newcastle,16:09,5,Solway Breeze,516826,Sporting Life,https://www.sportinglife.com/greyhounds/racecards/2026-09-18/newcastle/racecard/516826
2026-09-18,Newcastle,16:09,6,Alnwick Hawk,516826,Sporting Life,https://www.sportinglife.com/greyhounds/racecards/2026-09-18/newcastle/racecard/516826
2026-09-18,Newcastle,16:28,1,Onyergostar,516827,Sporting Life,https://www.sportinglife.com/greyhounds/racecards/2026-09-18/newcastle/racecard/516827
2026-09-18,Newcastle,16:28,2,Stormy Mbappe,516827,Sporting Life,https://www.sportinglife.com/greyhounds/racecards/2026-09-18/newcastle/racecard/516827
2026-09-18,Newcastle,16:28,3,Killinick Rebel,516827,Sporting Life,https://www.sportinglife.com/greyhounds/racecards/2026-09-18/newcastle/racecard/516827
2026-09-18,Newcastle,16:28,4,Solway Charm,516827,Sporting Life,https://www.sportinglife.com/greyhounds/racecards/2026-09-18/newcastle/racecard/516827
2026-09-18,Newcastle,16:28,5,Alnwick Wizard,516827,Sporting Life,https://www.sportinglife.com/greyhounds/racecards/2026-09-18/newcastle/racecard/516827
2026-09-18,Newcastle,16:28,6,Swift Table,516827,Sporting Life,https://www.sportinglife.com/greyhounds/racecards/2026-09-18/newcastle/racecard/516827
2026-09-18,Newcastle,16:47,1,Whitehills Ted,516828,Sporting Life,https://www.sportinglife.com/greyhounds/racecards/2026-09-18/newcastle/racecard/516828
2026-09-18,Newcastle,16:47,2,Howay Ramsey,516828,Sporting Life,https://www.sportinglife.com/greyhounds/racecards/2026-09-18/newcastle/racecard/516828
2026-09-18,Newcastle,16:47,3,Shebas Shine,516828,Sporting Life,https://www.sportinglife.com/greyhounds/racecards/2026-09-18/newcastle/racecard/516828
2026-09-18,Newcastle,16:47,4,Crooks Fearghal,516828,Sporting Life,https://www.sportinglife.com/greyhounds/racecards/2026-09-18/newcastle/racecard/516828
2026-09-18,Newcastle,16:47,5,Solway Dream,516828,Sporting Life,https://www.sportinglife.com/greyhounds/racecards/2026-09-18/newcastle/racecard/516828
2026-09-18,Newcastle,16:47,6,Cooga Layla,516828,Sporting Life,https://www.sportinglife.com/greyhounds/racecards/2026-09-18/newcastle/racecard/516828
2026-09-18,Newcastle,17:06,1,Private Express,516829,Sporting Life,https://www.sportinglife.com/greyhounds/racecards/2026-09-18/newcastle/racecard/516829
2026-09-18,Newcastle,17:06,2,Aero Donishall,516829,Sporting Life,https://www.sportinglife.com/greyhounds/racecards/2026-09-18/newcastle/racecard/516829
2026-09-18,Newcastle,17:06,3,Alnwick Toonarmy,516829,Sporting Life,https://www.sportinglife.com/greyhounds/racecards/2026-09-18/newcastle/racecard/516829
2026-09-18,Newcastle,17:06,4,Johnny Chase,516829,Sporting Life,https://www.sportinglife.com/greyhounds/racecards/2026-09-18/newcastle/racecard/516829
2026-09-18,Newcastle,17:06,5,Easy Oz,516829,Sporting Life,https://www.sportinglife.com/greyhounds/racecards/2026-09-18/newcastle/racecard/516829
2026-09-18,Newcastle,17:06,6,Solway Blue,516829,Sporting Life,https://www.sportinglife.com/greyhounds/racecards/2026-09-18/newcastle/racecard/516829
2026-09-18,Newcastle,17:24,1,Alnwick Tommy,516830,Sporting Life,https://www.sportinglife.com/greyhounds/racecards/2026-09-18/newcastle/racecard/516830
2026-09-18,Newcastle,17:24,2,Hollywell Ernie,516830,Sporting Life,https://www.sportinglife.com/greyhounds/racecards/2026-09-18/newcastle/racecard/516830
2026-09-18,Newcastle,17:24,3,Mcdara Julie,516830,Sporting Life,https://www.sportinglife.com/greyhounds/racecards/2026-09-18/newcastle/racecard/516830
2026-09-18,Newcastle,17:24,4,Killeacle Denise,516830,Sporting Life,https://www.sportinglife.com/greyhounds/racecards/2026-09-18/newcastle/racecard/516830
2026-09-18,Newcastle,17:24,5,Ridgedale Choice,516830,Sporting Life,https://www.sportinglife.com/greyhounds/racecards/2026-09-18/newcastle/racecard/516830
2026-09-18,Newcastle,17:43,1,Alnwick Queen,516831,Sporting Life,https://www.sportinglife.com/greyhounds/racecards/2026-09-18/newcastle/racecard/516831
2026-09-18,Newcastle,17:43,2,Salahs The Goat,516831,Sporting Life,https://www.sportinglife.com/greyhounds/racecards/2026-09-18/newcastle/racecard/516831
2026-09-18,Newcastle,17:43,3,Araujo Onthe Kop,516831,Sporting Life,https://www.sportinglife.com/greyhounds/racecards/2026-09-18/newcastle/racecard/516831
2026-09-18,Newcastle,17:43,4,Droopys Turf,516831,Sporting Life,https://www.sportinglife.com/greyhounds/racecards/2026-09-18/newcastle/racecard/516831
2026-09-18,Newcastle,17:43,5,Rowington Ruby,516831,Sporting Life,https://www.sportinglife.com/greyhounds/racecards/2026-09-18/newcastle/racecard/516831
2026-09-18,Newcastle,18:02,1,Smiling Evamac,516832,Sporting Life,https://www.sportinglife.com/greyhounds/racecards/2026-09-18/newcastle/racecard/516832
2026-09-18,Newcastle,18:02,2,Timones Star,516832,Sporting Life,https://www.sportinglife.com/greyhounds/racecards/2026-09-18/newcastle/racecard/516832
2026-09-18,Newcastle,18:02,3,Solway Ruby,516832,Sporting Life,https://www.sportinglife.com/greyhounds/racecards/2026-09-18/newcastle/racecard/516832
2026-09-18,Newcastle,18:02,4,Alnwick Kenny,516832,Sporting Life,https://www.sportinglife.com/greyhounds/racecards/2026-09-18/newcastle/racecard/516832
2026-09-18,Newcastle,18:02,5,Texas Ranger,516832,Sporting Life,https://www.sportinglife.com/greyhounds/racecards/2026-09-18/newcastle/racecard/516832
2026-09-18,Nottingham,18:08,1,Swift Micah,516690,Sporting Life,https://www.sportinglife.com/greyhounds/racecards/2026-09-18/nottingham/racecard/516690
2026-09-18,Nottingham,18:08,2,Good Romeo,516690,Sporting Life,https://www.sportinglife.com/greyhounds/racecards/2026-09-18/nottingham/racecard/516690
2026-09-18,Nottingham,18:08,3,Sonic Pixie,516690,Sporting Life,https://www.sportinglife.com/greyhounds/racecards/2026-09-18/nottingham/racecard/516690
2026-09-18,Nottingham,18:08,4,Viva Elvette,516690,Sporting Life,https://www.sportinglife.com/greyhounds/racecards/2026-09-18/nottingham/racecard/516690
2026-09-18,Nottingham,18:08,5,Kelva Brahm,516690,Sporting Life,https://www.sportinglife.com/greyhounds/racecards/2026-09-18/nottingham/racecard/516690
2026-09-18,Nottingham,18:08,6,Flame Wood,516690,Sporting Life,https://www.sportinglife.com/greyhounds/racecards/2026-09-18/nottingham/racecard/516690
2026-09-18,Nottingham,18:28,1,Flyers Swiftly,516691,Sporting Life,https://www.sportinglife.com/greyhounds/racecards/2026-09-18/nottingham/racecard/516691
2026-09-18,Nottingham,18:28,2,Swift Talk,516691,Sporting Life,https://www.sportinglife.com/greyhounds/racecards/2026-09-18/nottingham/racecard/516691
2026-09-18,Nottingham,18:28,3,Sambar Dream,516691,Sporting Life,https://www.sportinglife.com/greyhounds/racecards/2026-09-18/nottingham/racecard/516691
2026-09-18,Nottingham,18:28,4,Maree Shay,516691,Sporting Life,https://www.sportinglife.com/greyhounds/racecards/2026-09-18/nottingham/racecard/516691
2026-09-18,Nottingham,18:28,5,Phoenix Cowboy,516691,Sporting Life,https://www.sportinglife.com/greyhounds/racecards/2026-09-18/nottingham/racecard/516691
2026-09-18,Nottingham,18:48,1,Perdey,516692,Sporting Life,https://www.sportinglife.com/greyhounds/racecards/2026-09-18/nottingham/racecard/516692
2026-09-18,Nottingham,18:48,2,Swift Doireann,516692,Sporting Life,https://www.sportinglife.com/greyhounds/racecards/2026-09-18/nottingham/racecard/516692
2026-09-18,Nottingham,18:48,4,Nidderdalesummer,516692,Sporting Life,https://www.sportinglife.com/greyhounds/racecards/2026-09-18/nottingham/racecard/516692
2026-09-18,Nottingham,18:48,5,Kanturk Kin,516692,Sporting Life,https://www.sportinglife.com/greyhounds/racecards/2026-09-18/nottingham/racecard/516692
2026-09-18,Nottingham,18:48,6,Hillend Maise,516692,Sporting Life,https://www.sportinglife.com/greyhounds/racecards/2026-09-18/nottingham/racecard/516692
2026-09-18,Nottingham,19:08,1,Busta Cherry,516693,Sporting Life,https://www.sportinglife.com/greyhounds/racecards/2026-09-18/nottingham/racecard/516693
2026-09-18,Nottingham,19:08,2,Grandad Bingo,516693,Sporting Life,https://www.sportinglife.com/greyhounds/racecards/2026-09-18/nottingham/racecard/516693
2026-09-18,Nottingham,19:08,3,Brocquy,516693,Sporting Life,https://www.sportinglife.com/greyhounds/racecards/2026-09-18/nottingham/racecard/516693
2026-09-18,Nottingham,19:08,4,Thats No Joke,516693,Sporting Life,https://www.sportinglife.com/greyhounds/racecards/2026-09-18/nottingham/racecard/516693
2026-09-18,Nottingham,19:08,5,Platinumsapphire,516693,Sporting Life,https://www.sportinglife.com/greyhounds/racecards/2026-09-18/nottingham/racecard/516693
2026-09-18,Nottingham,19:08,6,Lavender Blue,516693,Sporting Life,https://www.sportinglife.com/greyhounds/racecards/2026-09-18/nottingham/racecard/516693
2026-09-18,Nottingham,19:28,2,Soapbox Keli,516694,Sporting Life,https://www.sportinglife.com/greyhounds/racecards/2026-09-18/nottingham/racecard/516694
2026-09-18,Nottingham,19:28,3,Stud Muffin,516694,Sporting Life,https://www.sportinglife.com/greyhounds/racecards/2026-09-18/nottingham/racecard/516694
2026-09-18,Nottingham,19:28,4,Skyfall Orna,516694,Sporting Life,https://www.sportinglife.com/greyhounds/racecards/2026-09-18/nottingham/racecard/516694
2026-09-18,Nottingham,19:28,5,Broomfleet Flyer,516694,Sporting Life,https://www.sportinglife.com/greyhounds/racecards/2026-09-18/nottingham/racecard/516694
2026-09-18,Nottingham,19:28,6,Sparta Pro,516694,Sporting Life,https://www.sportinglife.com/greyhounds/racecards/2026-09-18/nottingham/racecard/516694
2026-09-18,Nottingham,19:48,1,Honour Tracy,516695,Sporting Life,https://www.sportinglife.com/greyhounds/racecards/2026-09-18/nottingham/racecard/516695
2026-09-18,Nottingham,19:48,2,Millroad Mystery,516695,Sporting Life,https://www.sportinglife.com/greyhounds/racecards/2026-09-18/nottingham/racecard/516695
2026-09-18,Nottingham,19:48,3,Olwinn Ginge,516695,Sporting Life,https://www.sportinglife.com/greyhounds/racecards/2026-09-18/nottingham/racecard/516695
2026-09-18,Nottingham,19:48,4,Stellasbydesign,516695,Sporting Life,https://www.sportinglife.com/greyhounds/racecards/2026-09-18/nottingham/racecard/516695
2026-09-18,Nottingham,19:48,5,Tory Yvonne,516695,Sporting Life,https://www.sportinglife.com/greyhounds/racecards/2026-09-18/nottingham/racecard/516695
2026-09-18,Nottingham,19:48,6,Annadown Belle,516695,Sporting Life,https://www.sportinglife.com/greyhounds/racecards/2026-09-18/nottingham/racecard/516695
2026-09-18,Nottingham,20:08,1,Aegean Song,516696,Sporting Life,https://www.sportinglife.com/greyhounds/racecards/2026-09-18/nottingham/racecard/516696
2026-09-18,Nottingham,20:08,2,Ballyboss Hack,516696,Sporting Life,https://www.sportinglife.com/greyhounds/racecards/2026-09-18/nottingham/racecard/516696
2026-09-18,Nottingham,20:08,3,Alwaysoptimistic,516696,Sporting Life,https://www.sportinglife.com/greyhounds/racecards/2026-09-18/nottingham/racecard/516696
2026-09-18,Nottingham,20:08,4,Worra Cuddle,516696,Sporting Life,https://www.sportinglife.com/greyhounds/racecards/2026-09-18/nottingham/racecard/516696
2026-09-18,Nottingham,20:08,5,Lisnakill Donnie,516696,Sporting Life,https://www.sportinglife.com/greyhounds/racecards/2026-09-18/nottingham/racecard/516696
2026-09-18,Nottingham,20:28,1,Wolf Goggins,516697,Sporting Life,https://www.sportinglife.com/greyhounds/racecards/2026-09-18/nottingham/racecard/516697
2026-09-18,Nottingham,20:28,2,Strictly Rosey,516697,Sporting Life,https://www.sportinglife.com/greyhounds/racecards/2026-09-18/nottingham/racecard/516697
2026-09-18,Nottingham,20:28,3,Springwood Frida,516697,Sporting Life,https://www.sportinglife.com/greyhounds/racecards/2026-09-18/nottingham/racecard/516697
2026-09-18,Nottingham,20:28,4,Wizards Dual,516697,Sporting Life,https://www.sportinglife.com/greyhounds/racecards/2026-09-18/nottingham/racecard/516697
2026-09-18,Nottingham,20:28,5,Swift Kendall,516697,Sporting Life,https://www.sportinglife.com/greyhounds/racecards/2026-09-18/nottingham/racecard/516697
2026-09-18,Nottingham,20:48,1,In Form Lady,516698,Sporting Life,https://www.sportinglife.com/greyhounds/racecards/2026-09-18/nottingham/racecard/516698
2026-09-18,Nottingham,20:48,2,Honeygar Flow,516698,Sporting Life,https://www.sportinglife.com/greyhounds/racecards/2026-09-18/nottingham/racecard/516698
2026-09-18,Nottingham,20:48,4,Mid Tipp Maggie,516698,Sporting Life,https://www.sportinglife.com/greyhounds/racecards/2026-09-18/nottingham/racecard/516698
2026-09-18,Nottingham,20:48,5,Worra Babe,516698,Sporting Life,https://www.sportinglife.com/greyhounds/racecards/2026-09-18/nottingham/racecard/516698
2026-09-18,Nottingham,20:48,6,Lynnia Max,516698,Sporting Life,https://www.sportinglife.com/greyhounds/racecards/2026-09-18/nottingham/racecard/516698
2026-09-18,Nottingham,21:08,1,Vale Bluebell,516699,Sporting Life,https://www.sportinglife.com/greyhounds/racecards/2026-09-18/nottingham/racecard/516699
2026-09-18,Nottingham,21:08,2,Legsintheair,516699,Sporting Life,https://www.sportinglife.com/greyhounds/racecards/2026-09-18/nottingham/racecard/516699
2026-09-18,Nottingham,21:08,3,Skeard Noah,516699,Sporting Life,https://www.sportinglife.com/greyhounds/racecards/2026-09-18/nottingham/racecard/516699
2026-09-18,Nottingham,21:08,4,Glideaway Fever,516699,Sporting Life,https://www.sportinglife.com/greyhounds/racecards/2026-09-18/nottingham/racecard/516699
2026-09-18,Nottingham,21:08,5,Thurlesbeg Tonto,516699,Sporting Life,https://www.sportinglife.com/greyhounds/racecards/2026-09-18/nottingham/racecard/516699
2026-09-18,Nottingham,21:08,6,Crafty Elmo,516699,Sporting Life,https://www.sportinglife.com/greyhounds/racecards/2026-09-18/nottingham/racecard/516699
2026-09-18,Nottingham,21:28,1,Stellas Style,516700,Sporting Life,https://www.sportinglife.com/greyhounds/racecards/2026-09-18/nottingham/racecard/516700
2026-09-18,Nottingham,21:28,2,Rowington Raven,516700,Sporting Life,https://www.sportinglife.com/greyhounds/racecards/2026-09-18/nottingham/racecard/516700
2026-09-18,Nottingham,21:28,3,Wolf Flare,516700,Sporting Life,https://www.sportinglife.com/greyhounds/racecards/2026-09-18/nottingham/racecard/516700
2026-09-18,Nottingham,21:28,4,Skyfall Bliss,516700,Sporting Life,https://www.sportinglife.com/greyhounds/racecards/2026-09-18/nottingham/racecard/516700
2026-09-18,Nottingham,21:28,5,Honour Fifi,516700,Sporting Life,https://www.sportinglife.com/greyhounds/racecards/2026-09-18/nottingham/racecard/516700
2026-09-18,Nottingham,21:28,6,Dairyland Roxy,516700,Sporting Life,https://www.sportinglife.com/greyhounds/racecards/2026-09-18/nottingham/racecard/516700
2026-09-18,Nottingham,21:48,1,Twilight Brook,516701,Sporting Life,https://www.sportinglife.com/greyhounds/racecards/2026-09-18/nottingham/racecard/516701
2026-09-18,Nottingham,21:48,2,Braceys Boy,516701,Sporting Life,https://www.sportinglife.com/greyhounds/racecards/2026-09-18/nottingham/racecard/516701
2026-09-18,Nottingham,21:48,3,Honour Secret,516701,Sporting Life,https://www.sportinglife.com/greyhounds/racecards/2026-09-18/nottingham/racecard/516701
2026-09-18,Nottingham,21:48,4,Pipkin,516701,Sporting Life,https://www.sportinglife.com/greyhounds/racecards/2026-09-18/nottingham/racecard/516701
2026-09-18,Nottingham,21:48,5,Platinum Record,516701,Sporting Life,https://www.sportinglife.com/greyhounds/racecards/2026-09-18/nottingham/racecard/516701
2026-09-18,Nottingham,21:48,6,Mister Fezziwig,516701,Sporting Life,https://www.sportinglife.com/greyhounds/racecards/2026-09-18/nottingham/racecard/516701
2026-09-18,Romford,18:33,1,Ontherun Jamie,516738,Sporting Life,https://www.sportinglife.com/greyhounds/racecards/2026-09-18/romford/racecard/516738
2026-09-18,Romford,18:33,2,Goldstar Connie,516738,Sporting Life,https://www.sportinglife.com/greyhounds/racecards/2026-09-18/romford/racecard/516738
2026-09-18,Romford,18:33,3,Lincoln Impulse,516738,Sporting Life,https://www.sportinglife.com/greyhounds/racecards/2026-09-18/romford/racecard/516738
2026-09-18,Romford,18:33,4,Keefill Zeus,516738,Sporting Life,https://www.sportinglife.com/greyhounds/racecards/2026-09-18/romford/racecard/516738
2026-09-18,Romford,18:33,5,Zenith Zaza,516738,Sporting Life,https://www.sportinglife.com/greyhounds/racecards/2026-09-18/romford/racecard/516738
2026-09-18,Romford,18:33,6,Hollywood Leo,516738,Sporting Life,https://www.sportinglife.com/greyhounds/racecards/2026-09-18/romford/racecard/516738
2026-09-18,Romford,18:53,1,Hesdaguvnor,516739,Sporting Life,https://www.sportinglife.com/greyhounds/racecards/2026-09-18/romford/racecard/516739
2026-09-18,Romford,18:53,2,Makeit Again,516739,Sporting Life,https://www.sportinglife.com/greyhounds/racecards/2026-09-18/romford/racecard/516739
2026-09-18,Romford,18:53,3,Droopys Strike,516739,Sporting Life,https://www.sportinglife.com/greyhounds/racecards/2026-09-18/romford/racecard/516739
2026-09-18,Romford,18:53,4,Yahoo Clodagh,516739,Sporting Life,https://www.sportinglife.com/greyhounds/racecards/2026-09-18/romford/racecard/516739
2026-09-18,Romford,18:53,6,Charming Charlie,516739,Sporting Life,https://www.sportinglife.com/greyhounds/racecards/2026-09-18/romford/racecard/516739
2026-09-18,Romford,19:13,1,Hazza Summers,516740,Sporting Life,https://www.sportinglife.com/greyhounds/racecards/2026-09-18/romford/racecard/516740
2026-09-18,Romford,19:13,2,Bonvillefavorite,516740,Sporting Life,https://www.sportinglife.com/greyhounds/racecards/2026-09-18/romford/racecard/516740
2026-09-18,Romford,19:13,3,Queen Gracie,516740,Sporting Life,https://www.sportinglife.com/greyhounds/racecards/2026-09-18/romford/racecard/516740
2026-09-18,Romford,19:13,4,Razldazl Tully,516740,Sporting Life,https://www.sportinglife.com/greyhounds/racecards/2026-09-18/romford/racecard/516740
2026-09-18,Romford,19:13,5,Snoopys Gold,516740,Sporting Life,https://www.sportinglife.com/greyhounds/racecards/2026-09-18/romford/racecard/516740
2026-09-18,Romford,19:13,6,Valleymountshane,516740,Sporting Life,https://www.sportinglife.com/greyhounds/racecards/2026-09-18/romford/racecard/516740
2026-09-18,Romford,19:33,1,Droopys Nanette,516741,Sporting Life,https://www.sportinglife.com/greyhounds/racecards/2026-09-18/romford/racecard/516741
2026-09-18,Romford,19:33,2,Puntos Opinion,516741,Sporting Life,https://www.sportinglife.com/greyhounds/racecards/2026-09-18/romford/racecard/516741
2026-09-18,Romford,19:33,3,Allowdale Risoto,516741,Sporting Life,https://www.sportinglife.com/greyhounds/racecards/2026-09-18/romford/racecard/516741
2026-09-18,Romford,19:33,4,Speedy Simone,516741,Sporting Life,https://www.sportinglife.com/greyhounds/racecards/2026-09-18/romford/racecard/516741
2026-09-18,Romford,19:33,5,Ivy Hill Ariel,516741,Sporting Life,https://www.sportinglife.com/greyhounds/racecards/2026-09-18/romford/racecard/516741
2026-09-18,Romford,19:33,6,Razldazl Layla,516741,Sporting Life,https://www.sportinglife.com/greyhounds/racecards/2026-09-18/romford/racecard/516741
2026-09-18,Romford,19:53,1,Teejays Buddy,516742,Sporting Life,https://www.sportinglife.com/greyhounds/racecards/2026-09-18/romford/racecard/516742
2026-09-18,Romford,19:53,2,Swift Youth,516742,Sporting Life,https://www.sportinglife.com/greyhounds/racecards/2026-09-18/romford/racecard/516742
2026-09-18,Romford,19:53,3,Goldcash Warrior,516742,Sporting Life,https://www.sportinglife.com/greyhounds/racecards/2026-09-18/romford/racecard/516742
2026-09-18,Romford,19:53,4,Mulveys Champ,516742,Sporting Life,https://www.sportinglife.com/greyhounds/racecards/2026-09-18/romford/racecard/516742
2026-09-18,Romford,19:53,5,Punkrock Mercury,516742,Sporting Life,https://www.sportinglife.com/greyhounds/racecards/2026-09-18/romford/racecard/516742
2026-09-18,Romford,19:53,6,Lincoln Impact,516742,Sporting Life,https://www.sportinglife.com/greyhounds/racecards/2026-09-18/romford/racecard/516742
2026-09-18,Romford,20:13,1,Early Storm,516743,Sporting Life,https://www.sportinglife.com/greyhounds/racecards/2026-09-18/romford/racecard/516743
2026-09-18,Romford,20:13,2,Drombeg Flash,516743,Sporting Life,https://www.sportinglife.com/greyhounds/racecards/2026-09-18/romford/racecard/516743
2026-09-18,Romford,20:13,3,Underground Navy,516743,Sporting Life,https://www.sportinglife.com/greyhounds/racecards/2026-09-18/romford/racecard/516743
2026-09-18,Romford,20:13,4,Zenith Ottoman,516743,Sporting Life,https://www.sportinglife.com/greyhounds/racecards/2026-09-18/romford/racecard/516743
2026-09-18,Romford,20:13,5,Droopys Rhona,516743,Sporting Life,https://www.sportinglife.com/greyhounds/racecards/2026-09-18/romford/racecard/516743
2026-09-18,Romford,20:13,6,Droopys Samara,516743,Sporting Life,https://www.sportinglife.com/greyhounds/racecards/2026-09-18/romford/racecard/516743
2026-09-18,Romford,20:33,1,Bacon Burrger,516744,Sporting Life,https://www.sportinglife.com/greyhounds/racecards/2026-09-18/romford/racecard/516744
2026-09-18,Romford,20:33,2,Bellini Bullet,516744,Sporting Life,https://www.sportinglife.com/greyhounds/racecards/2026-09-18/romford/racecard/516744
2026-09-18,Romford,20:33,3,Headford Wayne,516744,Sporting Life,https://www.sportinglife.com/greyhounds/racecards/2026-09-18/romford/racecard/516744
2026-09-18,Romford,20:33,4,Piemans Goalie,516744,Sporting Life,https://www.sportinglife.com/greyhounds/racecards/2026-09-18/romford/racecard/516744
2026-09-18,Romford,20:33,5,Newinn Tonic,516744,Sporting Life,https://www.sportinglife.com/greyhounds/racecards/2026-09-18/romford/racecard/516744
2026-09-18,Romford,20:33,6,Bubbly Crusader,516744,Sporting Life,https://www.sportinglife.com/greyhounds/racecards/2026-09-18/romford/racecard/516744
2026-09-18,Romford,20:53,1,Bubbly Holly,516745,Sporting Life,https://www.sportinglife.com/greyhounds/racecards/2026-09-18/romford/racecard/516745
2026-09-18,Romford,20:53,2,Ballymac Carlina,516745,Sporting Life,https://www.sportinglife.com/greyhounds/racecards/2026-09-18/romford/racecard/516745
2026-09-18,Romford,20:53,3,Coonough Laura,516745,Sporting Life,https://www.sportinglife.com/greyhounds/racecards/2026-09-18/romford/racecard/516745
2026-09-18,Romford,20:53,4,Izzys Tenpin,516745,Sporting Life,https://www.sportinglife.com/greyhounds/racecards/2026-09-18/romford/racecard/516745
2026-09-18,Romford,20:53,5,Goldcash Prince,516745,Sporting Life,https://www.sportinglife.com/greyhounds/racecards/2026-09-18/romford/racecard/516745
2026-09-18,Romford,20:53,6,Crossfield Roger,516745,Sporting Life,https://www.sportinglife.com/greyhounds/racecards/2026-09-18/romford/racecard/516745
2026-09-18,Romford,21:13,1,Carrigoon Cece,516746,Sporting Life,https://www.sportinglife.com/greyhounds/racecards/2026-09-18/romford/racecard/516746
2026-09-18,Romford,21:13,2,Jacquesinthebox,516746,Sporting Life,https://www.sportinglife.com/greyhounds/racecards/2026-09-18/romford/racecard/516746
2026-09-18,Romford,21:13,3,Westway Mario,516746,Sporting Life,https://www.sportinglife.com/greyhounds/racecards/2026-09-18/romford/racecard/516746
2026-09-18,Romford,21:13,4,Darcys Dude,516746,Sporting Life,https://www.sportinglife.com/greyhounds/racecards/2026-09-18/romford/racecard/516746
2026-09-18,Romford,21:13,5,Paradise Probono,516746,Sporting Life,https://www.sportinglife.com/greyhounds/racecards/2026-09-18/romford/racecard/516746
2026-09-18,Romford,21:13,6,Populist,516746,Sporting Life,https://www.sportinglife.com/greyhounds/racecards/2026-09-18/romford/racecard/516746
2026-09-18,Romford,21:33,1,Headford Sarah,516747,Sporting Life,https://www.sportinglife.com/greyhounds/racecards/2026-09-18/romford/racecard/516747
2026-09-18,Romford,21:33,2,Bretons Girl,516747,Sporting Life,https://www.sportinglife.com/greyhounds/racecards/2026-09-18/romford/racecard/516747
2026-09-18,Romford,21:33,3,Zenith Impact,516747,Sporting Life,https://www.sportinglife.com/greyhounds/racecards/2026-09-18/romford/racecard/516747
2026-09-18,Romford,21:33,4,Clona Crystal,516747,Sporting Life,https://www.sportinglife.com/greyhounds/racecards/2026-09-18/romford/racecard/516747
2026-09-18,Romford,21:33,5,Aero Dash,516747,Sporting Life,https://www.sportinglife.com/greyhounds/racecards/2026-09-18/romford/racecard/516747
2026-09-18,Romford,21:33,6,Rapido Rosin,516747,Sporting Life,https://www.sportinglife.com/greyhounds/racecards/2026-09-18/romford/racecard/516747
2026-09-18,Romford,21:53,1,Aero De Janeiro,516748,Sporting Life,https://www.sportinglife.com/greyhounds/racecards/2026-09-18/romford/racecard/516748
2026-09-18,Romford,21:53,2,King Jarvis,516748,Sporting Life,https://www.sportinglife.com/greyhounds/racecards/2026-09-18/romford/racecard/516748
2026-09-18,Romford,21:53,3,Jacktavern Don,516748,Sporting Life,https://www.sportinglife.com/greyhounds/racecards/2026-09-18/romford/racecard/516748
2026-09-18,Romford,21:53,4,Bombay Buck,516748,Sporting Life,https://www.sportinglife.com/greyhounds/racecards/2026-09-18/romford/racecard/516748
2026-09-18,Romford,21:53,5,Brindle Bully,516748,Sporting Life,https://www.sportinglife.com/greyhounds/racecards/2026-09-18/romford/racecard/516748
2026-09-18,Romford,22:13,1,Don Cici,516749,Sporting Life,https://www.sportinglife.com/greyhounds/racecards/2026-09-18/romford/racecard/516749
2026-09-18,Romford,22:13,2,Underground Matt,516749,Sporting Life,https://www.sportinglife.com/greyhounds/racecards/2026-09-18/romford/racecard/516749
2026-09-18,Romford,22:13,3,Aero Espresso,516749,Sporting Life,https://www.sportinglife.com/greyhounds/racecards/2026-09-18/romford/racecard/516749
2026-09-18,Romford,22:13,4,Droopys Softy,516749,Sporting Life,https://www.sportinglife.com/greyhounds/racecards/2026-09-18/romford/racecard/516749
2026-09-18,Romford,22:13,5,Zenith Legend,516749,Sporting Life,https://www.sportinglife.com/greyhounds/racecards/2026-09-18/romford/racecard/516749
2026-09-18,Romford,22:13,6,Bacon Frazzles,516749,Sporting Life,https://www.sportinglife.com/greyhounds/racecards/2026-09-18/romford/racecard/516749
2026-09-18,Sheffield,18:18,1,Small Fun,516750,Sporting Life,https://www.sportinglife.com/greyhounds/racecards/2026-09-18/sheffield/racecard/516750
2026-09-18,Sheffield,18:18,2,Da Safety Net,516750,Sporting Life,https://www.sportinglife.com/greyhounds/racecards/2026-09-18/sheffield/racecard/516750
2026-09-18,Sheffield,18:18,3,Ballymac Whaler,516750,Sporting Life,https://www.sportinglife.com/greyhounds/racecards/2026-09-18/sheffield/racecard/516750
2026-09-18,Sheffield,18:18,5,Swift Step,516750,Sporting Life,https://www.sportinglife.com/greyhounds/racecards/2026-09-18/sheffield/racecard/516750
2026-09-18,Sheffield,18:18,6,Easy Next One,516750,Sporting Life,https://www.sportinglife.com/greyhounds/racecards/2026-09-18/sheffield/racecard/516750
2026-09-18,Sheffield,18:38,1,Marlfield Ada,516751,Sporting Life,https://www.sportinglife.com/greyhounds/racecards/2026-09-18/sheffield/racecard/516751
2026-09-18,Sheffield,18:38,2,Crokers Emma,516751,Sporting Life,https://www.sportinglife.com/greyhounds/racecards/2026-09-18/sheffield/racecard/516751
2026-09-18,Sheffield,18:38,3,Good Dreamer,516751,Sporting Life,https://www.sportinglife.com/greyhounds/racecards/2026-09-18/sheffield/racecard/516751
2026-09-18,Sheffield,18:38,4,Autumn Lydia,516751,Sporting Life,https://www.sportinglife.com/greyhounds/racecards/2026-09-18/sheffield/racecard/516751
2026-09-18,Sheffield,18:38,6,Nellies Charm,516751,Sporting Life,https://www.sportinglife.com/greyhounds/racecards/2026-09-18/sheffield/racecard/516751
2026-09-18,Sheffield,18:58,1,Diamond Santa,516752,Sporting Life,https://www.sportinglife.com/greyhounds/racecards/2026-09-18/sheffield/racecard/516752
2026-09-18,Sheffield,18:58,2,Shesdaguvnor,516752,Sporting Life,https://www.sportinglife.com/greyhounds/racecards/2026-09-18/sheffield/racecard/516752
2026-09-18,Sheffield,18:58,3,March On Kit,516752,Sporting Life,https://www.sportinglife.com/greyhounds/racecards/2026-09-18/sheffield/racecard/516752
2026-09-18,Sheffield,18:58,4,Selfless Flo,516752,Sporting Life,https://www.sportinglife.com/greyhounds/racecards/2026-09-18/sheffield/racecard/516752
2026-09-18,Sheffield,18:58,5,Apollo Youngblud,516752,Sporting Life,https://www.sportinglife.com/greyhounds/racecards/2026-09-18/sheffield/racecard/516752
2026-09-18,Sheffield,19:18,1,High Power,516753,Sporting Life,https://www.sportinglife.com/greyhounds/racecards/2026-09-18/sheffield/racecard/516753
2026-09-18,Sheffield,19:18,2,Jess Blue,516753,Sporting Life,https://www.sportinglife.com/greyhounds/racecards/2026-09-18/sheffield/racecard/516753
2026-09-18,Sheffield,19:18,3,Ticket Back,516753,Sporting Life,https://www.sportinglife.com/greyhounds/racecards/2026-09-18/sheffield/racecard/516753
2026-09-18,Sheffield,19:18,4,Monagore Bill,516753,Sporting Life,https://www.sportinglife.com/greyhounds/racecards/2026-09-18/sheffield/racecard/516753
2026-09-18,Sheffield,19:18,6,Golden Lion,516753,Sporting Life,https://www.sportinglife.com/greyhounds/racecards/2026-09-18/sheffield/racecard/516753
2026-09-18,Sheffield,19:38,1,Sheffield Bella,516754,Sporting Life,https://www.sportinglife.com/greyhounds/racecards/2026-09-18/sheffield/racecard/516754
2026-09-18,Sheffield,19:38,2,Frantic Friday,516754,Sporting Life,https://www.sportinglife.com/greyhounds/racecards/2026-09-18/sheffield/racecard/516754
2026-09-18,Sheffield,19:38,3,Lancaster Lad,516754,Sporting Life,https://www.sportinglife.com/greyhounds/racecards/2026-09-18/sheffield/racecard/516754
2026-09-18,Sheffield,19:38,4,Colrose Blue,516754,Sporting Life,https://www.sportinglife.com/greyhounds/racecards/2026-09-18/sheffield/racecard/516754
2026-09-18,Sheffield,19:38,5,Knock Zaya,516754,Sporting Life,https://www.sportinglife.com/greyhounds/racecards/2026-09-18/sheffield/racecard/516754
2026-09-18,Sheffield,19:38,6,Not A Lot,516754,Sporting Life,https://www.sportinglife.com/greyhounds/racecards/2026-09-18/sheffield/racecard/516754
2026-09-18,Sheffield,19:58,1,What A Storm,516755,Sporting Life,https://www.sportinglife.com/greyhounds/racecards/2026-09-18/sheffield/racecard/516755
2026-09-18,Sheffield,19:58,2,Tromora Alice,516755,Sporting Life,https://www.sportinglife.com/greyhounds/racecards/2026-09-18/sheffield/racecard/516755
2026-09-18,Sheffield,19:58,3,Headford Mapel,516755,Sporting Life,https://www.sportinglife.com/greyhounds/racecards/2026-09-18/sheffield/racecard/516755
2026-09-18,Sheffield,19:58,4,Swift Mel,516755,Sporting Life,https://www.sportinglife.com/greyhounds/racecards/2026-09-18/sheffield/racecard/516755
2026-09-18,Sheffield,19:58,5,Ten Ton Simba,516755,Sporting Life,https://www.sportinglife.com/greyhounds/racecards/2026-09-18/sheffield/racecard/516755
2026-09-18,Sheffield,20:18,1,Dot To Dash,516756,Sporting Life,https://www.sportinglife.com/greyhounds/racecards/2026-09-18/sheffield/racecard/516756
2026-09-18,Sheffield,20:18,2,Carpe Diem,516756,Sporting Life,https://www.sportinglife.com/greyhounds/racecards/2026-09-18/sheffield/racecard/516756
2026-09-18,Sheffield,20:18,3,Helicopter Wilma,516756,Sporting Life,https://www.sportinglife.com/greyhounds/racecards/2026-09-18/sheffield/racecard/516756
2026-09-18,Sheffield,20:18,4,Truly Special,516756,Sporting Life,https://www.sportinglife.com/greyhounds/racecards/2026-09-18/sheffield/racecard/516756
2026-09-18,Sheffield,20:18,5,Ballymac Price,516756,Sporting Life,https://www.sportinglife.com/greyhounds/racecards/2026-09-18/sheffield/racecard/516756
2026-09-18,Sheffield,20:18,6,Veronicasfantasy,516756,Sporting Life,https://www.sportinglife.com/greyhounds/racecards/2026-09-18/sheffield/racecard/516756
2026-09-18,Sheffield,20:38,1,Russanda Fire,516757,Sporting Life,https://www.sportinglife.com/greyhounds/racecards/2026-09-18/sheffield/racecard/516757
2026-09-18,Sheffield,20:38,2,Finnery Kobe,516757,Sporting Life,https://www.sportinglife.com/greyhounds/racecards/2026-09-18/sheffield/racecard/516757
2026-09-18,Sheffield,20:38,3,Catunda Missy,516757,Sporting Life,https://www.sportinglife.com/greyhounds/racecards/2026-09-18/sheffield/racecard/516757
2026-09-18,Sheffield,20:38,4,Colliers Brynner,516757,Sporting Life,https://www.sportinglife.com/greyhounds/racecards/2026-09-18/sheffield/racecard/516757
2026-09-18,Sheffield,20:38,6,Gizmo Alpha,516757,Sporting Life,https://www.sportinglife.com/greyhounds/racecards/2026-09-18/sheffield/racecard/516757
2026-09-18,Sheffield,20:58,1,Lightfoot Cherry,516758,Sporting Life,https://www.sportinglife.com/greyhounds/racecards/2026-09-18/sheffield/racecard/516758
2026-09-18,Sheffield,20:58,2,Saleen Action,516758,Sporting Life,https://www.sportinglife.com/greyhounds/racecards/2026-09-18/sheffield/racecard/516758
2026-09-18,Sheffield,20:58,3,Drumdoit Galaxy,516758,Sporting Life,https://www.sportinglife.com/greyhounds/racecards/2026-09-18/sheffield/racecard/516758
2026-09-18,Sheffield,20:58,4,Military Award,516758,Sporting Life,https://www.sportinglife.com/greyhounds/racecards/2026-09-18/sheffield/racecard/516758
2026-09-18,Sheffield,20:58,6,Brushbrushtaptap,516758,Sporting Life,https://www.sportinglife.com/greyhounds/racecards/2026-09-18/sheffield/racecard/516758
2026-09-18,Sheffield,21:18,1,Quality Style,516759,Sporting Life,https://www.sportinglife.com/greyhounds/racecards/2026-09-18/sheffield/racecard/516759
2026-09-18,Sheffield,21:18,2,Droopys Nell,516759,Sporting Life,https://www.sportinglife.com/greyhounds/racecards/2026-09-18/sheffield/racecard/516759
2026-09-18,Sheffield,21:18,3,Georges Charm,516759,Sporting Life,https://www.sportinglife.com/greyhounds/racecards/2026-09-18/sheffield/racecard/516759
2026-09-18,Sheffield,21:18,4,Ardnasool North,516759,Sporting Life,https://www.sportinglife.com/greyhounds/racecards/2026-09-18/sheffield/racecard/516759
2026-09-18,Sheffield,21:18,5,Terrys Belle,516759,Sporting Life,https://www.sportinglife.com/greyhounds/racecards/2026-09-18/sheffield/racecard/516759
2026-09-18,Sheffield,21:38,2,Not Pennys Boat,516760,Sporting Life,https://www.sportinglife.com/greyhounds/racecards/2026-09-18/sheffield/racecard/516760
2026-09-18,Sheffield,21:38,3,Cavies Orla,516760,Sporting Life,https://www.sportinglife.com/greyhounds/racecards/2026-09-18/sheffield/racecard/516760
2026-09-18,Sheffield,21:38,4,Dance Lovee,516760,Sporting Life,https://www.sportinglife.com/greyhounds/racecards/2026-09-18/sheffield/racecard/516760
2026-09-18,Sheffield,21:38,5,Birdwell Belle,516760,Sporting Life,https://www.sportinglife.com/greyhounds/racecards/2026-09-18/sheffield/racecard/516760
2026-09-18,Sheffield,21:38,6,Bartlemy Soldier,516760,Sporting Life,https://www.sportinglife.com/greyhounds/racecards/2026-09-18/sheffield/racecard/516760
2026-09-18,Sheffield,21:58,1,Constant Coco,516761,Sporting Life,https://www.sportinglife.com/greyhounds/racecards/2026-09-18/sheffield/racecard/516761
2026-09-18,Sheffield,21:58,2,Crystal Zeus,516761,Sporting Life,https://www.sportinglife.com/greyhounds/racecards/2026-09-18/sheffield/racecard/516761
2026-09-18,Sheffield,21:58,3,Robbiethepostie,516761,Sporting Life,https://www.sportinglife.com/greyhounds/racecards/2026-09-18/sheffield/racecard/516761
2026-09-18,Sheffield,21:58,5,Harry Rex,516761,Sporting Life,https://www.sportinglife.com/greyhounds/racecards/2026-09-18/sheffield/racecard/516761
2026-09-18,Sheffield,21:58,6,Droopys Suirway,516761,Sporting Life,https://www.sportinglife.com/greyhounds/racecards/2026-09-18/sheffield/racecard/516761
2026-09-18,Star Pelaw,14:26,1,Marisol,516813,Sporting Life,https://www.sportinglife.com/greyhounds/racecards/2026-09-18/star-pelaw/racecard/516813
2026-09-18,Star Pelaw,14:26,2,Knackstar,516813,Sporting Life,https://www.sportinglife.com/greyhounds/racecards/2026-09-18/star-pelaw/racecard/516813
2026-09-18,Star Pelaw,14:26,3,Links Ginola,516813,Sporting Life,https://www.sportinglife.com/greyhounds/racecards/2026-09-18/star-pelaw/racecard/516813
2026-09-18,Star Pelaw,14:26,4,Caseys Jarod,516813,Sporting Life,https://www.sportinglife.com/greyhounds/racecards/2026-09-18/star-pelaw/racecard/516813
2026-09-18,Star Pelaw,14:26,5,Hawkfield Lexi,516813,Sporting Life,https://www.sportinglife.com/greyhounds/racecards/2026-09-18/star-pelaw/racecard/516813
2026-09-18,Star Pelaw,14:26,6,Sharp Royd,516813,Sporting Life,https://www.sportinglife.com/greyhounds/racecards/2026-09-18/star-pelaw/racecard/516813
2026-09-18,Star Pelaw,14:44,1,Killieford Anton,516814,Sporting Life,https://www.sportinglife.com/greyhounds/racecards/2026-09-18/star-pelaw/racecard/516814
2026-09-18,Star Pelaw,14:44,2,Footfield Angel,516814,Sporting Life,https://www.sportinglife.com/greyhounds/racecards/2026-09-18/star-pelaw/racecard/516814
2026-09-18,Star Pelaw,14:44,3,Ragdollyanna,516814,Sporting Life,https://www.sportinglife.com/greyhounds/racecards/2026-09-18/star-pelaw/racecard/516814
2026-09-18,Star Pelaw,14:44,4,Bogger Dewie,516814,Sporting Life,https://www.sportinglife.com/greyhounds/racecards/2026-09-18/star-pelaw/racecard/516814
2026-09-18,Star Pelaw,14:44,5,Caseys Barbra,516814,Sporting Life,https://www.sportinglife.com/greyhounds/racecards/2026-09-18/star-pelaw/racecard/516814
2026-09-18,Star Pelaw,14:44,6,Boris Billy,516814,Sporting Life,https://www.sportinglife.com/greyhounds/racecards/2026-09-18/star-pelaw/racecard/516814
2026-09-18,Star Pelaw,15:03,1,Keeperhill Ei Ei,516815,Sporting Life,https://www.sportinglife.com/greyhounds/racecards/2026-09-18/star-pelaw/racecard/516815
2026-09-18,Star Pelaw,15:03,2,Wanted Louise,516815,Sporting Life,https://www.sportinglife.com/greyhounds/racecards/2026-09-18/star-pelaw/racecard/516815
2026-09-18,Star Pelaw,15:03,3,Caseys Hoffa,516815,Sporting Life,https://www.sportinglife.com/greyhounds/racecards/2026-09-18/star-pelaw/racecard/516815
2026-09-18,Star Pelaw,15:03,4,Fruity Aye Aye,516815,Sporting Life,https://www.sportinglife.com/greyhounds/racecards/2026-09-18/star-pelaw/racecard/516815
2026-09-18,Star Pelaw,15:03,5,Fruity Minty,516815,Sporting Life,https://www.sportinglife.com/greyhounds/racecards/2026-09-18/star-pelaw/racecard/516815
2026-09-18,Star Pelaw,15:03,6,Marymount Joy,516815,Sporting Life,https://www.sportinglife.com/greyhounds/racecards/2026-09-18/star-pelaw/racecard/516815
2026-09-18,Star Pelaw,15:22,1,Trappy Gilmore,516816,Sporting Life,https://www.sportinglife.com/greyhounds/racecards/2026-09-18/star-pelaw/racecard/516816
2026-09-18,Star Pelaw,15:22,2,Malibu Jota,516816,Sporting Life,https://www.sportinglife.com/greyhounds/racecards/2026-09-18/star-pelaw/racecard/516816
2026-09-18,Star Pelaw,15:22,3,Philipstown Tomo,516816,Sporting Life,https://www.sportinglife.com/greyhounds/racecards/2026-09-18/star-pelaw/racecard/516816
2026-09-18,Star Pelaw,15:22,5,Untold Franc,516816,Sporting Life,https://www.sportinglife.com/greyhounds/racecards/2026-09-18/star-pelaw/racecard/516816
2026-09-18,Star Pelaw,15:22,6,Come On Ginger,516816,Sporting Life,https://www.sportinglife.com/greyhounds/racecards/2026-09-18/star-pelaw/racecard/516816
2026-09-18,Star Pelaw,15:41,1,Millroad Rain,516817,Sporting Life,https://www.sportinglife.com/greyhounds/racecards/2026-09-18/star-pelaw/racecard/516817
2026-09-18,Star Pelaw,15:41,2,Prove It,516817,Sporting Life,https://www.sportinglife.com/greyhounds/racecards/2026-09-18/star-pelaw/racecard/516817
2026-09-18,Star Pelaw,15:41,3,Lucy Jay,516817,Sporting Life,https://www.sportinglife.com/greyhounds/racecards/2026-09-18/star-pelaw/racecard/516817
2026-09-18,Star Pelaw,15:41,4,Wheatsheaf Star,516817,Sporting Life,https://www.sportinglife.com/greyhounds/racecards/2026-09-18/star-pelaw/racecard/516817
2026-09-18,Star Pelaw,15:41,5,Fruity Bets,516817,Sporting Life,https://www.sportinglife.com/greyhounds/racecards/2026-09-18/star-pelaw/racecard/516817
2026-09-18,Star Pelaw,15:41,6,Luminous Busty,516817,Sporting Life,https://www.sportinglife.com/greyhounds/racecards/2026-09-18/star-pelaw/racecard/516817
2026-09-18,Star Pelaw,15:59,1,Hi Tyson,516818,Sporting Life,https://www.sportinglife.com/greyhounds/racecards/2026-09-18/star-pelaw/racecard/516818
2026-09-18,Star Pelaw,15:59,2,Loughside Roisin,516818,Sporting Life,https://www.sportinglife.com/greyhounds/racecards/2026-09-18/star-pelaw/racecard/516818
2026-09-18,Star Pelaw,15:59,4,Newyork Fitzy,516818,Sporting Life,https://www.sportinglife.com/greyhounds/racecards/2026-09-18/star-pelaw/racecard/516818
2026-09-18,Star Pelaw,15:59,5,Get Thumper,516818,Sporting Life,https://www.sportinglife.com/greyhounds/racecards/2026-09-18/star-pelaw/racecard/516818
2026-09-18,Star Pelaw,15:59,6,Dorotas Diamond,516818,Sporting Life,https://www.sportinglife.com/greyhounds/racecards/2026-09-18/star-pelaw/racecard/516818
2026-09-18,Star Pelaw,16:18,1,Listen Rascal,516819,Sporting Life,https://www.sportinglife.com/greyhounds/racecards/2026-09-18/star-pelaw/racecard/516819
2026-09-18,Star Pelaw,16:18,3,Jacktavern Remi,516819,Sporting Life,https://www.sportinglife.com/greyhounds/racecards/2026-09-18/star-pelaw/racecard/516819
2026-09-18,Star Pelaw,16:18,4,Funky Noodle,516819,Sporting Life,https://www.sportinglife.com/greyhounds/racecards/2026-09-18/star-pelaw/racecard/516819
2026-09-18,Star Pelaw,16:18,5,Santas Bugatti,516819,Sporting Life,https://www.sportinglife.com/greyhounds/racecards/2026-09-18/star-pelaw/racecard/516819
2026-09-18,Star Pelaw,16:18,6,Toonrlee,516819,Sporting Life,https://www.sportinglife.com/greyhounds/racecards/2026-09-18/star-pelaw/racecard/516819
2026-09-18,Star Pelaw,16:37,1,Freedom Ozark,516820,Sporting Life,https://www.sportinglife.com/greyhounds/racecards/2026-09-18/star-pelaw/racecard/516820
2026-09-18,Star Pelaw,16:37,2,Carrigmore Marlo,516820,Sporting Life,https://www.sportinglife.com/greyhounds/racecards/2026-09-18/star-pelaw/racecard/516820
2026-09-18,Star Pelaw,16:37,3,Cornforth Hero,516820,Sporting Life,https://www.sportinglife.com/greyhounds/racecards/2026-09-18/star-pelaw/racecard/516820
2026-09-18,Star Pelaw,16:37,4,Glenbowen Mabel,516820,Sporting Life,https://www.sportinglife.com/greyhounds/racecards/2026-09-18/star-pelaw/racecard/516820
2026-09-18,Star Pelaw,16:37,5,Cloheena Bully,516820,Sporting Life,https://www.sportinglife.com/greyhounds/racecards/2026-09-18/star-pelaw/racecard/516820
2026-09-18,Star Pelaw,16:37,6,Blackstone Dani,516820,Sporting Life,https://www.sportinglife.com/greyhounds/racecards/2026-09-18/star-pelaw/racecard/516820
2026-09-18,Sunderland,18:23,1,Bashful Pebbles,516702,Sporting Life,https://www.sportinglife.com/greyhounds/racecards/2026-09-18/sunderland/racecard/516702
2026-09-18,Sunderland,18:23,2,Fruity Pebbles,516702,Sporting Life,https://www.sportinglife.com/greyhounds/racecards/2026-09-18/sunderland/racecard/516702
2026-09-18,Sunderland,18:23,3,Westforth Calvin,516702,Sporting Life,https://www.sportinglife.com/greyhounds/racecards/2026-09-18/sunderland/racecard/516702
2026-09-18,Sunderland,18:23,4,Shelookslikefun,516702,Sporting Life,https://www.sportinglife.com/greyhounds/racecards/2026-09-18/sunderland/racecard/516702
2026-09-18,Sunderland,18:23,5,Stonepark Patsy,516702,Sporting Life,https://www.sportinglife.com/greyhounds/racecards/2026-09-18/sunderland/racecard/516702
2026-09-18,Sunderland,18:23,6,Ferndale Coola,516702,Sporting Life,https://www.sportinglife.com/greyhounds/racecards/2026-09-18/sunderland/racecard/516702
2026-09-18,Sunderland,18:43,1,Laurens Bruno,516703,Sporting Life,https://www.sportinglife.com/greyhounds/racecards/2026-09-18/sunderland/racecard/516703
2026-09-18,Sunderland,18:43,2,Done Done Done,516703,Sporting Life,https://www.sportinglife.com/greyhounds/racecards/2026-09-18/sunderland/racecard/516703
2026-09-18,Sunderland,18:43,4,Whitburnwarriors,516703,Sporting Life,https://www.sportinglife.com/greyhounds/racecards/2026-09-18/sunderland/racecard/516703
2026-09-18,Sunderland,18:43,5,Canavans Corner,516703,Sporting Life,https://www.sportinglife.com/greyhounds/racecards/2026-09-18/sunderland/racecard/516703
2026-09-18,Sunderland,18:43,6,Ozz Got It,516703,Sporting Life,https://www.sportinglife.com/greyhounds/racecards/2026-09-18/sunderland/racecard/516703
2026-09-18,Sunderland,19:03,1,Raha Shadow,516704,Sporting Life,https://www.sportinglife.com/greyhounds/racecards/2026-09-18/sunderland/racecard/516704
2026-09-18,Sunderland,19:03,2,Untold Kava,516704,Sporting Life,https://www.sportinglife.com/greyhounds/racecards/2026-09-18/sunderland/racecard/516704
2026-09-18,Sunderland,19:03,3,Hollyhill Tommy,516704,Sporting Life,https://www.sportinglife.com/greyhounds/racecards/2026-09-18/sunderland/racecard/516704
2026-09-18,Sunderland,19:03,4,Hollyhope Lilly,516704,Sporting Life,https://www.sportinglife.com/greyhounds/racecards/2026-09-18/sunderland/racecard/516704
2026-09-18,Sunderland,19:03,5,Elegant Shadow,516704,Sporting Life,https://www.sportinglife.com/greyhounds/racecards/2026-09-18/sunderland/racecard/516704
2026-09-18,Sunderland,19:03,6,Soapy Bubbles,516704,Sporting Life,https://www.sportinglife.com/greyhounds/racecards/2026-09-18/sunderland/racecard/516704
2026-09-18,Sunderland,19:23,1,Millhill May,516705,Sporting Life,https://www.sportinglife.com/greyhounds/racecards/2026-09-18/sunderland/racecard/516705
2026-09-18,Sunderland,19:23,2,Zenith Beauty,516705,Sporting Life,https://www.sportinglife.com/greyhounds/racecards/2026-09-18/sunderland/racecard/516705
2026-09-18,Sunderland,19:23,3,Droopys Sort,516705,Sporting Life,https://www.sportinglife.com/greyhounds/racecards/2026-09-18/sunderland/racecard/516705
2026-09-18,Sunderland,19:23,5,Droopys Link,516705,Sporting Life,https://www.sportinglife.com/greyhounds/racecards/2026-09-18/sunderland/racecard/516705
2026-09-18,Sunderland,19:23,6,Ballymac Shontae,516705,Sporting Life,https://www.sportinglife.com/greyhounds/racecards/2026-09-18/sunderland/racecard/516705
2026-09-18,Sunderland,19:43,1,Good Teddy,516706,Sporting Life,https://www.sportinglife.com/greyhounds/racecards/2026-09-18/sunderland/racecard/516706
2026-09-18,Sunderland,19:43,2,Anglesey Exile,516706,Sporting Life,https://www.sportinglife.com/greyhounds/racecards/2026-09-18/sunderland/racecard/516706
2026-09-18,Sunderland,19:43,3,Bockos Buster,516706,Sporting Life,https://www.sportinglife.com/greyhounds/racecards/2026-09-18/sunderland/racecard/516706
2026-09-18,Sunderland,19:43,5,Mossend Brute,516706,Sporting Life,https://www.sportinglife.com/greyhounds/racecards/2026-09-18/sunderland/racecard/516706
2026-09-18,Sunderland,19:43,6,Hollyhill King,516706,Sporting Life,https://www.sportinglife.com/greyhounds/racecards/2026-09-18/sunderland/racecard/516706
2026-09-18,Sunderland,20:03,1,Strike It Freya,516707,Sporting Life,https://www.sportinglife.com/greyhounds/racecards/2026-09-18/sunderland/racecard/516707
2026-09-18,Sunderland,20:03,2,Swift Tear,516707,Sporting Life,https://www.sportinglife.com/greyhounds/racecards/2026-09-18/sunderland/racecard/516707
2026-09-18,Sunderland,20:03,3,Please Nancy,516707,Sporting Life,https://www.sportinglife.com/greyhounds/racecards/2026-09-18/sunderland/racecard/516707
2026-09-18,Sunderland,20:03,4,Leos Loki,516707,Sporting Life,https://www.sportinglife.com/greyhounds/racecards/2026-09-18/sunderland/racecard/516707
2026-09-18,Sunderland,20:03,5,Amidus Call,516707,Sporting Life,https://www.sportinglife.com/greyhounds/racecards/2026-09-18/sunderland/racecard/516707
2026-09-18,Sunderland,20:03,6,Hot Sully,516707,Sporting Life,https://www.sportinglife.com/greyhounds/racecards/2026-09-18/sunderland/racecard/516707
2026-09-18,Sunderland,20:23,1,Vialli,516708,Sporting Life,https://www.sportinglife.com/greyhounds/racecards/2026-09-18/sunderland/racecard/516708
2026-09-18,Sunderland,20:23,2,Illnotbedown,516708,Sporting Life,https://www.sportinglife.com/greyhounds/racecards/2026-09-18/sunderland/racecard/516708
2026-09-18,Sunderland,20:23,3,Kilshenane Diva,516708,Sporting Life,https://www.sportinglife.com/greyhounds/racecards/2026-09-18/sunderland/racecard/516708
2026-09-18,Sunderland,20:23,4,Innfield Bucko,516708,Sporting Life,https://www.sportinglife.com/greyhounds/racecards/2026-09-18/sunderland/racecard/516708
2026-09-18,Sunderland,20:23,5,Shalefield Cunha,516708,Sporting Life,https://www.sportinglife.com/greyhounds/racecards/2026-09-18/sunderland/racecard/516708
2026-09-18,Sunderland,20:23,6,Little Pretender,516708,Sporting Life,https://www.sportinglife.com/greyhounds/racecards/2026-09-18/sunderland/racecard/516708
2026-09-18,Sunderland,20:43,1,Coppice Saphire,516709,Sporting Life,https://www.sportinglife.com/greyhounds/racecards/2026-09-18/sunderland/racecard/516709
2026-09-18,Sunderland,20:43,2,Links Jester,516709,Sporting Life,https://www.sportinglife.com/greyhounds/racecards/2026-09-18/sunderland/racecard/516709
2026-09-18,Sunderland,20:43,3,Ballymac Buddy,516709,Sporting Life,https://www.sportinglife.com/greyhounds/racecards/2026-09-18/sunderland/racecard/516709
2026-09-18,Sunderland,20:43,4,Trooper Trippett,516709,Sporting Life,https://www.sportinglife.com/greyhounds/racecards/2026-09-18/sunderland/racecard/516709
2026-09-18,Sunderland,20:43,5,Born Scooby,516709,Sporting Life,https://www.sportinglife.com/greyhounds/racecards/2026-09-18/sunderland/racecard/516709
2026-09-18,Sunderland,20:43,6,Taylor The Best,516709,Sporting Life,https://www.sportinglife.com/greyhounds/racecards/2026-09-18/sunderland/racecard/516709
2026-09-18,Sunderland,21:03,1,Watermill Emara,516710,Sporting Life,https://www.sportinglife.com/greyhounds/racecards/2026-09-18/sunderland/racecard/516710
2026-09-18,Sunderland,21:03,2,Charge It,516710,Sporting Life,https://www.sportinglife.com/greyhounds/racecards/2026-09-18/sunderland/racecard/516710
2026-09-18,Sunderland,21:03,3,Marinas Ivory,516710,Sporting Life,https://www.sportinglife.com/greyhounds/racecards/2026-09-18/sunderland/racecard/516710
2026-09-18,Sunderland,21:03,4,Watermill Mya,516710,Sporting Life,https://www.sportinglife.com/greyhounds/racecards/2026-09-18/sunderland/racecard/516710
2026-09-18,Sunderland,21:03,5,Moyvane Alice,516710,Sporting Life,https://www.sportinglife.com/greyhounds/racecards/2026-09-18/sunderland/racecard/516710
2026-09-18,Sunderland,21:03,6,Brenval Tommy,516710,Sporting Life,https://www.sportinglife.com/greyhounds/racecards/2026-09-18/sunderland/racecard/516710
2026-09-18,Sunderland,21:23,1,Lacken Fun,516711,Sporting Life,https://www.sportinglife.com/greyhounds/racecards/2026-09-18/sunderland/racecard/516711
2026-09-18,Sunderland,21:23,2,Lostrigg Buck,516711,Sporting Life,https://www.sportinglife.com/greyhounds/racecards/2026-09-18/sunderland/racecard/516711
2026-09-18,Sunderland,21:23,3,Ballyhimikin Ivy,516711,Sporting Life,https://www.sportinglife.com/greyhounds/racecards/2026-09-18/sunderland/racecard/516711
2026-09-18,Sunderland,21:23,4,Kerabellec Delph,516711,Sporting Life,https://www.sportinglife.com/greyhounds/racecards/2026-09-18/sunderland/racecard/516711
2026-09-18,Sunderland,21:23,5,Gallant Queen,516711,Sporting Life,https://www.sportinglife.com/greyhounds/racecards/2026-09-18/sunderland/racecard/516711
2026-09-18,Sunderland,21:23,6,Westforth Avayla,516711,Sporting Life,https://www.sportinglife.com/greyhounds/racecards/2026-09-18/sunderland/racecard/516711
2026-09-18,Sunderland,21:43,1,Swift Neutral,516712,Sporting Life,https://www.sportinglife.com/greyhounds/racecards/2026-09-18/sunderland/racecard/516712
2026-09-18,Sunderland,21:43,2,Kerrylane Ivy,516712,Sporting Life,https://www.sportinglife.com/greyhounds/racecards/2026-09-18/sunderland/racecard/516712
2026-09-18,Sunderland,21:43,3,Burnpark Pheonix,516712,Sporting Life,https://www.sportinglife.com/greyhounds/racecards/2026-09-18/sunderland/racecard/516712
2026-09-18,Sunderland,21:43,4,Kilteely Glory,516712,Sporting Life,https://www.sportinglife.com/greyhounds/racecards/2026-09-18/sunderland/racecard/516712
2026-09-18,Sunderland,21:43,5,Dromulton Dream,516712,Sporting Life,https://www.sportinglife.com/greyhounds/racecards/2026-09-18/sunderland/racecard/516712
2026-09-18,Sunderland,21:43,6,Stormy Shelby,516712,Sporting Life,https://www.sportinglife.com/greyhounds/racecards/2026-09-18/sunderland/racecard/516712
2026-09-18,Sunderland,22:03,1,Balmoral Lucy,516713,Sporting Life,https://www.sportinglife.com/greyhounds/racecards/2026-09-18/sunderland/racecard/516713
2026-09-18,Sunderland,22:03,2,Tip Top Flash,516713,Sporting Life,https://www.sportinglife.com/greyhounds/racecards/2026-09-18/sunderland/racecard/516713
2026-09-18,Sunderland,22:03,3,Up From Eskragh,516713,Sporting Life,https://www.sportinglife.com/greyhounds/racecards/2026-09-18/sunderland/racecard/516713
2026-09-18,Sunderland,22:03,4,Bathams Panther,516713,Sporting Life,https://www.sportinglife.com/greyhounds/racecards/2026-09-18/sunderland/racecard/516713
2026-09-18,Sunderland,22:03,5,Kanturk Got It,516713,Sporting Life,https://www.sportinglife.com/greyhounds/racecards/2026-09-18/sunderland/racecard/516713
2026-09-18,Sunderland,22:03,6,Vegas Kemosabe,516713,Sporting Life,https://www.sportinglife.com/greyhounds/racecards/2026-09-18/sunderland/racecard/516713
2026-09-18,Towcester,14:23,1,Ballymac Indo,516788,Sporting Life,https://www.sportinglife.com/greyhounds/racecards/2026-09-18/towcester/racecard/516788
2026-09-18,Towcester,14:23,2,Classic Waltz,516788,Sporting Life,https://www.sportinglife.com/greyhounds/racecards/2026-09-18/towcester/racecard/516788
2026-09-18,Towcester,14:23,3,Bridgestreet Ali,516788,Sporting Life,https://www.sportinglife.com/greyhounds/racecards/2026-09-18/towcester/racecard/516788
2026-09-18,Towcester,14:23,4,Westwind Ron,516788,Sporting Life,https://www.sportinglife.com/greyhounds/racecards/2026-09-18/towcester/racecard/516788
2026-09-18,Towcester,14:23,5,Unknown Path,516788,Sporting Life,https://www.sportinglife.com/greyhounds/racecards/2026-09-18/towcester/racecard/516788
2026-09-18,Towcester,14:23,6,Cragbrien Fire,516788,Sporting Life,https://www.sportinglife.com/greyhounds/racecards/2026-09-18/towcester/racecard/516788
2026-09-18,Towcester,14:41,1,Ballyquinsheldon,516789,Sporting Life,https://www.sportinglife.com/greyhounds/racecards/2026-09-18/towcester/racecard/516789
2026-09-18,Towcester,14:41,2,Contempt,516789,Sporting Life,https://www.sportinglife.com/greyhounds/racecards/2026-09-18/towcester/racecard/516789
2026-09-18,Towcester,14:41,3,Greencroft Rico,516789,Sporting Life,https://www.sportinglife.com/greyhounds/racecards/2026-09-18/towcester/racecard/516789
2026-09-18,Towcester,14:41,4,Noirs Bono,516789,Sporting Life,https://www.sportinglife.com/greyhounds/racecards/2026-09-18/towcester/racecard/516789
2026-09-18,Towcester,14:41,5,Coolavanny Steve,516789,Sporting Life,https://www.sportinglife.com/greyhounds/racecards/2026-09-18/towcester/racecard/516789
2026-09-18,Towcester,14:41,6,Tommys Poncho,516789,Sporting Life,https://www.sportinglife.com/greyhounds/racecards/2026-09-18/towcester/racecard/516789
2026-09-18,Towcester,15:01,1,Parties Choice,516790,Sporting Life,https://www.sportinglife.com/greyhounds/racecards/2026-09-18/towcester/racecard/516790
2026-09-18,Towcester,15:01,2,Fabulous Miley,516790,Sporting Life,https://www.sportinglife.com/greyhounds/racecards/2026-09-18/towcester/racecard/516790
2026-09-18,Towcester,15:01,3,Longcroft Prince,516790,Sporting Life,https://www.sportinglife.com/greyhounds/racecards/2026-09-18/towcester/racecard/516790
2026-09-18,Towcester,15:01,4,Vinegarhill Luna,516790,Sporting Life,https://www.sportinglife.com/greyhounds/racecards/2026-09-18/towcester/racecard/516790
2026-09-18,Towcester,15:01,5,Catunda Stella,516790,Sporting Life,https://www.sportinglife.com/greyhounds/racecards/2026-09-18/towcester/racecard/516790
2026-09-18,Towcester,15:01,6,Fifis Lad,516790,Sporting Life,https://www.sportinglife.com/greyhounds/racecards/2026-09-18/towcester/racecard/516790
2026-09-18,Towcester,15:19,1,Trapstyle Toucan,516791,Sporting Life,https://www.sportinglife.com/greyhounds/racecards/2026-09-18/towcester/racecard/516791
2026-09-18,Towcester,15:19,2,Ballymac Chai,516791,Sporting Life,https://www.sportinglife.com/greyhounds/racecards/2026-09-18/towcester/racecard/516791
2026-09-18,Towcester,15:19,3,Gwyn Boss,516791,Sporting Life,https://www.sportinglife.com/greyhounds/racecards/2026-09-18/towcester/racecard/516791
2026-09-18,Towcester,15:19,4,Eagles Kraken,516791,Sporting Life,https://www.sportinglife.com/greyhounds/racecards/2026-09-18/towcester/racecard/516791
2026-09-18,Towcester,15:19,5,Cushie Seamie,516791,Sporting Life,https://www.sportinglife.com/greyhounds/racecards/2026-09-18/towcester/racecard/516791
2026-09-18,Towcester,15:19,6,Rapido Aria,516791,Sporting Life,https://www.sportinglife.com/greyhounds/racecards/2026-09-18/towcester/racecard/516791
2026-09-18,Towcester,15:38,1,Jackies Hero,516792,Sporting Life,https://www.sportinglife.com/greyhounds/racecards/2026-09-18/towcester/racecard/516792
2026-09-18,Towcester,15:38,2,Likely Lady,516792,Sporting Life,https://www.sportinglife.com/greyhounds/racecards/2026-09-18/towcester/racecard/516792
2026-09-18,Towcester,15:38,3,Forest Leann,516792,Sporting Life,https://www.sportinglife.com/greyhounds/racecards/2026-09-18/towcester/racecard/516792
2026-09-18,Towcester,15:38,4,Greencroft Ice,516792,Sporting Life,https://www.sportinglife.com/greyhounds/racecards/2026-09-18/towcester/racecard/516792
2026-09-18,Towcester,15:38,5,Holmleigh Gill,516792,Sporting Life,https://www.sportinglife.com/greyhounds/racecards/2026-09-18/towcester/racecard/516792
2026-09-18,Towcester,15:38,6,Cockneyloudmouth,516792,Sporting Life,https://www.sportinglife.com/greyhounds/racecards/2026-09-18/towcester/racecard/516792
2026-09-18,Towcester,15:57,1,Quivers Bucks,516793,Sporting Life,https://www.sportinglife.com/greyhounds/racecards/2026-09-18/towcester/racecard/516793
2026-09-18,Towcester,15:57,2,Melbury Rocket,516793,Sporting Life,https://www.sportinglife.com/greyhounds/racecards/2026-09-18/towcester/racecard/516793
2026-09-18,Towcester,15:57,3,Highview Conor,516793,Sporting Life,https://www.sportinglife.com/greyhounds/racecards/2026-09-18/towcester/racecard/516793
2026-09-18,Towcester,15:57,4,Bambis Miss,516793,Sporting Life,https://www.sportinglife.com/greyhounds/racecards/2026-09-18/towcester/racecard/516793
2026-09-18,Towcester,15:57,5,Fabulous Giulia,516793,Sporting Life,https://www.sportinglife.com/greyhounds/racecards/2026-09-18/towcester/racecard/516793
2026-09-18,Towcester,15:57,6,Makeit Eddie,516793,Sporting Life,https://www.sportinglife.com/greyhounds/racecards/2026-09-18/towcester/racecard/516793
2026-09-18,Towcester,16:16,1,Makeit Sheila,516794,Sporting Life,https://www.sportinglife.com/greyhounds/racecards/2026-09-18/towcester/racecard/516794
2026-09-18,Towcester,16:16,2,Rallying Echo,516794,Sporting Life,https://www.sportinglife.com/greyhounds/racecards/2026-09-18/towcester/racecard/516794
2026-09-18,Towcester,16:16,3,Romantic Bingo,516794,Sporting Life,https://www.sportinglife.com/greyhounds/racecards/2026-09-18/towcester/racecard/516794
2026-09-18,Towcester,16:16,4,Longcroft Ant,516794,Sporting Life,https://www.sportinglife.com/greyhounds/racecards/2026-09-18/towcester/racecard/516794
2026-09-18,Towcester,16:16,5,Ducleagh,516794,Sporting Life,https://www.sportinglife.com/greyhounds/racecards/2026-09-18/towcester/racecard/516794
2026-09-18,Towcester,16:16,6,Frankton Poppy,516794,Sporting Life,https://www.sportinglife.com/greyhounds/racecards/2026-09-18/towcester/racecard/516794
2026-09-18,Towcester,16:34,1,Wessex Duchess,516795,Sporting Life,https://www.sportinglife.com/greyhounds/racecards/2026-09-18/towcester/racecard/516795
2026-09-18,Towcester,16:34,2,Junior Flores,516795,Sporting Life,https://www.sportinglife.com/greyhounds/racecards/2026-09-18/towcester/racecard/516795
2026-09-18,Towcester,16:34,3,Blue Robin,516795,Sporting Life,https://www.sportinglife.com/greyhounds/racecards/2026-09-18/towcester/racecard/516795
2026-09-18,Towcester,16:34,4,Ardera Ella,516795,Sporting Life,https://www.sportinglife.com/greyhounds/racecards/2026-09-18/towcester/racecard/516795
2026-09-18,Towcester,16:34,5,Savana Florida,516795,Sporting Life,https://www.sportinglife.com/greyhounds/racecards/2026-09-18/towcester/racecard/516795
2026-09-18,Towcester,16:34,6,Onthemissinglist,516795,Sporting Life,https://www.sportinglife.com/greyhounds/racecards/2026-09-18/towcester/racecard/516795
2026-09-18,Towcester,16:53,1,Makeit Power,516796,Sporting Life,https://www.sportinglife.com/greyhounds/racecards/2026-09-18/towcester/racecard/516796
2026-09-18,Towcester,16:53,2,Trapstyle Egg,516796,Sporting Life,https://www.sportinglife.com/greyhounds/racecards/2026-09-18/towcester/racecard/516796
2026-09-18,Towcester,16:53,3,Holmleigh Hailey,516796,Sporting Life,https://www.sportinglife.com/greyhounds/racecards/2026-09-18/towcester/racecard/516796
2026-09-18,Towcester,16:53,4,Amka Ember,516796,Sporting Life,https://www.sportinglife.com/greyhounds/racecards/2026-09-18/towcester/racecard/516796
2026-09-18,Towcester,16:53,5,Makeit Juice,516796,Sporting Life,https://www.sportinglife.com/greyhounds/racecards/2026-09-18/towcester/racecard/516796
2026-09-18,Towcester,16:53,6,Young Sheldon,516796,Sporting Life,https://www.sportinglife.com/greyhounds/racecards/2026-09-18/towcester/racecard/516796
2026-09-18,Towcester,17:12,1,Fabulous Trick,516797,Sporting Life,https://www.sportinglife.com/greyhounds/racecards/2026-09-18/towcester/racecard/516797
2026-09-18,Towcester,17:12,2,Trapstyle Bluey,516797,Sporting Life,https://www.sportinglife.com/greyhounds/racecards/2026-09-18/towcester/racecard/516797
2026-09-18,Towcester,17:12,3,Limerick Boy,516797,Sporting Life,https://www.sportinglife.com/greyhounds/racecards/2026-09-18/towcester/racecard/516797
2026-09-18,Towcester,17:12,4,Fabulous Islay,516797,Sporting Life,https://www.sportinglife.com/greyhounds/racecards/2026-09-18/towcester/racecard/516797
2026-09-18,Towcester,17:12,5,Frankton Daisy,516797,Sporting Life,https://www.sportinglife.com/greyhounds/racecards/2026-09-18/towcester/racecard/516797
2026-09-18,Towcester,17:31,1,Choices Bev,516798,Sporting Life,https://www.sportinglife.com/greyhounds/racecards/2026-09-18/towcester/racecard/516798
2026-09-18,Towcester,17:31,2,Aunty Flo,516798,Sporting Life,https://www.sportinglife.com/greyhounds/racecards/2026-09-18/towcester/racecard/516798
2026-09-18,Towcester,17:31,3,Dreamin Madge,516798,Sporting Life,https://www.sportinglife.com/greyhounds/racecards/2026-09-18/towcester/racecard/516798
2026-09-18,Towcester,17:31,4,Greencroft Blaze,516798,Sporting Life,https://www.sportinglife.com/greyhounds/racecards/2026-09-18/towcester/racecard/516798
2026-09-18,Towcester,17:31,5,Swift One,516798,Sporting Life,https://www.sportinglife.com/greyhounds/racecards/2026-09-18/towcester/racecard/516798
2026-09-18,Towcester,17:31,6,Dark Lady,516798,Sporting Life,https://www.sportinglife.com/greyhounds/racecards/2026-09-18/towcester/racecard/516798
2026-09-18,Towcester,17:49,1,Makeit Myella,516799,Sporting Life,https://www.sportinglife.com/greyhounds/racecards/2026-09-18/towcester/racecard/516799
2026-09-18,Towcester,17:49,2,Unknown Tulip,516799,Sporting Life,https://www.sportinglife.com/greyhounds/racecards/2026-09-18/towcester/racecard/516799
2026-09-18,Towcester,17:49,3,Footfield Mouse,516799,Sporting Life,https://www.sportinglife.com/greyhounds/racecards/2026-09-18/towcester/racecard/516799
2026-09-18,Towcester,17:49,4,Daleroad Adeleke,516799,Sporting Life,https://www.sportinglife.com/greyhounds/racecards/2026-09-18/towcester/racecard/516799
2026-09-18,Towcester,17:49,5,Ballycleary Java,516799,Sporting Life,https://www.sportinglife.com/greyhounds/racecards/2026-09-18/towcester/racecard/516799
2026-09-18,Towcester,17:49,6,Trapstyle Sneezy,516799,Sporting Life,https://www.sportinglife.com/greyhounds/racecards/2026-09-18/towcester/racecard/516799
