date,track,race_time,runner_number,dog_name,race_id,source,race_url
2026-09-04,Central Park,11:09,1,Seals Beauty,514992,Sporting Life,https://www.sportinglife.com/greyhounds/racecards/2026-09-04/central-park/racecard/514992
2026-09-04,Central Park,11:09,2,Russmur Dancer,514992,Sporting Life,https://www.sportinglife.com/greyhounds/racecards/2026-09-04/central-park/racecard/514992
2026-09-04,Central Park,11:09,3,Hollyoak Cindy,514992,Sporting Life,https://www.sportinglife.com/greyhounds/racecards/2026-09-04/central-park/racecard/514992
2026-09-04,Central Park,11:09,4,Silver Medal,514992,Sporting Life,https://www.sportinglife.com/greyhounds/racecards/2026-09-04/central-park/racecard/514992
2026-09-04,Central Park,11:09,5,Lindas Rocket,514992,Sporting Life,https://www.sportinglife.com/greyhounds/racecards/2026-09-04/central-park/racecard/514992
2026-09-04,Central Park,11:09,6,Earls Rosie,514992,Sporting Life,https://www.sportinglife.com/greyhounds/racecards/2026-09-04/central-park/racecard/514992
2026-09-04,Central Park,11:27,1,Pulleen Misty,514993,Sporting Life,https://www.sportinglife.com/greyhounds/racecards/2026-09-04/central-park/racecard/514993
2026-09-04,Central Park,11:27,2,Hollyoak Siobhan,514993,Sporting Life,https://www.sportinglife.com/greyhounds/racecards/2026-09-04/central-park/racecard/514993
2026-09-04,Central Park,11:27,3,Shadow Warrior,514993,Sporting Life,https://www.sportinglife.com/greyhounds/racecards/2026-09-04/central-park/racecard/514993
2026-09-04,Central Park,11:27,4,Relevance,514993,Sporting Life,https://www.sportinglife.com/greyhounds/racecards/2026-09-04/central-park/racecard/514993
2026-09-04,Central Park,11:27,5,Harlequin Missy,514993,Sporting Life,https://www.sportinglife.com/greyhounds/racecards/2026-09-04/central-park/racecard/514993
2026-09-04,Central Park,11:43,1,Harlequin Upbeat,514994,Sporting Life,https://www.sportinglife.com/greyhounds/racecards/2026-09-04/central-park/racecard/514994
2026-09-04,Central Park,11:43,2,Droopys Package,514994,Sporting Life,https://www.sportinglife.com/greyhounds/racecards/2026-09-04/central-park/racecard/514994
2026-09-04,Central Park,11:43,3,Millbank Jasmine,514994,Sporting Life,https://www.sportinglife.com/greyhounds/racecards/2026-09-04/central-park/racecard/514994
2026-09-04,Central Park,11:43,5,Ballydoyle Megan,514994,Sporting Life,https://www.sportinglife.com/greyhounds/racecards/2026-09-04/central-park/racecard/514994
2026-09-04,Central Park,11:43,6,Devon Dolly,514994,Sporting Life,https://www.sportinglife.com/greyhounds/racecards/2026-09-04/central-park/racecard/514994
2026-09-04,Central Park,12:01,1,Eire Beetle,514995,Sporting Life,https://www.sportinglife.com/greyhounds/racecards/2026-09-04/central-park/racecard/514995
2026-09-04,Central Park,12:01,2,Hollyoak Mercury,514995,Sporting Life,https://www.sportinglife.com/greyhounds/racecards/2026-09-04/central-park/racecard/514995
2026-09-04,Central Park,12:01,3,Montana Lady,514995,Sporting Life,https://www.sportinglife.com/greyhounds/racecards/2026-09-04/central-park/racecard/514995
2026-09-04,Central Park,12:01,4,Kajoruns Sid,514995,Sporting Life,https://www.sportinglife.com/greyhounds/racecards/2026-09-04/central-park/racecard/514995
2026-09-04,Central Park,12:01,5,Kajoruns Bert,514995,Sporting Life,https://www.sportinglife.com/greyhounds/racecards/2026-09-04/central-park/racecard/514995
2026-09-04,Central Park,12:18,2,Swift Vacation,514996,Sporting Life,https://www.sportinglife.com/greyhounds/racecards/2026-09-04/central-park/racecard/514996
2026-09-04,Central Park,12:18,3,Hot Jackie,514996,Sporting Life,https://www.sportinglife.com/greyhounds/racecards/2026-09-04/central-park/racecard/514996
2026-09-04,Central Park,12:18,4,Emjay Flyer,514996,Sporting Life,https://www.sportinglife.com/greyhounds/racecards/2026-09-04/central-park/racecard/514996
2026-09-04,Central Park,12:18,5,Rossa Annie,514996,Sporting Life,https://www.sportinglife.com/greyhounds/racecards/2026-09-04/central-park/racecard/514996
2026-09-04,Central Park,12:18,6,Blazeaway Noir,514996,Sporting Life,https://www.sportinglife.com/greyhounds/racecards/2026-09-04/central-park/racecard/514996
2026-09-04,Central Park,12:34,1,Eire Bullet,514997,Sporting Life,https://www.sportinglife.com/greyhounds/racecards/2026-09-04/central-park/racecard/514997
2026-09-04,Central Park,12:34,2,Abbodabbo Emma,514997,Sporting Life,https://www.sportinglife.com/greyhounds/racecards/2026-09-04/central-park/racecard/514997
2026-09-04,Central Park,12:34,3,Hollyoak Poppet,514997,Sporting Life,https://www.sportinglife.com/greyhounds/racecards/2026-09-04/central-park/racecard/514997
2026-09-04,Central Park,12:34,4,Montana Faithful,514997,Sporting Life,https://www.sportinglife.com/greyhounds/racecards/2026-09-04/central-park/racecard/514997
2026-09-04,Central Park,12:34,5,Beach Party,514997,Sporting Life,https://www.sportinglife.com/greyhounds/racecards/2026-09-04/central-park/racecard/514997
2026-09-04,Central Park,12:51,1,Light Blossom,514998,Sporting Life,https://www.sportinglife.com/greyhounds/racecards/2026-09-04/central-park/racecard/514998
2026-09-04,Central Park,12:51,2,Swift Yap,514998,Sporting Life,https://www.sportinglife.com/greyhounds/racecards/2026-09-04/central-park/racecard/514998
2026-09-04,Central Park,12:51,3,Hollyoak Odyssey,514998,Sporting Life,https://www.sportinglife.com/greyhounds/racecards/2026-09-04/central-park/racecard/514998
2026-09-04,Central Park,12:51,4,Samrose Jet,514998,Sporting Life,https://www.sportinglife.com/greyhounds/racecards/2026-09-04/central-park/racecard/514998
2026-09-04,Central Park,12:51,5,Darley Devaletta,514998,Sporting Life,https://www.sportinglife.com/greyhounds/racecards/2026-09-04/central-park/racecard/514998
2026-09-04,Central Park,12:51,6,Classic Orla,514998,Sporting Life,https://www.sportinglife.com/greyhounds/racecards/2026-09-04/central-park/racecard/514998
2026-09-04,Central Park,13:08,1,Devonshire Lad,514999,Sporting Life,https://www.sportinglife.com/greyhounds/racecards/2026-09-04/central-park/racecard/514999
2026-09-04,Central Park,13:08,2,Beach Bar,514999,Sporting Life,https://www.sportinglife.com/greyhounds/racecards/2026-09-04/central-park/racecard/514999
2026-09-04,Central Park,13:08,3,Westwood Betty,514999,Sporting Life,https://www.sportinglife.com/greyhounds/racecards/2026-09-04/central-park/racecard/514999
2026-09-04,Central Park,13:08,4,Earls Ruby,514999,Sporting Life,https://www.sportinglife.com/greyhounds/racecards/2026-09-04/central-park/racecard/514999
2026-09-04,Central Park,13:08,5,Swift Bree,514999,Sporting Life,https://www.sportinglife.com/greyhounds/racecards/2026-09-04/central-park/racecard/514999
2026-09-04,Central Park,13:08,6,Hardy Gringo,514999,Sporting Life,https://www.sportinglife.com/greyhounds/racecards/2026-09-04/central-park/racecard/514999
2026-09-04,Central Park,13:26,1,Ravestock Buck,515000,Sporting Life,https://www.sportinglife.com/greyhounds/racecards/2026-09-04/central-park/racecard/515000
2026-09-04,Central Park,13:26,3,Pearces Bluebell,515000,Sporting Life,https://www.sportinglife.com/greyhounds/racecards/2026-09-04/central-park/racecard/515000
2026-09-04,Central Park,13:26,4,Ivy Hill Angel,515000,Sporting Life,https://www.sportinglife.com/greyhounds/racecards/2026-09-04/central-park/racecard/515000
2026-09-04,Central Park,13:26,5,Blastoff Sony,515000,Sporting Life,https://www.sportinglife.com/greyhounds/racecards/2026-09-04/central-park/racecard/515000
2026-09-04,Central Park,13:26,6,Hollyoak Speedy,515000,Sporting Life,https://www.sportinglife.com/greyhounds/racecards/2026-09-04/central-park/racecard/515000
2026-09-04,Central Park,13:42,2,Sterling Lady,515001,Sporting Life,https://www.sportinglife.com/greyhounds/racecards/2026-09-04/central-park/racecard/515001
2026-09-04,Central Park,13:42,3,Hollyoak Lisa,515001,Sporting Life,https://www.sportinglife.com/greyhounds/racecards/2026-09-04/central-park/racecard/515001
2026-09-04,Central Park,13:42,4,Beach Body,515001,Sporting Life,https://www.sportinglife.com/greyhounds/racecards/2026-09-04/central-park/racecard/515001
2026-09-04,Central Park,13:42,5,Swift Quail,515001,Sporting Life,https://www.sportinglife.com/greyhounds/racecards/2026-09-04/central-park/racecard/515001
2026-09-04,Central Park,13:42,6,Beach Hussler,515001,Sporting Life,https://www.sportinglife.com/greyhounds/racecards/2026-09-04/central-park/racecard/515001
2026-09-04,Central Park,13:59,1,Dunbolg Stream,515002,Sporting Life,https://www.sportinglife.com/greyhounds/racecards/2026-09-04/central-park/racecard/515002
2026-09-04,Central Park,13:59,2,Hollyoak Cleo,515002,Sporting Life,https://www.sportinglife.com/greyhounds/racecards/2026-09-04/central-park/racecard/515002
2026-09-04,Central Park,13:59,3,Hollyoak Sophia,515002,Sporting Life,https://www.sportinglife.com/greyhounds/racecards/2026-09-04/central-park/racecard/515002
2026-09-04,Central Park,13:59,4,Ebony Trend,515002,Sporting Life,https://www.sportinglife.com/greyhounds/racecards/2026-09-04/central-park/racecard/515002
2026-09-04,Central Park,13:59,5,Marinas Bubble,515002,Sporting Life,https://www.sportinglife.com/greyhounds/racecards/2026-09-04/central-park/racecard/515002
2026-09-04,Central Park,13:59,6,Beach Spot,515002,Sporting Life,https://www.sportinglife.com/greyhounds/racecards/2026-09-04/central-park/racecard/515002
2026-09-04,Central Park,14:14,1,Tommys Goldstar,515003,Sporting Life,https://www.sportinglife.com/greyhounds/racecards/2026-09-04/central-park/racecard/515003
2026-09-04,Central Park,14:14,2,Frankton Flame,515003,Sporting Life,https://www.sportinglife.com/greyhounds/racecards/2026-09-04/central-park/racecard/515003
2026-09-04,Central Park,14:14,3,Yellow Submarine,515003,Sporting Life,https://www.sportinglife.com/greyhounds/racecards/2026-09-04/central-park/racecard/515003
2026-09-04,Central Park,14:14,4,Hollyhill Patsy,515003,Sporting Life,https://www.sportinglife.com/greyhounds/racecards/2026-09-04/central-park/racecard/515003
2026-09-04,Central Park,14:14,6,Rockmount Rosie,515003,Sporting Life,https://www.sportinglife.com/greyhounds/racecards/2026-09-04/central-park/racecard/515003
2026-09-04,Harlow,10:32,1,Be The Key,514953,Sporting Life,https://www.sportinglife.com/greyhounds/racecards/2026-09-04/harlow/racecard/514953
2026-09-04,Harlow,10:32,2,Havana Belle,514953,Sporting Life,https://www.sportinglife.com/greyhounds/racecards/2026-09-04/harlow/racecard/514953
2026-09-04,Harlow,10:32,3,Mykindaguy,514953,Sporting Life,https://www.sportinglife.com/greyhounds/racecards/2026-09-04/harlow/racecard/514953
2026-09-04,Harlow,10:32,4,Crying Jonesy,514953,Sporting Life,https://www.sportinglife.com/greyhounds/racecards/2026-09-04/harlow/racecard/514953
2026-09-04,Harlow,10:32,5,Kiskillo,514953,Sporting Life,https://www.sportinglife.com/greyhounds/racecards/2026-09-04/harlow/racecard/514953
2026-09-04,Harlow,10:32,6,Fenview Taylor,514953,Sporting Life,https://www.sportinglife.com/greyhounds/racecards/2026-09-04/harlow/racecard/514953
2026-09-04,Harlow,10:48,1,Flattotheboards,514954,Sporting Life,https://www.sportinglife.com/greyhounds/racecards/2026-09-04/harlow/racecard/514954
2026-09-04,Harlow,10:48,2,Rhombus Lass,514954,Sporting Life,https://www.sportinglife.com/greyhounds/racecards/2026-09-04/harlow/racecard/514954
2026-09-04,Harlow,10:48,3,Edanmount Lady,514954,Sporting Life,https://www.sportinglife.com/greyhounds/racecards/2026-09-04/harlow/racecard/514954
2026-09-04,Harlow,10:48,4,Moaning Tini,514954,Sporting Life,https://www.sportinglife.com/greyhounds/racecards/2026-09-04/harlow/racecard/514954
2026-09-04,Harlow,10:48,5,Sallins Flyer,514954,Sporting Life,https://www.sportinglife.com/greyhounds/racecards/2026-09-04/harlow/racecard/514954
2026-09-04,Harlow,10:48,6,Kilbobbin Benny,514954,Sporting Life,https://www.sportinglife.com/greyhounds/racecards/2026-09-04/harlow/racecard/514954
2026-09-04,Harlow,11:04,1,Cofam Girl,514955,Sporting Life,https://www.sportinglife.com/greyhounds/racecards/2026-09-04/harlow/racecard/514955
2026-09-04,Harlow,11:04,2,Lye In Wait,514955,Sporting Life,https://www.sportinglife.com/greyhounds/racecards/2026-09-04/harlow/racecard/514955
2026-09-04,Harlow,11:04,3,Scarlett Galaxy,514955,Sporting Life,https://www.sportinglife.com/greyhounds/racecards/2026-09-04/harlow/racecard/514955
2026-09-04,Harlow,11:04,4,Tiermana Sally,514955,Sporting Life,https://www.sportinglife.com/greyhounds/racecards/2026-09-04/harlow/racecard/514955
2026-09-04,Harlow,11:04,6,Salems Mickey,514955,Sporting Life,https://www.sportinglife.com/greyhounds/racecards/2026-09-04/harlow/racecard/514955
2026-09-04,Harlow,11:21,1,Soldeu,514956,Sporting Life,https://www.sportinglife.com/greyhounds/racecards/2026-09-04/harlow/racecard/514956
2026-09-04,Harlow,11:21,2,Rathbally Anna,514956,Sporting Life,https://www.sportinglife.com/greyhounds/racecards/2026-09-04/harlow/racecard/514956
2026-09-04,Harlow,11:21,3,Salems Anarchy,514956,Sporting Life,https://www.sportinglife.com/greyhounds/racecards/2026-09-04/harlow/racecard/514956
2026-09-04,Harlow,11:21,4,Brindle Bomber,514956,Sporting Life,https://www.sportinglife.com/greyhounds/racecards/2026-09-04/harlow/racecard/514956
2026-09-04,Harlow,11:21,5,Spooky Candy,514956,Sporting Life,https://www.sportinglife.com/greyhounds/racecards/2026-09-04/harlow/racecard/514956
2026-09-04,Harlow,11:21,6,Dynamic Logan,514956,Sporting Life,https://www.sportinglife.com/greyhounds/racecards/2026-09-04/harlow/racecard/514956
2026-09-04,Harlow,11:38,1,Glynnscross Blue,514957,Sporting Life,https://www.sportinglife.com/greyhounds/racecards/2026-09-04/harlow/racecard/514957
2026-09-04,Harlow,11:38,2,Crucial Ruby,514957,Sporting Life,https://www.sportinglife.com/greyhounds/racecards/2026-09-04/harlow/racecard/514957
2026-09-04,Harlow,11:38,3,Browns Barbie,514957,Sporting Life,https://www.sportinglife.com/greyhounds/racecards/2026-09-04/harlow/racecard/514957
2026-09-04,Harlow,11:38,4,Catunda Harrison,514957,Sporting Life,https://www.sportinglife.com/greyhounds/racecards/2026-09-04/harlow/racecard/514957
2026-09-04,Harlow,11:38,6,Double Errill,514957,Sporting Life,https://www.sportinglife.com/greyhounds/racecards/2026-09-04/harlow/racecard/514957
2026-09-04,Harlow,11:54,2,Rains Bono,514958,Sporting Life,https://www.sportinglife.com/greyhounds/racecards/2026-09-04/harlow/racecard/514958
2026-09-04,Harlow,11:54,3,Manic Monday,514958,Sporting Life,https://www.sportinglife.com/greyhounds/racecards/2026-09-04/harlow/racecard/514958
2026-09-04,Harlow,11:54,4,Moaning Gabriel,514958,Sporting Life,https://www.sportinglife.com/greyhounds/racecards/2026-09-04/harlow/racecard/514958
2026-09-04,Harlow,11:54,5,Jayar Rogue,514958,Sporting Life,https://www.sportinglife.com/greyhounds/racecards/2026-09-04/harlow/racecard/514958
2026-09-04,Harlow,11:54,6,Moaning Versace,514958,Sporting Life,https://www.sportinglife.com/greyhounds/racecards/2026-09-04/harlow/racecard/514958
2026-09-04,Harlow,12:12,1,Salems Campari,514959,Sporting Life,https://www.sportinglife.com/greyhounds/racecards/2026-09-04/harlow/racecard/514959
2026-09-04,Harlow,12:12,2,Townsend Peggy,514959,Sporting Life,https://www.sportinglife.com/greyhounds/racecards/2026-09-04/harlow/racecard/514959
2026-09-04,Harlow,12:12,3,Ravenswood Blake,514959,Sporting Life,https://www.sportinglife.com/greyhounds/racecards/2026-09-04/harlow/racecard/514959
2026-09-04,Harlow,12:12,4,Minnies Daria,514959,Sporting Life,https://www.sportinglife.com/greyhounds/racecards/2026-09-04/harlow/racecard/514959
2026-09-04,Harlow,12:12,6,Moaning Countess,514959,Sporting Life,https://www.sportinglife.com/greyhounds/racecards/2026-09-04/harlow/racecard/514959
2026-09-04,Harlow,12:29,1,Pavilion Hoggie,514960,Sporting Life,https://www.sportinglife.com/greyhounds/racecards/2026-09-04/harlow/racecard/514960
2026-09-04,Harlow,12:29,2,Joys Of Danielle,514960,Sporting Life,https://www.sportinglife.com/greyhounds/racecards/2026-09-04/harlow/racecard/514960
2026-09-04,Harlow,12:29,3,Fairhill Autumn,514960,Sporting Life,https://www.sportinglife.com/greyhounds/racecards/2026-09-04/harlow/racecard/514960
2026-09-04,Harlow,12:29,4,Moaning Saliba,514960,Sporting Life,https://www.sportinglife.com/greyhounds/racecards/2026-09-04/harlow/racecard/514960
2026-09-04,Harlow,12:29,6,Moaning Mojito,514960,Sporting Life,https://www.sportinglife.com/greyhounds/racecards/2026-09-04/harlow/racecard/514960
2026-09-04,Harlow,12:46,1,Salems Disaronno,514961,Sporting Life,https://www.sportinglife.com/greyhounds/racecards/2026-09-04/harlow/racecard/514961
2026-09-04,Harlow,12:46,3,Pearseys Dasher,514961,Sporting Life,https://www.sportinglife.com/greyhounds/racecards/2026-09-04/harlow/racecard/514961
2026-09-04,Harlow,12:46,4,Cofam Spurs,514961,Sporting Life,https://www.sportinglife.com/greyhounds/racecards/2026-09-04/harlow/racecard/514961
2026-09-04,Harlow,12:46,5,Salems Sassenach,514961,Sporting Life,https://www.sportinglife.com/greyhounds/racecards/2026-09-04/harlow/racecard/514961
2026-09-04,Harlow,12:46,6,Valley Rockstar,514961,Sporting Life,https://www.sportinglife.com/greyhounds/racecards/2026-09-04/harlow/racecard/514961
2026-09-04,Harlow,13:03,1,Budge Up,514962,Sporting Life,https://www.sportinglife.com/greyhounds/racecards/2026-09-04/harlow/racecard/514962
2026-09-04,Harlow,13:03,2,Emers Gem,514962,Sporting Life,https://www.sportinglife.com/greyhounds/racecards/2026-09-04/harlow/racecard/514962
2026-09-04,Harlow,13:03,3,Da Danna,514962,Sporting Life,https://www.sportinglife.com/greyhounds/racecards/2026-09-04/harlow/racecard/514962
2026-09-04,Harlow,13:03,4,Catunda Remi,514962,Sporting Life,https://www.sportinglife.com/greyhounds/racecards/2026-09-04/harlow/racecard/514962
2026-09-04,Harlow,13:03,5,Cofam Tiger,514962,Sporting Life,https://www.sportinglife.com/greyhounds/racecards/2026-09-04/harlow/racecard/514962
2026-09-04,Harlow,13:03,6,Olwinn Pest,514962,Sporting Life,https://www.sportinglife.com/greyhounds/racecards/2026-09-04/harlow/racecard/514962
2026-09-04,Harlow,13:19,1,Faces And Places,514963,Sporting Life,https://www.sportinglife.com/greyhounds/racecards/2026-09-04/harlow/racecard/514963
2026-09-04,Harlow,13:19,2,Speedy Gene,514963,Sporting Life,https://www.sportinglife.com/greyhounds/racecards/2026-09-04/harlow/racecard/514963
2026-09-04,Harlow,13:19,3,Jamaica Smiles,514963,Sporting Life,https://www.sportinglife.com/greyhounds/racecards/2026-09-04/harlow/racecard/514963
2026-09-04,Harlow,13:19,4,Brandywell King,514963,Sporting Life,https://www.sportinglife.com/greyhounds/racecards/2026-09-04/harlow/racecard/514963
2026-09-04,Harlow,13:19,5,Rathmeehan Judi,514963,Sporting Life,https://www.sportinglife.com/greyhounds/racecards/2026-09-04/harlow/racecard/514963
2026-09-04,Harlow,13:19,6,Savourtheflavour,514963,Sporting Life,https://www.sportinglife.com/greyhounds/racecards/2026-09-04/harlow/racecard/514963
2026-09-04,Harlow,13:37,1,Bit Of Cover,514964,Sporting Life,https://www.sportinglife.com/greyhounds/racecards/2026-09-04/harlow/racecard/514964
2026-09-04,Harlow,13:37,2,Clodaghs Gift,514964,Sporting Life,https://www.sportinglife.com/greyhounds/racecards/2026-09-04/harlow/racecard/514964
2026-09-04,Harlow,13:37,3,Robbies King,514964,Sporting Life,https://www.sportinglife.com/greyhounds/racecards/2026-09-04/harlow/racecard/514964
2026-09-04,Harlow,13:37,4,Trapper Joe,514964,Sporting Life,https://www.sportinglife.com/greyhounds/racecards/2026-09-04/harlow/racecard/514964
2026-09-04,Harlow,13:37,5,Scroggy Moe,514964,Sporting Life,https://www.sportinglife.com/greyhounds/racecards/2026-09-04/harlow/racecard/514964
2026-09-04,Harlow,13:37,6,Westfield Aida,514964,Sporting Life,https://www.sportinglife.com/greyhounds/racecards/2026-09-04/harlow/racecard/514964
2026-09-04,Harlow,13:54,1,Ballyer Rallyer,514965,Sporting Life,https://www.sportinglife.com/greyhounds/racecards/2026-09-04/harlow/racecard/514965
2026-09-04,Harlow,13:54,2,Adamant Breeze,514965,Sporting Life,https://www.sportinglife.com/greyhounds/racecards/2026-09-04/harlow/racecard/514965
2026-09-04,Harlow,13:54,3,Brynoffa Jill,514965,Sporting Life,https://www.sportinglife.com/greyhounds/racecards/2026-09-04/harlow/racecard/514965
2026-09-04,Harlow,13:54,4,Rathbally Bolger,514965,Sporting Life,https://www.sportinglife.com/greyhounds/racecards/2026-09-04/harlow/racecard/514965
2026-09-04,Harlow,13:54,5,Bambina,514965,Sporting Life,https://www.sportinglife.com/greyhounds/racecards/2026-09-04/harlow/racecard/514965
2026-09-04,Harlow,13:54,6,Gainstown Sky,514965,Sporting Life,https://www.sportinglife.com/greyhounds/racecards/2026-09-04/harlow/racecard/514965
2026-09-04,Harlow,14:11,1,Makeit Force,514966,Sporting Life,https://www.sportinglife.com/greyhounds/racecards/2026-09-04/harlow/racecard/514966
2026-09-04,Harlow,14:11,2,Skidrow Jake,514966,Sporting Life,https://www.sportinglife.com/greyhounds/racecards/2026-09-04/harlow/racecard/514966
2026-09-04,Harlow,14:11,3,Roscrea Karen,514966,Sporting Life,https://www.sportinglife.com/greyhounds/racecards/2026-09-04/harlow/racecard/514966
2026-09-04,Harlow,14:11,4,Traptoline Elena,514966,Sporting Life,https://www.sportinglife.com/greyhounds/racecards/2026-09-04/harlow/racecard/514966
2026-09-04,Harlow,14:11,5,Catunda Alex,514966,Sporting Life,https://www.sportinglife.com/greyhounds/racecards/2026-09-04/harlow/racecard/514966
2026-09-04,Harlow,14:11,6,Rathmeehan Lyra,514966,Sporting Life,https://www.sportinglife.com/greyhounds/racecards/2026-09-04/harlow/racecard/514966
2026-09-04,Harlow,17:51,1,Savanalittlelegs,514967,Sporting Life,https://www.sportinglife.com/greyhounds/racecards/2026-09-04/harlow/racecard/514967
2026-09-04,Harlow,17:51,2,Gothic Cheyenne,514967,Sporting Life,https://www.sportinglife.com/greyhounds/racecards/2026-09-04/harlow/racecard/514967
2026-09-04,Harlow,17:51,3,Swift Legacy,514967,Sporting Life,https://www.sportinglife.com/greyhounds/racecards/2026-09-04/harlow/racecard/514967
2026-09-04,Harlow,17:51,4,Kilgarran Des,514967,Sporting Life,https://www.sportinglife.com/greyhounds/racecards/2026-09-04/harlow/racecard/514967
2026-09-04,Harlow,17:51,5,Artys Corner,514967,Sporting Life,https://www.sportinglife.com/greyhounds/racecards/2026-09-04/harlow/racecard/514967
2026-09-04,Harlow,17:51,6,Savana Dingle,514967,Sporting Life,https://www.sportinglife.com/greyhounds/racecards/2026-09-04/harlow/racecard/514967
2026-09-04,Harlow,18:11,1,Hawkfield Kopek,514968,Sporting Life,https://www.sportinglife.com/greyhounds/racecards/2026-09-04/harlow/racecard/514968
2026-09-04,Harlow,18:11,2,Chadwell Opus,514968,Sporting Life,https://www.sportinglife.com/greyhounds/racecards/2026-09-04/harlow/racecard/514968
2026-09-04,Harlow,18:11,3,Scrahan Cruiser,514968,Sporting Life,https://www.sportinglife.com/greyhounds/racecards/2026-09-04/harlow/racecard/514968
2026-09-04,Harlow,18:11,4,Outdoor Tunnes,514968,Sporting Life,https://www.sportinglife.com/greyhounds/racecards/2026-09-04/harlow/racecard/514968
2026-09-04,Harlow,18:11,6,Good Rex,514968,Sporting Life,https://www.sportinglife.com/greyhounds/racecards/2026-09-04/harlow/racecard/514968
2026-09-04,Harlow,18:29,1,Small But Speedy,514969,Sporting Life,https://www.sportinglife.com/greyhounds/racecards/2026-09-04/harlow/racecard/514969
2026-09-04,Harlow,18:29,2,Yo Savana,514969,Sporting Life,https://www.sportinglife.com/greyhounds/racecards/2026-09-04/harlow/racecard/514969
2026-09-04,Harlow,18:29,3,Ello Elle,514969,Sporting Life,https://www.sportinglife.com/greyhounds/racecards/2026-09-04/harlow/racecard/514969
2026-09-04,Harlow,18:29,4,Savana Tir Nanog,514969,Sporting Life,https://www.sportinglife.com/greyhounds/racecards/2026-09-04/harlow/racecard/514969
2026-09-04,Harlow,18:29,5,Savana Polly,514969,Sporting Life,https://www.sportinglife.com/greyhounds/racecards/2026-09-04/harlow/racecard/514969
2026-09-04,Harlow,18:29,6,Old Fort Mickmac,514969,Sporting Life,https://www.sportinglife.com/greyhounds/racecards/2026-09-04/harlow/racecard/514969
2026-09-04,Harlow,18:46,1,Darrens Dog,514970,Sporting Life,https://www.sportinglife.com/greyhounds/racecards/2026-09-04/harlow/racecard/514970
2026-09-04,Harlow,18:46,2,Small Tommy,514970,Sporting Life,https://www.sportinglife.com/greyhounds/racecards/2026-09-04/harlow/racecard/514970
2026-09-04,Harlow,18:46,3,Doreens Poppy,514970,Sporting Life,https://www.sportinglife.com/greyhounds/racecards/2026-09-04/harlow/racecard/514970
2026-09-04,Harlow,18:46,4,Sals Pepsi,514970,Sporting Life,https://www.sportinglife.com/greyhounds/racecards/2026-09-04/harlow/racecard/514970
2026-09-04,Harlow,18:46,5,The Other Rafa,514970,Sporting Life,https://www.sportinglife.com/greyhounds/racecards/2026-09-04/harlow/racecard/514970
2026-09-04,Harlow,18:46,6,Lily Sixtyeight,514970,Sporting Life,https://www.sportinglife.com/greyhounds/racecards/2026-09-04/harlow/racecard/514970
2026-09-04,Harlow,19:04,1,Mea Culpa,514971,Sporting Life,https://www.sportinglife.com/greyhounds/racecards/2026-09-04/harlow/racecard/514971
2026-09-04,Harlow,19:04,2,Yo Twilight,514971,Sporting Life,https://www.sportinglife.com/greyhounds/racecards/2026-09-04/harlow/racecard/514971
2026-09-04,Harlow,19:04,3,Joyces Sadie,514971,Sporting Life,https://www.sportinglife.com/greyhounds/racecards/2026-09-04/harlow/racecard/514971
2026-09-04,Harlow,19:04,4,Savana Tayto,514971,Sporting Life,https://www.sportinglife.com/greyhounds/racecards/2026-09-04/harlow/racecard/514971
2026-09-04,Harlow,19:04,5,Likely Lads,514971,Sporting Life,https://www.sportinglife.com/greyhounds/racecards/2026-09-04/harlow/racecard/514971
2026-09-04,Harlow,19:04,6,Solo,514971,Sporting Life,https://www.sportinglife.com/greyhounds/racecards/2026-09-04/harlow/racecard/514971
2026-09-04,Harlow,19:24,1,Droopys Halley,514972,Sporting Life,https://www.sportinglife.com/greyhounds/racecards/2026-09-04/harlow/racecard/514972
2026-09-04,Harlow,19:24,2,Swift Zaylee,514972,Sporting Life,https://www.sportinglife.com/greyhounds/racecards/2026-09-04/harlow/racecard/514972
2026-09-04,Harlow,19:24,4,Fortunate Rose,514972,Sporting Life,https://www.sportinglife.com/greyhounds/racecards/2026-09-04/harlow/racecard/514972
2026-09-04,Harlow,19:24,5,Yo Paddy,514972,Sporting Life,https://www.sportinglife.com/greyhounds/racecards/2026-09-04/harlow/racecard/514972
2026-09-04,Harlow,19:24,6,Annadown Debbie,514972,Sporting Life,https://www.sportinglife.com/greyhounds/racecards/2026-09-04/harlow/racecard/514972
2026-09-04,Harlow,19:42,1,Luscious Linda,514973,Sporting Life,https://www.sportinglife.com/greyhounds/racecards/2026-09-04/harlow/racecard/514973
2026-09-04,Harlow,19:42,2,Harveys Girl,514973,Sporting Life,https://www.sportinglife.com/greyhounds/racecards/2026-09-04/harlow/racecard/514973
2026-09-04,Harlow,19:42,3,Headford Duchess,514973,Sporting Life,https://www.sportinglife.com/greyhounds/racecards/2026-09-04/harlow/racecard/514973
2026-09-04,Harlow,19:42,4,Ammit,514973,Sporting Life,https://www.sportinglife.com/greyhounds/racecards/2026-09-04/harlow/racecard/514973
2026-09-04,Harlow,19:42,5,Shortwood Ally,514973,Sporting Life,https://www.sportinglife.com/greyhounds/racecards/2026-09-04/harlow/racecard/514973
2026-09-04,Harlow,19:42,6,Danielles Queen,514973,Sporting Life,https://www.sportinglife.com/greyhounds/racecards/2026-09-04/harlow/racecard/514973
2026-09-04,Harlow,19:58,1,Yo Ranger,514974,Sporting Life,https://www.sportinglife.com/greyhounds/racecards/2026-09-04/harlow/racecard/514974
2026-09-04,Harlow,19:58,2,Long Ago Fado,514974,Sporting Life,https://www.sportinglife.com/greyhounds/racecards/2026-09-04/harlow/racecard/514974
2026-09-04,Harlow,19:58,3,Badminton Beach,514974,Sporting Life,https://www.sportinglife.com/greyhounds/racecards/2026-09-04/harlow/racecard/514974
2026-09-04,Harlow,19:58,4,Estefans Tune,514974,Sporting Life,https://www.sportinglife.com/greyhounds/racecards/2026-09-04/harlow/racecard/514974
2026-09-04,Harlow,19:58,5,Yo Ronnie Buster,514974,Sporting Life,https://www.sportinglife.com/greyhounds/racecards/2026-09-04/harlow/racecard/514974
2026-09-04,Harlow,19:58,6,Tableseventyone,514974,Sporting Life,https://www.sportinglife.com/greyhounds/racecards/2026-09-04/harlow/racecard/514974
2026-09-04,Harlow,20:16,1,Salternator,514975,Sporting Life,https://www.sportinglife.com/greyhounds/racecards/2026-09-04/harlow/racecard/514975
2026-09-04,Harlow,20:16,2,Jimmys Chew,514975,Sporting Life,https://www.sportinglife.com/greyhounds/racecards/2026-09-04/harlow/racecard/514975
2026-09-04,Harlow,20:16,3,Jura Go Bucko,514975,Sporting Life,https://www.sportinglife.com/greyhounds/racecards/2026-09-04/harlow/racecard/514975
2026-09-04,Harlow,20:16,4,Eden Weasley,514975,Sporting Life,https://www.sportinglife.com/greyhounds/racecards/2026-09-04/harlow/racecard/514975
2026-09-04,Harlow,20:16,6,Malbay Thor,514975,Sporting Life,https://www.sportinglife.com/greyhounds/racecards/2026-09-04/harlow/racecard/514975
2026-09-04,Harlow,20:34,1,Kender,514976,Sporting Life,https://www.sportinglife.com/greyhounds/racecards/2026-09-04/harlow/racecard/514976
2026-09-04,Harlow,20:34,2,Old Fort Lakota,514976,Sporting Life,https://www.sportinglife.com/greyhounds/racecards/2026-09-04/harlow/racecard/514976
2026-09-04,Harlow,20:34,3,Coolemore Azzabi,514976,Sporting Life,https://www.sportinglife.com/greyhounds/racecards/2026-09-04/harlow/racecard/514976
2026-09-04,Harlow,20:34,4,Tinks Jester,514976,Sporting Life,https://www.sportinglife.com/greyhounds/racecards/2026-09-04/harlow/racecard/514976
2026-09-04,Harlow,20:34,6,Baggins Lad,514976,Sporting Life,https://www.sportinglife.com/greyhounds/racecards/2026-09-04/harlow/racecard/514976
2026-09-04,Harlow,20:52,1,Sweetpea,514977,Sporting Life,https://www.sportinglife.com/greyhounds/racecards/2026-09-04/harlow/racecard/514977
2026-09-04,Harlow,20:52,2,Sister Peg,514977,Sporting Life,https://www.sportinglife.com/greyhounds/racecards/2026-09-04/harlow/racecard/514977
2026-09-04,Harlow,20:52,3,Piercestown Post,514977,Sporting Life,https://www.sportinglife.com/greyhounds/racecards/2026-09-04/harlow/racecard/514977
2026-09-04,Harlow,20:52,4,Meenagh Memphis,514977,Sporting Life,https://www.sportinglife.com/greyhounds/racecards/2026-09-04/harlow/racecard/514977
2026-09-04,Harlow,20:52,5,Mcgregor,514977,Sporting Life,https://www.sportinglife.com/greyhounds/racecards/2026-09-04/harlow/racecard/514977
2026-09-04,Harlow,20:52,6,Baran Maverick,514977,Sporting Life,https://www.sportinglife.com/greyhounds/racecards/2026-09-04/harlow/racecard/514977
2026-09-04,Harlow,21:09,1,Skirk Bolger,514978,Sporting Life,https://www.sportinglife.com/greyhounds/racecards/2026-09-04/harlow/racecard/514978
2026-09-04,Harlow,21:09,3,Divine Faith,514978,Sporting Life,https://www.sportinglife.com/greyhounds/racecards/2026-09-04/harlow/racecard/514978
2026-09-04,Harlow,21:09,4,Savana Beth,514978,Sporting Life,https://www.sportinglife.com/greyhounds/racecards/2026-09-04/harlow/racecard/514978
2026-09-04,Harlow,21:09,5,Yo Coco,514978,Sporting Life,https://www.sportinglife.com/greyhounds/racecards/2026-09-04/harlow/racecard/514978
2026-09-04,Harlow,21:09,6,Townsend Cindy,514978,Sporting Life,https://www.sportinglife.com/greyhounds/racecards/2026-09-04/harlow/racecard/514978
2026-09-04,Harlow,21:26,1,Swift Uno,514979,Sporting Life,https://www.sportinglife.com/greyhounds/racecards/2026-09-04/harlow/racecard/514979
2026-09-04,Harlow,21:26,2,Jacko Carvoeiro,514979,Sporting Life,https://www.sportinglife.com/greyhounds/racecards/2026-09-04/harlow/racecard/514979
2026-09-04,Harlow,21:26,3,Savana Snowflake,514979,Sporting Life,https://www.sportinglife.com/greyhounds/racecards/2026-09-04/harlow/racecard/514979
2026-09-04,Harlow,21:26,4,Alohas Dream,514979,Sporting Life,https://www.sportinglife.com/greyhounds/racecards/2026-09-04/harlow/racecard/514979
2026-09-04,Harlow,21:26,5,Tobergal Poppy,514979,Sporting Life,https://www.sportinglife.com/greyhounds/racecards/2026-09-04/harlow/racecard/514979
2026-09-04,Harlow,21:26,6,Snoozing Plum,514979,Sporting Life,https://www.sportinglife.com/greyhounds/racecards/2026-09-04/harlow/racecard/514979
2026-09-04,Hove,11:01,1,Elite Wilson,514919,Sporting Life,https://www.sportinglife.com/greyhounds/racecards/2026-09-04/hove/racecard/514919
2026-09-04,Hove,11:01,2,Crohane Pearl,514919,Sporting Life,https://www.sportinglife.com/greyhounds/racecards/2026-09-04/hove/racecard/514919
2026-09-04,Hove,11:01,3,Beanos Andy,514919,Sporting Life,https://www.sportinglife.com/greyhounds/racecards/2026-09-04/hove/racecard/514919
2026-09-04,Hove,11:01,4,Stone Cold Punk,514919,Sporting Life,https://www.sportinglife.com/greyhounds/racecards/2026-09-04/hove/racecard/514919
2026-09-04,Hove,11:01,5,Airlie Coogee,514919,Sporting Life,https://www.sportinglife.com/greyhounds/racecards/2026-09-04/hove/racecard/514919
2026-09-04,Hove,11:01,6,Sharp Surprise,514919,Sporting Life,https://www.sportinglife.com/greyhounds/racecards/2026-09-04/hove/racecard/514919
2026-09-04,Hove,11:18,1,Chisem Henry,514920,Sporting Life,https://www.sportinglife.com/greyhounds/racecards/2026-09-04/hove/racecard/514920
2026-09-04,Hove,11:18,2,Jazs Dove,514920,Sporting Life,https://www.sportinglife.com/greyhounds/racecards/2026-09-04/hove/racecard/514920
2026-09-04,Hove,11:18,3,Mertonaby Chloe,514920,Sporting Life,https://www.sportinglife.com/greyhounds/racecards/2026-09-04/hove/racecard/514920
2026-09-04,Hove,11:18,4,Fwesh Julie Rose,514920,Sporting Life,https://www.sportinglife.com/greyhounds/racecards/2026-09-04/hove/racecard/514920
2026-09-04,Hove,11:18,5,Chisem Izzie,514920,Sporting Life,https://www.sportinglife.com/greyhounds/racecards/2026-09-04/hove/racecard/514920
2026-09-04,Hove,11:18,6,Drive On Annie,514920,Sporting Life,https://www.sportinglife.com/greyhounds/racecards/2026-09-04/hove/racecard/514920
2026-09-04,Hove,11:34,1,Chisem John,514921,Sporting Life,https://www.sportinglife.com/greyhounds/racecards/2026-09-04/hove/racecard/514921
2026-09-04,Hove,11:34,2,Gigis Parachute,514921,Sporting Life,https://www.sportinglife.com/greyhounds/racecards/2026-09-04/hove/racecard/514921
2026-09-04,Hove,11:34,3,Selker Bay Daisy,514921,Sporting Life,https://www.sportinglife.com/greyhounds/racecards/2026-09-04/hove/racecard/514921
2026-09-04,Hove,11:34,4,Punk Rock Puff,514921,Sporting Life,https://www.sportinglife.com/greyhounds/racecards/2026-09-04/hove/racecard/514921
2026-09-04,Hove,11:34,5,Yassoo Mell,514921,Sporting Life,https://www.sportinglife.com/greyhounds/racecards/2026-09-04/hove/racecard/514921
2026-09-04,Hove,11:34,6,Kates Bart,514921,Sporting Life,https://www.sportinglife.com/greyhounds/racecards/2026-09-04/hove/racecard/514921
2026-09-04,Hove,11:52,1,Romantic Richy,514922,Sporting Life,https://www.sportinglife.com/greyhounds/racecards/2026-09-04/hove/racecard/514922
2026-09-04,Hove,11:52,2,Chisem Toby,514922,Sporting Life,https://www.sportinglife.com/greyhounds/racecards/2026-09-04/hove/racecard/514922
2026-09-04,Hove,11:52,3,Mad Mouse,514922,Sporting Life,https://www.sportinglife.com/greyhounds/racecards/2026-09-04/hove/racecard/514922
2026-09-04,Hove,11:52,4,Sly Ash,514922,Sporting Life,https://www.sportinglife.com/greyhounds/racecards/2026-09-04/hove/racecard/514922
2026-09-04,Hove,11:52,5,Droopys Fervour,514922,Sporting Life,https://www.sportinglife.com/greyhounds/racecards/2026-09-04/hove/racecard/514922
2026-09-04,Hove,11:52,6,Coppice Connie,514922,Sporting Life,https://www.sportinglife.com/greyhounds/racecards/2026-09-04/hove/racecard/514922
2026-09-04,Hove,12:09,1,Ballyhimikin Pat,514923,Sporting Life,https://www.sportinglife.com/greyhounds/racecards/2026-09-04/hove/racecard/514923
2026-09-04,Hove,12:09,2,Ballydarley Jack,514923,Sporting Life,https://www.sportinglife.com/greyhounds/racecards/2026-09-04/hove/racecard/514923
2026-09-04,Hove,12:09,3,Butterbridge Lou,514923,Sporting Life,https://www.sportinglife.com/greyhounds/racecards/2026-09-04/hove/racecard/514923
2026-09-04,Hove,12:09,4,Coppice Denver,514923,Sporting Life,https://www.sportinglife.com/greyhounds/racecards/2026-09-04/hove/racecard/514923
2026-09-04,Hove,12:09,6,Amys Onthe Run,514923,Sporting Life,https://www.sportinglife.com/greyhounds/racecards/2026-09-04/hove/racecard/514923
2026-09-04,Hove,12:26,1,Waste House Cyan,514924,Sporting Life,https://www.sportinglife.com/greyhounds/racecards/2026-09-04/hove/racecard/514924
2026-09-04,Hove,12:26,2,Charter Penny,514924,Sporting Life,https://www.sportinglife.com/greyhounds/racecards/2026-09-04/hove/racecard/514924
2026-09-04,Hove,12:26,3,Bluestar Beauty,514924,Sporting Life,https://www.sportinglife.com/greyhounds/racecards/2026-09-04/hove/racecard/514924
2026-09-04,Hove,12:26,4,Lets Go Gavin,514924,Sporting Life,https://www.sportinglife.com/greyhounds/racecards/2026-09-04/hove/racecard/514924
2026-09-04,Hove,12:26,6,Ardera Sal,514924,Sporting Life,https://www.sportinglife.com/greyhounds/racecards/2026-09-04/hove/racecard/514924
2026-09-04,Hove,12:42,1,First Chosen,514925,Sporting Life,https://www.sportinglife.com/greyhounds/racecards/2026-09-04/hove/racecard/514925
2026-09-04,Hove,12:42,2,Luna Outof Orbit,514925,Sporting Life,https://www.sportinglife.com/greyhounds/racecards/2026-09-04/hove/racecard/514925
2026-09-04,Hove,12:42,3,Aviendha,514925,Sporting Life,https://www.sportinglife.com/greyhounds/racecards/2026-09-04/hove/racecard/514925
2026-09-04,Hove,12:42,4,Swift Vest,514925,Sporting Life,https://www.sportinglife.com/greyhounds/racecards/2026-09-04/hove/racecard/514925
2026-09-04,Hove,12:42,5,Montalto Ranger,514925,Sporting Life,https://www.sportinglife.com/greyhounds/racecards/2026-09-04/hove/racecard/514925
2026-09-04,Hove,12:42,6,Forever Tender,514925,Sporting Life,https://www.sportinglife.com/greyhounds/racecards/2026-09-04/hove/racecard/514925
2026-09-04,Hove,12:59,1,Sly Wobblebottom,514926,Sporting Life,https://www.sportinglife.com/greyhounds/racecards/2026-09-04/hove/racecard/514926
2026-09-04,Hove,12:59,2,Letter Eileen,514926,Sporting Life,https://www.sportinglife.com/greyhounds/racecards/2026-09-04/hove/racecard/514926
2026-09-04,Hove,12:59,3,Glideaway Joey,514926,Sporting Life,https://www.sportinglife.com/greyhounds/racecards/2026-09-04/hove/racecard/514926
2026-09-04,Hove,12:59,4,Clonkeen Jim,514926,Sporting Life,https://www.sportinglife.com/greyhounds/racecards/2026-09-04/hove/racecard/514926
2026-09-04,Hove,12:59,5,Ballyhimikin Lad,514926,Sporting Life,https://www.sportinglife.com/greyhounds/racecards/2026-09-04/hove/racecard/514926
2026-09-04,Hove,12:59,6,Westwood Jet,514926,Sporting Life,https://www.sportinglife.com/greyhounds/racecards/2026-09-04/hove/racecard/514926
2026-09-04,Hove,13:17,1,Seomra Gobi,514927,Sporting Life,https://www.sportinglife.com/greyhounds/racecards/2026-09-04/hove/racecard/514927
2026-09-04,Hove,13:17,2,Punk Rock Harley,514927,Sporting Life,https://www.sportinglife.com/greyhounds/racecards/2026-09-04/hove/racecard/514927
2026-09-04,Hove,13:17,3,Avarua Flojo,514927,Sporting Life,https://www.sportinglife.com/greyhounds/racecards/2026-09-04/hove/racecard/514927
2026-09-04,Hove,13:17,4,Montalto Mist,514927,Sporting Life,https://www.sportinglife.com/greyhounds/racecards/2026-09-04/hove/racecard/514927
2026-09-04,Hove,13:17,5,Annadown Jacob,514927,Sporting Life,https://www.sportinglife.com/greyhounds/racecards/2026-09-04/hove/racecard/514927
2026-09-04,Hove,13:33,1,Jacktavern Smash,514928,Sporting Life,https://www.sportinglife.com/greyhounds/racecards/2026-09-04/hove/racecard/514928
2026-09-04,Hove,13:33,2,Solid Cyril,514928,Sporting Life,https://www.sportinglife.com/greyhounds/racecards/2026-09-04/hove/racecard/514928
2026-09-04,Hove,13:33,3,Paddyjoes Loch,514928,Sporting Life,https://www.sportinglife.com/greyhounds/racecards/2026-09-04/hove/racecard/514928
2026-09-04,Hove,13:33,4,Kamikaze Star,514928,Sporting Life,https://www.sportinglife.com/greyhounds/racecards/2026-09-04/hove/racecard/514928
2026-09-04,Hove,13:33,6,Flyers Geezer,514928,Sporting Life,https://www.sportinglife.com/greyhounds/racecards/2026-09-04/hove/racecard/514928
2026-09-04,Hove,13:51,1,Avarua Sarah,514929,Sporting Life,https://www.sportinglife.com/greyhounds/racecards/2026-09-04/hove/racecard/514929
2026-09-04,Hove,13:51,2,Candolim Getaway,514929,Sporting Life,https://www.sportinglife.com/greyhounds/racecards/2026-09-04/hove/racecard/514929
2026-09-04,Hove,13:51,3,Minstrels Five,514929,Sporting Life,https://www.sportinglife.com/greyhounds/racecards/2026-09-04/hove/racecard/514929
2026-09-04,Hove,13:51,4,Bonniebabysbaby,514929,Sporting Life,https://www.sportinglife.com/greyhounds/racecards/2026-09-04/hove/racecard/514929
2026-09-04,Hove,13:51,5,Emers Dasha,514929,Sporting Life,https://www.sportinglife.com/greyhounds/racecards/2026-09-04/hove/racecard/514929
2026-09-04,Hove,13:51,6,Millers Gem,514929,Sporting Life,https://www.sportinglife.com/greyhounds/racecards/2026-09-04/hove/racecard/514929
2026-09-04,Hove,14:07,1,Kerrs Alive,514930,Sporting Life,https://www.sportinglife.com/greyhounds/racecards/2026-09-04/hove/racecard/514930
2026-09-04,Hove,14:07,2,Coppeen Class,514930,Sporting Life,https://www.sportinglife.com/greyhounds/racecards/2026-09-04/hove/racecard/514930
2026-09-04,Hove,14:07,3,Fastlane Reg,514930,Sporting Life,https://www.sportinglife.com/greyhounds/racecards/2026-09-04/hove/racecard/514930
2026-09-04,Hove,14:07,4,Sly Wolf,514930,Sporting Life,https://www.sportinglife.com/greyhounds/racecards/2026-09-04/hove/racecard/514930
2026-09-04,Hove,14:07,6,Boom Boom Bullet,514930,Sporting Life,https://www.sportinglife.com/greyhounds/racecards/2026-09-04/hove/racecard/514930
2026-09-04,Kinsley,14:29,1,Lundhill Ellie,514871,Sporting Life,https://www.sportinglife.com/greyhounds/racecards/2026-09-04/kinsley/racecard/514871
2026-09-04,Kinsley,14:29,2,Ballymac Dalton,514871,Sporting Life,https://www.sportinglife.com/greyhounds/racecards/2026-09-04/kinsley/racecard/514871
2026-09-04,Kinsley,14:29,3,Holborn Betty,514871,Sporting Life,https://www.sportinglife.com/greyhounds/racecards/2026-09-04/kinsley/racecard/514871
2026-09-04,Kinsley,14:29,4,Ardsallagh Lady,514871,Sporting Life,https://www.sportinglife.com/greyhounds/racecards/2026-09-04/kinsley/racecard/514871
2026-09-04,Kinsley,14:29,5,Killieford Negri,514871,Sporting Life,https://www.sportinglife.com/greyhounds/racecards/2026-09-04/kinsley/racecard/514871
2026-09-04,Kinsley,14:29,6,Raise The Beat,514871,Sporting Life,https://www.sportinglife.com/greyhounds/racecards/2026-09-04/kinsley/racecard/514871
2026-09-04,Kinsley,14:48,1,Tonagha Chancer,514872,Sporting Life,https://www.sportinglife.com/greyhounds/racecards/2026-09-04/kinsley/racecard/514872
2026-09-04,Kinsley,14:48,2,Tommys Clodagh,514872,Sporting Life,https://www.sportinglife.com/greyhounds/racecards/2026-09-04/kinsley/racecard/514872
2026-09-04,Kinsley,14:48,3,Shady Della,514872,Sporting Life,https://www.sportinglife.com/greyhounds/racecards/2026-09-04/kinsley/racecard/514872
2026-09-04,Kinsley,14:48,5,Black Albatross,514872,Sporting Life,https://www.sportinglife.com/greyhounds/racecards/2026-09-04/kinsley/racecard/514872
2026-09-04,Kinsley,14:48,6,Alno Duke,514872,Sporting Life,https://www.sportinglife.com/greyhounds/racecards/2026-09-04/kinsley/racecard/514872
2026-09-04,Kinsley,15:07,1,Norristown Hydro,514873,Sporting Life,https://www.sportinglife.com/greyhounds/racecards/2026-09-04/kinsley/racecard/514873
2026-09-04,Kinsley,15:07,2,Deecee Gracie,514873,Sporting Life,https://www.sportinglife.com/greyhounds/racecards/2026-09-04/kinsley/racecard/514873
2026-09-04,Kinsley,15:07,3,Ballymac Baxter,514873,Sporting Life,https://www.sportinglife.com/greyhounds/racecards/2026-09-04/kinsley/racecard/514873
2026-09-04,Kinsley,15:07,4,Grovenor Apache,514873,Sporting Life,https://www.sportinglife.com/greyhounds/racecards/2026-09-04/kinsley/racecard/514873
2026-09-04,Kinsley,15:07,5,Mohican Richie,514873,Sporting Life,https://www.sportinglife.com/greyhounds/racecards/2026-09-04/kinsley/racecard/514873
2026-09-04,Kinsley,15:07,6,Lundhill Alfie,514873,Sporting Life,https://www.sportinglife.com/greyhounds/racecards/2026-09-04/kinsley/racecard/514873
2026-09-04,Kinsley,15:26,1,Highview Arrow,514874,Sporting Life,https://www.sportinglife.com/greyhounds/racecards/2026-09-04/kinsley/racecard/514874
2026-09-04,Kinsley,15:26,2,Star Strand,514874,Sporting Life,https://www.sportinglife.com/greyhounds/racecards/2026-09-04/kinsley/racecard/514874
2026-09-04,Kinsley,15:26,3,Ballymac Beau,514874,Sporting Life,https://www.sportinglife.com/greyhounds/racecards/2026-09-04/kinsley/racecard/514874
2026-09-04,Kinsley,15:26,4,Lantern Bright,514874,Sporting Life,https://www.sportinglife.com/greyhounds/racecards/2026-09-04/kinsley/racecard/514874
2026-09-04,Kinsley,15:26,5,Da Maureens Star,514874,Sporting Life,https://www.sportinglife.com/greyhounds/racecards/2026-09-04/kinsley/racecard/514874
2026-09-04,Kinsley,15:26,6,Fleetwood Robbie,514874,Sporting Life,https://www.sportinglife.com/greyhounds/racecards/2026-09-04/kinsley/racecard/514874
2026-09-04,Kinsley,15:44,2,Critical Katie,514875,Sporting Life,https://www.sportinglife.com/greyhounds/racecards/2026-09-04/kinsley/racecard/514875
2026-09-04,Kinsley,15:44,3,Russian Doctor,514875,Sporting Life,https://www.sportinglife.com/greyhounds/racecards/2026-09-04/kinsley/racecard/514875
2026-09-04,Kinsley,15:44,4,Castlerock Cash,514875,Sporting Life,https://www.sportinglife.com/greyhounds/racecards/2026-09-04/kinsley/racecard/514875
2026-09-04,Kinsley,15:44,5,Twisted Logic,514875,Sporting Life,https://www.sportinglife.com/greyhounds/racecards/2026-09-04/kinsley/racecard/514875
2026-09-04,Kinsley,15:44,6,Hello Lady,514875,Sporting Life,https://www.sportinglife.com/greyhounds/racecards/2026-09-04/kinsley/racecard/514875
2026-09-04,Kinsley,16:03,1,Power Of Water,514876,Sporting Life,https://www.sportinglife.com/greyhounds/racecards/2026-09-04/kinsley/racecard/514876
2026-09-04,Kinsley,16:03,2,Deecee Orla,514876,Sporting Life,https://www.sportinglife.com/greyhounds/racecards/2026-09-04/kinsley/racecard/514876
2026-09-04,Kinsley,16:03,4,How Ya Fixed,514876,Sporting Life,https://www.sportinglife.com/greyhounds/racecards/2026-09-04/kinsley/racecard/514876
2026-09-04,Kinsley,16:03,5,Sporting Buchan,514876,Sporting Life,https://www.sportinglife.com/greyhounds/racecards/2026-09-04/kinsley/racecard/514876
2026-09-04,Kinsley,16:03,6,Hazelgrove Amani,514876,Sporting Life,https://www.sportinglife.com/greyhounds/racecards/2026-09-04/kinsley/racecard/514876
2026-09-04,Kinsley,16:22,1,Treanmanagh Ruby,514877,Sporting Life,https://www.sportinglife.com/greyhounds/racecards/2026-09-04/kinsley/racecard/514877
2026-09-04,Kinsley,16:22,2,Crystal Ray,514877,Sporting Life,https://www.sportinglife.com/greyhounds/racecards/2026-09-04/kinsley/racecard/514877
2026-09-04,Kinsley,16:22,3,Tomahurra Winter,514877,Sporting Life,https://www.sportinglife.com/greyhounds/racecards/2026-09-04/kinsley/racecard/514877
2026-09-04,Kinsley,16:22,4,Zaconey Venus,514877,Sporting Life,https://www.sportinglife.com/greyhounds/racecards/2026-09-04/kinsley/racecard/514877
2026-09-04,Kinsley,16:22,5,Cactus Closedown,514877,Sporting Life,https://www.sportinglife.com/greyhounds/racecards/2026-09-04/kinsley/racecard/514877
2026-09-04,Kinsley,16:41,1,Swift Remi,514878,Sporting Life,https://www.sportinglife.com/greyhounds/racecards/2026-09-04/kinsley/racecard/514878
2026-09-04,Kinsley,16:41,2,Yeah Mick,514878,Sporting Life,https://www.sportinglife.com/greyhounds/racecards/2026-09-04/kinsley/racecard/514878
2026-09-04,Kinsley,16:41,3,Crystal Jess,514878,Sporting Life,https://www.sportinglife.com/greyhounds/racecards/2026-09-04/kinsley/racecard/514878
2026-09-04,Kinsley,16:41,4,Lightfoot Elle,514878,Sporting Life,https://www.sportinglife.com/greyhounds/racecards/2026-09-04/kinsley/racecard/514878
2026-09-04,Kinsley,16:41,5,Ballymac Alyssa,514878,Sporting Life,https://www.sportinglife.com/greyhounds/racecards/2026-09-04/kinsley/racecard/514878
2026-09-04,Kinsley,16:41,6,Grantstown Road,514878,Sporting Life,https://www.sportinglife.com/greyhounds/racecards/2026-09-04/kinsley/racecard/514878
2026-09-04,Kinsley,16:59,1,Crystal Camila,514879,Sporting Life,https://www.sportinglife.com/greyhounds/racecards/2026-09-04/kinsley/racecard/514879
2026-09-04,Kinsley,16:59,2,Ninja Berkley,514879,Sporting Life,https://www.sportinglife.com/greyhounds/racecards/2026-09-04/kinsley/racecard/514879
2026-09-04,Kinsley,16:59,3,Lauragh Ebony,514879,Sporting Life,https://www.sportinglife.com/greyhounds/racecards/2026-09-04/kinsley/racecard/514879
2026-09-04,Kinsley,16:59,4,Hazelgrove Dawn,514879,Sporting Life,https://www.sportinglife.com/greyhounds/racecards/2026-09-04/kinsley/racecard/514879
2026-09-04,Kinsley,16:59,5,Ramblin Frosty,514879,Sporting Life,https://www.sportinglife.com/greyhounds/racecards/2026-09-04/kinsley/racecard/514879
2026-09-04,Kinsley,16:59,6,Swift Paulina,514879,Sporting Life,https://www.sportinglife.com/greyhounds/racecards/2026-09-04/kinsley/racecard/514879
2026-09-04,Kinsley,17:18,1,Queen Nina,514880,Sporting Life,https://www.sportinglife.com/greyhounds/racecards/2026-09-04/kinsley/racecard/514880
2026-09-04,Kinsley,17:18,2,Westfield Wispa,514880,Sporting Life,https://www.sportinglife.com/greyhounds/racecards/2026-09-04/kinsley/racecard/514880
2026-09-04,Kinsley,17:18,3,Disengage,514880,Sporting Life,https://www.sportinglife.com/greyhounds/racecards/2026-09-04/kinsley/racecard/514880
2026-09-04,Kinsley,17:18,4,Deelish Lucy,514880,Sporting Life,https://www.sportinglife.com/greyhounds/racecards/2026-09-04/kinsley/racecard/514880
2026-09-04,Kinsley,17:18,5,Step The Beat,514880,Sporting Life,https://www.sportinglife.com/greyhounds/racecards/2026-09-04/kinsley/racecard/514880
2026-09-04,Kinsley,17:18,6,Swift Ecology,514880,Sporting Life,https://www.sportinglife.com/greyhounds/racecards/2026-09-04/kinsley/racecard/514880
2026-09-04,Kinsley,17:37,1,Crystal Henry,514881,Sporting Life,https://www.sportinglife.com/greyhounds/racecards/2026-09-04/kinsley/racecard/514881
2026-09-04,Kinsley,17:37,2,Baybush Rush,514881,Sporting Life,https://www.sportinglife.com/greyhounds/racecards/2026-09-04/kinsley/racecard/514881
2026-09-04,Kinsley,17:37,3,Cagey Betty,514881,Sporting Life,https://www.sportinglife.com/greyhounds/racecards/2026-09-04/kinsley/racecard/514881
2026-09-04,Kinsley,17:37,4,Unknown Daisy,514881,Sporting Life,https://www.sportinglife.com/greyhounds/racecards/2026-09-04/kinsley/racecard/514881
2026-09-04,Kinsley,17:37,5,Individual Man,514881,Sporting Life,https://www.sportinglife.com/greyhounds/racecards/2026-09-04/kinsley/racecard/514881
2026-09-04,Kinsley,17:37,6,Inclement Magic,514881,Sporting Life,https://www.sportinglife.com/greyhounds/racecards/2026-09-04/kinsley/racecard/514881
2026-09-04,Kinsley,17:56,1,A Lucky Tom,514882,Sporting Life,https://www.sportinglife.com/greyhounds/racecards/2026-09-04/kinsley/racecard/514882
2026-09-04,Kinsley,17:56,2,Chamberlain Jet,514882,Sporting Life,https://www.sportinglife.com/greyhounds/racecards/2026-09-04/kinsley/racecard/514882
2026-09-04,Kinsley,17:56,4,Teddys Beauty,514882,Sporting Life,https://www.sportinglife.com/greyhounds/racecards/2026-09-04/kinsley/racecard/514882
2026-09-04,Kinsley,17:56,5,Kilgarran Rickey,514882,Sporting Life,https://www.sportinglife.com/greyhounds/racecards/2026-09-04/kinsley/racecard/514882
2026-09-04,Kinsley,17:56,6,Polyphenols,514882,Sporting Life,https://www.sportinglife.com/greyhounds/racecards/2026-09-04/kinsley/racecard/514882
2026-09-04,Newcastle,14:36,1,Alnwick Alisha,515004,Sporting Life,https://www.sportinglife.com/greyhounds/racecards/2026-09-04/newcastle/racecard/515004
2026-09-04,Newcastle,14:36,2,Balrobuck Kisses,515004,Sporting Life,https://www.sportinglife.com/greyhounds/racecards/2026-09-04/newcastle/racecard/515004
2026-09-04,Newcastle,14:36,3,Mister Dipper,515004,Sporting Life,https://www.sportinglife.com/greyhounds/racecards/2026-09-04/newcastle/racecard/515004
2026-09-04,Newcastle,14:36,4,Howay Miley,515004,Sporting Life,https://www.sportinglife.com/greyhounds/racecards/2026-09-04/newcastle/racecard/515004
2026-09-04,Newcastle,14:36,5,Kathys Gift,515004,Sporting Life,https://www.sportinglife.com/greyhounds/racecards/2026-09-04/newcastle/racecard/515004
2026-09-04,Newcastle,14:54,1,Ballymac Neems,515005,Sporting Life,https://www.sportinglife.com/greyhounds/racecards/2026-09-04/newcastle/racecard/515005
2026-09-04,Newcastle,14:54,2,Abbeyside Enda,515005,Sporting Life,https://www.sportinglife.com/greyhounds/racecards/2026-09-04/newcastle/racecard/515005
2026-09-04,Newcastle,14:54,3,Solway Leo,515005,Sporting Life,https://www.sportinglife.com/greyhounds/racecards/2026-09-04/newcastle/racecard/515005
2026-09-04,Newcastle,14:54,4,Our Chief,515005,Sporting Life,https://www.sportinglife.com/greyhounds/racecards/2026-09-04/newcastle/racecard/515005
2026-09-04,Newcastle,14:54,5,Bramble Shelby,515005,Sporting Life,https://www.sportinglife.com/greyhounds/racecards/2026-09-04/newcastle/racecard/515005
2026-09-04,Newcastle,15:13,1,Drumnafern Blaze,515006,Sporting Life,https://www.sportinglife.com/greyhounds/racecards/2026-09-04/newcastle/racecard/515006
2026-09-04,Newcastle,15:13,2,Timones Star,515006,Sporting Life,https://www.sportinglife.com/greyhounds/racecards/2026-09-04/newcastle/racecard/515006
2026-09-04,Newcastle,15:13,3,Solway Ruby,515006,Sporting Life,https://www.sportinglife.com/greyhounds/racecards/2026-09-04/newcastle/racecard/515006
2026-09-04,Newcastle,15:13,4,Whitehills Haydi,515006,Sporting Life,https://www.sportinglife.com/greyhounds/racecards/2026-09-04/newcastle/racecard/515006
2026-09-04,Newcastle,15:13,6,Alnwick Wizard,515006,Sporting Life,https://www.sportinglife.com/greyhounds/racecards/2026-09-04/newcastle/racecard/515006
2026-09-04,Newcastle,15:32,1,Tinnock Stellar,515007,Sporting Life,https://www.sportinglife.com/greyhounds/racecards/2026-09-04/newcastle/racecard/515007
2026-09-04,Newcastle,15:32,2,Alnwick Brooke,515007,Sporting Life,https://www.sportinglife.com/greyhounds/racecards/2026-09-04/newcastle/racecard/515007
2026-09-04,Newcastle,15:32,3,Richies Richie,515007,Sporting Life,https://www.sportinglife.com/greyhounds/racecards/2026-09-04/newcastle/racecard/515007
2026-09-04,Newcastle,15:32,4,Left Unread,515007,Sporting Life,https://www.sportinglife.com/greyhounds/racecards/2026-09-04/newcastle/racecard/515007
2026-09-04,Newcastle,15:32,5,Drombeg Olive,515007,Sporting Life,https://www.sportinglife.com/greyhounds/racecards/2026-09-04/newcastle/racecard/515007
2026-09-04,Newcastle,15:32,6,Moyvane Emotions,515007,Sporting Life,https://www.sportinglife.com/greyhounds/racecards/2026-09-04/newcastle/racecard/515007
2026-09-04,Newcastle,15:51,1,Clona Levi,515008,Sporting Life,https://www.sportinglife.com/greyhounds/racecards/2026-09-04/newcastle/racecard/515008
2026-09-04,Newcastle,15:51,2,Droopys Getin,515008,Sporting Life,https://www.sportinglife.com/greyhounds/racecards/2026-09-04/newcastle/racecard/515008
2026-09-04,Newcastle,15:51,3,Santas Hurricane,515008,Sporting Life,https://www.sportinglife.com/greyhounds/racecards/2026-09-04/newcastle/racecard/515008
2026-09-04,Newcastle,15:51,4,Droopys Renee,515008,Sporting Life,https://www.sportinglife.com/greyhounds/racecards/2026-09-04/newcastle/racecard/515008
2026-09-04,Newcastle,15:51,5,Deejay Charlie,515008,Sporting Life,https://www.sportinglife.com/greyhounds/racecards/2026-09-04/newcastle/racecard/515008
2026-09-04,Newcastle,15:51,6,Solway Ernie,515008,Sporting Life,https://www.sportinglife.com/greyhounds/racecards/2026-09-04/newcastle/racecard/515008
2026-09-04,Newcastle,16:09,1,Killeacle Amy,515009,Sporting Life,https://www.sportinglife.com/greyhounds/racecards/2026-09-04/newcastle/racecard/515009
2026-09-04,Newcastle,16:09,2,Salahs The Goat,515009,Sporting Life,https://www.sportinglife.com/greyhounds/racecards/2026-09-04/newcastle/racecard/515009
2026-09-04,Newcastle,16:09,3,Killinick Rebel,515009,Sporting Life,https://www.sportinglife.com/greyhounds/racecards/2026-09-04/newcastle/racecard/515009
2026-09-04,Newcastle,16:09,4,Drumcrow Wanda,515009,Sporting Life,https://www.sportinglife.com/greyhounds/racecards/2026-09-04/newcastle/racecard/515009
2026-09-04,Newcastle,16:09,5,Wanganui Wanda,515009,Sporting Life,https://www.sportinglife.com/greyhounds/racecards/2026-09-04/newcastle/racecard/515009
2026-09-04,Newcastle,16:09,6,Fruity Sprite,515009,Sporting Life,https://www.sportinglife.com/greyhounds/racecards/2026-09-04/newcastle/racecard/515009
2026-09-04,Newcastle,16:28,1,Alnwick Tommy,515010,Sporting Life,https://www.sportinglife.com/greyhounds/racecards/2026-09-04/newcastle/racecard/515010
2026-09-04,Newcastle,16:28,2,Mcdara Julie,515010,Sporting Life,https://www.sportinglife.com/greyhounds/racecards/2026-09-04/newcastle/racecard/515010
2026-09-04,Newcastle,16:28,3,Howay Angel,515010,Sporting Life,https://www.sportinglife.com/greyhounds/racecards/2026-09-04/newcastle/racecard/515010
2026-09-04,Newcastle,16:28,4,Whitehills Dawn,515010,Sporting Life,https://www.sportinglife.com/greyhounds/racecards/2026-09-04/newcastle/racecard/515010
2026-09-04,Newcastle,16:28,5,Rowington Ruby,515010,Sporting Life,https://www.sportinglife.com/greyhounds/racecards/2026-09-04/newcastle/racecard/515010
2026-09-04,Newcastle,16:28,6,Swift Table,515010,Sporting Life,https://www.sportinglife.com/greyhounds/racecards/2026-09-04/newcastle/racecard/515010
2026-09-04,Newcastle,16:47,1,Alnwick Kenny,515011,Sporting Life,https://www.sportinglife.com/greyhounds/racecards/2026-09-04/newcastle/racecard/515011
2026-09-04,Newcastle,16:47,2,Ngumohaaa,515011,Sporting Life,https://www.sportinglife.com/greyhounds/racecards/2026-09-04/newcastle/racecard/515011
2026-09-04,Newcastle,16:47,3,Anglesey Rolex,515011,Sporting Life,https://www.sportinglife.com/greyhounds/racecards/2026-09-04/newcastle/racecard/515011
2026-09-04,Newcastle,16:47,4,Trevorfoot,515011,Sporting Life,https://www.sportinglife.com/greyhounds/racecards/2026-09-04/newcastle/racecard/515011
2026-09-04,Newcastle,16:47,5,Slaneyside Boyne,515011,Sporting Life,https://www.sportinglife.com/greyhounds/racecards/2026-09-04/newcastle/racecard/515011
2026-09-04,Newcastle,16:47,6,Ambers Hero,515011,Sporting Life,https://www.sportinglife.com/greyhounds/racecards/2026-09-04/newcastle/racecard/515011
2026-09-04,Newcastle,17:06,1,Ashwood Chanel,515012,Sporting Life,https://www.sportinglife.com/greyhounds/racecards/2026-09-04/newcastle/racecard/515012
2026-09-04,Newcastle,17:06,2,Solway Ocean,515012,Sporting Life,https://www.sportinglife.com/greyhounds/racecards/2026-09-04/newcastle/racecard/515012
2026-09-04,Newcastle,17:06,3,Alnwick Haws,515012,Sporting Life,https://www.sportinglife.com/greyhounds/racecards/2026-09-04/newcastle/racecard/515012
2026-09-04,Newcastle,17:06,4,Slingshot Lomond,515012,Sporting Life,https://www.sportinglife.com/greyhounds/racecards/2026-09-04/newcastle/racecard/515012
2026-09-04,Newcastle,17:06,5,Alnwick Tornado,515012,Sporting Life,https://www.sportinglife.com/greyhounds/racecards/2026-09-04/newcastle/racecard/515012
2026-09-04,Newcastle,17:06,6,Girl Of Exile,515012,Sporting Life,https://www.sportinglife.com/greyhounds/racecards/2026-09-04/newcastle/racecard/515012
2026-09-04,Newcastle,17:24,1,Hollyhill Ger,515013,Sporting Life,https://www.sportinglife.com/greyhounds/racecards/2026-09-04/newcastle/racecard/515013
2026-09-04,Newcastle,17:24,2,Alnwick News,515013,Sporting Life,https://www.sportinglife.com/greyhounds/racecards/2026-09-04/newcastle/racecard/515013
2026-09-04,Newcastle,17:24,3,Anglesey Savana,515013,Sporting Life,https://www.sportinglife.com/greyhounds/racecards/2026-09-04/newcastle/racecard/515013
2026-09-04,Newcastle,17:24,4,Avenue Cove,515013,Sporting Life,https://www.sportinglife.com/greyhounds/racecards/2026-09-04/newcastle/racecard/515013
2026-09-04,Newcastle,17:24,5,Millhill Yogi,515013,Sporting Life,https://www.sportinglife.com/greyhounds/racecards/2026-09-04/newcastle/racecard/515013
2026-09-04,Newcastle,17:24,6,Vinegarhill Rhys,515013,Sporting Life,https://www.sportinglife.com/greyhounds/racecards/2026-09-04/newcastle/racecard/515013
2026-09-04,Newcastle,17:43,1,Woo Hoos Hugo,515014,Sporting Life,https://www.sportinglife.com/greyhounds/racecards/2026-09-04/newcastle/racecard/515014
2026-09-04,Newcastle,17:43,2,Aero Donishall,515014,Sporting Life,https://www.sportinglife.com/greyhounds/racecards/2026-09-04/newcastle/racecard/515014
2026-09-04,Newcastle,17:43,3,Solway Breeze,515014,Sporting Life,https://www.sportinglife.com/greyhounds/racecards/2026-09-04/newcastle/racecard/515014
2026-09-04,Newcastle,17:43,4,Jackos Flyte,515014,Sporting Life,https://www.sportinglife.com/greyhounds/racecards/2026-09-04/newcastle/racecard/515014
2026-09-04,Newcastle,17:43,5,Crokers Mimi,515014,Sporting Life,https://www.sportinglife.com/greyhounds/racecards/2026-09-04/newcastle/racecard/515014
2026-09-04,Newcastle,17:43,6,Droopys Hanora,515014,Sporting Life,https://www.sportinglife.com/greyhounds/racecards/2026-09-04/newcastle/racecard/515014
2026-09-04,Newcastle,18:02,1,Droopys Tutu,515015,Sporting Life,https://www.sportinglife.com/greyhounds/racecards/2026-09-04/newcastle/racecard/515015
2026-09-04,Newcastle,18:02,2,Midtown Romeo,515015,Sporting Life,https://www.sportinglife.com/greyhounds/racecards/2026-09-04/newcastle/racecard/515015
2026-09-04,Newcastle,18:02,3,Working Boots,515015,Sporting Life,https://www.sportinglife.com/greyhounds/racecards/2026-09-04/newcastle/racecard/515015
2026-09-04,Newcastle,18:02,4,Howay Suarez,515015,Sporting Life,https://www.sportinglife.com/greyhounds/racecards/2026-09-04/newcastle/racecard/515015
2026-09-04,Newcastle,18:02,6,Easy Oz,515015,Sporting Life,https://www.sportinglife.com/greyhounds/racecards/2026-09-04/newcastle/racecard/515015
2026-09-04,Nottingham,18:08,1,Ballymac Otti,514931,Sporting Life,https://www.sportinglife.com/greyhounds/racecards/2026-09-04/nottingham/racecard/514931
2026-09-04,Nottingham,18:08,2,Swift Micah,514931,Sporting Life,https://www.sportinglife.com/greyhounds/racecards/2026-09-04/nottingham/racecard/514931
2026-09-04,Nottingham,18:08,3,Sonic Pixie,514931,Sporting Life,https://www.sportinglife.com/greyhounds/racecards/2026-09-04/nottingham/racecard/514931
2026-09-04,Nottingham,18:08,4,Viva Elvette,514931,Sporting Life,https://www.sportinglife.com/greyhounds/racecards/2026-09-04/nottingham/racecard/514931
2026-09-04,Nottingham,18:08,5,Sunset Years,514931,Sporting Life,https://www.sportinglife.com/greyhounds/racecards/2026-09-04/nottingham/racecard/514931
2026-09-04,Nottingham,18:08,6,Flame Wood,514931,Sporting Life,https://www.sportinglife.com/greyhounds/racecards/2026-09-04/nottingham/racecard/514931
2026-09-04,Nottingham,18:28,1,Hinault Mcrow,514932,Sporting Life,https://www.sportinglife.com/greyhounds/racecards/2026-09-04/nottingham/racecard/514932
2026-09-04,Nottingham,18:28,2,Swift Talk,514932,Sporting Life,https://www.sportinglife.com/greyhounds/racecards/2026-09-04/nottingham/racecard/514932
2026-09-04,Nottingham,18:28,3,Saleen Swan,514932,Sporting Life,https://www.sportinglife.com/greyhounds/racecards/2026-09-04/nottingham/racecard/514932
2026-09-04,Nottingham,18:28,4,Barnfield Venus,514932,Sporting Life,https://www.sportinglife.com/greyhounds/racecards/2026-09-04/nottingham/racecard/514932
2026-09-04,Nottingham,18:28,5,Broomfleet Flyer,514932,Sporting Life,https://www.sportinglife.com/greyhounds/racecards/2026-09-04/nottingham/racecard/514932
2026-09-04,Nottingham,18:48,1,Bandit Outlaw,514933,Sporting Life,https://www.sportinglife.com/greyhounds/racecards/2026-09-04/nottingham/racecard/514933
2026-09-04,Nottingham,18:48,2,Bellmore Whiskey,514933,Sporting Life,https://www.sportinglife.com/greyhounds/racecards/2026-09-04/nottingham/racecard/514933
2026-09-04,Nottingham,18:48,3,Sambar Dream,514933,Sporting Life,https://www.sportinglife.com/greyhounds/racecards/2026-09-04/nottingham/racecard/514933
2026-09-04,Nottingham,18:48,4,Worra Cuddle,514933,Sporting Life,https://www.sportinglife.com/greyhounds/racecards/2026-09-04/nottingham/racecard/514933
2026-09-04,Nottingham,18:48,5,Bobsleigh Act,514933,Sporting Life,https://www.sportinglife.com/greyhounds/racecards/2026-09-04/nottingham/racecard/514933
2026-09-04,Nottingham,18:48,6,Lisnakill Donnie,514933,Sporting Life,https://www.sportinglife.com/greyhounds/racecards/2026-09-04/nottingham/racecard/514933
2026-09-04,Nottingham,19:08,1,Strictly Rosey,514934,Sporting Life,https://www.sportinglife.com/greyhounds/racecards/2026-09-04/nottingham/racecard/514934
2026-09-04,Nottingham,19:08,2,Platinumsunshine,514934,Sporting Life,https://www.sportinglife.com/greyhounds/racecards/2026-09-04/nottingham/racecard/514934
2026-09-04,Nottingham,19:08,3,Platinum Lark,514934,Sporting Life,https://www.sportinglife.com/greyhounds/racecards/2026-09-04/nottingham/racecard/514934
2026-09-04,Nottingham,19:08,4,Glideaway Fever,514934,Sporting Life,https://www.sportinglife.com/greyhounds/racecards/2026-09-04/nottingham/racecard/514934
2026-09-04,Nottingham,19:08,5,Worra Babe,514934,Sporting Life,https://www.sportinglife.com/greyhounds/racecards/2026-09-04/nottingham/racecard/514934
2026-09-04,Nottingham,19:28,1,Millroad Heidi,514935,Sporting Life,https://www.sportinglife.com/greyhounds/racecards/2026-09-04/nottingham/racecard/514935
2026-09-04,Nottingham,19:28,2,Chasing Niamh,514935,Sporting Life,https://www.sportinglife.com/greyhounds/racecards/2026-09-04/nottingham/racecard/514935
2026-09-04,Nottingham,19:28,3,Crafty Can Do,514935,Sporting Life,https://www.sportinglife.com/greyhounds/racecards/2026-09-04/nottingham/racecard/514935
2026-09-04,Nottingham,19:28,4,Lush Life,514935,Sporting Life,https://www.sportinglife.com/greyhounds/racecards/2026-09-04/nottingham/racecard/514935
2026-09-04,Nottingham,19:28,5,Wolf Midnight,514935,Sporting Life,https://www.sportinglife.com/greyhounds/racecards/2026-09-04/nottingham/racecard/514935
2026-09-04,Nottingham,19:48,1,Fortanach Elsie,514936,Sporting Life,https://www.sportinglife.com/greyhounds/racecards/2026-09-04/nottingham/racecard/514936
2026-09-04,Nottingham,19:48,2,Honeygar Flow,514936,Sporting Life,https://www.sportinglife.com/greyhounds/racecards/2026-09-04/nottingham/racecard/514936
2026-09-04,Nottingham,19:48,3,Our Moll,514936,Sporting Life,https://www.sportinglife.com/greyhounds/racecards/2026-09-04/nottingham/racecard/514936
2026-09-04,Nottingham,19:48,4,Platinumsapphire,514936,Sporting Life,https://www.sportinglife.com/greyhounds/racecards/2026-09-04/nottingham/racecard/514936
2026-09-04,Nottingham,19:48,5,Swift Kendall,514936,Sporting Life,https://www.sportinglife.com/greyhounds/racecards/2026-09-04/nottingham/racecard/514936
2026-09-04,Nottingham,20:08,1,Aghaburren Lewis,514937,Sporting Life,https://www.sportinglife.com/greyhounds/racecards/2026-09-04/nottingham/racecard/514937
2026-09-04,Nottingham,20:08,2,Inclement Dream,514937,Sporting Life,https://www.sportinglife.com/greyhounds/racecards/2026-09-04/nottingham/racecard/514937
2026-09-04,Nottingham,20:08,3,Feeling Groovy,514937,Sporting Life,https://www.sportinglife.com/greyhounds/racecards/2026-09-04/nottingham/racecard/514937
2026-09-04,Nottingham,20:08,4,Pipkin,514937,Sporting Life,https://www.sportinglife.com/greyhounds/racecards/2026-09-04/nottingham/racecard/514937
2026-09-04,Nottingham,20:08,5,Hillend Maise,514937,Sporting Life,https://www.sportinglife.com/greyhounds/racecards/2026-09-04/nottingham/racecard/514937
2026-09-04,Nottingham,20:08,6,Lynnia Max,514937,Sporting Life,https://www.sportinglife.com/greyhounds/racecards/2026-09-04/nottingham/racecard/514937
2026-09-04,Nottingham,20:28,1,Nidderdaleautumn,514938,Sporting Life,https://www.sportinglife.com/greyhounds/racecards/2026-09-04/nottingham/racecard/514938
2026-09-04,Nottingham,20:28,2,Olwinn Ginge,514938,Sporting Life,https://www.sportinglife.com/greyhounds/racecards/2026-09-04/nottingham/racecard/514938
2026-09-04,Nottingham,20:28,3,Tory Yvonne,514938,Sporting Life,https://www.sportinglife.com/greyhounds/racecards/2026-09-04/nottingham/racecard/514938
2026-09-04,Nottingham,20:28,4,Perdey,514938,Sporting Life,https://www.sportinglife.com/greyhounds/racecards/2026-09-04/nottingham/racecard/514938
2026-09-04,Nottingham,20:28,5,Ballyhimikin Lee,514938,Sporting Life,https://www.sportinglife.com/greyhounds/racecards/2026-09-04/nottingham/racecard/514938
2026-09-04,Nottingham,20:28,6,Lemon Shirley,514938,Sporting Life,https://www.sportinglife.com/greyhounds/racecards/2026-09-04/nottingham/racecard/514938
2026-09-04,Nottingham,20:48,1,Shockwave Ice,514939,Sporting Life,https://www.sportinglife.com/greyhounds/racecards/2026-09-04/nottingham/racecard/514939
2026-09-04,Nottingham,20:48,2,Spruce Blaze,514939,Sporting Life,https://www.sportinglife.com/greyhounds/racecards/2026-09-04/nottingham/racecard/514939
2026-09-04,Nottingham,20:48,3,Wolf Dawn,514939,Sporting Life,https://www.sportinglife.com/greyhounds/racecards/2026-09-04/nottingham/racecard/514939
2026-09-04,Nottingham,20:48,4,Swift Doireann,514939,Sporting Life,https://www.sportinglife.com/greyhounds/racecards/2026-09-04/nottingham/racecard/514939
2026-09-04,Nottingham,20:48,5,Greybie,514939,Sporting Life,https://www.sportinglife.com/greyhounds/racecards/2026-09-04/nottingham/racecard/514939
2026-09-04,Nottingham,20:48,6,Noirs Fly,514939,Sporting Life,https://www.sportinglife.com/greyhounds/racecards/2026-09-04/nottingham/racecard/514939
2026-09-04,Nottingham,21:08,1,Ballymac Loe,514940,Sporting Life,https://www.sportinglife.com/greyhounds/racecards/2026-09-04/nottingham/racecard/514940
2026-09-04,Nottingham,21:08,2,Braceys Boy,514940,Sporting Life,https://www.sportinglife.com/greyhounds/racecards/2026-09-04/nottingham/racecard/514940
2026-09-04,Nottingham,21:08,3,Ballyboss Hack,514940,Sporting Life,https://www.sportinglife.com/greyhounds/racecards/2026-09-04/nottingham/racecard/514940
2026-09-04,Nottingham,21:08,4,Wolf Gold,514940,Sporting Life,https://www.sportinglife.com/greyhounds/racecards/2026-09-04/nottingham/racecard/514940
2026-09-04,Nottingham,21:08,5,Hollyhill Bullet,514940,Sporting Life,https://www.sportinglife.com/greyhounds/racecards/2026-09-04/nottingham/racecard/514940
2026-09-04,Nottingham,21:08,6,Kylenoe Stan,514940,Sporting Life,https://www.sportinglife.com/greyhounds/racecards/2026-09-04/nottingham/racecard/514940
2026-09-04,Nottingham,21:28,1,Jillulie Blue,514941,Sporting Life,https://www.sportinglife.com/greyhounds/racecards/2026-09-04/nottingham/racecard/514941
2026-09-04,Nottingham,21:28,2,Nidderdale Aonb,514941,Sporting Life,https://www.sportinglife.com/greyhounds/racecards/2026-09-04/nottingham/racecard/514941
2026-09-04,Nottingham,21:28,3,Skyfall Bliss,514941,Sporting Life,https://www.sportinglife.com/greyhounds/racecards/2026-09-04/nottingham/racecard/514941
2026-09-04,Nottingham,21:28,4,Sporting Fingers,514941,Sporting Life,https://www.sportinglife.com/greyhounds/racecards/2026-09-04/nottingham/racecard/514941
2026-09-04,Nottingham,21:28,5,Dairyland Roxy,514941,Sporting Life,https://www.sportinglife.com/greyhounds/racecards/2026-09-04/nottingham/racecard/514941
2026-09-04,Nottingham,21:28,6,Clonlost Deedee,514941,Sporting Life,https://www.sportinglife.com/greyhounds/racecards/2026-09-04/nottingham/racecard/514941
2026-09-04,Nottingham,21:48,1,Busta Cherry,514942,Sporting Life,https://www.sportinglife.com/greyhounds/racecards/2026-09-04/nottingham/racecard/514942
2026-09-04,Nottingham,21:48,2,Tetra Revenge,514942,Sporting Life,https://www.sportinglife.com/greyhounds/racecards/2026-09-04/nottingham/racecard/514942
2026-09-04,Nottingham,21:48,3,Fancroftmawbaker,514942,Sporting Life,https://www.sportinglife.com/greyhounds/racecards/2026-09-04/nottingham/racecard/514942
2026-09-04,Nottingham,21:48,4,Yankee Leader,514942,Sporting Life,https://www.sportinglife.com/greyhounds/racecards/2026-09-04/nottingham/racecard/514942
2026-09-04,Nottingham,21:48,5,Franco Jon Jo,514942,Sporting Life,https://www.sportinglife.com/greyhounds/racecards/2026-09-04/nottingham/racecard/514942
2026-09-04,Nottingham,21:48,6,Bonnies Legacy,514942,Sporting Life,https://www.sportinglife.com/greyhounds/racecards/2026-09-04/nottingham/racecard/514942
2026-09-04,Romford,18:33,1,Punk Rock Willow,514883,Sporting Life,https://www.sportinglife.com/greyhounds/racecards/2026-09-04/romford/racecard/514883
2026-09-04,Romford,18:33,2,Bluebells Looker,514883,Sporting Life,https://www.sportinglife.com/greyhounds/racecards/2026-09-04/romford/racecard/514883
2026-09-04,Romford,18:33,3,Razldazl Tully,514883,Sporting Life,https://www.sportinglife.com/greyhounds/racecards/2026-09-04/romford/racecard/514883
2026-09-04,Romford,18:33,4,Satin Barney,514883,Sporting Life,https://www.sportinglife.com/greyhounds/racecards/2026-09-04/romford/racecard/514883
2026-09-04,Romford,18:33,5,Snoopys Gold,514883,Sporting Life,https://www.sportinglife.com/greyhounds/racecards/2026-09-04/romford/racecard/514883
2026-09-04,Romford,18:33,6,Razldazl Layla,514883,Sporting Life,https://www.sportinglife.com/greyhounds/racecards/2026-09-04/romford/racecard/514883
2026-09-04,Romford,18:53,1,This Approach,514884,Sporting Life,https://www.sportinglife.com/greyhounds/racecards/2026-09-04/romford/racecard/514884
2026-09-04,Romford,18:53,2,Swift Youth,514884,Sporting Life,https://www.sportinglife.com/greyhounds/racecards/2026-09-04/romford/racecard/514884
2026-09-04,Romford,18:53,3,Zenith Impact,514884,Sporting Life,https://www.sportinglife.com/greyhounds/racecards/2026-09-04/romford/racecard/514884
2026-09-04,Romford,18:53,4,Finally Matched,514884,Sporting Life,https://www.sportinglife.com/greyhounds/racecards/2026-09-04/romford/racecard/514884
2026-09-04,Romford,18:53,5,Rapido Louise,514884,Sporting Life,https://www.sportinglife.com/greyhounds/racecards/2026-09-04/romford/racecard/514884
2026-09-04,Romford,18:53,6,Another Solution,514884,Sporting Life,https://www.sportinglife.com/greyhounds/racecards/2026-09-04/romford/racecard/514884
2026-09-04,Romford,19:13,1,Lansdowne Vinny,514885,Sporting Life,https://www.sportinglife.com/greyhounds/racecards/2026-09-04/romford/racecard/514885
2026-09-04,Romford,19:13,2,Scooby Amethyst,514885,Sporting Life,https://www.sportinglife.com/greyhounds/racecards/2026-09-04/romford/racecard/514885
2026-09-04,Romford,19:13,3,Goldstar Connie,514885,Sporting Life,https://www.sportinglife.com/greyhounds/racecards/2026-09-04/romford/racecard/514885
2026-09-04,Romford,19:13,4,Carrigoon Cece,514885,Sporting Life,https://www.sportinglife.com/greyhounds/racecards/2026-09-04/romford/racecard/514885
2026-09-04,Romford,19:13,5,Allowdale Risoto,514885,Sporting Life,https://www.sportinglife.com/greyhounds/racecards/2026-09-04/romford/racecard/514885
2026-09-04,Romford,19:13,6,Jacquesinthebox,514885,Sporting Life,https://www.sportinglife.com/greyhounds/racecards/2026-09-04/romford/racecard/514885
2026-09-04,Romford,19:33,1,Marinas Alamo,514886,Sporting Life,https://www.sportinglife.com/greyhounds/racecards/2026-09-04/romford/racecard/514886
2026-09-04,Romford,19:33,2,Droopys Pioneer,514886,Sporting Life,https://www.sportinglife.com/greyhounds/racecards/2026-09-04/romford/racecard/514886
2026-09-04,Romford,19:33,3,Scooby Mustang,514886,Sporting Life,https://www.sportinglife.com/greyhounds/racecards/2026-09-04/romford/racecard/514886
2026-09-04,Romford,19:33,4,Rosstemple Vivo,514886,Sporting Life,https://www.sportinglife.com/greyhounds/racecards/2026-09-04/romford/racecard/514886
2026-09-04,Romford,19:33,5,Whisky Villarico,514886,Sporting Life,https://www.sportinglife.com/greyhounds/racecards/2026-09-04/romford/racecard/514886
2026-09-04,Romford,19:33,6,Lincoln Impact,514886,Sporting Life,https://www.sportinglife.com/greyhounds/racecards/2026-09-04/romford/racecard/514886
2026-09-04,Romford,19:53,1,Bellini Bullet,514887,Sporting Life,https://www.sportinglife.com/greyhounds/racecards/2026-09-04/romford/racecard/514887
2026-09-04,Romford,19:53,2,March On Millie,514887,Sporting Life,https://www.sportinglife.com/greyhounds/racecards/2026-09-04/romford/racecard/514887
2026-09-04,Romford,19:53,3,Honey Rex,514887,Sporting Life,https://www.sportinglife.com/greyhounds/racecards/2026-09-04/romford/racecard/514887
2026-09-04,Romford,19:53,4,Droopys Strike,514887,Sporting Life,https://www.sportinglife.com/greyhounds/racecards/2026-09-04/romford/racecard/514887
2026-09-04,Romford,19:53,5,Swap Around,514887,Sporting Life,https://www.sportinglife.com/greyhounds/racecards/2026-09-04/romford/racecard/514887
2026-09-04,Romford,19:53,6,Ivy Hill Ariel,514887,Sporting Life,https://www.sportinglife.com/greyhounds/racecards/2026-09-04/romford/racecard/514887
2026-09-04,Romford,20:13,1,The Other Hudson,514888,Sporting Life,https://www.sportinglife.com/greyhounds/racecards/2026-09-04/romford/racecard/514888
2026-09-04,Romford,20:13,2,Hesdaguvnor,514888,Sporting Life,https://www.sportinglife.com/greyhounds/racecards/2026-09-04/romford/racecard/514888
2026-09-04,Romford,20:13,3,March On Foghorn,514888,Sporting Life,https://www.sportinglife.com/greyhounds/racecards/2026-09-04/romford/racecard/514888
2026-09-04,Romford,20:13,4,Hazza Summers,514888,Sporting Life,https://www.sportinglife.com/greyhounds/racecards/2026-09-04/romford/racecard/514888
2026-09-04,Romford,20:13,5,Darcys Dude,514888,Sporting Life,https://www.sportinglife.com/greyhounds/racecards/2026-09-04/romford/racecard/514888
2026-09-04,Romford,20:13,6,Not Now Alan,514888,Sporting Life,https://www.sportinglife.com/greyhounds/racecards/2026-09-04/romford/racecard/514888
2026-09-04,Romford,20:33,1,Droopys Nanette,514889,Sporting Life,https://www.sportinglife.com/greyhounds/racecards/2026-09-04/romford/racecard/514889
2026-09-04,Romford,20:33,2,Bonville Paddy,514889,Sporting Life,https://www.sportinglife.com/greyhounds/racecards/2026-09-04/romford/racecard/514889
2026-09-04,Romford,20:33,3,Ontherun Jamie,514889,Sporting Life,https://www.sportinglife.com/greyhounds/racecards/2026-09-04/romford/racecard/514889
2026-09-04,Romford,20:33,4,Puntos Opinion,514889,Sporting Life,https://www.sportinglife.com/greyhounds/racecards/2026-09-04/romford/racecard/514889
2026-09-04,Romford,20:33,5,Westway Mario,514889,Sporting Life,https://www.sportinglife.com/greyhounds/racecards/2026-09-04/romford/racecard/514889
2026-09-04,Romford,20:33,6,Populist,514889,Sporting Life,https://www.sportinglife.com/greyhounds/racecards/2026-09-04/romford/racecard/514889
2026-09-04,Romford,20:53,1,Churchfield King,514890,Sporting Life,https://www.sportinglife.com/greyhounds/racecards/2026-09-04/romford/racecard/514890
2026-09-04,Romford,20:53,2,Teaboy Lenny,514890,Sporting Life,https://www.sportinglife.com/greyhounds/racecards/2026-09-04/romford/racecard/514890
2026-09-04,Romford,20:53,3,Cluain Denis,514890,Sporting Life,https://www.sportinglife.com/greyhounds/racecards/2026-09-04/romford/racecard/514890
2026-09-04,Romford,20:53,4,Cloheena Caelan,514890,Sporting Life,https://www.sportinglife.com/greyhounds/racecards/2026-09-04/romford/racecard/514890
2026-09-04,Romford,20:53,5,Paradise Probono,514890,Sporting Life,https://www.sportinglife.com/greyhounds/racecards/2026-09-04/romford/racecard/514890
2026-09-04,Romford,20:53,6,Union Bandit,514890,Sporting Life,https://www.sportinglife.com/greyhounds/racecards/2026-09-04/romford/racecard/514890
2026-09-04,Romford,21:13,1,Rossa Vita,514891,Sporting Life,https://www.sportinglife.com/greyhounds/racecards/2026-09-04/romford/racecard/514891
2026-09-04,Romford,21:13,2,Izzys Tenpin,514891,Sporting Life,https://www.sportinglife.com/greyhounds/racecards/2026-09-04/romford/racecard/514891
2026-09-04,Romford,21:13,3,Drombeg Dusty,514891,Sporting Life,https://www.sportinglife.com/greyhounds/racecards/2026-09-04/romford/racecard/514891
2026-09-04,Romford,21:13,4,Full Monty,514891,Sporting Life,https://www.sportinglife.com/greyhounds/racecards/2026-09-04/romford/racecard/514891
2026-09-04,Romford,21:13,5,Distant Hiker,514891,Sporting Life,https://www.sportinglife.com/greyhounds/racecards/2026-09-04/romford/racecard/514891
2026-09-04,Romford,21:13,6,Bubbly Hogan,514891,Sporting Life,https://www.sportinglife.com/greyhounds/racecards/2026-09-04/romford/racecard/514891
2026-09-04,Romford,21:33,1,Droopys Will,514892,Sporting Life,https://www.sportinglife.com/greyhounds/racecards/2026-09-04/romford/racecard/514892
2026-09-04,Romford,21:33,2,Headford Wayne,514892,Sporting Life,https://www.sportinglife.com/greyhounds/racecards/2026-09-04/romford/racecard/514892
2026-09-04,Romford,21:33,3,Distant Rover,514892,Sporting Life,https://www.sportinglife.com/greyhounds/racecards/2026-09-04/romford/racecard/514892
2026-09-04,Romford,21:33,4,Piemans Goalie,514892,Sporting Life,https://www.sportinglife.com/greyhounds/racecards/2026-09-04/romford/racecard/514892
2026-09-04,Romford,21:33,5,Jacktavern Don,514892,Sporting Life,https://www.sportinglife.com/greyhounds/racecards/2026-09-04/romford/racecard/514892
2026-09-04,Romford,21:33,6,Brindle Bully,514892,Sporting Life,https://www.sportinglife.com/greyhounds/racecards/2026-09-04/romford/racecard/514892
2026-09-04,Romford,21:53,1,Bretons Girl,514893,Sporting Life,https://www.sportinglife.com/greyhounds/racecards/2026-09-04/romford/racecard/514893
2026-09-04,Romford,21:53,2,Headford Sarah,514893,Sporting Life,https://www.sportinglife.com/greyhounds/racecards/2026-09-04/romford/racecard/514893
2026-09-04,Romford,21:53,3,Bombay Buck,514893,Sporting Life,https://www.sportinglife.com/greyhounds/racecards/2026-09-04/romford/racecard/514893
2026-09-04,Romford,21:53,4,Newinn Tonic,514893,Sporting Life,https://www.sportinglife.com/greyhounds/racecards/2026-09-04/romford/racecard/514893
2026-09-04,Romford,21:53,5,Swift Quaid,514893,Sporting Life,https://www.sportinglife.com/greyhounds/racecards/2026-09-04/romford/racecard/514893
2026-09-04,Romford,21:53,6,Zenith Zaza,514893,Sporting Life,https://www.sportinglife.com/greyhounds/racecards/2026-09-04/romford/racecard/514893
2026-09-04,Romford,22:13,1,Coonough Laura,514894,Sporting Life,https://www.sportinglife.com/greyhounds/racecards/2026-09-04/romford/racecard/514894
2026-09-04,Romford,22:13,2,Bubbly Holly,514894,Sporting Life,https://www.sportinglife.com/greyhounds/racecards/2026-09-04/romford/racecard/514894
2026-09-04,Romford,22:13,3,Crossfield Roger,514894,Sporting Life,https://www.sportinglife.com/greyhounds/racecards/2026-09-04/romford/racecard/514894
2026-09-04,Romford,22:13,4,Razldazl Paloma,514894,Sporting Life,https://www.sportinglife.com/greyhounds/racecards/2026-09-04/romford/racecard/514894
2026-09-04,Romford,22:13,5,Bushpark Cathal,514894,Sporting Life,https://www.sportinglife.com/greyhounds/racecards/2026-09-04/romford/racecard/514894
2026-09-04,Romford,22:13,6,Goldcash Prince,514894,Sporting Life,https://www.sportinglife.com/greyhounds/racecards/2026-09-04/romford/racecard/514894
2026-09-04,Sheffield,18:18,1,Clear Jade,514907,Sporting Life,https://www.sportinglife.com/greyhounds/racecards/2026-09-04/sheffield/racecard/514907
2026-09-04,Sheffield,18:18,2,Tip Top Peaky,514907,Sporting Life,https://www.sportinglife.com/greyhounds/racecards/2026-09-04/sheffield/racecard/514907
2026-09-04,Sheffield,18:18,3,Hollyhill Ace,514907,Sporting Life,https://www.sportinglife.com/greyhounds/racecards/2026-09-04/sheffield/racecard/514907
2026-09-04,Sheffield,18:18,4,Ardrahan Aldante,514907,Sporting Life,https://www.sportinglife.com/greyhounds/racecards/2026-09-04/sheffield/racecard/514907
2026-09-04,Sheffield,18:18,5,Slippy Falcon,514907,Sporting Life,https://www.sportinglife.com/greyhounds/racecards/2026-09-04/sheffield/racecard/514907
2026-09-04,Sheffield,18:38,1,Chiltern Dreams,514908,Sporting Life,https://www.sportinglife.com/greyhounds/racecards/2026-09-04/sheffield/racecard/514908
2026-09-04,Sheffield,18:38,2,Southwood Millie,514908,Sporting Life,https://www.sportinglife.com/greyhounds/racecards/2026-09-04/sheffield/racecard/514908
2026-09-04,Sheffield,18:38,3,Dromrich Penny,514908,Sporting Life,https://www.sportinglife.com/greyhounds/racecards/2026-09-04/sheffield/racecard/514908
2026-09-04,Sheffield,18:38,4,Southside Magic,514908,Sporting Life,https://www.sportinglife.com/greyhounds/racecards/2026-09-04/sheffield/racecard/514908
2026-09-04,Sheffield,18:38,6,Catunda Sniper,514908,Sporting Life,https://www.sportinglife.com/greyhounds/racecards/2026-09-04/sheffield/racecard/514908
2026-09-04,Sheffield,18:58,1,Saleen Action,514909,Sporting Life,https://www.sportinglife.com/greyhounds/racecards/2026-09-04/sheffield/racecard/514909
2026-09-04,Sheffield,18:58,2,Frankton View,514909,Sporting Life,https://www.sportinglife.com/greyhounds/racecards/2026-09-04/sheffield/racecard/514909
2026-09-04,Sheffield,18:58,3,Ballymac Whaler,514909,Sporting Life,https://www.sportinglife.com/greyhounds/racecards/2026-09-04/sheffield/racecard/514909
2026-09-04,Sheffield,18:58,4,Kilgarran Holly,514909,Sporting Life,https://www.sportinglife.com/greyhounds/racecards/2026-09-04/sheffield/racecard/514909
2026-09-04,Sheffield,18:58,6,Golden Lion,514909,Sporting Life,https://www.sportinglife.com/greyhounds/racecards/2026-09-04/sheffield/racecard/514909
2026-09-04,Sheffield,19:18,1,Easy Rhi,514910,Sporting Life,https://www.sportinglife.com/greyhounds/racecards/2026-09-04/sheffield/racecard/514910
2026-09-04,Sheffield,19:18,2,Wholovesye,514910,Sporting Life,https://www.sportinglife.com/greyhounds/racecards/2026-09-04/sheffield/racecard/514910
2026-09-04,Sheffield,19:18,3,Finnery Wendy,514910,Sporting Life,https://www.sportinglife.com/greyhounds/racecards/2026-09-04/sheffield/racecard/514910
2026-09-04,Sheffield,19:18,4,Swift Agenda,514910,Sporting Life,https://www.sportinglife.com/greyhounds/racecards/2026-09-04/sheffield/racecard/514910
2026-09-04,Sheffield,19:18,5,When Its Over,514910,Sporting Life,https://www.sportinglife.com/greyhounds/racecards/2026-09-04/sheffield/racecard/514910
2026-09-04,Sheffield,19:38,1,Droopys Mars,514911,Sporting Life,https://www.sportinglife.com/greyhounds/racecards/2026-09-04/sheffield/racecard/514911
2026-09-04,Sheffield,19:38,2,Droopys Nell,514911,Sporting Life,https://www.sportinglife.com/greyhounds/racecards/2026-09-04/sheffield/racecard/514911
2026-09-04,Sheffield,19:38,4,Tee Emgee Foxy,514911,Sporting Life,https://www.sportinglife.com/greyhounds/racecards/2026-09-04/sheffield/racecard/514911
2026-09-04,Sheffield,19:38,5,Elegant Jet,514911,Sporting Life,https://www.sportinglife.com/greyhounds/racecards/2026-09-04/sheffield/racecard/514911
2026-09-04,Sheffield,19:38,6,Sunline Eabha,514911,Sporting Life,https://www.sportinglife.com/greyhounds/racecards/2026-09-04/sheffield/racecard/514911
2026-09-04,Sheffield,19:58,1,Lexis Dunganon,514912,Sporting Life,https://www.sportinglife.com/greyhounds/racecards/2026-09-04/sheffield/racecard/514912
2026-09-04,Sheffield,19:58,2,Ballyboss Emily,514912,Sporting Life,https://www.sportinglife.com/greyhounds/racecards/2026-09-04/sheffield/racecard/514912
2026-09-04,Sheffield,19:58,3,Veronicasfantasy,514912,Sporting Life,https://www.sportinglife.com/greyhounds/racecards/2026-09-04/sheffield/racecard/514912
2026-09-04,Sheffield,19:58,4,Easy Mix,514912,Sporting Life,https://www.sportinglife.com/greyhounds/racecards/2026-09-04/sheffield/racecard/514912
2026-09-04,Sheffield,19:58,6,Shelone Sky,514912,Sporting Life,https://www.sportinglife.com/greyhounds/racecards/2026-09-04/sheffield/racecard/514912
2026-09-04,Sheffield,20:18,1,Fearsome Dancer,514913,Sporting Life,https://www.sportinglife.com/greyhounds/racecards/2026-09-04/sheffield/racecard/514913
2026-09-04,Sheffield,20:18,2,Coleridgekingdom,514913,Sporting Life,https://www.sportinglife.com/greyhounds/racecards/2026-09-04/sheffield/racecard/514913
2026-09-04,Sheffield,20:18,3,Airfield Daisy,514913,Sporting Life,https://www.sportinglife.com/greyhounds/racecards/2026-09-04/sheffield/racecard/514913
2026-09-04,Sheffield,20:18,5,Feora Cora,514913,Sporting Life,https://www.sportinglife.com/greyhounds/racecards/2026-09-04/sheffield/racecard/514913
2026-09-04,Sheffield,20:18,6,Easy Next One,514913,Sporting Life,https://www.sportinglife.com/greyhounds/racecards/2026-09-04/sheffield/racecard/514913
2026-09-04,Sheffield,20:38,1,Catunda Trixie,514914,Sporting Life,https://www.sportinglife.com/greyhounds/racecards/2026-09-04/sheffield/racecard/514914
2026-09-04,Sheffield,20:38,2,Ridgedale Mazza,514914,Sporting Life,https://www.sportinglife.com/greyhounds/racecards/2026-09-04/sheffield/racecard/514914
2026-09-04,Sheffield,20:38,4,Killeacle Cher,514914,Sporting Life,https://www.sportinglife.com/greyhounds/racecards/2026-09-04/sheffield/racecard/514914
2026-09-04,Sheffield,20:38,5,Catunda Echo,514914,Sporting Life,https://www.sportinglife.com/greyhounds/racecards/2026-09-04/sheffield/racecard/514914
2026-09-04,Sheffield,20:38,6,Catunda Colonel,514914,Sporting Life,https://www.sportinglife.com/greyhounds/racecards/2026-09-04/sheffield/racecard/514914
2026-09-04,Sheffield,20:58,1,High Power,514915,Sporting Life,https://www.sportinglife.com/greyhounds/racecards/2026-09-04/sheffield/racecard/514915
2026-09-04,Sheffield,20:58,2,Dip Yer Bread,514915,Sporting Life,https://www.sportinglife.com/greyhounds/racecards/2026-09-04/sheffield/racecard/514915
2026-09-04,Sheffield,20:58,3,Da Safety Net,514915,Sporting Life,https://www.sportinglife.com/greyhounds/racecards/2026-09-04/sheffield/racecard/514915
2026-09-04,Sheffield,20:58,4,Teasys Pet,514915,Sporting Life,https://www.sportinglife.com/greyhounds/racecards/2026-09-04/sheffield/racecard/514915
2026-09-04,Sheffield,20:58,6,Droopys Suirway,514915,Sporting Life,https://www.sportinglife.com/greyhounds/racecards/2026-09-04/sheffield/racecard/514915
2026-09-04,Sheffield,21:18,1,Honey Trigger,514916,Sporting Life,https://www.sportinglife.com/greyhounds/racecards/2026-09-04/sheffield/racecard/514916
2026-09-04,Sheffield,21:18,2,Vale Speedy,514916,Sporting Life,https://www.sportinglife.com/greyhounds/racecards/2026-09-04/sheffield/racecard/514916
2026-09-04,Sheffield,21:18,3,Catunda Missy,514916,Sporting Life,https://www.sportinglife.com/greyhounds/racecards/2026-09-04/sheffield/racecard/514916
2026-09-04,Sheffield,21:18,4,Inca Brook,514916,Sporting Life,https://www.sportinglife.com/greyhounds/racecards/2026-09-04/sheffield/racecard/514916
2026-09-04,Sheffield,21:18,6,Walls Partner,514916,Sporting Life,https://www.sportinglife.com/greyhounds/racecards/2026-09-04/sheffield/racecard/514916
2026-09-04,Sheffield,21:38,1,Critical Anja,514917,Sporting Life,https://www.sportinglife.com/greyhounds/racecards/2026-09-04/sheffield/racecard/514917
2026-09-04,Sheffield,21:38,2,Anglesey Herring,514917,Sporting Life,https://www.sportinglife.com/greyhounds/racecards/2026-09-04/sheffield/racecard/514917
2026-09-04,Sheffield,21:38,4,Feora Sara,514917,Sporting Life,https://www.sportinglife.com/greyhounds/racecards/2026-09-04/sheffield/racecard/514917
2026-09-04,Sheffield,21:38,5,Vinnies Star,514917,Sporting Life,https://www.sportinglife.com/greyhounds/racecards/2026-09-04/sheffield/racecard/514917
2026-09-04,Sheffield,21:38,6,Cloondarone Sham,514917,Sporting Life,https://www.sportinglife.com/greyhounds/racecards/2026-09-04/sheffield/racecard/514917
2026-09-04,Sheffield,21:58,1,Helicopter Wilma,514918,Sporting Life,https://www.sportinglife.com/greyhounds/racecards/2026-09-04/sheffield/racecard/514918
2026-09-04,Sheffield,21:58,2,La Flor,514918,Sporting Life,https://www.sportinglife.com/greyhounds/racecards/2026-09-04/sheffield/racecard/514918
2026-09-04,Sheffield,21:58,3,Frantic Friday,514918,Sporting Life,https://www.sportinglife.com/greyhounds/racecards/2026-09-04/sheffield/racecard/514918
2026-09-04,Sheffield,21:58,4,Be My Lass,514918,Sporting Life,https://www.sportinglife.com/greyhounds/racecards/2026-09-04/sheffield/racecard/514918
2026-09-04,Sheffield,21:58,6,Tumbledown,514918,Sporting Life,https://www.sportinglife.com/greyhounds/racecards/2026-09-04/sheffield/racecard/514918
2026-09-04,Star Pelaw,14:26,1,Killieford Anton,514943,Sporting Life,https://www.sportinglife.com/greyhounds/racecards/2026-09-04/star-pelaw/racecard/514943
2026-09-04,Star Pelaw,14:26,2,Footfield Angel,514943,Sporting Life,https://www.sportinglife.com/greyhounds/racecards/2026-09-04/star-pelaw/racecard/514943
2026-09-04,Star Pelaw,14:26,3,Second Addition,514943,Sporting Life,https://www.sportinglife.com/greyhounds/racecards/2026-09-04/star-pelaw/racecard/514943
2026-09-04,Star Pelaw,14:26,4,Kilbarry Limit,514943,Sporting Life,https://www.sportinglife.com/greyhounds/racecards/2026-09-04/star-pelaw/racecard/514943
2026-09-04,Star Pelaw,14:26,6,Boris Billy,514943,Sporting Life,https://www.sportinglife.com/greyhounds/racecards/2026-09-04/star-pelaw/racecard/514943
2026-09-04,Star Pelaw,14:44,1,Westforth Sammy,514944,Sporting Life,https://www.sportinglife.com/greyhounds/racecards/2026-09-04/star-pelaw/racecard/514944
2026-09-04,Star Pelaw,14:44,2,Romeo Torres,514944,Sporting Life,https://www.sportinglife.com/greyhounds/racecards/2026-09-04/star-pelaw/racecard/514944
2026-09-04,Star Pelaw,14:44,3,Wheatsheaf Star,514944,Sporting Life,https://www.sportinglife.com/greyhounds/racecards/2026-09-04/star-pelaw/racecard/514944
2026-09-04,Star Pelaw,14:44,4,Prove It,514944,Sporting Life,https://www.sportinglife.com/greyhounds/racecards/2026-09-04/star-pelaw/racecard/514944
2026-09-04,Star Pelaw,14:44,5,Newyork Fitzy,514944,Sporting Life,https://www.sportinglife.com/greyhounds/racecards/2026-09-04/star-pelaw/racecard/514944
2026-09-04,Star Pelaw,14:44,6,Dorotas Diamond,514944,Sporting Life,https://www.sportinglife.com/greyhounds/racecards/2026-09-04/star-pelaw/racecard/514944
2026-09-04,Star Pelaw,15:03,1,Violets Girl,514945,Sporting Life,https://www.sportinglife.com/greyhounds/racecards/2026-09-04/star-pelaw/racecard/514945
2026-09-04,Star Pelaw,15:03,2,Malibu Jota,514945,Sporting Life,https://www.sportinglife.com/greyhounds/racecards/2026-09-04/star-pelaw/racecard/514945
2026-09-04,Star Pelaw,15:03,3,Headford Astrid,514945,Sporting Life,https://www.sportinglife.com/greyhounds/racecards/2026-09-04/star-pelaw/racecard/514945
2026-09-04,Star Pelaw,15:03,4,Malibu Harry,514945,Sporting Life,https://www.sportinglife.com/greyhounds/racecards/2026-09-04/star-pelaw/racecard/514945
2026-09-04,Star Pelaw,15:03,5,Cowboy Diego,514945,Sporting Life,https://www.sportinglife.com/greyhounds/racecards/2026-09-04/star-pelaw/racecard/514945
2026-09-04,Star Pelaw,15:03,6,Loxleys Tommo,514945,Sporting Life,https://www.sportinglife.com/greyhounds/racecards/2026-09-04/star-pelaw/racecard/514945
2026-09-04,Star Pelaw,15:22,1,Deelish Rapid,514946,Sporting Life,https://www.sportinglife.com/greyhounds/racecards/2026-09-04/star-pelaw/racecard/514946
2026-09-04,Star Pelaw,15:22,2,Listen Rascal,514946,Sporting Life,https://www.sportinglife.com/greyhounds/racecards/2026-09-04/star-pelaw/racecard/514946
2026-09-04,Star Pelaw,15:22,3,Brassneck Usyk,514946,Sporting Life,https://www.sportinglife.com/greyhounds/racecards/2026-09-04/star-pelaw/racecard/514946
2026-09-04,Star Pelaw,15:22,4,Jaydee Baby,514946,Sporting Life,https://www.sportinglife.com/greyhounds/racecards/2026-09-04/star-pelaw/racecard/514946
2026-09-04,Star Pelaw,15:22,5,Mary Gee,514946,Sporting Life,https://www.sportinglife.com/greyhounds/racecards/2026-09-04/star-pelaw/racecard/514946
2026-09-04,Star Pelaw,15:22,6,Hawkfield Lexi,514946,Sporting Life,https://www.sportinglife.com/greyhounds/racecards/2026-09-04/star-pelaw/racecard/514946
2026-09-04,Star Pelaw,15:41,1,Knackstar,514947,Sporting Life,https://www.sportinglife.com/greyhounds/racecards/2026-09-04/star-pelaw/racecard/514947
2026-09-04,Star Pelaw,15:41,2,Cornforth Mist,514947,Sporting Life,https://www.sportinglife.com/greyhounds/racecards/2026-09-04/star-pelaw/racecard/514947
2026-09-04,Star Pelaw,15:41,3,Drumbane Blue,514947,Sporting Life,https://www.sportinglife.com/greyhounds/racecards/2026-09-04/star-pelaw/racecard/514947
2026-09-04,Star Pelaw,15:41,4,Bangoutbambi,514947,Sporting Life,https://www.sportinglife.com/greyhounds/racecards/2026-09-04/star-pelaw/racecard/514947
2026-09-04,Star Pelaw,15:41,5,Snazzy Shelby,514947,Sporting Life,https://www.sportinglife.com/greyhounds/racecards/2026-09-04/star-pelaw/racecard/514947
2026-09-04,Star Pelaw,15:59,1,More Sufferance,514948,Sporting Life,https://www.sportinglife.com/greyhounds/racecards/2026-09-04/star-pelaw/racecard/514948
2026-09-04,Star Pelaw,15:59,2,Westfield Onebid,514948,Sporting Life,https://www.sportinglife.com/greyhounds/racecards/2026-09-04/star-pelaw/racecard/514948
2026-09-04,Star Pelaw,15:59,3,Philipstown Tomo,514948,Sporting Life,https://www.sportinglife.com/greyhounds/racecards/2026-09-04/star-pelaw/racecard/514948
2026-09-04,Star Pelaw,15:59,4,Untold Franc,514948,Sporting Life,https://www.sportinglife.com/greyhounds/racecards/2026-09-04/star-pelaw/racecard/514948
2026-09-04,Star Pelaw,15:59,5,Come On Ginger,514948,Sporting Life,https://www.sportinglife.com/greyhounds/racecards/2026-09-04/star-pelaw/racecard/514948
2026-09-04,Star Pelaw,15:59,6,Applewood Girl,514948,Sporting Life,https://www.sportinglife.com/greyhounds/racecards/2026-09-04/star-pelaw/racecard/514948
2026-09-04,Star Pelaw,16:18,1,Birtley Hoopstar,514949,Sporting Life,https://www.sportinglife.com/greyhounds/racecards/2026-09-04/star-pelaw/racecard/514949
2026-09-04,Star Pelaw,16:18,2,Hi Tyson,514949,Sporting Life,https://www.sportinglife.com/greyhounds/racecards/2026-09-04/star-pelaw/racecard/514949
2026-09-04,Star Pelaw,16:18,3,Mossend Tom,514949,Sporting Life,https://www.sportinglife.com/greyhounds/racecards/2026-09-04/star-pelaw/racecard/514949
2026-09-04,Star Pelaw,16:18,4,Fruity Aye Aye,514949,Sporting Life,https://www.sportinglife.com/greyhounds/racecards/2026-09-04/star-pelaw/racecard/514949
2026-09-04,Star Pelaw,16:18,5,Coolavannydelboy,514949,Sporting Life,https://www.sportinglife.com/greyhounds/racecards/2026-09-04/star-pelaw/racecard/514949
2026-09-04,Star Pelaw,16:18,6,Glenbowen Coogee,514949,Sporting Life,https://www.sportinglife.com/greyhounds/racecards/2026-09-04/star-pelaw/racecard/514949
2026-09-04,Star Pelaw,16:37,1,Millroad Rain,514950,Sporting Life,https://www.sportinglife.com/greyhounds/racecards/2026-09-04/star-pelaw/racecard/514950
2026-09-04,Star Pelaw,16:37,2,Rosstemple Bell,514950,Sporting Life,https://www.sportinglife.com/greyhounds/racecards/2026-09-04/star-pelaw/racecard/514950
2026-09-04,Star Pelaw,16:37,3,Cornforth Hero,514950,Sporting Life,https://www.sportinglife.com/greyhounds/racecards/2026-09-04/star-pelaw/racecard/514950
2026-09-04,Star Pelaw,16:37,4,Burgess Siun,514950,Sporting Life,https://www.sportinglife.com/greyhounds/racecards/2026-09-04/star-pelaw/racecard/514950
2026-09-04,Star Pelaw,16:37,5,Mcdara Bella,514950,Sporting Life,https://www.sportinglife.com/greyhounds/racecards/2026-09-04/star-pelaw/racecard/514950
2026-09-04,Star Pelaw,16:37,6,Spy Master,514950,Sporting Life,https://www.sportinglife.com/greyhounds/racecards/2026-09-04/star-pelaw/racecard/514950
2026-09-04,Star Pelaw,16:56,1,Marisol,514951,Sporting Life,https://www.sportinglife.com/greyhounds/racecards/2026-09-04/star-pelaw/racecard/514951
2026-09-04,Star Pelaw,16:56,2,Bandit Emily,514951,Sporting Life,https://www.sportinglife.com/greyhounds/racecards/2026-09-04/star-pelaw/racecard/514951
2026-09-04,Star Pelaw,16:56,3,Links Ginola,514951,Sporting Life,https://www.sportinglife.com/greyhounds/racecards/2026-09-04/star-pelaw/racecard/514951
2026-09-04,Star Pelaw,16:56,4,Drish Solar,514951,Sporting Life,https://www.sportinglife.com/greyhounds/racecards/2026-09-04/star-pelaw/racecard/514951
2026-09-04,Star Pelaw,16:56,5,Plagiarism,514951,Sporting Life,https://www.sportinglife.com/greyhounds/racecards/2026-09-04/star-pelaw/racecard/514951
2026-09-04,Star Pelaw,16:56,6,Toonrlee,514951,Sporting Life,https://www.sportinglife.com/greyhounds/racecards/2026-09-04/star-pelaw/racecard/514951
2026-09-04,Star Pelaw,17:14,1,Carrigmore Marlo,514952,Sporting Life,https://www.sportinglife.com/greyhounds/racecards/2026-09-04/star-pelaw/racecard/514952
2026-09-04,Star Pelaw,17:14,3,Dairyland Davy,514952,Sporting Life,https://www.sportinglife.com/greyhounds/racecards/2026-09-04/star-pelaw/racecard/514952
2026-09-04,Star Pelaw,17:14,4,Loxleys Rex,514952,Sporting Life,https://www.sportinglife.com/greyhounds/racecards/2026-09-04/star-pelaw/racecard/514952
2026-09-04,Star Pelaw,17:14,5,Knockduff Don,514952,Sporting Life,https://www.sportinglife.com/greyhounds/racecards/2026-09-04/star-pelaw/racecard/514952
2026-09-04,Star Pelaw,17:14,6,Blackstone Dani,514952,Sporting Life,https://www.sportinglife.com/greyhounds/racecards/2026-09-04/star-pelaw/racecard/514952
2026-09-04,Sunderland,18:23,1,Master Of War,514895,Sporting Life,https://www.sportinglife.com/greyhounds/racecards/2026-09-04/sunderland/racecard/514895
2026-09-04,Sunderland,18:23,2,Tip Top Flash,514895,Sporting Life,https://www.sportinglife.com/greyhounds/racecards/2026-09-04/sunderland/racecard/514895
2026-09-04,Sunderland,18:23,3,Hands Off Enda,514895,Sporting Life,https://www.sportinglife.com/greyhounds/racecards/2026-09-04/sunderland/racecard/514895
2026-09-04,Sunderland,18:23,4,Skiproe Mario,514895,Sporting Life,https://www.sportinglife.com/greyhounds/racecards/2026-09-04/sunderland/racecard/514895
2026-09-04,Sunderland,18:23,5,Rising Forrest,514895,Sporting Life,https://www.sportinglife.com/greyhounds/racecards/2026-09-04/sunderland/racecard/514895
2026-09-04,Sunderland,18:23,6,Eviesteel Hope,514895,Sporting Life,https://www.sportinglife.com/greyhounds/racecards/2026-09-04/sunderland/racecard/514895
2026-09-04,Sunderland,18:43,1,Zesty Raspberry,514896,Sporting Life,https://www.sportinglife.com/greyhounds/racecards/2026-09-04/sunderland/racecard/514896
2026-09-04,Sunderland,18:43,2,Anglesey Exile,514896,Sporting Life,https://www.sportinglife.com/greyhounds/racecards/2026-09-04/sunderland/racecard/514896
2026-09-04,Sunderland,18:43,3,Marchon Kittymae,514896,Sporting Life,https://www.sportinglife.com/greyhounds/racecards/2026-09-04/sunderland/racecard/514896
2026-09-04,Sunderland,18:43,4,Antigua Iceman,514896,Sporting Life,https://www.sportinglife.com/greyhounds/racecards/2026-09-04/sunderland/racecard/514896
2026-09-04,Sunderland,18:43,5,Swift Mandy,514896,Sporting Life,https://www.sportinglife.com/greyhounds/racecards/2026-09-04/sunderland/racecard/514896
2026-09-04,Sunderland,18:43,6,Amidus Call,514896,Sporting Life,https://www.sportinglife.com/greyhounds/racecards/2026-09-04/sunderland/racecard/514896
2026-09-04,Sunderland,19:03,1,Nicothebumblebee,514897,Sporting Life,https://www.sportinglife.com/greyhounds/racecards/2026-09-04/sunderland/racecard/514897
2026-09-04,Sunderland,19:03,2,Ballymac Buddy,514897,Sporting Life,https://www.sportinglife.com/greyhounds/racecards/2026-09-04/sunderland/racecard/514897
2026-09-04,Sunderland,19:03,3,Ballymac Sargie,514897,Sporting Life,https://www.sportinglife.com/greyhounds/racecards/2026-09-04/sunderland/racecard/514897
2026-09-04,Sunderland,19:03,4,Droopys Orator,514897,Sporting Life,https://www.sportinglife.com/greyhounds/racecards/2026-09-04/sunderland/racecard/514897
2026-09-04,Sunderland,19:03,6,Droopys Link,514897,Sporting Life,https://www.sportinglife.com/greyhounds/racecards/2026-09-04/sunderland/racecard/514897
2026-09-04,Sunderland,19:23,1,An Gaoithe Rua,514898,Sporting Life,https://www.sportinglife.com/greyhounds/racecards/2026-09-04/sunderland/racecard/514898
2026-09-04,Sunderland,19:23,2,People Watching,514898,Sporting Life,https://www.sportinglife.com/greyhounds/racecards/2026-09-04/sunderland/racecard/514898
2026-09-04,Sunderland,19:23,3,Duggies Stitch,514898,Sporting Life,https://www.sportinglife.com/greyhounds/racecards/2026-09-04/sunderland/racecard/514898
2026-09-04,Sunderland,19:23,4,Zari Trump,514898,Sporting Life,https://www.sportinglife.com/greyhounds/racecards/2026-09-04/sunderland/racecard/514898
2026-09-04,Sunderland,19:23,5,Gemmas Hope,514898,Sporting Life,https://www.sportinglife.com/greyhounds/racecards/2026-09-04/sunderland/racecard/514898
2026-09-04,Sunderland,19:23,6,Fruity Ninja,514898,Sporting Life,https://www.sportinglife.com/greyhounds/racecards/2026-09-04/sunderland/racecard/514898
2026-09-04,Sunderland,19:43,1,Toddys Texas,514899,Sporting Life,https://www.sportinglife.com/greyhounds/racecards/2026-09-04/sunderland/racecard/514899
2026-09-04,Sunderland,19:43,2,Untold Kava,514899,Sporting Life,https://www.sportinglife.com/greyhounds/racecards/2026-09-04/sunderland/racecard/514899
2026-09-04,Sunderland,19:43,3,Raha Shadow,514899,Sporting Life,https://www.sportinglife.com/greyhounds/racecards/2026-09-04/sunderland/racecard/514899
2026-09-04,Sunderland,19:43,4,Loxleys Ace,514899,Sporting Life,https://www.sportinglife.com/greyhounds/racecards/2026-09-04/sunderland/racecard/514899
2026-09-04,Sunderland,19:43,5,Elegant Shadow,514899,Sporting Life,https://www.sportinglife.com/greyhounds/racecards/2026-09-04/sunderland/racecard/514899
2026-09-04,Sunderland,19:43,6,Shalefield Cunha,514899,Sporting Life,https://www.sportinglife.com/greyhounds/racecards/2026-09-04/sunderland/racecard/514899
2026-09-04,Sunderland,20:03,1,Singalong Rex,514900,Sporting Life,https://www.sportinglife.com/greyhounds/racecards/2026-09-04/sunderland/racecard/514900
2026-09-04,Sunderland,20:03,2,Stefans Shine,514900,Sporting Life,https://www.sportinglife.com/greyhounds/racecards/2026-09-04/sunderland/racecard/514900
2026-09-04,Sunderland,20:03,3,Sunnyside Jayden,514900,Sporting Life,https://www.sportinglife.com/greyhounds/racecards/2026-09-04/sunderland/racecard/514900
2026-09-04,Sunderland,20:03,4,Romantic Tessie,514900,Sporting Life,https://www.sportinglife.com/greyhounds/racecards/2026-09-04/sunderland/racecard/514900
2026-09-04,Sunderland,20:03,5,Foulkscourt Bono,514900,Sporting Life,https://www.sportinglife.com/greyhounds/racecards/2026-09-04/sunderland/racecard/514900
2026-09-04,Sunderland,20:03,6,Marymount Joy,514900,Sporting Life,https://www.sportinglife.com/greyhounds/racecards/2026-09-04/sunderland/racecard/514900
2026-09-04,Sunderland,20:23,1,Travel Safe,514901,Sporting Life,https://www.sportinglife.com/greyhounds/racecards/2026-09-04/sunderland/racecard/514901
2026-09-04,Sunderland,20:23,2,Coppice Saphire,514901,Sporting Life,https://www.sportinglife.com/greyhounds/racecards/2026-09-04/sunderland/racecard/514901
2026-09-04,Sunderland,20:23,3,Ballyhimikin Meg,514901,Sporting Life,https://www.sportinglife.com/greyhounds/racecards/2026-09-04/sunderland/racecard/514901
2026-09-04,Sunderland,20:23,4,Tullymurry Shine,514901,Sporting Life,https://www.sportinglife.com/greyhounds/racecards/2026-09-04/sunderland/racecard/514901
2026-09-04,Sunderland,20:23,5,Quivers View,514901,Sporting Life,https://www.sportinglife.com/greyhounds/racecards/2026-09-04/sunderland/racecard/514901
2026-09-04,Sunderland,20:23,6,Taylor The Best,514901,Sporting Life,https://www.sportinglife.com/greyhounds/racecards/2026-09-04/sunderland/racecard/514901
2026-09-04,Sunderland,20:43,1,Slamannan Villa,514902,Sporting Life,https://www.sportinglife.com/greyhounds/racecards/2026-09-04/sunderland/racecard/514902
2026-09-04,Sunderland,20:43,2,Zesty Kiwi,514902,Sporting Life,https://www.sportinglife.com/greyhounds/racecards/2026-09-04/sunderland/racecard/514902
2026-09-04,Sunderland,20:43,3,Reagrove Remy,514902,Sporting Life,https://www.sportinglife.com/greyhounds/racecards/2026-09-04/sunderland/racecard/514902
2026-09-04,Sunderland,20:43,4,Shelikethemother,514902,Sporting Life,https://www.sportinglife.com/greyhounds/racecards/2026-09-04/sunderland/racecard/514902
2026-09-04,Sunderland,20:43,5,Timmys Diva,514902,Sporting Life,https://www.sportinglife.com/greyhounds/racecards/2026-09-04/sunderland/racecard/514902
2026-09-04,Sunderland,20:43,6,Stonepark Patsy,514902,Sporting Life,https://www.sportinglife.com/greyhounds/racecards/2026-09-04/sunderland/racecard/514902
2026-09-04,Sunderland,21:03,1,Trooper Trippett,514903,Sporting Life,https://www.sportinglife.com/greyhounds/racecards/2026-09-04/sunderland/racecard/514903
2026-09-04,Sunderland,21:03,2,Emers Noddy,514903,Sporting Life,https://www.sportinglife.com/greyhounds/racecards/2026-09-04/sunderland/racecard/514903
2026-09-04,Sunderland,21:03,3,Romeo Vega,514903,Sporting Life,https://www.sportinglife.com/greyhounds/racecards/2026-09-04/sunderland/racecard/514903
2026-09-04,Sunderland,21:03,4,Slinky Dog Dash,514903,Sporting Life,https://www.sportinglife.com/greyhounds/racecards/2026-09-04/sunderland/racecard/514903
2026-09-04,Sunderland,21:03,5,Adamant Keane,514903,Sporting Life,https://www.sportinglife.com/greyhounds/racecards/2026-09-04/sunderland/racecard/514903
2026-09-04,Sunderland,21:03,6,Rathronan Romeo,514903,Sporting Life,https://www.sportinglife.com/greyhounds/racecards/2026-09-04/sunderland/racecard/514903
2026-09-04,Sunderland,21:23,1,Links Jester,514904,Sporting Life,https://www.sportinglife.com/greyhounds/racecards/2026-09-04/sunderland/racecard/514904
2026-09-04,Sunderland,21:23,2,Freedom Pro Am,514904,Sporting Life,https://www.sportinglife.com/greyhounds/racecards/2026-09-04/sunderland/racecard/514904
2026-09-04,Sunderland,21:23,3,Good Teddy,514904,Sporting Life,https://www.sportinglife.com/greyhounds/racecards/2026-09-04/sunderland/racecard/514904
2026-09-04,Sunderland,21:23,4,Fridays Jota,514904,Sporting Life,https://www.sportinglife.com/greyhounds/racecards/2026-09-04/sunderland/racecard/514904
2026-09-04,Sunderland,21:23,6,Hollyhill King,514904,Sporting Life,https://www.sportinglife.com/greyhounds/racecards/2026-09-04/sunderland/racecard/514904
2026-09-04,Sunderland,21:43,1,Moulton Debbie,514905,Sporting Life,https://www.sportinglife.com/greyhounds/racecards/2026-09-04/sunderland/racecard/514905
2026-09-04,Sunderland,21:43,2,Swing Ashly,514905,Sporting Life,https://www.sportinglife.com/greyhounds/racecards/2026-09-04/sunderland/racecard/514905
2026-09-04,Sunderland,21:43,3,Market Lough,514905,Sporting Life,https://www.sportinglife.com/greyhounds/racecards/2026-09-04/sunderland/racecard/514905
2026-09-04,Sunderland,21:43,5,Chanceme Richi,514905,Sporting Life,https://www.sportinglife.com/greyhounds/racecards/2026-09-04/sunderland/racecard/514905
2026-09-04,Sunderland,21:43,6,Kerryroad Millie,514905,Sporting Life,https://www.sportinglife.com/greyhounds/racecards/2026-09-04/sunderland/racecard/514905
2026-09-04,Sunderland,22:03,2,Marinas Monza,514906,Sporting Life,https://www.sportinglife.com/greyhounds/racecards/2026-09-04/sunderland/racecard/514906
2026-09-04,Sunderland,22:03,3,Burnpark Pheonix,514906,Sporting Life,https://www.sportinglife.com/greyhounds/racecards/2026-09-04/sunderland/racecard/514906
2026-09-04,Sunderland,22:03,4,Hollyhill Layla,514906,Sporting Life,https://www.sportinglife.com/greyhounds/racecards/2026-09-04/sunderland/racecard/514906
2026-09-04,Sunderland,22:03,5,Colrose Lady,514906,Sporting Life,https://www.sportinglife.com/greyhounds/racecards/2026-09-04/sunderland/racecard/514906
2026-09-04,Sunderland,22:03,6,Barnfield Chief,514906,Sporting Life,https://www.sportinglife.com/greyhounds/racecards/2026-09-04/sunderland/racecard/514906
2026-09-04,Towcester,14:23,1,Makeit Frankyboy,514980,Sporting Life,https://www.sportinglife.com/greyhounds/racecards/2026-09-04/towcester/racecard/514980
2026-09-04,Towcester,14:23,2,Makeit Anton,514980,Sporting Life,https://www.sportinglife.com/greyhounds/racecards/2026-09-04/towcester/racecard/514980
2026-09-04,Towcester,14:23,3,Deecee Bono,514980,Sporting Life,https://www.sportinglife.com/greyhounds/racecards/2026-09-04/towcester/racecard/514980
2026-09-04,Towcester,14:23,4,Daleroad Max,514980,Sporting Life,https://www.sportinglife.com/greyhounds/racecards/2026-09-04/towcester/racecard/514980
2026-09-04,Towcester,14:23,5,Trapstyle Wee,514980,Sporting Life,https://www.sportinglife.com/greyhounds/racecards/2026-09-04/towcester/racecard/514980
2026-09-04,Towcester,14:23,6,Tolpuddleduchess,514980,Sporting Life,https://www.sportinglife.com/greyhounds/racecards/2026-09-04/towcester/racecard/514980
2026-09-04,Towcester,14:41,1,Ardera Lass,514981,Sporting Life,https://www.sportinglife.com/greyhounds/racecards/2026-09-04/towcester/racecard/514981
2026-09-04,Towcester,14:41,2,Choices Jess,514981,Sporting Life,https://www.sportinglife.com/greyhounds/racecards/2026-09-04/towcester/racecard/514981
2026-09-04,Towcester,14:41,3,Fabulous Verve,514981,Sporting Life,https://www.sportinglife.com/greyhounds/racecards/2026-09-04/towcester/racecard/514981
2026-09-04,Towcester,14:41,4,Ballycleary Bell,514981,Sporting Life,https://www.sportinglife.com/greyhounds/racecards/2026-09-04/towcester/racecard/514981
2026-09-04,Towcester,14:41,5,St Edmunds Dan,514981,Sporting Life,https://www.sportinglife.com/greyhounds/racecards/2026-09-04/towcester/racecard/514981
2026-09-04,Towcester,14:41,6,Knockard Joe,514981,Sporting Life,https://www.sportinglife.com/greyhounds/racecards/2026-09-04/towcester/racecard/514981
2026-09-04,Towcester,15:01,1,Policia,514982,Sporting Life,https://www.sportinglife.com/greyhounds/racecards/2026-09-04/towcester/racecard/514982
2026-09-04,Towcester,15:01,2,Savana Kommeno,514982,Sporting Life,https://www.sportinglife.com/greyhounds/racecards/2026-09-04/towcester/racecard/514982
2026-09-04,Towcester,15:01,3,Mustang Mania,514982,Sporting Life,https://www.sportinglife.com/greyhounds/racecards/2026-09-04/towcester/racecard/514982
2026-09-04,Towcester,15:01,4,Flee From Gossip,514982,Sporting Life,https://www.sportinglife.com/greyhounds/racecards/2026-09-04/towcester/racecard/514982
2026-09-04,Towcester,15:01,5,El Prez Bandit,514982,Sporting Life,https://www.sportinglife.com/greyhounds/racecards/2026-09-04/towcester/racecard/514982
2026-09-04,Towcester,15:01,6,Lucky Sevens,514982,Sporting Life,https://www.sportinglife.com/greyhounds/racecards/2026-09-04/towcester/racecard/514982
2026-09-04,Towcester,15:19,1,Trapstylebashful,514983,Sporting Life,https://www.sportinglife.com/greyhounds/racecards/2026-09-04/towcester/racecard/514983
2026-09-04,Towcester,15:19,2,Ballymac Nuna,514983,Sporting Life,https://www.sportinglife.com/greyhounds/racecards/2026-09-04/towcester/racecard/514983
2026-09-04,Towcester,15:19,3,Darraghs Dream,514983,Sporting Life,https://www.sportinglife.com/greyhounds/racecards/2026-09-04/towcester/racecard/514983
2026-09-04,Towcester,15:19,4,Catunda Stella,514983,Sporting Life,https://www.sportinglife.com/greyhounds/racecards/2026-09-04/towcester/racecard/514983
2026-09-04,Towcester,15:19,5,Fabulous Giulia,514983,Sporting Life,https://www.sportinglife.com/greyhounds/racecards/2026-09-04/towcester/racecard/514983
2026-09-04,Towcester,15:19,6,Rapido Aria,514983,Sporting Life,https://www.sportinglife.com/greyhounds/racecards/2026-09-04/towcester/racecard/514983
2026-09-04,Towcester,15:38,1,Wessex Duchess,514984,Sporting Life,https://www.sportinglife.com/greyhounds/racecards/2026-09-04/towcester/racecard/514984
2026-09-04,Towcester,15:38,2,Trapstyle Faith,514984,Sporting Life,https://www.sportinglife.com/greyhounds/racecards/2026-09-04/towcester/racecard/514984
2026-09-04,Towcester,15:38,3,Choices Bronte,514984,Sporting Life,https://www.sportinglife.com/greyhounds/racecards/2026-09-04/towcester/racecard/514984
2026-09-04,Towcester,15:38,4,Onthemissinglist,514984,Sporting Life,https://www.sportinglife.com/greyhounds/racecards/2026-09-04/towcester/racecard/514984
2026-09-04,Towcester,15:38,5,Crucial Dutch,514984,Sporting Life,https://www.sportinglife.com/greyhounds/racecards/2026-09-04/towcester/racecard/514984
2026-09-04,Towcester,15:38,6,Hiya Carneiro,514984,Sporting Life,https://www.sportinglife.com/greyhounds/racecards/2026-09-04/towcester/racecard/514984
2026-09-04,Towcester,15:57,1,Outlaw Gun,514985,Sporting Life,https://www.sportinglife.com/greyhounds/racecards/2026-09-04/towcester/racecard/514985
2026-09-04,Towcester,15:57,2,Salthill Joker,514985,Sporting Life,https://www.sportinglife.com/greyhounds/racecards/2026-09-04/towcester/racecard/514985
2026-09-04,Towcester,15:57,3,Ballymac Decky,514985,Sporting Life,https://www.sportinglife.com/greyhounds/racecards/2026-09-04/towcester/racecard/514985
2026-09-04,Towcester,15:57,4,Catunda Faye,514985,Sporting Life,https://www.sportinglife.com/greyhounds/racecards/2026-09-04/towcester/racecard/514985
2026-09-04,Towcester,15:57,5,Ballymac Pallas,514985,Sporting Life,https://www.sportinglife.com/greyhounds/racecards/2026-09-04/towcester/racecard/514985
2026-09-04,Towcester,15:57,6,Demon Slave,514985,Sporting Life,https://www.sportinglife.com/greyhounds/racecards/2026-09-04/towcester/racecard/514985
2026-09-04,Towcester,16:16,1,Junior Flores,514986,Sporting Life,https://www.sportinglife.com/greyhounds/racecards/2026-09-04/towcester/racecard/514986
2026-09-04,Towcester,16:16,2,Trapstyle Egg,514986,Sporting Life,https://www.sportinglife.com/greyhounds/racecards/2026-09-04/towcester/racecard/514986
2026-09-04,Towcester,16:16,3,Ardera Ella,514986,Sporting Life,https://www.sportinglife.com/greyhounds/racecards/2026-09-04/towcester/racecard/514986
2026-09-04,Towcester,16:16,4,Makeit Joy,514986,Sporting Life,https://www.sportinglife.com/greyhounds/racecards/2026-09-04/towcester/racecard/514986
2026-09-04,Towcester,16:16,5,Magical Nelly,514986,Sporting Life,https://www.sportinglife.com/greyhounds/racecards/2026-09-04/towcester/racecard/514986
2026-09-04,Towcester,16:16,6,Makeit Juice,514986,Sporting Life,https://www.sportinglife.com/greyhounds/racecards/2026-09-04/towcester/racecard/514986
2026-09-04,Towcester,16:34,1,Romeo Regent,514987,Sporting Life,https://www.sportinglife.com/greyhounds/racecards/2026-09-04/towcester/racecard/514987
2026-09-04,Towcester,16:34,2,Denanval,514987,Sporting Life,https://www.sportinglife.com/greyhounds/racecards/2026-09-04/towcester/racecard/514987
2026-09-04,Towcester,16:34,3,Fabulous Islay,514987,Sporting Life,https://www.sportinglife.com/greyhounds/racecards/2026-09-04/towcester/racecard/514987
2026-09-04,Towcester,16:34,4,Kranky Paddy,514987,Sporting Life,https://www.sportinglife.com/greyhounds/racecards/2026-09-04/towcester/racecard/514987
2026-09-04,Towcester,16:34,5,Dairyland Jimmy,514987,Sporting Life,https://www.sportinglife.com/greyhounds/racecards/2026-09-04/towcester/racecard/514987
2026-09-04,Towcester,16:34,6,Ballymac Andre,514987,Sporting Life,https://www.sportinglife.com/greyhounds/racecards/2026-09-04/towcester/racecard/514987
2026-09-04,Towcester,16:53,1,Pagan And Chief,514988,Sporting Life,https://www.sportinglife.com/greyhounds/racecards/2026-09-04/towcester/racecard/514988
2026-09-04,Towcester,16:53,2,Boswellion,514988,Sporting Life,https://www.sportinglife.com/greyhounds/racecards/2026-09-04/towcester/racecard/514988
2026-09-04,Towcester,16:53,3,Fabulous Miley,514988,Sporting Life,https://www.sportinglife.com/greyhounds/racecards/2026-09-04/towcester/racecard/514988
2026-09-04,Towcester,16:53,4,Tromora Bonnie,514988,Sporting Life,https://www.sportinglife.com/greyhounds/racecards/2026-09-04/towcester/racecard/514988
2026-09-04,Towcester,16:53,5,Gurtnacrehy Ohio,514988,Sporting Life,https://www.sportinglife.com/greyhounds/racecards/2026-09-04/towcester/racecard/514988
2026-09-04,Towcester,16:53,6,Essex Abz,514988,Sporting Life,https://www.sportinglife.com/greyhounds/racecards/2026-09-04/towcester/racecard/514988
2026-09-04,Towcester,17:12,1,Freyas Tiger,514989,Sporting Life,https://www.sportinglife.com/greyhounds/racecards/2026-09-04/towcester/racecard/514989
2026-09-04,Towcester,17:12,2,Swift Rally,514989,Sporting Life,https://www.sportinglife.com/greyhounds/racecards/2026-09-04/towcester/racecard/514989
2026-09-04,Towcester,17:12,3,Ballycleary Sass,514989,Sporting Life,https://www.sportinglife.com/greyhounds/racecards/2026-09-04/towcester/racecard/514989
2026-09-04,Towcester,17:12,4,Marshall Sam,514989,Sporting Life,https://www.sportinglife.com/greyhounds/racecards/2026-09-04/towcester/racecard/514989
2026-09-04,Towcester,17:12,5,Amka Bruce,514989,Sporting Life,https://www.sportinglife.com/greyhounds/racecards/2026-09-04/towcester/racecard/514989
2026-09-04,Towcester,17:12,6,Clermount,514989,Sporting Life,https://www.sportinglife.com/greyhounds/racecards/2026-09-04/towcester/racecard/514989
2026-09-04,Towcester,17:31,1,Contempt,514990,Sporting Life,https://www.sportinglife.com/greyhounds/racecards/2026-09-04/towcester/racecard/514990
2026-09-04,Towcester,17:31,2,Romantic Bingo,514990,Sporting Life,https://www.sportinglife.com/greyhounds/racecards/2026-09-04/towcester/racecard/514990
2026-09-04,Towcester,17:31,3,Makeit Dolly,514990,Sporting Life,https://www.sportinglife.com/greyhounds/racecards/2026-09-04/towcester/racecard/514990
2026-09-04,Towcester,17:31,4,Fabulous Tamiko,514990,Sporting Life,https://www.sportinglife.com/greyhounds/racecards/2026-09-04/towcester/racecard/514990
2026-09-04,Towcester,17:31,5,St Edmunds Steve,514990,Sporting Life,https://www.sportinglife.com/greyhounds/racecards/2026-09-04/towcester/racecard/514990
2026-09-04,Towcester,17:31,6,Frankton Poppy,514990,Sporting Life,https://www.sportinglife.com/greyhounds/racecards/2026-09-04/towcester/racecard/514990
2026-09-04,Towcester,17:49,1,Makeit Goofy,514991,Sporting Life,https://www.sportinglife.com/greyhounds/racecards/2026-09-04/towcester/racecard/514991
2026-09-04,Towcester,17:49,2,Pauls Opinion,514991,Sporting Life,https://www.sportinglife.com/greyhounds/racecards/2026-09-04/towcester/racecard/514991
2026-09-04,Towcester,17:49,3,Fabulous Sora,514991,Sporting Life,https://www.sportinglife.com/greyhounds/racecards/2026-09-04/towcester/racecard/514991
2026-09-04,Towcester,17:49,4,Toomevara Sheera,514991,Sporting Life,https://www.sportinglife.com/greyhounds/racecards/2026-09-04/towcester/racecard/514991
2026-09-04,Towcester,17:49,5,Ducleagh,514991,Sporting Life,https://www.sportinglife.com/greyhounds/racecards/2026-09-04/towcester/racecard/514991
2026-09-04,Towcester,17:49,6,Twolegsofour,514991,Sporting Life,https://www.sportinglife.com/greyhounds/racecards/2026-09-04/towcester/racecard/514991
