date,track,race_time,runner_number,dog_name,race_id,source,race_url
2026-08-24,Central Park,14:36,1,Insane View,513483,Sporting Life,https://www.sportinglife.com/greyhounds/racecards/2026-08-24/central-park/racecard/513483
2026-08-24,Central Park,14:36,2,Kereight Belle,513483,Sporting Life,https://www.sportinglife.com/greyhounds/racecards/2026-08-24/central-park/racecard/513483
2026-08-24,Central Park,14:36,3,Westwood Betty,513483,Sporting Life,https://www.sportinglife.com/greyhounds/racecards/2026-08-24/central-park/racecard/513483
2026-08-24,Central Park,14:36,4,Speedy Simone,513483,Sporting Life,https://www.sportinglife.com/greyhounds/racecards/2026-08-24/central-park/racecard/513483
2026-08-24,Central Park,14:36,5,Glosha Sally,513483,Sporting Life,https://www.sportinglife.com/greyhounds/racecards/2026-08-24/central-park/racecard/513483
2026-08-24,Central Park,14:36,6,Howareya Habibi,513483,Sporting Life,https://www.sportinglife.com/greyhounds/racecards/2026-08-24/central-park/racecard/513483
2026-08-24,Central Park,14:54,1,Canal River,513484,Sporting Life,https://www.sportinglife.com/greyhounds/racecards/2026-08-24/central-park/racecard/513484
2026-08-24,Central Park,14:54,2,Hollyoak Maggie,513484,Sporting Life,https://www.sportinglife.com/greyhounds/racecards/2026-08-24/central-park/racecard/513484
2026-08-24,Central Park,14:54,3,Antigua Heat,513484,Sporting Life,https://www.sportinglife.com/greyhounds/racecards/2026-08-24/central-park/racecard/513484
2026-08-24,Central Park,14:54,4,Wastehouse Kris,513484,Sporting Life,https://www.sportinglife.com/greyhounds/racecards/2026-08-24/central-park/racecard/513484
2026-08-24,Central Park,14:54,6,Greatdown Lad,513484,Sporting Life,https://www.sportinglife.com/greyhounds/racecards/2026-08-24/central-park/racecard/513484
2026-08-24,Central Park,15:13,1,Hollyoak Ronald,513485,Sporting Life,https://www.sportinglife.com/greyhounds/racecards/2026-08-24/central-park/racecard/513485
2026-08-24,Central Park,15:13,2,Dapper Beth,513485,Sporting Life,https://www.sportinglife.com/greyhounds/racecards/2026-08-24/central-park/racecard/513485
2026-08-24,Central Park,15:13,3,Savana Georgia,513485,Sporting Life,https://www.sportinglife.com/greyhounds/racecards/2026-08-24/central-park/racecard/513485
2026-08-24,Central Park,15:13,5,Coonough View,513485,Sporting Life,https://www.sportinglife.com/greyhounds/racecards/2026-08-24/central-park/racecard/513485
2026-08-24,Central Park,15:13,6,Melodys Admiral,513485,Sporting Life,https://www.sportinglife.com/greyhounds/racecards/2026-08-24/central-park/racecard/513485
2026-08-24,Central Park,15:32,1,Insane Shenen,513486,Sporting Life,https://www.sportinglife.com/greyhounds/racecards/2026-08-24/central-park/racecard/513486
2026-08-24,Central Park,15:32,3,Autumn Elizabeth,513486,Sporting Life,https://www.sportinglife.com/greyhounds/racecards/2026-08-24/central-park/racecard/513486
2026-08-24,Central Park,15:32,4,King Wilson,513486,Sporting Life,https://www.sportinglife.com/greyhounds/racecards/2026-08-24/central-park/racecard/513486
2026-08-24,Central Park,15:32,5,Headford Sirl,513486,Sporting Life,https://www.sportinglife.com/greyhounds/racecards/2026-08-24/central-park/racecard/513486
2026-08-24,Central Park,15:32,6,Strideaway Honey,513486,Sporting Life,https://www.sportinglife.com/greyhounds/racecards/2026-08-24/central-park/racecard/513486
2026-08-24,Central Park,15:51,1,Front Layyah,513487,Sporting Life,https://www.sportinglife.com/greyhounds/racecards/2026-08-24/central-park/racecard/513487
2026-08-24,Central Park,15:51,2,Russmur Sabbath,513487,Sporting Life,https://www.sportinglife.com/greyhounds/racecards/2026-08-24/central-park/racecard/513487
2026-08-24,Central Park,15:51,3,Baggios Nikita,513487,Sporting Life,https://www.sportinglife.com/greyhounds/racecards/2026-08-24/central-park/racecard/513487
2026-08-24,Central Park,15:51,5,Nineteen Bold,513487,Sporting Life,https://www.sportinglife.com/greyhounds/racecards/2026-08-24/central-park/racecard/513487
2026-08-24,Central Park,15:51,6,Swift Grinch,513487,Sporting Life,https://www.sportinglife.com/greyhounds/racecards/2026-08-24/central-park/racecard/513487
2026-08-24,Central Park,16:09,1,Getup Me Champ,513488,Sporting Life,https://www.sportinglife.com/greyhounds/racecards/2026-08-24/central-park/racecard/513488
2026-08-24,Central Park,16:09,2,Swervetheissue,513488,Sporting Life,https://www.sportinglife.com/greyhounds/racecards/2026-08-24/central-park/racecard/513488
2026-08-24,Central Park,16:09,3,Insane Drum,513488,Sporting Life,https://www.sportinglife.com/greyhounds/racecards/2026-08-24/central-park/racecard/513488
2026-08-24,Central Park,16:09,4,Miami Eagle,513488,Sporting Life,https://www.sportinglife.com/greyhounds/racecards/2026-08-24/central-park/racecard/513488
2026-08-24,Central Park,16:09,5,Swift Quail,513488,Sporting Life,https://www.sportinglife.com/greyhounds/racecards/2026-08-24/central-park/racecard/513488
2026-08-24,Central Park,16:28,1,Lady Kitty,513489,Sporting Life,https://www.sportinglife.com/greyhounds/racecards/2026-08-24/central-park/racecard/513489
2026-08-24,Central Park,16:28,3,Autumn Mary,513489,Sporting Life,https://www.sportinglife.com/greyhounds/racecards/2026-08-24/central-park/racecard/513489
2026-08-24,Central Park,16:28,4,Pearces Bluebell,513489,Sporting Life,https://www.sportinglife.com/greyhounds/racecards/2026-08-24/central-park/racecard/513489
2026-08-24,Central Park,16:28,5,Stophers Trick,513489,Sporting Life,https://www.sportinglife.com/greyhounds/racecards/2026-08-24/central-park/racecard/513489
2026-08-24,Central Park,16:28,6,Murdaniel Fin,513489,Sporting Life,https://www.sportinglife.com/greyhounds/racecards/2026-08-24/central-park/racecard/513489
2026-08-24,Central Park,16:47,1,Savana Sparky,513490,Sporting Life,https://www.sportinglife.com/greyhounds/racecards/2026-08-24/central-park/racecard/513490
2026-08-24,Central Park,16:47,2,Pearces Rose,513490,Sporting Life,https://www.sportinglife.com/greyhounds/racecards/2026-08-24/central-park/racecard/513490
2026-08-24,Central Park,16:47,4,Harlequin Flick,513490,Sporting Life,https://www.sportinglife.com/greyhounds/racecards/2026-08-24/central-park/racecard/513490
2026-08-24,Central Park,16:47,5,Relevance,513490,Sporting Life,https://www.sportinglife.com/greyhounds/racecards/2026-08-24/central-park/racecard/513490
2026-08-24,Central Park,16:47,6,Mongys Grace,513490,Sporting Life,https://www.sportinglife.com/greyhounds/racecards/2026-08-24/central-park/racecard/513490
2026-08-24,Central Park,17:06,1,Honey Cash,513491,Sporting Life,https://www.sportinglife.com/greyhounds/racecards/2026-08-24/central-park/racecard/513491
2026-08-24,Central Park,17:06,2,Droopys Promise,513491,Sporting Life,https://www.sportinglife.com/greyhounds/racecards/2026-08-24/central-park/racecard/513491
2026-08-24,Central Park,17:06,3,Yellow Submarine,513491,Sporting Life,https://www.sportinglife.com/greyhounds/racecards/2026-08-24/central-park/racecard/513491
2026-08-24,Central Park,17:06,4,Pretty Epic,513491,Sporting Life,https://www.sportinglife.com/greyhounds/racecards/2026-08-24/central-park/racecard/513491
2026-08-24,Central Park,17:06,6,Ross Sky,513491,Sporting Life,https://www.sportinglife.com/greyhounds/racecards/2026-08-24/central-park/racecard/513491
2026-08-24,Central Park,17:24,1,Droopys Chatter,513492,Sporting Life,https://www.sportinglife.com/greyhounds/racecards/2026-08-24/central-park/racecard/513492
2026-08-24,Central Park,17:24,2,Hollyoak Mable,513492,Sporting Life,https://www.sportinglife.com/greyhounds/racecards/2026-08-24/central-park/racecard/513492
2026-08-24,Central Park,17:24,3,Autumn Jane,513492,Sporting Life,https://www.sportinglife.com/greyhounds/racecards/2026-08-24/central-park/racecard/513492
2026-08-24,Central Park,17:24,4,Whosdogisthat,513492,Sporting Life,https://www.sportinglife.com/greyhounds/racecards/2026-08-24/central-park/racecard/513492
2026-08-24,Central Park,17:24,5,Ivy Hill Angel,513492,Sporting Life,https://www.sportinglife.com/greyhounds/racecards/2026-08-24/central-park/racecard/513492
2026-08-24,Central Park,17:24,6,Airlie Nambucca,513492,Sporting Life,https://www.sportinglife.com/greyhounds/racecards/2026-08-24/central-park/racecard/513492
2026-08-24,Central Park,17:43,1,Always Hoffa,513493,Sporting Life,https://www.sportinglife.com/greyhounds/racecards/2026-08-24/central-park/racecard/513493
2026-08-24,Central Park,17:43,2,Swift Factor,513493,Sporting Life,https://www.sportinglife.com/greyhounds/racecards/2026-08-24/central-park/racecard/513493
2026-08-24,Central Park,17:43,3,Bucks Queen,513493,Sporting Life,https://www.sportinglife.com/greyhounds/racecards/2026-08-24/central-park/racecard/513493
2026-08-24,Central Park,17:43,4,Insane Gee Two,513493,Sporting Life,https://www.sportinglife.com/greyhounds/racecards/2026-08-24/central-park/racecard/513493
2026-08-24,Central Park,17:43,6,Simon John,513493,Sporting Life,https://www.sportinglife.com/greyhounds/racecards/2026-08-24/central-park/racecard/513493
2026-08-24,Central Park,18:02,1,Dunbolg Stream,513494,Sporting Life,https://www.sportinglife.com/greyhounds/racecards/2026-08-24/central-park/racecard/513494
2026-08-24,Central Park,18:02,2,Deelish Millie,513494,Sporting Life,https://www.sportinglife.com/greyhounds/racecards/2026-08-24/central-park/racecard/513494
2026-08-24,Central Park,18:02,3,Smooth As Satin,513494,Sporting Life,https://www.sportinglife.com/greyhounds/racecards/2026-08-24/central-park/racecard/513494
2026-08-24,Central Park,18:02,4,Ask Julie,513494,Sporting Life,https://www.sportinglife.com/greyhounds/racecards/2026-08-24/central-park/racecard/513494
2026-08-24,Central Park,18:02,6,Marinas Bubble,513494,Sporting Life,https://www.sportinglife.com/greyhounds/racecards/2026-08-24/central-park/racecard/513494
2026-08-24,Doncaster,14:26,2,Hut Fitter,513545,Sporting Life,https://www.sportinglife.com/greyhounds/racecards/2026-08-24/doncaster/racecard/513545
2026-08-24,Doncaster,14:26,3,Side Chick,513545,Sporting Life,https://www.sportinglife.com/greyhounds/racecards/2026-08-24/doncaster/racecard/513545
2026-08-24,Doncaster,14:26,4,Seabrooke,513545,Sporting Life,https://www.sportinglife.com/greyhounds/racecards/2026-08-24/doncaster/racecard/513545
2026-08-24,Doncaster,14:26,5,Vinegarhill Cash,513545,Sporting Life,https://www.sportinglife.com/greyhounds/racecards/2026-08-24/doncaster/racecard/513545
2026-08-24,Doncaster,14:26,6,Redbrick Cantona,513545,Sporting Life,https://www.sportinglife.com/greyhounds/racecards/2026-08-24/doncaster/racecard/513545
2026-08-24,Doncaster,14:44,1,Vinegarhill Kurn,513546,Sporting Life,https://www.sportinglife.com/greyhounds/racecards/2026-08-24/doncaster/racecard/513546
2026-08-24,Doncaster,14:44,2,Luminous Dream,513546,Sporting Life,https://www.sportinglife.com/greyhounds/racecards/2026-08-24/doncaster/racecard/513546
2026-08-24,Doncaster,14:44,3,Millabbey Kitty,513546,Sporting Life,https://www.sportinglife.com/greyhounds/racecards/2026-08-24/doncaster/racecard/513546
2026-08-24,Doncaster,14:44,4,Grouchos Badger,513546,Sporting Life,https://www.sportinglife.com/greyhounds/racecards/2026-08-24/doncaster/racecard/513546
2026-08-24,Doncaster,14:44,6,Redbrick Daisy,513546,Sporting Life,https://www.sportinglife.com/greyhounds/racecards/2026-08-24/doncaster/racecard/513546
2026-08-24,Doncaster,15:03,2,Water Diviner,513547,Sporting Life,https://www.sportinglife.com/greyhounds/racecards/2026-08-24/doncaster/racecard/513547
2026-08-24,Doncaster,15:03,3,Cockneys Tyson,513547,Sporting Life,https://www.sportinglife.com/greyhounds/racecards/2026-08-24/doncaster/racecard/513547
2026-08-24,Doncaster,15:03,4,Easy Guy,513547,Sporting Life,https://www.sportinglife.com/greyhounds/racecards/2026-08-24/doncaster/racecard/513547
2026-08-24,Doncaster,15:03,5,Allaghaun Honey,513547,Sporting Life,https://www.sportinglife.com/greyhounds/racecards/2026-08-24/doncaster/racecard/513547
2026-08-24,Doncaster,15:03,6,Glitter Moon,513547,Sporting Life,https://www.sportinglife.com/greyhounds/racecards/2026-08-24/doncaster/racecard/513547
2026-08-24,Doncaster,15:22,1,Moss Boss,513548,Sporting Life,https://www.sportinglife.com/greyhounds/racecards/2026-08-24/doncaster/racecard/513548
2026-08-24,Doncaster,15:22,2,Trewmount Fury,513548,Sporting Life,https://www.sportinglife.com/greyhounds/racecards/2026-08-24/doncaster/racecard/513548
2026-08-24,Doncaster,15:22,3,Grouchos Panther,513548,Sporting Life,https://www.sportinglife.com/greyhounds/racecards/2026-08-24/doncaster/racecard/513548
2026-08-24,Doncaster,15:22,4,Real Gone Kid,513548,Sporting Life,https://www.sportinglife.com/greyhounds/racecards/2026-08-24/doncaster/racecard/513548
2026-08-24,Doncaster,15:22,5,Redbrick Beckham,513548,Sporting Life,https://www.sportinglife.com/greyhounds/racecards/2026-08-24/doncaster/racecard/513548
2026-08-24,Doncaster,15:41,1,Odins Prince,513549,Sporting Life,https://www.sportinglife.com/greyhounds/racecards/2026-08-24/doncaster/racecard/513549
2026-08-24,Doncaster,15:41,2,Ferryforth Axel,513549,Sporting Life,https://www.sportinglife.com/greyhounds/racecards/2026-08-24/doncaster/racecard/513549
2026-08-24,Doncaster,15:41,3,Franco Eve,513549,Sporting Life,https://www.sportinglife.com/greyhounds/racecards/2026-08-24/doncaster/racecard/513549
2026-08-24,Doncaster,15:41,4,Redbrick Gerrard,513549,Sporting Life,https://www.sportinglife.com/greyhounds/racecards/2026-08-24/doncaster/racecard/513549
2026-08-24,Doncaster,15:41,6,Redbrick Nuke,513549,Sporting Life,https://www.sportinglife.com/greyhounds/racecards/2026-08-24/doncaster/racecard/513549
2026-08-24,Doncaster,15:59,1,Mia Jezabelle,513550,Sporting Life,https://www.sportinglife.com/greyhounds/racecards/2026-08-24/doncaster/racecard/513550
2026-08-24,Doncaster,15:59,2,Another Phoenix,513550,Sporting Life,https://www.sportinglife.com/greyhounds/racecards/2026-08-24/doncaster/racecard/513550
2026-08-24,Doncaster,15:59,3,Cockneys Charm,513550,Sporting Life,https://www.sportinglife.com/greyhounds/racecards/2026-08-24/doncaster/racecard/513550
2026-08-24,Doncaster,15:59,4,Links Batman,513550,Sporting Life,https://www.sportinglife.com/greyhounds/racecards/2026-08-24/doncaster/racecard/513550
2026-08-24,Doncaster,15:59,6,Makeit Whisper,513550,Sporting Life,https://www.sportinglife.com/greyhounds/racecards/2026-08-24/doncaster/racecard/513550
2026-08-24,Doncaster,16:18,1,Duggies Dance,513551,Sporting Life,https://www.sportinglife.com/greyhounds/racecards/2026-08-24/doncaster/racecard/513551
2026-08-24,Doncaster,16:18,3,Links Gloria,513551,Sporting Life,https://www.sportinglife.com/greyhounds/racecards/2026-08-24/doncaster/racecard/513551
2026-08-24,Doncaster,16:18,4,Crystal Bale,513551,Sporting Life,https://www.sportinglife.com/greyhounds/racecards/2026-08-24/doncaster/racecard/513551
2026-08-24,Doncaster,16:18,5,Cockneys Cracker,513551,Sporting Life,https://www.sportinglife.com/greyhounds/racecards/2026-08-24/doncaster/racecard/513551
2026-08-24,Doncaster,16:18,6,Skytrain,513551,Sporting Life,https://www.sportinglife.com/greyhounds/racecards/2026-08-24/doncaster/racecard/513551
2026-08-24,Doncaster,16:37,1,Lizzy Jezabelle,513552,Sporting Life,https://www.sportinglife.com/greyhounds/racecards/2026-08-24/doncaster/racecard/513552
2026-08-24,Doncaster,16:37,2,Dollar Jezabelle,513552,Sporting Life,https://www.sportinglife.com/greyhounds/racecards/2026-08-24/doncaster/racecard/513552
2026-08-24,Doncaster,16:37,4,Flosses Rolex,513552,Sporting Life,https://www.sportinglife.com/greyhounds/racecards/2026-08-24/doncaster/racecard/513552
2026-08-24,Doncaster,16:37,5,Ballymac Nephet,513552,Sporting Life,https://www.sportinglife.com/greyhounds/racecards/2026-08-24/doncaster/racecard/513552
2026-08-24,Doncaster,16:37,6,Jazza Belle,513552,Sporting Life,https://www.sportinglife.com/greyhounds/racecards/2026-08-24/doncaster/racecard/513552
2026-08-24,Doncaster,16:56,2,Rapido Ramona,513553,Sporting Life,https://www.sportinglife.com/greyhounds/racecards/2026-08-24/doncaster/racecard/513553
2026-08-24,Doncaster,16:56,3,Leahs Pat,513553,Sporting Life,https://www.sportinglife.com/greyhounds/racecards/2026-08-24/doncaster/racecard/513553
2026-08-24,Doncaster,16:56,4,Zero To Hero,513553,Sporting Life,https://www.sportinglife.com/greyhounds/racecards/2026-08-24/doncaster/racecard/513553
2026-08-24,Doncaster,16:56,5,Jessicas Girl,513553,Sporting Life,https://www.sportinglife.com/greyhounds/racecards/2026-08-24/doncaster/racecard/513553
2026-08-24,Doncaster,16:56,6,Glitter Ronnie,513553,Sporting Life,https://www.sportinglife.com/greyhounds/racecards/2026-08-24/doncaster/racecard/513553
2026-08-24,Doncaster,17:14,1,Skilled Warrior,513554,Sporting Life,https://www.sportinglife.com/greyhounds/racecards/2026-08-24/doncaster/racecard/513554
2026-08-24,Doncaster,17:14,2,Alno Dee,513554,Sporting Life,https://www.sportinglife.com/greyhounds/racecards/2026-08-24/doncaster/racecard/513554
2026-08-24,Doncaster,17:14,3,Please Ailbhe,513554,Sporting Life,https://www.sportinglife.com/greyhounds/racecards/2026-08-24/doncaster/racecard/513554
2026-08-24,Doncaster,17:14,4,Ballymac Nellie,513554,Sporting Life,https://www.sportinglife.com/greyhounds/racecards/2026-08-24/doncaster/racecard/513554
2026-08-24,Doncaster,17:14,6,Gordons Bennett,513554,Sporting Life,https://www.sportinglife.com/greyhounds/racecards/2026-08-24/doncaster/racecard/513554
2026-08-24,Doncaster,17:29,1,Droopys Trendy,513555,Sporting Life,https://www.sportinglife.com/greyhounds/racecards/2026-08-24/doncaster/racecard/513555
2026-08-24,Doncaster,17:29,2,Flosses Mcqueen,513555,Sporting Life,https://www.sportinglife.com/greyhounds/racecards/2026-08-24/doncaster/racecard/513555
2026-08-24,Doncaster,17:29,3,Abigail Surprise,513555,Sporting Life,https://www.sportinglife.com/greyhounds/racecards/2026-08-24/doncaster/racecard/513555
2026-08-24,Doncaster,17:29,4,Zari Hunter,513555,Sporting Life,https://www.sportinglife.com/greyhounds/racecards/2026-08-24/doncaster/racecard/513555
2026-08-24,Doncaster,17:29,6,Footfield Nala,513555,Sporting Life,https://www.sportinglife.com/greyhounds/racecards/2026-08-24/doncaster/racecard/513555
2026-08-24,Doncaster,17:46,1,Kellyseyenoone,513556,Sporting Life,https://www.sportinglife.com/greyhounds/racecards/2026-08-24/doncaster/racecard/513556
2026-08-24,Doncaster,17:46,2,Triple Action,513556,Sporting Life,https://www.sportinglife.com/greyhounds/racecards/2026-08-24/doncaster/racecard/513556
2026-08-24,Doncaster,17:46,3,Fond Favourite,513556,Sporting Life,https://www.sportinglife.com/greyhounds/racecards/2026-08-24/doncaster/racecard/513556
2026-08-24,Doncaster,17:46,4,Grouchos Poppy,513556,Sporting Life,https://www.sportinglife.com/greyhounds/racecards/2026-08-24/doncaster/racecard/513556
2026-08-24,Doncaster,17:46,5,Cairo Girl,513556,Sporting Life,https://www.sportinglife.com/greyhounds/racecards/2026-08-24/doncaster/racecard/513556
2026-08-24,Dunstall Park,11:01,1,Flyhigh Sophie,513447,Sporting Life,https://www.sportinglife.com/greyhounds/racecards/2026-08-24/dunstall-park/racecard/513447
2026-08-24,Dunstall Park,11:01,2,Pharis Roxy,513447,Sporting Life,https://www.sportinglife.com/greyhounds/racecards/2026-08-24/dunstall-park/racecard/513447
2026-08-24,Dunstall Park,11:01,3,Point Break,513447,Sporting Life,https://www.sportinglife.com/greyhounds/racecards/2026-08-24/dunstall-park/racecard/513447
2026-08-24,Dunstall Park,11:01,4,Headford Minella,513447,Sporting Life,https://www.sportinglife.com/greyhounds/racecards/2026-08-24/dunstall-park/racecard/513447
2026-08-24,Dunstall Park,11:01,5,Rapido Beat,513447,Sporting Life,https://www.sportinglife.com/greyhounds/racecards/2026-08-24/dunstall-park/racecard/513447
2026-08-24,Dunstall Park,11:18,1,Crokers Delight,513448,Sporting Life,https://www.sportinglife.com/greyhounds/racecards/2026-08-24/dunstall-park/racecard/513448
2026-08-24,Dunstall Park,11:18,2,Forest Liz,513448,Sporting Life,https://www.sportinglife.com/greyhounds/racecards/2026-08-24/dunstall-park/racecard/513448
2026-08-24,Dunstall Park,11:18,3,Cloakroom,513448,Sporting Life,https://www.sportinglife.com/greyhounds/racecards/2026-08-24/dunstall-park/racecard/513448
2026-08-24,Dunstall Park,11:18,4,Paddys Mazda,513448,Sporting Life,https://www.sportinglife.com/greyhounds/racecards/2026-08-24/dunstall-park/racecard/513448
2026-08-24,Dunstall Park,11:18,5,Regent Sky,513448,Sporting Life,https://www.sportinglife.com/greyhounds/racecards/2026-08-24/dunstall-park/racecard/513448
2026-08-24,Dunstall Park,11:18,6,Porthall Tess,513448,Sporting Life,https://www.sportinglife.com/greyhounds/racecards/2026-08-24/dunstall-park/racecard/513448
2026-08-24,Dunstall Park,11:34,1,Tantalising Joy,513449,Sporting Life,https://www.sportinglife.com/greyhounds/racecards/2026-08-24/dunstall-park/racecard/513449
2026-08-24,Dunstall Park,11:34,2,Taffy Wrexham,513449,Sporting Life,https://www.sportinglife.com/greyhounds/racecards/2026-08-24/dunstall-park/racecard/513449
2026-08-24,Dunstall Park,11:34,3,Erebor,513449,Sporting Life,https://www.sportinglife.com/greyhounds/racecards/2026-08-24/dunstall-park/racecard/513449
2026-08-24,Dunstall Park,11:34,4,Tori Black,513449,Sporting Life,https://www.sportinglife.com/greyhounds/racecards/2026-08-24/dunstall-park/racecard/513449
2026-08-24,Dunstall Park,11:34,5,Bluntys Blue Eye,513449,Sporting Life,https://www.sportinglife.com/greyhounds/racecards/2026-08-24/dunstall-park/racecard/513449
2026-08-24,Dunstall Park,11:34,6,Knock Voodoo,513449,Sporting Life,https://www.sportinglife.com/greyhounds/racecards/2026-08-24/dunstall-park/racecard/513449
2026-08-24,Dunstall Park,11:52,1,Ivy Hill Archie,513450,Sporting Life,https://www.sportinglife.com/greyhounds/racecards/2026-08-24/dunstall-park/racecard/513450
2026-08-24,Dunstall Park,11:52,2,Shortwood Cloud,513450,Sporting Life,https://www.sportinglife.com/greyhounds/racecards/2026-08-24/dunstall-park/racecard/513450
2026-08-24,Dunstall Park,11:52,3,Malaika Queen,513450,Sporting Life,https://www.sportinglife.com/greyhounds/racecards/2026-08-24/dunstall-park/racecard/513450
2026-08-24,Dunstall Park,11:52,4,Crokers Alex,513450,Sporting Life,https://www.sportinglife.com/greyhounds/racecards/2026-08-24/dunstall-park/racecard/513450
2026-08-24,Dunstall Park,11:52,5,Bombay Tilda,513450,Sporting Life,https://www.sportinglife.com/greyhounds/racecards/2026-08-24/dunstall-park/racecard/513450
2026-08-24,Dunstall Park,11:52,6,Mylane Friend,513450,Sporting Life,https://www.sportinglife.com/greyhounds/racecards/2026-08-24/dunstall-park/racecard/513450
2026-08-24,Dunstall Park,12:09,1,Tan And Lashes,513451,Sporting Life,https://www.sportinglife.com/greyhounds/racecards/2026-08-24/dunstall-park/racecard/513451
2026-08-24,Dunstall Park,12:09,2,Ivys Violet,513451,Sporting Life,https://www.sportinglife.com/greyhounds/racecards/2026-08-24/dunstall-park/racecard/513451
2026-08-24,Dunstall Park,12:09,3,Porthall Foyle,513451,Sporting Life,https://www.sportinglife.com/greyhounds/racecards/2026-08-24/dunstall-park/racecard/513451
2026-08-24,Dunstall Park,12:09,4,Swift Faelhem,513451,Sporting Life,https://www.sportinglife.com/greyhounds/racecards/2026-08-24/dunstall-park/racecard/513451
2026-08-24,Dunstall Park,12:09,5,Shortwood Mint,513451,Sporting Life,https://www.sportinglife.com/greyhounds/racecards/2026-08-24/dunstall-park/racecard/513451
2026-08-24,Dunstall Park,12:09,6,Porthall Island,513451,Sporting Life,https://www.sportinglife.com/greyhounds/racecards/2026-08-24/dunstall-park/racecard/513451
2026-08-24,Dunstall Park,12:26,1,Flyhigh Star,513452,Sporting Life,https://www.sportinglife.com/greyhounds/racecards/2026-08-24/dunstall-park/racecard/513452
2026-08-24,Dunstall Park,12:26,2,Sky Blue Jeff,513452,Sporting Life,https://www.sportinglife.com/greyhounds/racecards/2026-08-24/dunstall-park/racecard/513452
2026-08-24,Dunstall Park,12:26,3,Zip Away,513452,Sporting Life,https://www.sportinglife.com/greyhounds/racecards/2026-08-24/dunstall-park/racecard/513452
2026-08-24,Dunstall Park,12:26,4,Roanna Koko,513452,Sporting Life,https://www.sportinglife.com/greyhounds/racecards/2026-08-24/dunstall-park/racecard/513452
2026-08-24,Dunstall Park,12:26,5,Lemon Rogue,513452,Sporting Life,https://www.sportinglife.com/greyhounds/racecards/2026-08-24/dunstall-park/racecard/513452
2026-08-24,Dunstall Park,12:26,6,Midget Lee,513452,Sporting Life,https://www.sportinglife.com/greyhounds/racecards/2026-08-24/dunstall-park/racecard/513452
2026-08-24,Dunstall Park,12:42,1,Mercia Uhtred,513453,Sporting Life,https://www.sportinglife.com/greyhounds/racecards/2026-08-24/dunstall-park/racecard/513453
2026-08-24,Dunstall Park,12:42,2,Sporting Lovers,513453,Sporting Life,https://www.sportinglife.com/greyhounds/racecards/2026-08-24/dunstall-park/racecard/513453
2026-08-24,Dunstall Park,12:42,3,Brosna Lenson,513453,Sporting Life,https://www.sportinglife.com/greyhounds/racecards/2026-08-24/dunstall-park/racecard/513453
2026-08-24,Dunstall Park,12:42,4,Isaacs Hope,513453,Sporting Life,https://www.sportinglife.com/greyhounds/racecards/2026-08-24/dunstall-park/racecard/513453
2026-08-24,Dunstall Park,12:42,6,Butts Diva,513453,Sporting Life,https://www.sportinglife.com/greyhounds/racecards/2026-08-24/dunstall-park/racecard/513453
2026-08-24,Dunstall Park,12:59,1,Flyhigh Sienna,513454,Sporting Life,https://www.sportinglife.com/greyhounds/racecards/2026-08-24/dunstall-park/racecard/513454
2026-08-24,Dunstall Park,12:59,2,Callumslittlegem,513454,Sporting Life,https://www.sportinglife.com/greyhounds/racecards/2026-08-24/dunstall-park/racecard/513454
2026-08-24,Dunstall Park,12:59,3,Attitude,513454,Sporting Life,https://www.sportinglife.com/greyhounds/racecards/2026-08-24/dunstall-park/racecard/513454
2026-08-24,Dunstall Park,12:59,4,Tonagha Conway,513454,Sporting Life,https://www.sportinglife.com/greyhounds/racecards/2026-08-24/dunstall-park/racecard/513454
2026-08-24,Dunstall Park,12:59,5,Ivys Hope,513454,Sporting Life,https://www.sportinglife.com/greyhounds/racecards/2026-08-24/dunstall-park/racecard/513454
2026-08-24,Dunstall Park,12:59,6,Brosna Dave,513454,Sporting Life,https://www.sportinglife.com/greyhounds/racecards/2026-08-24/dunstall-park/racecard/513454
2026-08-24,Dunstall Park,13:17,1,Oode Lally,513455,Sporting Life,https://www.sportinglife.com/greyhounds/racecards/2026-08-24/dunstall-park/racecard/513455
2026-08-24,Dunstall Park,13:17,2,Churchfield Cody,513455,Sporting Life,https://www.sportinglife.com/greyhounds/racecards/2026-08-24/dunstall-park/racecard/513455
2026-08-24,Dunstall Park,13:17,3,Tee Emgee Outlaw,513455,Sporting Life,https://www.sportinglife.com/greyhounds/racecards/2026-08-24/dunstall-park/racecard/513455
2026-08-24,Dunstall Park,13:17,4,Ballyrobin Penny,513455,Sporting Life,https://www.sportinglife.com/greyhounds/racecards/2026-08-24/dunstall-park/racecard/513455
2026-08-24,Dunstall Park,13:17,5,Shes Got Style,513455,Sporting Life,https://www.sportinglife.com/greyhounds/racecards/2026-08-24/dunstall-park/racecard/513455
2026-08-24,Dunstall Park,13:33,1,Flush Seskin,513456,Sporting Life,https://www.sportinglife.com/greyhounds/racecards/2026-08-24/dunstall-park/racecard/513456
2026-08-24,Dunstall Park,13:33,2,Moulton Melanie,513456,Sporting Life,https://www.sportinglife.com/greyhounds/racecards/2026-08-24/dunstall-park/racecard/513456
2026-08-24,Dunstall Park,13:33,3,Edial Solo,513456,Sporting Life,https://www.sportinglife.com/greyhounds/racecards/2026-08-24/dunstall-park/racecard/513456
2026-08-24,Dunstall Park,13:33,4,Racecourse Pat,513456,Sporting Life,https://www.sportinglife.com/greyhounds/racecards/2026-08-24/dunstall-park/racecard/513456
2026-08-24,Dunstall Park,13:33,5,Roseville Rex,513456,Sporting Life,https://www.sportinglife.com/greyhounds/racecards/2026-08-24/dunstall-park/racecard/513456
2026-08-24,Dunstall Park,13:33,6,Lynnia Rose,513456,Sporting Life,https://www.sportinglife.com/greyhounds/racecards/2026-08-24/dunstall-park/racecard/513456
2026-08-24,Dunstall Park,13:51,1,Pharis Pearl,513457,Sporting Life,https://www.sportinglife.com/greyhounds/racecards/2026-08-24/dunstall-park/racecard/513457
2026-08-24,Dunstall Park,13:51,2,Signet Delight,513457,Sporting Life,https://www.sportinglife.com/greyhounds/racecards/2026-08-24/dunstall-park/racecard/513457
2026-08-24,Dunstall Park,13:51,3,Swift Vein,513457,Sporting Life,https://www.sportinglife.com/greyhounds/racecards/2026-08-24/dunstall-park/racecard/513457
2026-08-24,Dunstall Park,13:51,4,Swift Zebu,513457,Sporting Life,https://www.sportinglife.com/greyhounds/racecards/2026-08-24/dunstall-park/racecard/513457
2026-08-24,Dunstall Park,13:51,5,Crokers Taylor,513457,Sporting Life,https://www.sportinglife.com/greyhounds/racecards/2026-08-24/dunstall-park/racecard/513457
2026-08-24,Dunstall Park,13:51,6,Amys Star,513457,Sporting Life,https://www.sportinglife.com/greyhounds/racecards/2026-08-24/dunstall-park/racecard/513457
2026-08-24,Dunstall Park,14:07,1,Tommys Ina,513458,Sporting Life,https://www.sportinglife.com/greyhounds/racecards/2026-08-24/dunstall-park/racecard/513458
2026-08-24,Dunstall Park,14:07,2,Crokers Dawn,513458,Sporting Life,https://www.sportinglife.com/greyhounds/racecards/2026-08-24/dunstall-park/racecard/513458
2026-08-24,Dunstall Park,14:07,3,Darley Damage,513458,Sporting Life,https://www.sportinglife.com/greyhounds/racecards/2026-08-24/dunstall-park/racecard/513458
2026-08-24,Dunstall Park,14:07,4,Rude Elsie,513458,Sporting Life,https://www.sportinglife.com/greyhounds/racecards/2026-08-24/dunstall-park/racecard/513458
2026-08-24,Dunstall Park,14:07,5,Roseville Ella,513458,Sporting Life,https://www.sportinglife.com/greyhounds/racecards/2026-08-24/dunstall-park/racecard/513458
2026-08-24,Harlow,10:32,1,Marys Glen,513531,Sporting Life,https://www.sportinglife.com/greyhounds/racecards/2026-08-24/harlow/racecard/513531
2026-08-24,Harlow,10:32,2,Townsend Peggy,513531,Sporting Life,https://www.sportinglife.com/greyhounds/racecards/2026-08-24/harlow/racecard/513531
2026-08-24,Harlow,10:32,3,Paradise Liberty,513531,Sporting Life,https://www.sportinglife.com/greyhounds/racecards/2026-08-24/harlow/racecard/513531
2026-08-24,Harlow,10:32,4,Donegal Shane,513531,Sporting Life,https://www.sportinglife.com/greyhounds/racecards/2026-08-24/harlow/racecard/513531
2026-08-24,Harlow,10:32,5,Donnybrook,513531,Sporting Life,https://www.sportinglife.com/greyhounds/racecards/2026-08-24/harlow/racecard/513531
2026-08-24,Harlow,10:32,6,Skidrow Strongbo,513531,Sporting Life,https://www.sportinglife.com/greyhounds/racecards/2026-08-24/harlow/racecard/513531
2026-08-24,Harlow,10:48,1,Makeit Sway,513532,Sporting Life,https://www.sportinglife.com/greyhounds/racecards/2026-08-24/harlow/racecard/513532
2026-08-24,Harlow,10:48,2,Tapa Torpedo,513532,Sporting Life,https://www.sportinglife.com/greyhounds/racecards/2026-08-24/harlow/racecard/513532
2026-08-24,Harlow,10:48,3,Edanmount Lady,513532,Sporting Life,https://www.sportinglife.com/greyhounds/racecards/2026-08-24/harlow/racecard/513532
2026-08-24,Harlow,10:48,4,Cree Lullaby,513532,Sporting Life,https://www.sportinglife.com/greyhounds/racecards/2026-08-24/harlow/racecard/513532
2026-08-24,Harlow,10:48,5,Likely Lads,513532,Sporting Life,https://www.sportinglife.com/greyhounds/racecards/2026-08-24/harlow/racecard/513532
2026-08-24,Harlow,10:48,6,Boreen Pearl,513532,Sporting Life,https://www.sportinglife.com/greyhounds/racecards/2026-08-24/harlow/racecard/513532
2026-08-24,Harlow,11:04,1,Blue Gemstone,513533,Sporting Life,https://www.sportinglife.com/greyhounds/racecards/2026-08-24/harlow/racecard/513533
2026-08-24,Harlow,11:04,2,Glenvale Sasha,513533,Sporting Life,https://www.sportinglife.com/greyhounds/racecards/2026-08-24/harlow/racecard/513533
2026-08-24,Harlow,11:04,3,Fortunate Rose,513533,Sporting Life,https://www.sportinglife.com/greyhounds/racecards/2026-08-24/harlow/racecard/513533
2026-08-24,Harlow,11:04,4,Cofam Spurs,513533,Sporting Life,https://www.sportinglife.com/greyhounds/racecards/2026-08-24/harlow/racecard/513533
2026-08-24,Harlow,11:04,6,Miss Margaret,513533,Sporting Life,https://www.sportinglife.com/greyhounds/racecards/2026-08-24/harlow/racecard/513533
2026-08-24,Harlow,11:21,1,Centre Line,513534,Sporting Life,https://www.sportinglife.com/greyhounds/racecards/2026-08-24/harlow/racecard/513534
2026-08-24,Harlow,11:21,2,Rains Bono,513534,Sporting Life,https://www.sportinglife.com/greyhounds/racecards/2026-08-24/harlow/racecard/513534
2026-08-24,Harlow,11:21,3,No Worries Dave,513534,Sporting Life,https://www.sportinglife.com/greyhounds/racecards/2026-08-24/harlow/racecard/513534
2026-08-24,Harlow,11:21,4,Fridays Ariana,513534,Sporting Life,https://www.sportinglife.com/greyhounds/racecards/2026-08-24/harlow/racecard/513534
2026-08-24,Harlow,11:21,6,Essjay Tornado,513534,Sporting Life,https://www.sportinglife.com/greyhounds/racecards/2026-08-24/harlow/racecard/513534
2026-08-24,Harlow,11:38,2,Headford Musk,513535,Sporting Life,https://www.sportinglife.com/greyhounds/racecards/2026-08-24/harlow/racecard/513535
2026-08-24,Harlow,11:38,3,Doreens Ash,513535,Sporting Life,https://www.sportinglife.com/greyhounds/racecards/2026-08-24/harlow/racecard/513535
2026-08-24,Harlow,11:38,4,Tinks Jester,513535,Sporting Life,https://www.sportinglife.com/greyhounds/racecards/2026-08-24/harlow/racecard/513535
2026-08-24,Harlow,11:38,5,Swift Opel,513535,Sporting Life,https://www.sportinglife.com/greyhounds/racecards/2026-08-24/harlow/racecard/513535
2026-08-24,Harlow,11:38,6,Salems Amaretto,513535,Sporting Life,https://www.sportinglife.com/greyhounds/racecards/2026-08-24/harlow/racecard/513535
2026-08-24,Harlow,11:54,1,Headford Cooper,513536,Sporting Life,https://www.sportinglife.com/greyhounds/racecards/2026-08-24/harlow/racecard/513536
2026-08-24,Harlow,11:54,3,Headford Ava,513536,Sporting Life,https://www.sportinglife.com/greyhounds/racecards/2026-08-24/harlow/racecard/513536
2026-08-24,Harlow,11:54,4,Cofam Princess,513536,Sporting Life,https://www.sportinglife.com/greyhounds/racecards/2026-08-24/harlow/racecard/513536
2026-08-24,Harlow,11:54,5,Barrington Chap,513536,Sporting Life,https://www.sportinglife.com/greyhounds/racecards/2026-08-24/harlow/racecard/513536
2026-08-24,Harlow,11:54,6,Black Chintz,513536,Sporting Life,https://www.sportinglife.com/greyhounds/racecards/2026-08-24/harlow/racecard/513536
2026-08-24,Harlow,12:12,1,My Fancy Ways,513537,Sporting Life,https://www.sportinglife.com/greyhounds/racecards/2026-08-24/harlow/racecard/513537
2026-08-24,Harlow,12:12,2,Gooner Be Good,513537,Sporting Life,https://www.sportinglife.com/greyhounds/racecards/2026-08-24/harlow/racecard/513537
2026-08-24,Harlow,12:12,3,Skinny Pete,513537,Sporting Life,https://www.sportinglife.com/greyhounds/racecards/2026-08-24/harlow/racecard/513537
2026-08-24,Harlow,12:12,4,Minnies Volga,513537,Sporting Life,https://www.sportinglife.com/greyhounds/racecards/2026-08-24/harlow/racecard/513537
2026-08-24,Harlow,12:12,5,Salems Ebony,513537,Sporting Life,https://www.sportinglife.com/greyhounds/racecards/2026-08-24/harlow/racecard/513537
2026-08-24,Harlow,12:12,6,Mikeys Pick,513537,Sporting Life,https://www.sportinglife.com/greyhounds/racecards/2026-08-24/harlow/racecard/513537
2026-08-24,Harlow,12:29,1,Havana Kaci,513538,Sporting Life,https://www.sportinglife.com/greyhounds/racecards/2026-08-24/harlow/racecard/513538
2026-08-24,Harlow,12:29,2,Rathmeehan Suzy,513538,Sporting Life,https://www.sportinglife.com/greyhounds/racecards/2026-08-24/harlow/racecard/513538
2026-08-24,Harlow,12:29,3,Random Lou,513538,Sporting Life,https://www.sportinglife.com/greyhounds/racecards/2026-08-24/harlow/racecard/513538
2026-08-24,Harlow,12:29,4,Classic Cindy,513538,Sporting Life,https://www.sportinglife.com/greyhounds/racecards/2026-08-24/harlow/racecard/513538
2026-08-24,Harlow,12:29,5,Blundel Croia,513538,Sporting Life,https://www.sportinglife.com/greyhounds/racecards/2026-08-24/harlow/racecard/513538
2026-08-24,Harlow,12:29,6,Tanvalley Robin,513538,Sporting Life,https://www.sportinglife.com/greyhounds/racecards/2026-08-24/harlow/racecard/513538
2026-08-24,Harlow,12:46,1,Dellser Sheeran,513539,Sporting Life,https://www.sportinglife.com/greyhounds/racecards/2026-08-24/harlow/racecard/513539
2026-08-24,Harlow,12:46,2,Chasing Aiden,513539,Sporting Life,https://www.sportinglife.com/greyhounds/racecards/2026-08-24/harlow/racecard/513539
2026-08-24,Harlow,12:46,3,Westway Nelson,513539,Sporting Life,https://www.sportinglife.com/greyhounds/racecards/2026-08-24/harlow/racecard/513539
2026-08-24,Harlow,12:46,5,Coolruss Izzy,513539,Sporting Life,https://www.sportinglife.com/greyhounds/racecards/2026-08-24/harlow/racecard/513539
2026-08-24,Harlow,12:46,6,For Noreen,513539,Sporting Life,https://www.sportinglife.com/greyhounds/racecards/2026-08-24/harlow/racecard/513539
2026-08-24,Harlow,13:03,1,Muinteoir Jane,513540,Sporting Life,https://www.sportinglife.com/greyhounds/racecards/2026-08-24/harlow/racecard/513540
2026-08-24,Harlow,13:03,2,Crystal Luna,513540,Sporting Life,https://www.sportinglife.com/greyhounds/racecards/2026-08-24/harlow/racecard/513540
2026-08-24,Harlow,13:03,3,Besties Boy,513540,Sporting Life,https://www.sportinglife.com/greyhounds/racecards/2026-08-24/harlow/racecard/513540
2026-08-24,Harlow,13:03,4,Tinks That,513540,Sporting Life,https://www.sportinglife.com/greyhounds/racecards/2026-08-24/harlow/racecard/513540
2026-08-24,Harlow,13:03,5,Burrow Bounty,513540,Sporting Life,https://www.sportinglife.com/greyhounds/racecards/2026-08-24/harlow/racecard/513540
2026-08-24,Harlow,13:03,6,Ardnasool Hulk,513540,Sporting Life,https://www.sportinglife.com/greyhounds/racecards/2026-08-24/harlow/racecard/513540
2026-08-24,Harlow,13:19,1,Long Ago Fado,513541,Sporting Life,https://www.sportinglife.com/greyhounds/racecards/2026-08-24/harlow/racecard/513541
2026-08-24,Harlow,13:19,2,Day Tripper,513541,Sporting Life,https://www.sportinglife.com/greyhounds/racecards/2026-08-24/harlow/racecard/513541
2026-08-24,Harlow,13:19,3,Salems Sangria,513541,Sporting Life,https://www.sportinglife.com/greyhounds/racecards/2026-08-24/harlow/racecard/513541
2026-08-24,Harlow,13:19,4,Come On Babe,513541,Sporting Life,https://www.sportinglife.com/greyhounds/racecards/2026-08-24/harlow/racecard/513541
2026-08-24,Harlow,13:19,5,Royston Rubble,513541,Sporting Life,https://www.sportinglife.com/greyhounds/racecards/2026-08-24/harlow/racecard/513541
2026-08-24,Harlow,13:19,6,Edermine Bucks,513541,Sporting Life,https://www.sportinglife.com/greyhounds/racecards/2026-08-24/harlow/racecard/513541
2026-08-24,Harlow,13:37,1,Antalya,513542,Sporting Life,https://www.sportinglife.com/greyhounds/racecards/2026-08-24/harlow/racecard/513542
2026-08-24,Harlow,13:37,2,Robbies King,513542,Sporting Life,https://www.sportinglife.com/greyhounds/racecards/2026-08-24/harlow/racecard/513542
2026-08-24,Harlow,13:37,3,Foxrock Bell,513542,Sporting Life,https://www.sportinglife.com/greyhounds/racecards/2026-08-24/harlow/racecard/513542
2026-08-24,Harlow,13:37,4,Essjay Evergreen,513542,Sporting Life,https://www.sportinglife.com/greyhounds/racecards/2026-08-24/harlow/racecard/513542
2026-08-24,Harlow,13:37,5,Tobergal View,513542,Sporting Life,https://www.sportinglife.com/greyhounds/racecards/2026-08-24/harlow/racecard/513542
2026-08-24,Harlow,13:37,6,Jamaica Luna,513542,Sporting Life,https://www.sportinglife.com/greyhounds/racecards/2026-08-24/harlow/racecard/513542
2026-08-24,Harlow,13:54,1,Tinks This,513543,Sporting Life,https://www.sportinglife.com/greyhounds/racecards/2026-08-24/harlow/racecard/513543
2026-08-24,Harlow,13:54,2,Dashgrove Sam,513543,Sporting Life,https://www.sportinglife.com/greyhounds/racecards/2026-08-24/harlow/racecard/513543
2026-08-24,Harlow,13:54,4,Nipper,513543,Sporting Life,https://www.sportinglife.com/greyhounds/racecards/2026-08-24/harlow/racecard/513543
2026-08-24,Harlow,13:54,5,Classic Turbo,513543,Sporting Life,https://www.sportinglife.com/greyhounds/racecards/2026-08-24/harlow/racecard/513543
2026-08-24,Harlow,13:54,6,Pips Rosie,513543,Sporting Life,https://www.sportinglife.com/greyhounds/racecards/2026-08-24/harlow/racecard/513543
2026-08-24,Harlow,14:11,1,Clodaghs Gift,513544,Sporting Life,https://www.sportinglife.com/greyhounds/racecards/2026-08-24/harlow/racecard/513544
2026-08-24,Harlow,14:11,2,Mucho Macho Bale,513544,Sporting Life,https://www.sportinglife.com/greyhounds/racecards/2026-08-24/harlow/racecard/513544
2026-08-24,Harlow,14:11,3,Sloyans Ace,513544,Sporting Life,https://www.sportinglife.com/greyhounds/racecards/2026-08-24/harlow/racecard/513544
2026-08-24,Harlow,14:11,4,Syls Angel,513544,Sporting Life,https://www.sportinglife.com/greyhounds/racecards/2026-08-24/harlow/racecard/513544
2026-08-24,Harlow,14:11,5,Dellser Nidge,513544,Sporting Life,https://www.sportinglife.com/greyhounds/racecards/2026-08-24/harlow/racecard/513544
2026-08-24,Harlow,14:11,6,Doggy Parton,513544,Sporting Life,https://www.sportinglife.com/greyhounds/racecards/2026-08-24/harlow/racecard/513544
2026-08-24,Harlow,18:11,1,Jacko Carvoeiro,513557,Sporting Life,https://www.sportinglife.com/greyhounds/racecards/2026-08-24/harlow/racecard/513557
2026-08-24,Harlow,18:11,2,Savana Maggiemay,513557,Sporting Life,https://www.sportinglife.com/greyhounds/racecards/2026-08-24/harlow/racecard/513557
2026-08-24,Harlow,18:11,3,Tommys Birdy,513557,Sporting Life,https://www.sportinglife.com/greyhounds/racecards/2026-08-24/harlow/racecard/513557
2026-08-24,Harlow,18:11,4,Kilbride Duchess,513557,Sporting Life,https://www.sportinglife.com/greyhounds/racecards/2026-08-24/harlow/racecard/513557
2026-08-24,Harlow,18:11,5,Yo Paddy,513557,Sporting Life,https://www.sportinglife.com/greyhounds/racecards/2026-08-24/harlow/racecard/513557
2026-08-24,Harlow,18:11,6,Good Rex,513557,Sporting Life,https://www.sportinglife.com/greyhounds/racecards/2026-08-24/harlow/racecard/513557
2026-08-24,Harlow,18:29,1,Kilgarran Rub,513558,Sporting Life,https://www.sportinglife.com/greyhounds/racecards/2026-08-24/harlow/racecard/513558
2026-08-24,Harlow,18:29,2,Savana Rip,513558,Sporting Life,https://www.sportinglife.com/greyhounds/racecards/2026-08-24/harlow/racecard/513558
2026-08-24,Harlow,18:29,3,Tyford Spot,513558,Sporting Life,https://www.sportinglife.com/greyhounds/racecards/2026-08-24/harlow/racecard/513558
2026-08-24,Harlow,18:29,4,Meenagh Memphis,513558,Sporting Life,https://www.sportinglife.com/greyhounds/racecards/2026-08-24/harlow/racecard/513558
2026-08-24,Harlow,18:29,5,Danielles Queen,513558,Sporting Life,https://www.sportinglife.com/greyhounds/racecards/2026-08-24/harlow/racecard/513558
2026-08-24,Harlow,18:29,6,Baran Maverick,513558,Sporting Life,https://www.sportinglife.com/greyhounds/racecards/2026-08-24/harlow/racecard/513558
2026-08-24,Harlow,18:46,1,Savana Ripple,513559,Sporting Life,https://www.sportinglife.com/greyhounds/racecards/2026-08-24/harlow/racecard/513559
2026-08-24,Harlow,18:46,2,Cabriol Maggie,513559,Sporting Life,https://www.sportinglife.com/greyhounds/racecards/2026-08-24/harlow/racecard/513559
2026-08-24,Harlow,18:46,3,Savana Heaven,513559,Sporting Life,https://www.sportinglife.com/greyhounds/racecards/2026-08-24/harlow/racecard/513559
2026-08-24,Harlow,18:46,4,Spade Work,513559,Sporting Life,https://www.sportinglife.com/greyhounds/racecards/2026-08-24/harlow/racecard/513559
2026-08-24,Harlow,18:46,6,Devon Ruth,513559,Sporting Life,https://www.sportinglife.com/greyhounds/racecards/2026-08-24/harlow/racecard/513559
2026-08-24,Harlow,19:04,1,Rockmount Sylvie,513560,Sporting Life,https://www.sportinglife.com/greyhounds/racecards/2026-08-24/harlow/racecard/513560
2026-08-24,Harlow,19:04,2,Mabels Ribbons,513560,Sporting Life,https://www.sportinglife.com/greyhounds/racecards/2026-08-24/harlow/racecard/513560
2026-08-24,Harlow,19:04,3,Pro Flo,513560,Sporting Life,https://www.sportinglife.com/greyhounds/racecards/2026-08-24/harlow/racecard/513560
2026-08-24,Harlow,19:04,4,Eden Weasley,513560,Sporting Life,https://www.sportinglife.com/greyhounds/racecards/2026-08-24/harlow/racecard/513560
2026-08-24,Harlow,19:04,5,Yo Magic,513560,Sporting Life,https://www.sportinglife.com/greyhounds/racecards/2026-08-24/harlow/racecard/513560
2026-08-24,Harlow,19:04,6,Drumdoit Mainoo,513560,Sporting Life,https://www.sportinglife.com/greyhounds/racecards/2026-08-24/harlow/racecard/513560
2026-08-24,Harlow,19:24,1,Kender,513561,Sporting Life,https://www.sportinglife.com/greyhounds/racecards/2026-08-24/harlow/racecard/513561
2026-08-24,Harlow,19:24,2,Bonnies Baby Boy,513561,Sporting Life,https://www.sportinglife.com/greyhounds/racecards/2026-08-24/harlow/racecard/513561
2026-08-24,Harlow,19:24,3,Snoozing Dracula,513561,Sporting Life,https://www.sportinglife.com/greyhounds/racecards/2026-08-24/harlow/racecard/513561
2026-08-24,Harlow,19:24,5,Dapper Cash,513561,Sporting Life,https://www.sportinglife.com/greyhounds/racecards/2026-08-24/harlow/racecard/513561
2026-08-24,Harlow,19:24,6,Shivery Pants,513561,Sporting Life,https://www.sportinglife.com/greyhounds/racecards/2026-08-24/harlow/racecard/513561
2026-08-24,Harlow,19:42,2,Coolemore Azzabi,513562,Sporting Life,https://www.sportinglife.com/greyhounds/racecards/2026-08-24/harlow/racecard/513562
2026-08-24,Harlow,19:42,3,Canya Tick,513562,Sporting Life,https://www.sportinglife.com/greyhounds/racecards/2026-08-24/harlow/racecard/513562
2026-08-24,Harlow,19:42,4,Savana Catapilla,513562,Sporting Life,https://www.sportinglife.com/greyhounds/racecards/2026-08-24/harlow/racecard/513562
2026-08-24,Harlow,19:42,5,Tommys Clan,513562,Sporting Life,https://www.sportinglife.com/greyhounds/racecards/2026-08-24/harlow/racecard/513562
2026-08-24,Harlow,19:42,6,Baggins Lad,513562,Sporting Life,https://www.sportinglife.com/greyhounds/racecards/2026-08-24/harlow/racecard/513562
2026-08-24,Harlow,19:58,1,Hawkfield Kopek,513563,Sporting Life,https://www.sportinglife.com/greyhounds/racecards/2026-08-24/harlow/racecard/513563
2026-08-24,Harlow,19:58,2,Armintas Jet,513563,Sporting Life,https://www.sportinglife.com/greyhounds/racecards/2026-08-24/harlow/racecard/513563
2026-08-24,Harlow,19:58,3,Plenty Of Trend,513563,Sporting Life,https://www.sportinglife.com/greyhounds/racecards/2026-08-24/harlow/racecard/513563
2026-08-24,Harlow,19:58,5,Yo Coco,513563,Sporting Life,https://www.sportinglife.com/greyhounds/racecards/2026-08-24/harlow/racecard/513563
2026-08-24,Harlow,19:58,6,Devilsbit Rose,513563,Sporting Life,https://www.sportinglife.com/greyhounds/racecards/2026-08-24/harlow/racecard/513563
2026-08-24,Harlow,20:16,1,Tommys Handful,513564,Sporting Life,https://www.sportinglife.com/greyhounds/racecards/2026-08-24/harlow/racecard/513564
2026-08-24,Harlow,20:16,2,Small Tommy,513564,Sporting Life,https://www.sportinglife.com/greyhounds/racecards/2026-08-24/harlow/racecard/513564
2026-08-24,Harlow,20:16,3,Hawkfield Impact,513564,Sporting Life,https://www.sportinglife.com/greyhounds/racecards/2026-08-24/harlow/racecard/513564
2026-08-24,Harlow,20:16,4,Tagalong Ger,513564,Sporting Life,https://www.sportinglife.com/greyhounds/racecards/2026-08-24/harlow/racecard/513564
2026-08-24,Harlow,20:16,5,Tomahurra Scobby,513564,Sporting Life,https://www.sportinglife.com/greyhounds/racecards/2026-08-24/harlow/racecard/513564
2026-08-24,Harlow,20:16,6,Lightupthedark,513564,Sporting Life,https://www.sportinglife.com/greyhounds/racecards/2026-08-24/harlow/racecard/513564
2026-08-24,Harlow,20:34,1,Droopys Halley,513565,Sporting Life,https://www.sportinglife.com/greyhounds/racecards/2026-08-24/harlow/racecard/513565
2026-08-24,Harlow,20:34,2,Old Fort Lakota,513565,Sporting Life,https://www.sportinglife.com/greyhounds/racecards/2026-08-24/harlow/racecard/513565
2026-08-24,Harlow,20:34,3,Badminton Debbie,513565,Sporting Life,https://www.sportinglife.com/greyhounds/racecards/2026-08-24/harlow/racecard/513565
2026-08-24,Harlow,20:34,4,Drumdoit Dorgu,513565,Sporting Life,https://www.sportinglife.com/greyhounds/racecards/2026-08-24/harlow/racecard/513565
2026-08-24,Harlow,20:34,6,Annadown Debbie,513565,Sporting Life,https://www.sportinglife.com/greyhounds/racecards/2026-08-24/harlow/racecard/513565
2026-08-24,Harlow,20:52,1,Stonepark James,513566,Sporting Life,https://www.sportinglife.com/greyhounds/racecards/2026-08-24/harlow/racecard/513566
2026-08-24,Harlow,20:52,2,Savana Ohmy Jo,513566,Sporting Life,https://www.sportinglife.com/greyhounds/racecards/2026-08-24/harlow/racecard/513566
2026-08-24,Harlow,20:52,3,Early Pace,513566,Sporting Life,https://www.sportinglife.com/greyhounds/racecards/2026-08-24/harlow/racecard/513566
2026-08-24,Harlow,20:52,4,Tullycanna Sadie,513566,Sporting Life,https://www.sportinglife.com/greyhounds/racecards/2026-08-24/harlow/racecard/513566
2026-08-24,Harlow,20:52,5,Alno Sue,513566,Sporting Life,https://www.sportinglife.com/greyhounds/racecards/2026-08-24/harlow/racecard/513566
2026-08-24,Harlow,20:52,6,Savana Sakari,513566,Sporting Life,https://www.sportinglife.com/greyhounds/racecards/2026-08-24/harlow/racecard/513566
2026-08-24,Harlow,21:09,1,Savana Teeter,513567,Sporting Life,https://www.sportinglife.com/greyhounds/racecards/2026-08-24/harlow/racecard/513567
2026-08-24,Harlow,21:09,2,Darrens Dog,513567,Sporting Life,https://www.sportinglife.com/greyhounds/racecards/2026-08-24/harlow/racecard/513567
2026-08-24,Harlow,21:09,3,Forest Mark,513567,Sporting Life,https://www.sportinglife.com/greyhounds/racecards/2026-08-24/harlow/racecard/513567
2026-08-24,Harlow,21:09,4,Knockdrinna Java,513567,Sporting Life,https://www.sportinglife.com/greyhounds/racecards/2026-08-24/harlow/racecard/513567
2026-08-24,Harlow,21:09,6,Baran Ghost,513567,Sporting Life,https://www.sportinglife.com/greyhounds/racecards/2026-08-24/harlow/racecard/513567
2026-08-24,Harlow,21:26,1,Yo Savana,513568,Sporting Life,https://www.sportinglife.com/greyhounds/racecards/2026-08-24/harlow/racecard/513568
2026-08-24,Harlow,21:26,2,Ello Elle,513568,Sporting Life,https://www.sportinglife.com/greyhounds/racecards/2026-08-24/harlow/racecard/513568
2026-08-24,Harlow,21:26,3,Mustang Odyssey,513568,Sporting Life,https://www.sportinglife.com/greyhounds/racecards/2026-08-24/harlow/racecard/513568
2026-08-24,Harlow,21:26,4,Britbull Mafia,513568,Sporting Life,https://www.sportinglife.com/greyhounds/racecards/2026-08-24/harlow/racecard/513568
2026-08-24,Harlow,21:26,5,Savana Dingle,513568,Sporting Life,https://www.sportinglife.com/greyhounds/racecards/2026-08-24/harlow/racecard/513568
2026-08-24,Harlow,21:26,6,Tobergal Poppy,513568,Sporting Life,https://www.sportinglife.com/greyhounds/racecards/2026-08-24/harlow/racecard/513568
2026-08-24,Kinsley,18:08,1,Treanmanagh Ruby,513495,Sporting Life,https://www.sportinglife.com/greyhounds/racecards/2026-08-24/kinsley/racecard/513495
2026-08-24,Kinsley,18:08,2,Chosen Lady,513495,Sporting Life,https://www.sportinglife.com/greyhounds/racecards/2026-08-24/kinsley/racecard/513495
2026-08-24,Kinsley,18:08,3,Ballymac Beau,513495,Sporting Life,https://www.sportinglife.com/greyhounds/racecards/2026-08-24/kinsley/racecard/513495
2026-08-24,Kinsley,18:08,4,Romantic Ben,513495,Sporting Life,https://www.sportinglife.com/greyhounds/racecards/2026-08-24/kinsley/racecard/513495
2026-08-24,Kinsley,18:08,5,Grumpy Edith,513495,Sporting Life,https://www.sportinglife.com/greyhounds/racecards/2026-08-24/kinsley/racecard/513495
2026-08-24,Kinsley,18:08,6,Clay Twister,513495,Sporting Life,https://www.sportinglife.com/greyhounds/racecards/2026-08-24/kinsley/racecard/513495
2026-08-24,Kinsley,18:26,1,Crystal Camila,513496,Sporting Life,https://www.sportinglife.com/greyhounds/racecards/2026-08-24/kinsley/racecard/513496
2026-08-24,Kinsley,18:26,2,Ninja Berkley,513496,Sporting Life,https://www.sportinglife.com/greyhounds/racecards/2026-08-24/kinsley/racecard/513496
2026-08-24,Kinsley,18:26,3,Lightfoot Rosa,513496,Sporting Life,https://www.sportinglife.com/greyhounds/racecards/2026-08-24/kinsley/racecard/513496
2026-08-24,Kinsley,18:26,4,Grumpy Walter,513496,Sporting Life,https://www.sportinglife.com/greyhounds/racecards/2026-08-24/kinsley/racecard/513496
2026-08-24,Kinsley,18:26,5,Raise The Beat,513496,Sporting Life,https://www.sportinglife.com/greyhounds/racecards/2026-08-24/kinsley/racecard/513496
2026-08-24,Kinsley,18:26,6,Da Man Joey,513496,Sporting Life,https://www.sportinglife.com/greyhounds/racecards/2026-08-24/kinsley/racecard/513496
2026-08-24,Kinsley,18:42,1,Grumpy Adagio,513497,Sporting Life,https://www.sportinglife.com/greyhounds/racecards/2026-08-24/kinsley/racecard/513497
2026-08-24,Kinsley,18:42,2,Critical Katie,513497,Sporting Life,https://www.sportinglife.com/greyhounds/racecards/2026-08-24/kinsley/racecard/513497
2026-08-24,Kinsley,18:42,3,Castlerock Cash,513497,Sporting Life,https://www.sportinglife.com/greyhounds/racecards/2026-08-24/kinsley/racecard/513497
2026-08-24,Kinsley,18:42,4,Coolpeach Sarah,513497,Sporting Life,https://www.sportinglife.com/greyhounds/racecards/2026-08-24/kinsley/racecard/513497
2026-08-24,Kinsley,18:42,5,Grumpy Frankie,513497,Sporting Life,https://www.sportinglife.com/greyhounds/racecards/2026-08-24/kinsley/racecard/513497
2026-08-24,Kinsley,18:42,6,Hello Lady,513497,Sporting Life,https://www.sportinglife.com/greyhounds/racecards/2026-08-24/kinsley/racecard/513497
2026-08-24,Kinsley,18:59,1,Caras Silverlady,513498,Sporting Life,https://www.sportinglife.com/greyhounds/racecards/2026-08-24/kinsley/racecard/513498
2026-08-24,Kinsley,18:59,2,Glenshee,513498,Sporting Life,https://www.sportinglife.com/greyhounds/racecards/2026-08-24/kinsley/racecard/513498
2026-08-24,Kinsley,18:59,3,Hazelgrove Petra,513498,Sporting Life,https://www.sportinglife.com/greyhounds/racecards/2026-08-24/kinsley/racecard/513498
2026-08-24,Kinsley,18:59,4,Swift Office,513498,Sporting Life,https://www.sportinglife.com/greyhounds/racecards/2026-08-24/kinsley/racecard/513498
2026-08-24,Kinsley,18:59,5,Black Albatross,513498,Sporting Life,https://www.sportinglife.com/greyhounds/racecards/2026-08-24/kinsley/racecard/513498
2026-08-24,Kinsley,18:59,6,Laylas Friend,513498,Sporting Life,https://www.sportinglife.com/greyhounds/racecards/2026-08-24/kinsley/racecard/513498
2026-08-24,Kinsley,19:16,1,Swift Remi,513499,Sporting Life,https://www.sportinglife.com/greyhounds/racecards/2026-08-24/kinsley/racecard/513499
2026-08-24,Kinsley,19:16,2,Russian Doctor,513499,Sporting Life,https://www.sportinglife.com/greyhounds/racecards/2026-08-24/kinsley/racecard/513499
2026-08-24,Kinsley,19:16,3,Drombeg Dolly,513499,Sporting Life,https://www.sportinglife.com/greyhounds/racecards/2026-08-24/kinsley/racecard/513499
2026-08-24,Kinsley,19:16,4,Deecee Kara,513499,Sporting Life,https://www.sportinglife.com/greyhounds/racecards/2026-08-24/kinsley/racecard/513499
2026-08-24,Kinsley,19:16,5,Julies Treat,513499,Sporting Life,https://www.sportinglife.com/greyhounds/racecards/2026-08-24/kinsley/racecard/513499
2026-08-24,Kinsley,19:16,6,Grumpy Pip,513499,Sporting Life,https://www.sportinglife.com/greyhounds/racecards/2026-08-24/kinsley/racecard/513499
2026-08-24,Kinsley,19:33,1,Treamanagh Star,513500,Sporting Life,https://www.sportinglife.com/greyhounds/racecards/2026-08-24/kinsley/racecard/513500
2026-08-24,Kinsley,19:33,2,Costly Chips,513500,Sporting Life,https://www.sportinglife.com/greyhounds/racecards/2026-08-24/kinsley/racecard/513500
2026-08-24,Kinsley,19:33,3,Crystal House,513500,Sporting Life,https://www.sportinglife.com/greyhounds/racecards/2026-08-24/kinsley/racecard/513500
2026-08-24,Kinsley,19:33,4,Real Queen,513500,Sporting Life,https://www.sportinglife.com/greyhounds/racecards/2026-08-24/kinsley/racecard/513500
2026-08-24,Kinsley,19:33,5,Madam Tiger,513500,Sporting Life,https://www.sportinglife.com/greyhounds/racecards/2026-08-24/kinsley/racecard/513500
2026-08-24,Kinsley,19:33,6,De Girl Annie,513500,Sporting Life,https://www.sportinglife.com/greyhounds/racecards/2026-08-24/kinsley/racecard/513500
2026-08-24,Kinsley,19:49,1,Hazelgrove Flash,513501,Sporting Life,https://www.sportinglife.com/greyhounds/racecards/2026-08-24/kinsley/racecard/513501
2026-08-24,Kinsley,19:49,2,Baybush Rush,513501,Sporting Life,https://www.sportinglife.com/greyhounds/racecards/2026-08-24/kinsley/racecard/513501
2026-08-24,Kinsley,19:49,3,Star Strand,513501,Sporting Life,https://www.sportinglife.com/greyhounds/racecards/2026-08-24/kinsley/racecard/513501
2026-08-24,Kinsley,19:49,4,Zaconey Venus,513501,Sporting Life,https://www.sportinglife.com/greyhounds/racecards/2026-08-24/kinsley/racecard/513501
2026-08-24,Kinsley,19:49,6,Coolavanny Nano,513501,Sporting Life,https://www.sportinglife.com/greyhounds/racecards/2026-08-24/kinsley/racecard/513501
2026-08-24,Kinsley,20:07,1,Crystal Ranger,513502,Sporting Life,https://www.sportinglife.com/greyhounds/racecards/2026-08-24/kinsley/racecard/513502
2026-08-24,Kinsley,20:07,2,Thats So True,513502,Sporting Life,https://www.sportinglife.com/greyhounds/racecards/2026-08-24/kinsley/racecard/513502
2026-08-24,Kinsley,20:07,3,Grumpy Dizzy,513502,Sporting Life,https://www.sportinglife.com/greyhounds/racecards/2026-08-24/kinsley/racecard/513502
2026-08-24,Kinsley,20:07,4,Golan Hazel,513502,Sporting Life,https://www.sportinglife.com/greyhounds/racecards/2026-08-24/kinsley/racecard/513502
2026-08-24,Kinsley,20:07,5,Cactus Closedown,513502,Sporting Life,https://www.sportinglife.com/greyhounds/racecards/2026-08-24/kinsley/racecard/513502
2026-08-24,Kinsley,20:07,6,Queen Babs,513502,Sporting Life,https://www.sportinglife.com/greyhounds/racecards/2026-08-24/kinsley/racecard/513502
2026-08-24,Kinsley,20:24,1,Urgent Call,513503,Sporting Life,https://www.sportinglife.com/greyhounds/racecards/2026-08-24/kinsley/racecard/513503
2026-08-24,Kinsley,20:24,2,Tommys Messi,513503,Sporting Life,https://www.sportinglife.com/greyhounds/racecards/2026-08-24/kinsley/racecard/513503
2026-08-24,Kinsley,20:24,3,Lamia,513503,Sporting Life,https://www.sportinglife.com/greyhounds/racecards/2026-08-24/kinsley/racecard/513503
2026-08-24,Kinsley,20:24,4,Jaguar Dettori,513503,Sporting Life,https://www.sportinglife.com/greyhounds/racecards/2026-08-24/kinsley/racecard/513503
2026-08-24,Kinsley,20:24,6,Swift Paulina,513503,Sporting Life,https://www.sportinglife.com/greyhounds/racecards/2026-08-24/kinsley/racecard/513503
2026-08-24,Kinsley,20:41,1,Pomba Flo,513504,Sporting Life,https://www.sportinglife.com/greyhounds/racecards/2026-08-24/kinsley/racecard/513504
2026-08-24,Kinsley,20:41,2,Zebedee Paphos,513504,Sporting Life,https://www.sportinglife.com/greyhounds/racecards/2026-08-24/kinsley/racecard/513504
2026-08-24,Kinsley,20:41,3,Southwind Twirl,513504,Sporting Life,https://www.sportinglife.com/greyhounds/racecards/2026-08-24/kinsley/racecard/513504
2026-08-24,Kinsley,20:41,4,Hazelgrove Raven,513504,Sporting Life,https://www.sportinglife.com/greyhounds/racecards/2026-08-24/kinsley/racecard/513504
2026-08-24,Kinsley,20:41,5,Cotswold Prince,513504,Sporting Life,https://www.sportinglife.com/greyhounds/racecards/2026-08-24/kinsley/racecard/513504
2026-08-24,Kinsley,20:41,6,Swift Ecology,513504,Sporting Life,https://www.sportinglife.com/greyhounds/racecards/2026-08-24/kinsley/racecard/513504
2026-08-24,Kinsley,20:59,1,Markstreet Barry,513505,Sporting Life,https://www.sportinglife.com/greyhounds/racecards/2026-08-24/kinsley/racecard/513505
2026-08-24,Kinsley,20:59,2,Disco Kate,513505,Sporting Life,https://www.sportinglife.com/greyhounds/racecards/2026-08-24/kinsley/racecard/513505
2026-08-24,Kinsley,20:59,3,King Crosby,513505,Sporting Life,https://www.sportinglife.com/greyhounds/racecards/2026-08-24/kinsley/racecard/513505
2026-08-24,Kinsley,20:59,4,Lantern Bright,513505,Sporting Life,https://www.sportinglife.com/greyhounds/racecards/2026-08-24/kinsley/racecard/513505
2026-08-24,Kinsley,20:59,6,Swift Hooley,513505,Sporting Life,https://www.sportinglife.com/greyhounds/racecards/2026-08-24/kinsley/racecard/513505
2026-08-24,Kinsley,21:16,1,Tonagha Chancer,513506,Sporting Life,https://www.sportinglife.com/greyhounds/racecards/2026-08-24/kinsley/racecard/513506
2026-08-24,Kinsley,21:16,2,Cagey Betty,513506,Sporting Life,https://www.sportinglife.com/greyhounds/racecards/2026-08-24/kinsley/racecard/513506
2026-08-24,Kinsley,21:16,3,Shady Della,513506,Sporting Life,https://www.sportinglife.com/greyhounds/racecards/2026-08-24/kinsley/racecard/513506
2026-08-24,Kinsley,21:16,4,Jennyontheblock,513506,Sporting Life,https://www.sportinglife.com/greyhounds/racecards/2026-08-24/kinsley/racecard/513506
2026-08-24,Kinsley,21:16,5,Rockstar Kenny,513506,Sporting Life,https://www.sportinglife.com/greyhounds/racecards/2026-08-24/kinsley/racecard/513506
2026-08-24,Kinsley,21:16,6,Crystal Aurora,513506,Sporting Life,https://www.sportinglife.com/greyhounds/racecards/2026-08-24/kinsley/racecard/513506
2026-08-24,Monmore,14:23,1,Bogger Una,513471,Sporting Life,https://www.sportinglife.com/greyhounds/racecards/2026-08-24/monmore/racecard/513471
2026-08-24,Monmore,14:23,2,Sparta Kingdom,513471,Sporting Life,https://www.sportinglife.com/greyhounds/racecards/2026-08-24/monmore/racecard/513471
2026-08-24,Monmore,14:23,3,Amka Raven,513471,Sporting Life,https://www.sportinglife.com/greyhounds/racecards/2026-08-24/monmore/racecard/513471
2026-08-24,Monmore,14:23,4,Newinn Magico,513471,Sporting Life,https://www.sportinglife.com/greyhounds/racecards/2026-08-24/monmore/racecard/513471
2026-08-24,Monmore,14:23,5,Aero Deploy,513471,Sporting Life,https://www.sportinglife.com/greyhounds/racecards/2026-08-24/monmore/racecard/513471
2026-08-24,Monmore,14:23,6,Sugar Girl Dotty,513471,Sporting Life,https://www.sportinglife.com/greyhounds/racecards/2026-08-24/monmore/racecard/513471
2026-08-24,Monmore,14:41,1,Vixons Eggshell,513472,Sporting Life,https://www.sportinglife.com/greyhounds/racecards/2026-08-24/monmore/racecard/513472
2026-08-24,Monmore,14:41,2,Longacres Senna,513472,Sporting Life,https://www.sportinglife.com/greyhounds/racecards/2026-08-24/monmore/racecard/513472
2026-08-24,Monmore,14:41,3,Newinn Carole,513472,Sporting Life,https://www.sportinglife.com/greyhounds/racecards/2026-08-24/monmore/racecard/513472
2026-08-24,Monmore,14:41,4,Yama Wizard,513472,Sporting Life,https://www.sportinglife.com/greyhounds/racecards/2026-08-24/monmore/racecard/513472
2026-08-24,Monmore,14:41,5,First Sight,513472,Sporting Life,https://www.sportinglife.com/greyhounds/racecards/2026-08-24/monmore/racecard/513472
2026-08-24,Monmore,14:41,6,Bealtaine,513472,Sporting Life,https://www.sportinglife.com/greyhounds/racecards/2026-08-24/monmore/racecard/513472
2026-08-24,Monmore,15:01,1,Freyas Fancy,513473,Sporting Life,https://www.sportinglife.com/greyhounds/racecards/2026-08-24/monmore/racecard/513473
2026-08-24,Monmore,15:01,2,Bombay Lucky,513473,Sporting Life,https://www.sportinglife.com/greyhounds/racecards/2026-08-24/monmore/racecard/513473
2026-08-24,Monmore,15:01,3,Darver Spark,513473,Sporting Life,https://www.sportinglife.com/greyhounds/racecards/2026-08-24/monmore/racecard/513473
2026-08-24,Monmore,15:01,4,Final Episode,513473,Sporting Life,https://www.sportinglife.com/greyhounds/racecards/2026-08-24/monmore/racecard/513473
2026-08-24,Monmore,15:01,6,Brynoffa Posh,513473,Sporting Life,https://www.sportinglife.com/greyhounds/racecards/2026-08-24/monmore/racecard/513473
2026-08-24,Monmore,15:19,1,Aero Irruption,513474,Sporting Life,https://www.sportinglife.com/greyhounds/racecards/2026-08-24/monmore/racecard/513474
2026-08-24,Monmore,15:19,2,Phoenix Posh,513474,Sporting Life,https://www.sportinglife.com/greyhounds/racecards/2026-08-24/monmore/racecard/513474
2026-08-24,Monmore,15:19,3,Pennylane Ya Ya,513474,Sporting Life,https://www.sportinglife.com/greyhounds/racecards/2026-08-24/monmore/racecard/513474
2026-08-24,Monmore,15:19,4,Tromora Diamond,513474,Sporting Life,https://www.sportinglife.com/greyhounds/racecards/2026-08-24/monmore/racecard/513474
2026-08-24,Monmore,15:19,5,Bangon Erika,513474,Sporting Life,https://www.sportinglife.com/greyhounds/racecards/2026-08-24/monmore/racecard/513474
2026-08-24,Monmore,15:19,6,Peace O Mind,513474,Sporting Life,https://www.sportinglife.com/greyhounds/racecards/2026-08-24/monmore/racecard/513474
2026-08-24,Monmore,15:38,1,Hitthelids Lolly,513475,Sporting Life,https://www.sportinglife.com/greyhounds/racecards/2026-08-24/monmore/racecard/513475
2026-08-24,Monmore,15:38,2,Ropewalk Star,513475,Sporting Life,https://www.sportinglife.com/greyhounds/racecards/2026-08-24/monmore/racecard/513475
2026-08-24,Monmore,15:38,3,Winterfield Dot,513475,Sporting Life,https://www.sportinglife.com/greyhounds/racecards/2026-08-24/monmore/racecard/513475
2026-08-24,Monmore,15:38,4,Whats Up Mac,513475,Sporting Life,https://www.sportinglife.com/greyhounds/racecards/2026-08-24/monmore/racecard/513475
2026-08-24,Monmore,15:38,5,Speedy Dog,513475,Sporting Life,https://www.sportinglife.com/greyhounds/racecards/2026-08-24/monmore/racecard/513475
2026-08-24,Monmore,15:38,6,Yama Darlin,513475,Sporting Life,https://www.sportinglife.com/greyhounds/racecards/2026-08-24/monmore/racecard/513475
2026-08-24,Monmore,15:57,1,Record Legacy,513476,Sporting Life,https://www.sportinglife.com/greyhounds/racecards/2026-08-24/monmore/racecard/513476
2026-08-24,Monmore,15:57,2,Aero Swarm,513476,Sporting Life,https://www.sportinglife.com/greyhounds/racecards/2026-08-24/monmore/racecard/513476
2026-08-24,Monmore,15:57,3,Crafty Techno,513476,Sporting Life,https://www.sportinglife.com/greyhounds/racecards/2026-08-24/monmore/racecard/513476
2026-08-24,Monmore,15:57,4,Downmexicoway,513476,Sporting Life,https://www.sportinglife.com/greyhounds/racecards/2026-08-24/monmore/racecard/513476
2026-08-24,Monmore,15:57,5,Angleseyparadise,513476,Sporting Life,https://www.sportinglife.com/greyhounds/racecards/2026-08-24/monmore/racecard/513476
2026-08-24,Monmore,15:57,6,Aero Maisie,513476,Sporting Life,https://www.sportinglife.com/greyhounds/racecards/2026-08-24/monmore/racecard/513476
2026-08-24,Monmore,16:16,1,Ballymac Babe,513477,Sporting Life,https://www.sportinglife.com/greyhounds/racecards/2026-08-24/monmore/racecard/513477
2026-08-24,Monmore,16:16,2,Winterfield Bro,513477,Sporting Life,https://www.sportinglife.com/greyhounds/racecards/2026-08-24/monmore/racecard/513477
2026-08-24,Monmore,16:16,3,Kilwest Barney,513477,Sporting Life,https://www.sportinglife.com/greyhounds/racecards/2026-08-24/monmore/racecard/513477
2026-08-24,Monmore,16:16,4,Derrymoyle Blue,513477,Sporting Life,https://www.sportinglife.com/greyhounds/racecards/2026-08-24/monmore/racecard/513477
2026-08-24,Monmore,16:16,5,Kinaffe Star,513477,Sporting Life,https://www.sportinglife.com/greyhounds/racecards/2026-08-24/monmore/racecard/513477
2026-08-24,Monmore,16:16,6,Kurious George,513477,Sporting Life,https://www.sportinglife.com/greyhounds/racecards/2026-08-24/monmore/racecard/513477
2026-08-24,Monmore,16:34,1,Emers Julie,513478,Sporting Life,https://www.sportinglife.com/greyhounds/racecards/2026-08-24/monmore/racecard/513478
2026-08-24,Monmore,16:34,2,Cazzers Bassey,513478,Sporting Life,https://www.sportinglife.com/greyhounds/racecards/2026-08-24/monmore/racecard/513478
2026-08-24,Monmore,16:34,3,Tromora Spice,513478,Sporting Life,https://www.sportinglife.com/greyhounds/racecards/2026-08-24/monmore/racecard/513478
2026-08-24,Monmore,16:34,4,Cashed Irita,513478,Sporting Life,https://www.sportinglife.com/greyhounds/racecards/2026-08-24/monmore/racecard/513478
2026-08-24,Monmore,16:34,5,Winterfield Bird,513478,Sporting Life,https://www.sportinglife.com/greyhounds/racecards/2026-08-24/monmore/racecard/513478
2026-08-24,Monmore,16:34,6,Boxing Friends,513478,Sporting Life,https://www.sportinglife.com/greyhounds/racecards/2026-08-24/monmore/racecard/513478
2026-08-24,Monmore,16:53,1,Flyaway Lizzie,513479,Sporting Life,https://www.sportinglife.com/greyhounds/racecards/2026-08-24/monmore/racecard/513479
2026-08-24,Monmore,16:53,2,Deelish Jerry,513479,Sporting Life,https://www.sportinglife.com/greyhounds/racecards/2026-08-24/monmore/racecard/513479
2026-08-24,Monmore,16:53,3,Vixons Amore,513479,Sporting Life,https://www.sportinglife.com/greyhounds/racecards/2026-08-24/monmore/racecard/513479
2026-08-24,Monmore,16:53,4,Swift Style,513479,Sporting Life,https://www.sportinglife.com/greyhounds/racecards/2026-08-24/monmore/racecard/513479
2026-08-24,Monmore,16:53,5,Distant Billy,513479,Sporting Life,https://www.sportinglife.com/greyhounds/racecards/2026-08-24/monmore/racecard/513479
2026-08-24,Monmore,16:53,6,Chilledout Chick,513479,Sporting Life,https://www.sportinglife.com/greyhounds/racecards/2026-08-24/monmore/racecard/513479
2026-08-24,Monmore,17:12,1,Elderberry Mhysa,513480,Sporting Life,https://www.sportinglife.com/greyhounds/racecards/2026-08-24/monmore/racecard/513480
2026-08-24,Monmore,17:12,2,Vixons Cruise,513480,Sporting Life,https://www.sportinglife.com/greyhounds/racecards/2026-08-24/monmore/racecard/513480
2026-08-24,Monmore,17:12,3,Tromora Finn,513480,Sporting Life,https://www.sportinglife.com/greyhounds/racecards/2026-08-24/monmore/racecard/513480
2026-08-24,Monmore,17:12,4,Winterfield Baby,513480,Sporting Life,https://www.sportinglife.com/greyhounds/racecards/2026-08-24/monmore/racecard/513480
2026-08-24,Monmore,17:12,6,Mucky Danno,513480,Sporting Life,https://www.sportinglife.com/greyhounds/racecards/2026-08-24/monmore/racecard/513480
2026-08-24,Monmore,17:31,1,Hollywell Cookie,513481,Sporting Life,https://www.sportinglife.com/greyhounds/racecards/2026-08-24/monmore/racecard/513481
2026-08-24,Monmore,17:31,2,Tullymurry Rishi,513481,Sporting Life,https://www.sportinglife.com/greyhounds/racecards/2026-08-24/monmore/racecard/513481
2026-08-24,Monmore,17:31,3,Wychwood Tiger,513481,Sporting Life,https://www.sportinglife.com/greyhounds/racecards/2026-08-24/monmore/racecard/513481
2026-08-24,Monmore,17:31,5,Sheerans Boy,513481,Sporting Life,https://www.sportinglife.com/greyhounds/racecards/2026-08-24/monmore/racecard/513481
2026-08-24,Monmore,17:31,6,Like Lightning,513481,Sporting Life,https://www.sportinglife.com/greyhounds/racecards/2026-08-24/monmore/racecard/513481
2026-08-24,Monmore,17:49,1,Flyhigh Ernie,513482,Sporting Life,https://www.sportinglife.com/greyhounds/racecards/2026-08-24/monmore/racecard/513482
2026-08-24,Monmore,17:49,2,Tommys Luna,513482,Sporting Life,https://www.sportinglife.com/greyhounds/racecards/2026-08-24/monmore/racecard/513482
2026-08-24,Monmore,17:49,3,Prove Em Wrong,513482,Sporting Life,https://www.sportinglife.com/greyhounds/racecards/2026-08-24/monmore/racecard/513482
2026-08-24,Monmore,17:49,4,Stealpy,513482,Sporting Life,https://www.sportinglife.com/greyhounds/racecards/2026-08-24/monmore/racecard/513482
2026-08-24,Monmore,17:49,5,Killimor Canya,513482,Sporting Life,https://www.sportinglife.com/greyhounds/racecards/2026-08-24/monmore/racecard/513482
2026-08-24,Monmore,17:49,6,Spring Dancer,513482,Sporting Life,https://www.sportinglife.com/greyhounds/racecards/2026-08-24/monmore/racecard/513482
2026-08-24,Nottingham,18:37,1,Halfway Ruby,513519,Sporting Life,https://www.sportinglife.com/greyhounds/racecards/2026-08-24/nottingham/racecard/513519
2026-08-24,Nottingham,18:37,2,Tromora Jenny,513519,Sporting Life,https://www.sportinglife.com/greyhounds/racecards/2026-08-24/nottingham/racecard/513519
2026-08-24,Nottingham,18:37,3,Doubtful Diamond,513519,Sporting Life,https://www.sportinglife.com/greyhounds/racecards/2026-08-24/nottingham/racecard/513519
2026-08-24,Nottingham,18:37,4,Untold Real,513519,Sporting Life,https://www.sportinglife.com/greyhounds/racecards/2026-08-24/nottingham/racecard/513519
2026-08-24,Nottingham,18:37,5,Tiznow,513519,Sporting Life,https://www.sportinglife.com/greyhounds/racecards/2026-08-24/nottingham/racecard/513519
2026-08-24,Nottingham,18:53,1,Vale Bluebell,513520,Sporting Life,https://www.sportinglife.com/greyhounds/racecards/2026-08-24/nottingham/racecard/513520
2026-08-24,Nottingham,18:53,2,Aghaburren Lewis,513520,Sporting Life,https://www.sportinglife.com/greyhounds/racecards/2026-08-24/nottingham/racecard/513520
2026-08-24,Nottingham,18:53,3,Wolf Jet,513520,Sporting Life,https://www.sportinglife.com/greyhounds/racecards/2026-08-24/nottingham/racecard/513520
2026-08-24,Nottingham,18:53,4,Look And Listen,513520,Sporting Life,https://www.sportinglife.com/greyhounds/racecards/2026-08-24/nottingham/racecard/513520
2026-08-24,Nottingham,18:53,5,Loxleys Vinnie,513520,Sporting Life,https://www.sportinglife.com/greyhounds/racecards/2026-08-24/nottingham/racecard/513520
2026-08-24,Nottingham,19:11,1,Wolf Goggins,513521,Sporting Life,https://www.sportinglife.com/greyhounds/racecards/2026-08-24/nottingham/racecard/513521
2026-08-24,Nottingham,19:11,2,Swift Sale,513521,Sporting Life,https://www.sportinglife.com/greyhounds/racecards/2026-08-24/nottingham/racecard/513521
2026-08-24,Nottingham,19:11,3,Honeygar Bessy,513521,Sporting Life,https://www.sportinglife.com/greyhounds/racecards/2026-08-24/nottingham/racecard/513521
2026-08-24,Nottingham,19:11,4,Platinumsapphire,513521,Sporting Life,https://www.sportinglife.com/greyhounds/racecards/2026-08-24/nottingham/racecard/513521
2026-08-24,Nottingham,19:11,5,Stellas Jessie,513521,Sporting Life,https://www.sportinglife.com/greyhounds/racecards/2026-08-24/nottingham/racecard/513521
2026-08-24,Nottingham,19:11,6,Hitthebottleneil,513521,Sporting Life,https://www.sportinglife.com/greyhounds/racecards/2026-08-24/nottingham/racecard/513521
2026-08-24,Nottingham,19:27,1,No Dreamers,513522,Sporting Life,https://www.sportinglife.com/greyhounds/racecards/2026-08-24/nottingham/racecard/513522
2026-08-24,Nottingham,19:27,2,Swift Odran,513522,Sporting Life,https://www.sportinglife.com/greyhounds/racecards/2026-08-24/nottingham/racecard/513522
2026-08-24,Nottingham,19:27,3,Nunos Nugget,513522,Sporting Life,https://www.sportinglife.com/greyhounds/racecards/2026-08-24/nottingham/racecard/513522
2026-08-24,Nottingham,19:27,5,Ayup Sausage,513522,Sporting Life,https://www.sportinglife.com/greyhounds/racecards/2026-08-24/nottingham/racecard/513522
2026-08-24,Nottingham,19:27,6,Turnthemagicon,513522,Sporting Life,https://www.sportinglife.com/greyhounds/racecards/2026-08-24/nottingham/racecard/513522
2026-08-24,Nottingham,19:44,1,Da Don,513523,Sporting Life,https://www.sportinglife.com/greyhounds/racecards/2026-08-24/nottingham/racecard/513523
2026-08-24,Nottingham,19:44,2,Gallant Star,513523,Sporting Life,https://www.sportinglife.com/greyhounds/racecards/2026-08-24/nottingham/racecard/513523
2026-08-24,Nottingham,19:44,3,Pimlico Princess,513523,Sporting Life,https://www.sportinglife.com/greyhounds/racecards/2026-08-24/nottingham/racecard/513523
2026-08-24,Nottingham,19:44,5,Westfield Raheem,513523,Sporting Life,https://www.sportinglife.com/greyhounds/racecards/2026-08-24/nottingham/racecard/513523
2026-08-24,Nottingham,19:44,6,Whiterock Ace,513523,Sporting Life,https://www.sportinglife.com/greyhounds/racecards/2026-08-24/nottingham/racecard/513523
2026-08-24,Nottingham,20:01,1,Bonnet Lily,513524,Sporting Life,https://www.sportinglife.com/greyhounds/racecards/2026-08-24/nottingham/racecard/513524
2026-08-24,Nottingham,20:01,2,Braceys Boy,513524,Sporting Life,https://www.sportinglife.com/greyhounds/racecards/2026-08-24/nottingham/racecard/513524
2026-08-24,Nottingham,20:01,4,Ballymac Coko,513524,Sporting Life,https://www.sportinglife.com/greyhounds/racecards/2026-08-24/nottingham/racecard/513524
2026-08-24,Nottingham,20:01,5,Sparta Pro,513524,Sporting Life,https://www.sportinglife.com/greyhounds/racecards/2026-08-24/nottingham/racecard/513524
2026-08-24,Nottingham,20:01,6,Swift Tax,513524,Sporting Life,https://www.sportinglife.com/greyhounds/racecards/2026-08-24/nottingham/racecard/513524
2026-08-24,Nottingham,20:19,1,Magical Hawk,513525,Sporting Life,https://www.sportinglife.com/greyhounds/racecards/2026-08-24/nottingham/racecard/513525
2026-08-24,Nottingham,20:19,2,Annadown Shadow,513525,Sporting Life,https://www.sportinglife.com/greyhounds/racecards/2026-08-24/nottingham/racecard/513525
2026-08-24,Nottingham,20:19,3,Jackierua,513525,Sporting Life,https://www.sportinglife.com/greyhounds/racecards/2026-08-24/nottingham/racecard/513525
2026-08-24,Nottingham,20:19,4,Puntos Opinion,513525,Sporting Life,https://www.sportinglife.com/greyhounds/racecards/2026-08-24/nottingham/racecard/513525
2026-08-24,Nottingham,20:19,5,Magical Marty,513525,Sporting Life,https://www.sportinglife.com/greyhounds/racecards/2026-08-24/nottingham/racecard/513525
2026-08-24,Nottingham,20:19,6,True Trend,513525,Sporting Life,https://www.sportinglife.com/greyhounds/racecards/2026-08-24/nottingham/racecard/513525
2026-08-24,Nottingham,20:36,1,Poppy Queen,513526,Sporting Life,https://www.sportinglife.com/greyhounds/racecards/2026-08-24/nottingham/racecard/513526
2026-08-24,Nottingham,20:36,2,Bellmore Whiskey,513526,Sporting Life,https://www.sportinglife.com/greyhounds/racecards/2026-08-24/nottingham/racecard/513526
2026-08-24,Nottingham,20:36,3,Scooby Mustang,513526,Sporting Life,https://www.sportinglife.com/greyhounds/racecards/2026-08-24/nottingham/racecard/513526
2026-08-24,Nottingham,20:36,4,Daleroad Magic,513526,Sporting Life,https://www.sportinglife.com/greyhounds/racecards/2026-08-24/nottingham/racecard/513526
2026-08-24,Nottingham,20:36,5,Farneys Tilly,513526,Sporting Life,https://www.sportinglife.com/greyhounds/racecards/2026-08-24/nottingham/racecard/513526
2026-08-24,Nottingham,20:36,6,Drive On Flint,513526,Sporting Life,https://www.sportinglife.com/greyhounds/racecards/2026-08-24/nottingham/racecard/513526
2026-08-24,Nottingham,20:54,1,Annadown Warrior,513527,Sporting Life,https://www.sportinglife.com/greyhounds/racecards/2026-08-24/nottingham/racecard/513527
2026-08-24,Nottingham,20:54,2,Nicky Swithin,513527,Sporting Life,https://www.sportinglife.com/greyhounds/racecards/2026-08-24/nottingham/racecard/513527
2026-08-24,Nottingham,20:54,3,Lady Gambet,513527,Sporting Life,https://www.sportinglife.com/greyhounds/racecards/2026-08-24/nottingham/racecard/513527
2026-08-24,Nottingham,20:54,4,Cockneys Crafty,513527,Sporting Life,https://www.sportinglife.com/greyhounds/racecards/2026-08-24/nottingham/racecard/513527
2026-08-24,Nottingham,20:54,5,Magical Faye,513527,Sporting Life,https://www.sportinglife.com/greyhounds/racecards/2026-08-24/nottingham/racecard/513527
2026-08-24,Nottingham,20:54,6,Keplar Venom,513527,Sporting Life,https://www.sportinglife.com/greyhounds/racecards/2026-08-24/nottingham/racecard/513527
2026-08-24,Nottingham,21:11,1,Swift Olivia,513528,Sporting Life,https://www.sportinglife.com/greyhounds/racecards/2026-08-24/nottingham/racecard/513528
2026-08-24,Nottingham,21:11,2,Ballyhimikin Lee,513528,Sporting Life,https://www.sportinglife.com/greyhounds/racecards/2026-08-24/nottingham/racecard/513528
2026-08-24,Nottingham,21:11,3,Feeling Groovy,513528,Sporting Life,https://www.sportinglife.com/greyhounds/racecards/2026-08-24/nottingham/racecard/513528
2026-08-24,Nottingham,21:11,5,Thats No Joke,513528,Sporting Life,https://www.sportinglife.com/greyhounds/racecards/2026-08-24/nottingham/racecard/513528
2026-08-24,Nottingham,21:11,6,Roanna Ash,513528,Sporting Life,https://www.sportinglife.com/greyhounds/racecards/2026-08-24/nottingham/racecard/513528
2026-08-24,Nottingham,21:28,1,Jet Stream Jane,513529,Sporting Life,https://www.sportinglife.com/greyhounds/racecards/2026-08-24/nottingham/racecard/513529
2026-08-24,Nottingham,21:28,2,Carrick Scholsey,513529,Sporting Life,https://www.sportinglife.com/greyhounds/racecards/2026-08-24/nottingham/racecard/513529
2026-08-24,Nottingham,21:28,3,Tre Cool,513529,Sporting Life,https://www.sportinglife.com/greyhounds/racecards/2026-08-24/nottingham/racecard/513529
2026-08-24,Nottingham,21:28,4,Drombeg Abby,513529,Sporting Life,https://www.sportinglife.com/greyhounds/racecards/2026-08-24/nottingham/racecard/513529
2026-08-24,Nottingham,21:28,6,Tell Em Nothing,513529,Sporting Life,https://www.sportinglife.com/greyhounds/racecards/2026-08-24/nottingham/racecard/513529
2026-08-24,Nottingham,21:46,1,Gruszka,513530,Sporting Life,https://www.sportinglife.com/greyhounds/racecards/2026-08-24/nottingham/racecard/513530
2026-08-24,Nottingham,21:46,2,Tetra Eco,513530,Sporting Life,https://www.sportinglife.com/greyhounds/racecards/2026-08-24/nottingham/racecard/513530
2026-08-24,Nottingham,21:46,3,Poly Styrene,513530,Sporting Life,https://www.sportinglife.com/greyhounds/racecards/2026-08-24/nottingham/racecard/513530
2026-08-24,Nottingham,21:46,4,Swift Kipper,513530,Sporting Life,https://www.sportinglife.com/greyhounds/racecards/2026-08-24/nottingham/racecard/513530
2026-08-24,Nottingham,21:46,5,Wynwuff,513530,Sporting Life,https://www.sportinglife.com/greyhounds/racecards/2026-08-24/nottingham/racecard/513530
2026-08-24,Romford,11:09,1,Allowdale Chloe,513459,Sporting Life,https://www.sportinglife.com/greyhounds/racecards/2026-08-24/romford/racecard/513459
2026-08-24,Romford,11:09,2,Smashing Major,513459,Sporting Life,https://www.sportinglife.com/greyhounds/racecards/2026-08-24/romford/racecard/513459
2026-08-24,Romford,11:09,3,My Little Olive,513459,Sporting Life,https://www.sportinglife.com/greyhounds/racecards/2026-08-24/romford/racecard/513459
2026-08-24,Romford,11:09,4,Chelms Jack,513459,Sporting Life,https://www.sportinglife.com/greyhounds/racecards/2026-08-24/romford/racecard/513459
2026-08-24,Romford,11:09,5,Trinity Bella,513459,Sporting Life,https://www.sportinglife.com/greyhounds/racecards/2026-08-24/romford/racecard/513459
2026-08-24,Romford,11:09,6,Blazeaway Blue,513459,Sporting Life,https://www.sportinglife.com/greyhounds/racecards/2026-08-24/romford/racecard/513459
2026-08-24,Romford,11:27,1,Abbeyside Comet,513460,Sporting Life,https://www.sportinglife.com/greyhounds/racecards/2026-08-24/romford/racecard/513460
2026-08-24,Romford,11:27,2,Emers Marnie,513460,Sporting Life,https://www.sportinglife.com/greyhounds/racecards/2026-08-24/romford/racecard/513460
2026-08-24,Romford,11:27,3,Yahoo Clodagh,513460,Sporting Life,https://www.sportinglife.com/greyhounds/racecards/2026-08-24/romford/racecard/513460
2026-08-24,Romford,11:27,4,Bubbly Queenie,513460,Sporting Life,https://www.sportinglife.com/greyhounds/racecards/2026-08-24/romford/racecard/513460
2026-08-24,Romford,11:27,5,Roxys Ruth,513460,Sporting Life,https://www.sportinglife.com/greyhounds/racecards/2026-08-24/romford/racecard/513460
2026-08-24,Romford,11:27,6,Micks Boy,513460,Sporting Life,https://www.sportinglife.com/greyhounds/racecards/2026-08-24/romford/racecard/513460
2026-08-24,Romford,11:43,1,Bloos Mr Maguire,513461,Sporting Life,https://www.sportinglife.com/greyhounds/racecards/2026-08-24/romford/racecard/513461
2026-08-24,Romford,11:43,2,Lansdowne Vinny,513461,Sporting Life,https://www.sportinglife.com/greyhounds/racecards/2026-08-24/romford/racecard/513461
2026-08-24,Romford,11:43,4,Pappa Gallo,513461,Sporting Life,https://www.sportinglife.com/greyhounds/racecards/2026-08-24/romford/racecard/513461
2026-08-24,Romford,11:43,5,Harley Hitch,513461,Sporting Life,https://www.sportinglife.com/greyhounds/racecards/2026-08-24/romford/racecard/513461
2026-08-24,Romford,11:43,6,Bowmers King,513461,Sporting Life,https://www.sportinglife.com/greyhounds/racecards/2026-08-24/romford/racecard/513461
2026-08-24,Romford,12:01,1,Jeopardy Panther,513462,Sporting Life,https://www.sportinglife.com/greyhounds/racecards/2026-08-24/romford/racecard/513462
2026-08-24,Romford,12:01,2,Tullymurry Bing,513462,Sporting Life,https://www.sportinglife.com/greyhounds/racecards/2026-08-24/romford/racecard/513462
2026-08-24,Romford,12:01,3,Yahoo Bree,513462,Sporting Life,https://www.sportinglife.com/greyhounds/racecards/2026-08-24/romford/racecard/513462
2026-08-24,Romford,12:01,4,Show Stopper,513462,Sporting Life,https://www.sportinglife.com/greyhounds/racecards/2026-08-24/romford/racecard/513462
2026-08-24,Romford,12:01,6,Biscuit Dunker,513462,Sporting Life,https://www.sportinglife.com/greyhounds/racecards/2026-08-24/romford/racecard/513462
2026-08-24,Romford,12:18,1,College Twain,513463,Sporting Life,https://www.sportinglife.com/greyhounds/racecards/2026-08-24/romford/racecard/513463
2026-08-24,Romford,12:18,2,Newtown Sinead,513463,Sporting Life,https://www.sportinglife.com/greyhounds/racecards/2026-08-24/romford/racecard/513463
2026-08-24,Romford,12:18,3,Amelias Tag,513463,Sporting Life,https://www.sportinglife.com/greyhounds/racecards/2026-08-24/romford/racecard/513463
2026-08-24,Romford,12:18,4,Jeopardy Heidi,513463,Sporting Life,https://www.sportinglife.com/greyhounds/racecards/2026-08-24/romford/racecard/513463
2026-08-24,Romford,12:18,5,Constantly,513463,Sporting Life,https://www.sportinglife.com/greyhounds/racecards/2026-08-24/romford/racecard/513463
2026-08-24,Romford,12:34,1,Pin Point,513464,Sporting Life,https://www.sportinglife.com/greyhounds/racecards/2026-08-24/romford/racecard/513464
2026-08-24,Romford,12:34,2,Potentia Forever,513464,Sporting Life,https://www.sportinglife.com/greyhounds/racecards/2026-08-24/romford/racecard/513464
2026-08-24,Romford,12:34,3,Move The Magic,513464,Sporting Life,https://www.sportinglife.com/greyhounds/racecards/2026-08-24/romford/racecard/513464
2026-08-24,Romford,12:34,4,Tiermana Scott,513464,Sporting Life,https://www.sportinglife.com/greyhounds/racecards/2026-08-24/romford/racecard/513464
2026-08-24,Romford,12:34,6,Four Votes,513464,Sporting Life,https://www.sportinglife.com/greyhounds/racecards/2026-08-24/romford/racecard/513464
2026-08-24,Romford,12:51,1,Sparkling Katie,513465,Sporting Life,https://www.sportinglife.com/greyhounds/racecards/2026-08-24/romford/racecard/513465
2026-08-24,Romford,12:51,2,Thirtyapop,513465,Sporting Life,https://www.sportinglife.com/greyhounds/racecards/2026-08-24/romford/racecard/513465
2026-08-24,Romford,12:51,3,Dots Petra,513465,Sporting Life,https://www.sportinglife.com/greyhounds/racecards/2026-08-24/romford/racecard/513465
2026-08-24,Romford,12:51,4,Kingdom Galaxy,513465,Sporting Life,https://www.sportinglife.com/greyhounds/racecards/2026-08-24/romford/racecard/513465
2026-08-24,Romford,12:51,5,Young Dotty,513465,Sporting Life,https://www.sportinglife.com/greyhounds/racecards/2026-08-24/romford/racecard/513465
2026-08-24,Romford,12:51,6,Keefill Darwin,513465,Sporting Life,https://www.sportinglife.com/greyhounds/racecards/2026-08-24/romford/racecard/513465
2026-08-24,Romford,13:08,1,Hasty Halley,513466,Sporting Life,https://www.sportinglife.com/greyhounds/racecards/2026-08-24/romford/racecard/513466
2026-08-24,Romford,13:08,2,Ritzy Soldier,513466,Sporting Life,https://www.sportinglife.com/greyhounds/racecards/2026-08-24/romford/racecard/513466
2026-08-24,Romford,13:08,3,Kinielty Rosie,513466,Sporting Life,https://www.sportinglife.com/greyhounds/racecards/2026-08-24/romford/racecard/513466
2026-08-24,Romford,13:08,4,Yahoo Aoife,513466,Sporting Life,https://www.sportinglife.com/greyhounds/racecards/2026-08-24/romford/racecard/513466
2026-08-24,Romford,13:08,5,Big Time Roisin,513466,Sporting Life,https://www.sportinglife.com/greyhounds/racecards/2026-08-24/romford/racecard/513466
2026-08-24,Romford,13:26,1,Back To Front,513467,Sporting Life,https://www.sportinglife.com/greyhounds/racecards/2026-08-24/romford/racecard/513467
2026-08-24,Romford,13:26,2,Carrick Ole,513467,Sporting Life,https://www.sportinglife.com/greyhounds/racecards/2026-08-24/romford/racecard/513467
2026-08-24,Romford,13:26,3,My Sweet Boy,513467,Sporting Life,https://www.sportinglife.com/greyhounds/racecards/2026-08-24/romford/racecard/513467
2026-08-24,Romford,13:26,4,Lollipop Lucy,513467,Sporting Life,https://www.sportinglife.com/greyhounds/racecards/2026-08-24/romford/racecard/513467
2026-08-24,Romford,13:26,6,Harrys Bluey,513467,Sporting Life,https://www.sportinglife.com/greyhounds/racecards/2026-08-24/romford/racecard/513467
2026-08-24,Romford,13:42,1,Sparkling Kerena,513468,Sporting Life,https://www.sportinglife.com/greyhounds/racecards/2026-08-24/romford/racecard/513468
2026-08-24,Romford,13:42,2,Derrygrath Lisa,513468,Sporting Life,https://www.sportinglife.com/greyhounds/racecards/2026-08-24/romford/racecard/513468
2026-08-24,Romford,13:42,3,Newtown Champ,513468,Sporting Life,https://www.sportinglife.com/greyhounds/racecards/2026-08-24/romford/racecard/513468
2026-08-24,Romford,13:42,4,Binksy Dobbie,513468,Sporting Life,https://www.sportinglife.com/greyhounds/racecards/2026-08-24/romford/racecard/513468
2026-08-24,Romford,13:42,5,Trinity Hoffa,513468,Sporting Life,https://www.sportinglife.com/greyhounds/racecards/2026-08-24/romford/racecard/513468
2026-08-24,Romford,13:59,1,Toems Jess,513469,Sporting Life,https://www.sportinglife.com/greyhounds/racecards/2026-08-24/romford/racecard/513469
2026-08-24,Romford,13:59,2,Mohican Honey,513469,Sporting Life,https://www.sportinglife.com/greyhounds/racecards/2026-08-24/romford/racecard/513469
2026-08-24,Romford,13:59,3,Sparkling Millie,513469,Sporting Life,https://www.sportinglife.com/greyhounds/racecards/2026-08-24/romford/racecard/513469
2026-08-24,Romford,13:59,4,Saleen Blaze,513469,Sporting Life,https://www.sportinglife.com/greyhounds/racecards/2026-08-24/romford/racecard/513469
2026-08-24,Romford,13:59,5,Catunda Nemo,513469,Sporting Life,https://www.sportinglife.com/greyhounds/racecards/2026-08-24/romford/racecard/513469
2026-08-24,Romford,14:14,1,Bingo Tina,513470,Sporting Life,https://www.sportinglife.com/greyhounds/racecards/2026-08-24/romford/racecard/513470
2026-08-24,Romford,14:14,2,Velvet Ace,513470,Sporting Life,https://www.sportinglife.com/greyhounds/racecards/2026-08-24/romford/racecard/513470
2026-08-24,Romford,14:14,3,Crystal Nancy,513470,Sporting Life,https://www.sportinglife.com/greyhounds/racecards/2026-08-24/romford/racecard/513470
2026-08-24,Romford,14:14,4,Jacktavern Taz,513470,Sporting Life,https://www.sportinglife.com/greyhounds/racecards/2026-08-24/romford/racecard/513470
2026-08-24,Romford,14:14,5,Yahoo Orla,513470,Sporting Life,https://www.sportinglife.com/greyhounds/racecards/2026-08-24/romford/racecard/513470
2026-08-24,Romford,14:14,6,Carrick Stam,513470,Sporting Life,https://www.sportinglife.com/greyhounds/racecards/2026-08-24/romford/racecard/513470
2026-08-24,Sunderland,14:29,1,Bawn Dawn,513569,Sporting Life,https://www.sportinglife.com/greyhounds/racecards/2026-08-24/sunderland/racecard/513569
2026-08-24,Sunderland,14:29,2,Monroe Milo,513569,Sporting Life,https://www.sportinglife.com/greyhounds/racecards/2026-08-24/sunderland/racecard/513569
2026-08-24,Sunderland,14:29,3,Market Lough,513569,Sporting Life,https://www.sportinglife.com/greyhounds/racecards/2026-08-24/sunderland/racecard/513569
2026-08-24,Sunderland,14:29,4,Leons Lucy,513569,Sporting Life,https://www.sportinglife.com/greyhounds/racecards/2026-08-24/sunderland/racecard/513569
2026-08-24,Sunderland,14:29,5,Kanturk Got It,513569,Sporting Life,https://www.sportinglife.com/greyhounds/racecards/2026-08-24/sunderland/racecard/513569
2026-08-24,Sunderland,14:48,1,Master Of War,513570,Sporting Life,https://www.sportinglife.com/greyhounds/racecards/2026-08-24/sunderland/racecard/513570
2026-08-24,Sunderland,14:48,2,Ballintemple Fog,513570,Sporting Life,https://www.sportinglife.com/greyhounds/racecards/2026-08-24/sunderland/racecard/513570
2026-08-24,Sunderland,14:48,3,Good Edge,513570,Sporting Life,https://www.sportinglife.com/greyhounds/racecards/2026-08-24/sunderland/racecard/513570
2026-08-24,Sunderland,14:48,4,Autumn Meadow,513570,Sporting Life,https://www.sportinglife.com/greyhounds/racecards/2026-08-24/sunderland/racecard/513570
2026-08-24,Sunderland,14:48,6,Vale Blackbird,513570,Sporting Life,https://www.sportinglife.com/greyhounds/racecards/2026-08-24/sunderland/racecard/513570
2026-08-24,Sunderland,15:07,1,Westwood Rhys,513571,Sporting Life,https://www.sportinglife.com/greyhounds/racecards/2026-08-24/sunderland/racecard/513571
2026-08-24,Sunderland,15:07,2,Diddly Squat,513571,Sporting Life,https://www.sportinglife.com/greyhounds/racecards/2026-08-24/sunderland/racecard/513571
2026-08-24,Sunderland,15:07,3,Real Action,513571,Sporting Life,https://www.sportinglife.com/greyhounds/racecards/2026-08-24/sunderland/racecard/513571
2026-08-24,Sunderland,15:07,4,Bathams Panther,513571,Sporting Life,https://www.sportinglife.com/greyhounds/racecards/2026-08-24/sunderland/racecard/513571
2026-08-24,Sunderland,15:07,6,Moyvane Alice,513571,Sporting Life,https://www.sportinglife.com/greyhounds/racecards/2026-08-24/sunderland/racecard/513571
2026-08-24,Sunderland,15:26,1,Zesty Pineapple,513572,Sporting Life,https://www.sportinglife.com/greyhounds/racecards/2026-08-24/sunderland/racecard/513572
2026-08-24,Sunderland,15:26,2,Untold Kava,513572,Sporting Life,https://www.sportinglife.com/greyhounds/racecards/2026-08-24/sunderland/racecard/513572
2026-08-24,Sunderland,15:26,4,Strike It Hannah,513572,Sporting Life,https://www.sportinglife.com/greyhounds/racecards/2026-08-24/sunderland/racecard/513572
2026-08-24,Sunderland,15:26,5,Linton Reginald,513572,Sporting Life,https://www.sportinglife.com/greyhounds/racecards/2026-08-24/sunderland/racecard/513572
2026-08-24,Sunderland,15:26,6,Eden Dolly,513572,Sporting Life,https://www.sportinglife.com/greyhounds/racecards/2026-08-24/sunderland/racecard/513572
2026-08-24,Sunderland,15:44,1,Lacken Fun,513573,Sporting Life,https://www.sportinglife.com/greyhounds/racecards/2026-08-24/sunderland/racecard/513573
2026-08-24,Sunderland,15:44,2,Rileys Rex,513573,Sporting Life,https://www.sportinglife.com/greyhounds/racecards/2026-08-24/sunderland/racecard/513573
2026-08-24,Sunderland,15:44,3,Droopys Pamela,513573,Sporting Life,https://www.sportinglife.com/greyhounds/racecards/2026-08-24/sunderland/racecard/513573
2026-08-24,Sunderland,15:44,4,Church St Katie,513573,Sporting Life,https://www.sportinglife.com/greyhounds/racecards/2026-08-24/sunderland/racecard/513573
2026-08-24,Sunderland,15:44,6,Bangersandsmash,513573,Sporting Life,https://www.sportinglife.com/greyhounds/racecards/2026-08-24/sunderland/racecard/513573
2026-08-24,Sunderland,16:03,1,Tuesday Two,513574,Sporting Life,https://www.sportinglife.com/greyhounds/racecards/2026-08-24/sunderland/racecard/513574
2026-08-24,Sunderland,16:03,2,Neon Noble,513574,Sporting Life,https://www.sportinglife.com/greyhounds/racecards/2026-08-24/sunderland/racecard/513574
2026-08-24,Sunderland,16:03,4,Mallogs Gracie,513574,Sporting Life,https://www.sportinglife.com/greyhounds/racecards/2026-08-24/sunderland/racecard/513574
2026-08-24,Sunderland,16:03,5,Droopys Marie,513574,Sporting Life,https://www.sportinglife.com/greyhounds/racecards/2026-08-24/sunderland/racecard/513574
2026-08-24,Sunderland,16:03,6,Bawn Whisper,513574,Sporting Life,https://www.sportinglife.com/greyhounds/racecards/2026-08-24/sunderland/racecard/513574
2026-08-24,Sunderland,16:22,1,Easy Caoimhe,513575,Sporting Life,https://www.sportinglife.com/greyhounds/racecards/2026-08-24/sunderland/racecard/513575
2026-08-24,Sunderland,16:22,2,Obsessed,513575,Sporting Life,https://www.sportinglife.com/greyhounds/racecards/2026-08-24/sunderland/racecard/513575
2026-08-24,Sunderland,16:22,3,Catch You Later,513575,Sporting Life,https://www.sportinglife.com/greyhounds/racecards/2026-08-24/sunderland/racecard/513575
2026-08-24,Sunderland,16:22,4,Betsys Hope,513575,Sporting Life,https://www.sportinglife.com/greyhounds/racecards/2026-08-24/sunderland/racecard/513575
2026-08-24,Sunderland,16:22,5,Dream And Do,513575,Sporting Life,https://www.sportinglife.com/greyhounds/racecards/2026-08-24/sunderland/racecard/513575
2026-08-24,Sunderland,16:22,6,Happenedwas,513575,Sporting Life,https://www.sportinglife.com/greyhounds/racecards/2026-08-24/sunderland/racecard/513575
2026-08-24,Sunderland,16:41,1,Untold Floki,513576,Sporting Life,https://www.sportinglife.com/greyhounds/racecards/2026-08-24/sunderland/racecard/513576
2026-08-24,Sunderland,16:41,2,Zari Wild,513576,Sporting Life,https://www.sportinglife.com/greyhounds/racecards/2026-08-24/sunderland/racecard/513576
2026-08-24,Sunderland,16:41,3,Duggies Stitch,513576,Sporting Life,https://www.sportinglife.com/greyhounds/racecards/2026-08-24/sunderland/racecard/513576
2026-08-24,Sunderland,16:41,4,Allowdale Bono,513576,Sporting Life,https://www.sportinglife.com/greyhounds/racecards/2026-08-24/sunderland/racecard/513576
2026-08-24,Sunderland,16:41,6,Droopys Fetch,513576,Sporting Life,https://www.sportinglife.com/greyhounds/racecards/2026-08-24/sunderland/racecard/513576
2026-08-24,Sunderland,16:59,1,Watermill Tink,513577,Sporting Life,https://www.sportinglife.com/greyhounds/racecards/2026-08-24/sunderland/racecard/513577
2026-08-24,Sunderland,16:59,2,Kilteely Glory,513577,Sporting Life,https://www.sportinglife.com/greyhounds/racecards/2026-08-24/sunderland/racecard/513577
2026-08-24,Sunderland,16:59,3,Eskimo Bolt,513577,Sporting Life,https://www.sportinglife.com/greyhounds/racecards/2026-08-24/sunderland/racecard/513577
2026-08-24,Sunderland,16:59,4,Linton Lucy,513577,Sporting Life,https://www.sportinglife.com/greyhounds/racecards/2026-08-24/sunderland/racecard/513577
2026-08-24,Sunderland,16:59,6,Take A Risk,513577,Sporting Life,https://www.sportinglife.com/greyhounds/racecards/2026-08-24/sunderland/racecard/513577
2026-08-24,Sunderland,17:18,1,Moonveen Hijack,513578,Sporting Life,https://www.sportinglife.com/greyhounds/racecards/2026-08-24/sunderland/racecard/513578
2026-08-24,Sunderland,17:18,2,Lurriga Darla,513578,Sporting Life,https://www.sportinglife.com/greyhounds/racecards/2026-08-24/sunderland/racecard/513578
2026-08-24,Sunderland,17:18,3,Neon Rebel,513578,Sporting Life,https://www.sportinglife.com/greyhounds/racecards/2026-08-24/sunderland/racecard/513578
2026-08-24,Sunderland,17:18,5,Autumn Time,513578,Sporting Life,https://www.sportinglife.com/greyhounds/racecards/2026-08-24/sunderland/racecard/513578
2026-08-24,Sunderland,17:18,6,Fairest Day,513578,Sporting Life,https://www.sportinglife.com/greyhounds/racecards/2026-08-24/sunderland/racecard/513578
2026-08-24,Sunderland,17:37,1,Gunner Blake,513579,Sporting Life,https://www.sportinglife.com/greyhounds/racecards/2026-08-24/sunderland/racecard/513579
2026-08-24,Sunderland,17:37,2,Thorntree Askim,513579,Sporting Life,https://www.sportinglife.com/greyhounds/racecards/2026-08-24/sunderland/racecard/513579
2026-08-24,Sunderland,17:37,4,Lostrigg Benny,513579,Sporting Life,https://www.sportinglife.com/greyhounds/racecards/2026-08-24/sunderland/racecard/513579
2026-08-24,Sunderland,17:37,5,Timahoe Shark,513579,Sporting Life,https://www.sportinglife.com/greyhounds/racecards/2026-08-24/sunderland/racecard/513579
2026-08-24,Sunderland,17:37,6,Westforth Doit,513579,Sporting Life,https://www.sportinglife.com/greyhounds/racecards/2026-08-24/sunderland/racecard/513579
2026-08-24,Sunderland,17:56,1,Strike It Odette,513580,Sporting Life,https://www.sportinglife.com/greyhounds/racecards/2026-08-24/sunderland/racecard/513580
2026-08-24,Sunderland,17:56,2,Linton Ralph,513580,Sporting Life,https://www.sportinglife.com/greyhounds/racecards/2026-08-24/sunderland/racecard/513580
2026-08-24,Sunderland,17:56,3,Marlfield Rapido,513580,Sporting Life,https://www.sportinglife.com/greyhounds/racecards/2026-08-24/sunderland/racecard/513580
2026-08-24,Sunderland,17:56,4,Shelikethemother,513580,Sporting Life,https://www.sportinglife.com/greyhounds/racecards/2026-08-24/sunderland/racecard/513580
2026-08-24,Sunderland,17:56,5,Canavans Corner,513580,Sporting Life,https://www.sportinglife.com/greyhounds/racecards/2026-08-24/sunderland/racecard/513580
2026-08-24,Yarmouth,18:14,1,Isthatmyfella,513507,Sporting Life,https://www.sportinglife.com/greyhounds/racecards/2026-08-24/yarmouth/racecard/513507
2026-08-24,Yarmouth,18:14,2,Stormy Neymar,513507,Sporting Life,https://www.sportinglife.com/greyhounds/racecards/2026-08-24/yarmouth/racecard/513507
2026-08-24,Yarmouth,18:14,3,Cassandras Girl,513507,Sporting Life,https://www.sportinglife.com/greyhounds/racecards/2026-08-24/yarmouth/racecard/513507
2026-08-24,Yarmouth,18:14,4,All About Glory,513507,Sporting Life,https://www.sportinglife.com/greyhounds/racecards/2026-08-24/yarmouth/racecard/513507
2026-08-24,Yarmouth,18:14,5,Dick Turpin,513507,Sporting Life,https://www.sportinglife.com/greyhounds/racecards/2026-08-24/yarmouth/racecard/513507
2026-08-24,Yarmouth,18:14,6,Bucking Bucks,513507,Sporting Life,https://www.sportinglife.com/greyhounds/racecards/2026-08-24/yarmouth/racecard/513507
2026-08-24,Yarmouth,18:31,1,Seeyouatlake,513508,Sporting Life,https://www.sportinglife.com/greyhounds/racecards/2026-08-24/yarmouth/racecard/513508
2026-08-24,Yarmouth,18:31,2,Bombay Magnetism,513508,Sporting Life,https://www.sportinglife.com/greyhounds/racecards/2026-08-24/yarmouth/racecard/513508
2026-08-24,Yarmouth,18:31,3,Lissome Lilly,513508,Sporting Life,https://www.sportinglife.com/greyhounds/racecards/2026-08-24/yarmouth/racecard/513508
2026-08-24,Yarmouth,18:31,4,Rapido Camilla,513508,Sporting Life,https://www.sportinglife.com/greyhounds/racecards/2026-08-24/yarmouth/racecard/513508
2026-08-24,Yarmouth,18:31,5,Bodell Bucks,513508,Sporting Life,https://www.sportinglife.com/greyhounds/racecards/2026-08-24/yarmouth/racecard/513508
2026-08-24,Yarmouth,18:31,6,Keplar Alexa,513508,Sporting Life,https://www.sportinglife.com/greyhounds/racecards/2026-08-24/yarmouth/racecard/513508
2026-08-24,Yarmouth,18:48,1,Rapido Auz,513509,Sporting Life,https://www.sportinglife.com/greyhounds/racecards/2026-08-24/yarmouth/racecard/513509
2026-08-24,Yarmouth,18:48,2,Hes Dynamite,513509,Sporting Life,https://www.sportinglife.com/greyhounds/racecards/2026-08-24/yarmouth/racecard/513509
2026-08-24,Yarmouth,18:48,3,Strideaway Gra,513509,Sporting Life,https://www.sportinglife.com/greyhounds/racecards/2026-08-24/yarmouth/racecard/513509
2026-08-24,Yarmouth,18:48,4,Rules Dont Apply,513509,Sporting Life,https://www.sportinglife.com/greyhounds/racecards/2026-08-24/yarmouth/racecard/513509
2026-08-24,Yarmouth,18:48,5,Emers Honeybee,513509,Sporting Life,https://www.sportinglife.com/greyhounds/racecards/2026-08-24/yarmouth/racecard/513509
2026-08-24,Yarmouth,18:48,6,Savana Flamma,513509,Sporting Life,https://www.sportinglife.com/greyhounds/racecards/2026-08-24/yarmouth/racecard/513509
2026-08-24,Yarmouth,19:06,1,Oh So Lucy,513510,Sporting Life,https://www.sportinglife.com/greyhounds/racecards/2026-08-24/yarmouth/racecard/513510
2026-08-24,Yarmouth,19:06,3,Ardagio,513510,Sporting Life,https://www.sportinglife.com/greyhounds/racecards/2026-08-24/yarmouth/racecard/513510
2026-08-24,Yarmouth,19:06,4,Savana Mist,513510,Sporting Life,https://www.sportinglife.com/greyhounds/racecards/2026-08-24/yarmouth/racecard/513510
2026-08-24,Yarmouth,19:06,5,Open Mind,513510,Sporting Life,https://www.sportinglife.com/greyhounds/racecards/2026-08-24/yarmouth/racecard/513510
2026-08-24,Yarmouth,19:06,6,Savana Buzz,513510,Sporting Life,https://www.sportinglife.com/greyhounds/racecards/2026-08-24/yarmouth/racecard/513510
2026-08-24,Yarmouth,19:22,2,Billy And Bob,513511,Sporting Life,https://www.sportinglife.com/greyhounds/racecards/2026-08-24/yarmouth/racecard/513511
2026-08-24,Yarmouth,19:22,3,Swift Bachelor,513511,Sporting Life,https://www.sportinglife.com/greyhounds/racecards/2026-08-24/yarmouth/racecard/513511
2026-08-24,Yarmouth,19:22,4,Hunsdon Jimmy,513511,Sporting Life,https://www.sportinglife.com/greyhounds/racecards/2026-08-24/yarmouth/racecard/513511
2026-08-24,Yarmouth,19:22,5,Adamant Olaf,513511,Sporting Life,https://www.sportinglife.com/greyhounds/racecards/2026-08-24/yarmouth/racecard/513511
2026-08-24,Yarmouth,19:22,6,Melbury Loki,513511,Sporting Life,https://www.sportinglife.com/greyhounds/racecards/2026-08-24/yarmouth/racecard/513511
2026-08-24,Yarmouth,19:39,2,Savana Robbie,513512,Sporting Life,https://www.sportinglife.com/greyhounds/racecards/2026-08-24/yarmouth/racecard/513512
2026-08-24,Yarmouth,19:39,3,Curraleigh Rose,513512,Sporting Life,https://www.sportinglife.com/greyhounds/racecards/2026-08-24/yarmouth/racecard/513512
2026-08-24,Yarmouth,19:39,4,Crypto Wallet,513512,Sporting Life,https://www.sportinglife.com/greyhounds/racecards/2026-08-24/yarmouth/racecard/513512
2026-08-24,Yarmouth,19:39,5,Saleen Dubh,513512,Sporting Life,https://www.sportinglife.com/greyhounds/racecards/2026-08-24/yarmouth/racecard/513512
2026-08-24,Yarmouth,19:39,6,Bluejig Designer,513512,Sporting Life,https://www.sportinglife.com/greyhounds/racecards/2026-08-24/yarmouth/racecard/513512
2026-08-24,Yarmouth,19:56,1,Wachovia Manor,513513,Sporting Life,https://www.sportinglife.com/greyhounds/racecards/2026-08-24/yarmouth/racecard/513513
2026-08-24,Yarmouth,19:56,2,Brownsdon Max,513513,Sporting Life,https://www.sportinglife.com/greyhounds/racecards/2026-08-24/yarmouth/racecard/513513
2026-08-24,Yarmouth,19:56,3,Swift Jordana,513513,Sporting Life,https://www.sportinglife.com/greyhounds/racecards/2026-08-24/yarmouth/racecard/513513
2026-08-24,Yarmouth,19:56,4,Droopys Vigilant,513513,Sporting Life,https://www.sportinglife.com/greyhounds/racecards/2026-08-24/yarmouth/racecard/513513
2026-08-24,Yarmouth,19:56,5,Charlies Girl,513513,Sporting Life,https://www.sportinglife.com/greyhounds/racecards/2026-08-24/yarmouth/racecard/513513
2026-08-24,Yarmouth,19:56,6,Savana Macey,513513,Sporting Life,https://www.sportinglife.com/greyhounds/racecards/2026-08-24/yarmouth/racecard/513513
2026-08-24,Yarmouth,20:13,1,Two Slip Jigs,513514,Sporting Life,https://www.sportinglife.com/greyhounds/racecards/2026-08-24/yarmouth/racecard/513514
2026-08-24,Yarmouth,20:13,2,Champagne Zombie,513514,Sporting Life,https://www.sportinglife.com/greyhounds/racecards/2026-08-24/yarmouth/racecard/513514
2026-08-24,Yarmouth,20:13,3,Blackrose Blue,513514,Sporting Life,https://www.sportinglife.com/greyhounds/racecards/2026-08-24/yarmouth/racecard/513514
2026-08-24,Yarmouth,20:13,4,Essex Gunner,513514,Sporting Life,https://www.sportinglife.com/greyhounds/racecards/2026-08-24/yarmouth/racecard/513514
2026-08-24,Yarmouth,20:13,5,Oscar,513514,Sporting Life,https://www.sportinglife.com/greyhounds/racecards/2026-08-24/yarmouth/racecard/513514
2026-08-24,Yarmouth,20:13,6,Queen Lana,513514,Sporting Life,https://www.sportinglife.com/greyhounds/racecards/2026-08-24/yarmouth/racecard/513514
2026-08-24,Yarmouth,20:31,1,Coolruss Sharon,513515,Sporting Life,https://www.sportinglife.com/greyhounds/racecards/2026-08-24/yarmouth/racecard/513515
2026-08-24,Yarmouth,20:31,3,Bright Layla,513515,Sporting Life,https://www.sportinglife.com/greyhounds/racecards/2026-08-24/yarmouth/racecard/513515
2026-08-24,Yarmouth,20:31,4,Assarula Bunty,513515,Sporting Life,https://www.sportinglife.com/greyhounds/racecards/2026-08-24/yarmouth/racecard/513515
2026-08-24,Yarmouth,20:31,5,Heflewanocean,513515,Sporting Life,https://www.sportinglife.com/greyhounds/racecards/2026-08-24/yarmouth/racecard/513515
2026-08-24,Yarmouth,20:31,6,Rumour Has It,513515,Sporting Life,https://www.sportinglife.com/greyhounds/racecards/2026-08-24/yarmouth/racecard/513515
2026-08-24,Yarmouth,20:47,1,Harlequin Brinn,513516,Sporting Life,https://www.sportinglife.com/greyhounds/racecards/2026-08-24/yarmouth/racecard/513516
2026-08-24,Yarmouth,20:47,3,Hunsdon Thor,513516,Sporting Life,https://www.sportinglife.com/greyhounds/racecards/2026-08-24/yarmouth/racecard/513516
2026-08-24,Yarmouth,20:47,4,Knockduff Dancer,513516,Sporting Life,https://www.sportinglife.com/greyhounds/racecards/2026-08-24/yarmouth/racecard/513516
2026-08-24,Yarmouth,20:47,5,Epic Fire,513516,Sporting Life,https://www.sportinglife.com/greyhounds/racecards/2026-08-24/yarmouth/racecard/513516
2026-08-24,Yarmouth,20:47,6,Ballycowen Alfie,513516,Sporting Life,https://www.sportinglife.com/greyhounds/racecards/2026-08-24/yarmouth/racecard/513516
2026-08-24,Yarmouth,21:04,1,Getaway Car,513517,Sporting Life,https://www.sportinglife.com/greyhounds/racecards/2026-08-24/yarmouth/racecard/513517
2026-08-24,Yarmouth,21:04,2,Aayamza Dreamer,513517,Sporting Life,https://www.sportinglife.com/greyhounds/racecards/2026-08-24/yarmouth/racecard/513517
2026-08-24,Yarmouth,21:04,4,Bankrobber,513517,Sporting Life,https://www.sportinglife.com/greyhounds/racecards/2026-08-24/yarmouth/racecard/513517
2026-08-24,Yarmouth,21:04,5,Made Of Stone,513517,Sporting Life,https://www.sportinglife.com/greyhounds/racecards/2026-08-24/yarmouth/racecard/513517
2026-08-24,Yarmouth,21:04,6,Homestead Anna,513517,Sporting Life,https://www.sportinglife.com/greyhounds/racecards/2026-08-24/yarmouth/racecard/513517
2026-08-24,Yarmouth,21:23,1,Catunda Bo,513518,Sporting Life,https://www.sportinglife.com/greyhounds/racecards/2026-08-24/yarmouth/racecard/513518
2026-08-24,Yarmouth,21:23,2,Aurelia Geegee,513518,Sporting Life,https://www.sportinglife.com/greyhounds/racecards/2026-08-24/yarmouth/racecard/513518
2026-08-24,Yarmouth,21:23,3,Derrygrath Laura,513518,Sporting Life,https://www.sportinglife.com/greyhounds/racecards/2026-08-24/yarmouth/racecard/513518
2026-08-24,Yarmouth,21:23,4,Harlequin Xena,513518,Sporting Life,https://www.sportinglife.com/greyhounds/racecards/2026-08-24/yarmouth/racecard/513518
2026-08-24,Yarmouth,21:23,5,Isla Bonita,513518,Sporting Life,https://www.sportinglife.com/greyhounds/racecards/2026-08-24/yarmouth/racecard/513518
2026-08-24,Yarmouth,21:23,6,Browns Bruce,513518,Sporting Life,https://www.sportinglife.com/greyhounds/racecards/2026-08-24/yarmouth/racecard/513518
