date,track,race_time,runner_number,dog_name,race_id,source,race_url
2026-09-03,Central Park,14:23,2,Innfield Hunter,514823,Sporting Life,https://www.sportinglife.com/greyhounds/racecards/2026-09-03/central-park/racecard/514823
2026-09-03,Central Park,14:23,3,King Wilson,514823,Sporting Life,https://www.sportinglife.com/greyhounds/racecards/2026-09-03/central-park/racecard/514823
2026-09-03,Central Park,14:23,4,Ima Rocket Fran,514823,Sporting Life,https://www.sportinglife.com/greyhounds/racecards/2026-09-03/central-park/racecard/514823
2026-09-03,Central Park,14:23,5,Murdaniel Fin,514823,Sporting Life,https://www.sportinglife.com/greyhounds/racecards/2026-09-03/central-park/racecard/514823
2026-09-03,Central Park,14:23,6,Raymonds Charlie,514823,Sporting Life,https://www.sportinglife.com/greyhounds/racecards/2026-09-03/central-park/racecard/514823
2026-09-03,Central Park,14:41,1,Hollyoak Mable,514824,Sporting Life,https://www.sportinglife.com/greyhounds/racecards/2026-09-03/central-park/racecard/514824
2026-09-03,Central Park,14:41,2,Kereight Belle,514824,Sporting Life,https://www.sportinglife.com/greyhounds/racecards/2026-09-03/central-park/racecard/514824
2026-09-03,Central Park,14:41,3,Vicious Amanda,514824,Sporting Life,https://www.sportinglife.com/greyhounds/racecards/2026-09-03/central-park/racecard/514824
2026-09-03,Central Park,14:41,5,Financial Ruin,514824,Sporting Life,https://www.sportinglife.com/greyhounds/racecards/2026-09-03/central-park/racecard/514824
2026-09-03,Central Park,14:41,6,Glosha Sally,514824,Sporting Life,https://www.sportinglife.com/greyhounds/racecards/2026-09-03/central-park/racecard/514824
2026-09-03,Central Park,15:01,1,Ballydoyle Boo,514825,Sporting Life,https://www.sportinglife.com/greyhounds/racecards/2026-09-03/central-park/racecard/514825
2026-09-03,Central Park,15:01,2,Hollyhill Shari,514825,Sporting Life,https://www.sportinglife.com/greyhounds/racecards/2026-09-03/central-park/racecard/514825
2026-09-03,Central Park,15:01,3,Whosdogisthat,514825,Sporting Life,https://www.sportinglife.com/greyhounds/racecards/2026-09-03/central-park/racecard/514825
2026-09-03,Central Park,15:01,5,Broadway Mist,514825,Sporting Life,https://www.sportinglife.com/greyhounds/racecards/2026-09-03/central-park/racecard/514825
2026-09-03,Central Park,15:01,6,Airlie Nambucca,514825,Sporting Life,https://www.sportinglife.com/greyhounds/racecards/2026-09-03/central-park/racecard/514825
2026-09-03,Central Park,15:19,2,Hollyoak Ronald,514826,Sporting Life,https://www.sportinglife.com/greyhounds/racecards/2026-09-03/central-park/racecard/514826
2026-09-03,Central Park,15:19,3,Coolside Spyman,514826,Sporting Life,https://www.sportinglife.com/greyhounds/racecards/2026-09-03/central-park/racecard/514826
2026-09-03,Central Park,15:19,4,Ardera Jake,514826,Sporting Life,https://www.sportinglife.com/greyhounds/racecards/2026-09-03/central-park/racecard/514826
2026-09-03,Central Park,15:19,5,Lemon Maxine,514826,Sporting Life,https://www.sportinglife.com/greyhounds/racecards/2026-09-03/central-park/racecard/514826
2026-09-03,Central Park,15:19,6,Melodys Admiral,514826,Sporting Life,https://www.sportinglife.com/greyhounds/racecards/2026-09-03/central-park/racecard/514826
2026-09-03,Central Park,15:38,1,Lady Kitty,514827,Sporting Life,https://www.sportinglife.com/greyhounds/racecards/2026-09-03/central-park/racecard/514827
2026-09-03,Central Park,15:38,3,Nunhead Rosie,514827,Sporting Life,https://www.sportinglife.com/greyhounds/racecards/2026-09-03/central-park/racecard/514827
2026-09-03,Central Park,15:38,4,Yassoo Gee One,514827,Sporting Life,https://www.sportinglife.com/greyhounds/racecards/2026-09-03/central-park/racecard/514827
2026-09-03,Central Park,15:38,5,Strideaway Honey,514827,Sporting Life,https://www.sportinglife.com/greyhounds/racecards/2026-09-03/central-park/racecard/514827
2026-09-03,Central Park,15:38,6,Headford Sirl,514827,Sporting Life,https://www.sportinglife.com/greyhounds/racecards/2026-09-03/central-park/racecard/514827
2026-09-03,Central Park,15:57,1,Drombeg Amble,514828,Sporting Life,https://www.sportinglife.com/greyhounds/racecards/2026-09-03/central-park/racecard/514828
2026-09-03,Central Park,15:57,2,Swervetheissue,514828,Sporting Life,https://www.sportinglife.com/greyhounds/racecards/2026-09-03/central-park/racecard/514828
2026-09-03,Central Park,15:57,3,Roseville Chic,514828,Sporting Life,https://www.sportinglife.com/greyhounds/racecards/2026-09-03/central-park/racecard/514828
2026-09-03,Central Park,15:57,4,Westwood Gem,514828,Sporting Life,https://www.sportinglife.com/greyhounds/racecards/2026-09-03/central-park/racecard/514828
2026-09-03,Central Park,15:57,5,Chloes Lexie,514828,Sporting Life,https://www.sportinglife.com/greyhounds/racecards/2026-09-03/central-park/racecard/514828
2026-09-03,Central Park,15:57,6,Insane Investa,514828,Sporting Life,https://www.sportinglife.com/greyhounds/racecards/2026-09-03/central-park/racecard/514828
2026-09-03,Central Park,16:16,1,Hollyoak Maggie,514829,Sporting Life,https://www.sportinglife.com/greyhounds/racecards/2026-09-03/central-park/racecard/514829
2026-09-03,Central Park,16:16,2,Always Bright,514829,Sporting Life,https://www.sportinglife.com/greyhounds/racecards/2026-09-03/central-park/racecard/514829
2026-09-03,Central Park,16:16,3,Russmur Sabbath,514829,Sporting Life,https://www.sportinglife.com/greyhounds/racecards/2026-09-03/central-park/racecard/514829
2026-09-03,Central Park,16:16,4,Ferndale Free,514829,Sporting Life,https://www.sportinglife.com/greyhounds/racecards/2026-09-03/central-park/racecard/514829
2026-09-03,Central Park,16:16,6,Pearces Magic,514829,Sporting Life,https://www.sportinglife.com/greyhounds/racecards/2026-09-03/central-park/racecard/514829
2026-09-03,Central Park,16:34,1,Best Miney,514830,Sporting Life,https://www.sportinglife.com/greyhounds/racecards/2026-09-03/central-park/racecard/514830
2026-09-03,Central Park,16:34,2,Blossomfort Coco,514830,Sporting Life,https://www.sportinglife.com/greyhounds/racecards/2026-09-03/central-park/racecard/514830
2026-09-03,Central Park,16:34,3,Waikiki Stone,514830,Sporting Life,https://www.sportinglife.com/greyhounds/racecards/2026-09-03/central-park/racecard/514830
2026-09-03,Central Park,16:34,4,Harlequin Windy,514830,Sporting Life,https://www.sportinglife.com/greyhounds/racecards/2026-09-03/central-park/racecard/514830
2026-09-03,Central Park,16:34,5,Grouchos Bogger,514830,Sporting Life,https://www.sportinglife.com/greyhounds/racecards/2026-09-03/central-park/racecard/514830
2026-09-03,Central Park,16:34,6,Notorious Sue,514830,Sporting Life,https://www.sportinglife.com/greyhounds/racecards/2026-09-03/central-park/racecard/514830
2026-09-03,Central Park,16:53,1,Freda My Blondie,514831,Sporting Life,https://www.sportinglife.com/greyhounds/racecards/2026-09-03/central-park/racecard/514831
2026-09-03,Central Park,16:53,2,Footfield Betsy,514831,Sporting Life,https://www.sportinglife.com/greyhounds/racecards/2026-09-03/central-park/racecard/514831
2026-09-03,Central Park,16:53,3,Smooth As Satin,514831,Sporting Life,https://www.sportinglife.com/greyhounds/racecards/2026-09-03/central-park/racecard/514831
2026-09-03,Central Park,16:53,4,Cronody Hendrika,514831,Sporting Life,https://www.sportinglife.com/greyhounds/racecards/2026-09-03/central-park/racecard/514831
2026-09-03,Central Park,16:53,5,Hollyoak Dally,514831,Sporting Life,https://www.sportinglife.com/greyhounds/racecards/2026-09-03/central-park/racecard/514831
2026-09-03,Central Park,16:53,6,Renaes Baby,514831,Sporting Life,https://www.sportinglife.com/greyhounds/racecards/2026-09-03/central-park/racecard/514831
2026-09-03,Central Park,17:12,1,Insane Cuddles,514832,Sporting Life,https://www.sportinglife.com/greyhounds/racecards/2026-09-03/central-park/racecard/514832
2026-09-03,Central Park,17:12,2,Beach Holiday,514832,Sporting Life,https://www.sportinglife.com/greyhounds/racecards/2026-09-03/central-park/racecard/514832
2026-09-03,Central Park,17:12,3,Hollyoak Bailey,514832,Sporting Life,https://www.sportinglife.com/greyhounds/racecards/2026-09-03/central-park/racecard/514832
2026-09-03,Central Park,17:12,4,Miami Eagle,514832,Sporting Life,https://www.sportinglife.com/greyhounds/racecards/2026-09-03/central-park/racecard/514832
2026-09-03,Central Park,17:12,5,Beach Time,514832,Sporting Life,https://www.sportinglife.com/greyhounds/racecards/2026-09-03/central-park/racecard/514832
2026-09-03,Central Park,17:31,1,Keggal Sadie,514833,Sporting Life,https://www.sportinglife.com/greyhounds/racecards/2026-09-03/central-park/racecard/514833
2026-09-03,Central Park,17:31,2,Kaleidoscope,514833,Sporting Life,https://www.sportinglife.com/greyhounds/racecards/2026-09-03/central-park/racecard/514833
2026-09-03,Central Park,17:31,3,Hollyoak Peace,514833,Sporting Life,https://www.sportinglife.com/greyhounds/racecards/2026-09-03/central-park/racecard/514833
2026-09-03,Central Park,17:31,4,Beach Bum,514833,Sporting Life,https://www.sportinglife.com/greyhounds/racecards/2026-09-03/central-park/racecard/514833
2026-09-03,Central Park,17:31,5,Vital Glory,514833,Sporting Life,https://www.sportinglife.com/greyhounds/racecards/2026-09-03/central-park/racecard/514833
2026-09-03,Central Park,17:49,1,Headford Toby,514834,Sporting Life,https://www.sportinglife.com/greyhounds/racecards/2026-09-03/central-park/racecard/514834
2026-09-03,Central Park,17:49,2,Foxwood Zach,514834,Sporting Life,https://www.sportinglife.com/greyhounds/racecards/2026-09-03/central-park/racecard/514834
2026-09-03,Central Park,17:49,3,Deelish Maggie,514834,Sporting Life,https://www.sportinglife.com/greyhounds/racecards/2026-09-03/central-park/racecard/514834
2026-09-03,Central Park,17:49,4,Windsor Times,514834,Sporting Life,https://www.sportinglife.com/greyhounds/racecards/2026-09-03/central-park/racecard/514834
2026-09-03,Central Park,17:49,6,Roaming Polly,514834,Sporting Life,https://www.sportinglife.com/greyhounds/racecards/2026-09-03/central-park/racecard/514834
2026-09-03,Dunstall Park,14:29,1,Crokers Dawn,514847,Sporting Life,https://www.sportinglife.com/greyhounds/racecards/2026-09-03/dunstall-park/racecard/514847
2026-09-03,Dunstall Park,14:29,2,Gwan Keano,514847,Sporting Life,https://www.sportinglife.com/greyhounds/racecards/2026-09-03/dunstall-park/racecard/514847
2026-09-03,Dunstall Park,14:29,3,Roanna Panther,514847,Sporting Life,https://www.sportinglife.com/greyhounds/racecards/2026-09-03/dunstall-park/racecard/514847
2026-09-03,Dunstall Park,14:29,4,Shanmoyle Ann,514847,Sporting Life,https://www.sportinglife.com/greyhounds/racecards/2026-09-03/dunstall-park/racecard/514847
2026-09-03,Dunstall Park,14:29,5,Cross Keys Vixon,514847,Sporting Life,https://www.sportinglife.com/greyhounds/racecards/2026-09-03/dunstall-park/racecard/514847
2026-09-03,Dunstall Park,14:29,6,Society Paddy,514847,Sporting Life,https://www.sportinglife.com/greyhounds/racecards/2026-09-03/dunstall-park/racecard/514847
2026-09-03,Dunstall Park,14:48,1,Shortwood Design,514848,Sporting Life,https://www.sportinglife.com/greyhounds/racecards/2026-09-03/dunstall-park/racecard/514848
2026-09-03,Dunstall Park,14:48,2,Miss Tibbs,514848,Sporting Life,https://www.sportinglife.com/greyhounds/racecards/2026-09-03/dunstall-park/racecard/514848
2026-09-03,Dunstall Park,14:48,3,Lynnia Da Devil,514848,Sporting Life,https://www.sportinglife.com/greyhounds/racecards/2026-09-03/dunstall-park/racecard/514848
2026-09-03,Dunstall Park,14:48,4,Marvellous News,514848,Sporting Life,https://www.sportinglife.com/greyhounds/racecards/2026-09-03/dunstall-park/racecard/514848
2026-09-03,Dunstall Park,14:48,5,Colliers Run,514848,Sporting Life,https://www.sportinglife.com/greyhounds/racecards/2026-09-03/dunstall-park/racecard/514848
2026-09-03,Dunstall Park,14:48,6,Kingdom Bucks,514848,Sporting Life,https://www.sportinglife.com/greyhounds/racecards/2026-09-03/dunstall-park/racecard/514848
2026-09-03,Dunstall Park,15:07,1,Limekiln Pam,514849,Sporting Life,https://www.sportinglife.com/greyhounds/racecards/2026-09-03/dunstall-park/racecard/514849
2026-09-03,Dunstall Park,15:07,2,Crokers Mack,514849,Sporting Life,https://www.sportinglife.com/greyhounds/racecards/2026-09-03/dunstall-park/racecard/514849
2026-09-03,Dunstall Park,15:07,3,Attitude,514849,Sporting Life,https://www.sportinglife.com/greyhounds/racecards/2026-09-03/dunstall-park/racecard/514849
2026-09-03,Dunstall Park,15:07,4,Around The House,514849,Sporting Life,https://www.sportinglife.com/greyhounds/racecards/2026-09-03/dunstall-park/racecard/514849
2026-09-03,Dunstall Park,15:07,5,Cloakroom,514849,Sporting Life,https://www.sportinglife.com/greyhounds/racecards/2026-09-03/dunstall-park/racecard/514849
2026-09-03,Dunstall Park,15:07,6,Solid Milos,514849,Sporting Life,https://www.sportinglife.com/greyhounds/racecards/2026-09-03/dunstall-park/racecard/514849
2026-09-03,Dunstall Park,15:26,1,Flying Desire,514850,Sporting Life,https://www.sportinglife.com/greyhounds/racecards/2026-09-03/dunstall-park/racecard/514850
2026-09-03,Dunstall Park,15:26,2,Moanteen Ruby,514850,Sporting Life,https://www.sportinglife.com/greyhounds/racecards/2026-09-03/dunstall-park/racecard/514850
2026-09-03,Dunstall Park,15:26,3,Ballymac Shelly,514850,Sporting Life,https://www.sportinglife.com/greyhounds/racecards/2026-09-03/dunstall-park/racecard/514850
2026-09-03,Dunstall Park,15:26,4,Brosna Cash,514850,Sporting Life,https://www.sportinglife.com/greyhounds/racecards/2026-09-03/dunstall-park/racecard/514850
2026-09-03,Dunstall Park,15:26,5,Hiya Jimal,514850,Sporting Life,https://www.sportinglife.com/greyhounds/racecards/2026-09-03/dunstall-park/racecard/514850
2026-09-03,Dunstall Park,15:26,6,Noduff Golf,514850,Sporting Life,https://www.sportinglife.com/greyhounds/racecards/2026-09-03/dunstall-park/racecard/514850
2026-09-03,Dunstall Park,15:44,1,Headford Babs,514851,Sporting Life,https://www.sportinglife.com/greyhounds/racecards/2026-09-03/dunstall-park/racecard/514851
2026-09-03,Dunstall Park,15:44,2,Dark Dreamer,514851,Sporting Life,https://www.sportinglife.com/greyhounds/racecards/2026-09-03/dunstall-park/racecard/514851
2026-09-03,Dunstall Park,15:44,3,Millbank Burner,514851,Sporting Life,https://www.sportinglife.com/greyhounds/racecards/2026-09-03/dunstall-park/racecard/514851
2026-09-03,Dunstall Park,15:44,4,Ceejay Sparkle,514851,Sporting Life,https://www.sportinglife.com/greyhounds/racecards/2026-09-03/dunstall-park/racecard/514851
2026-09-03,Dunstall Park,15:44,5,Hows That,514851,Sporting Life,https://www.sportinglife.com/greyhounds/racecards/2026-09-03/dunstall-park/racecard/514851
2026-09-03,Dunstall Park,15:44,6,Millbank Got It,514851,Sporting Life,https://www.sportinglife.com/greyhounds/racecards/2026-09-03/dunstall-park/racecard/514851
2026-09-03,Dunstall Park,16:03,1,Holeinmybucket,514852,Sporting Life,https://www.sportinglife.com/greyhounds/racecards/2026-09-03/dunstall-park/racecard/514852
2026-09-03,Dunstall Park,16:03,2,Taffy Gwenllian,514852,Sporting Life,https://www.sportinglife.com/greyhounds/racecards/2026-09-03/dunstall-park/racecard/514852
2026-09-03,Dunstall Park,16:03,3,Firecrackerheidi,514852,Sporting Life,https://www.sportinglife.com/greyhounds/racecards/2026-09-03/dunstall-park/racecard/514852
2026-09-03,Dunstall Park,16:03,4,Keplar Danzig,514852,Sporting Life,https://www.sportinglife.com/greyhounds/racecards/2026-09-03/dunstall-park/racecard/514852
2026-09-03,Dunstall Park,16:03,5,Lynnia Cymru,514852,Sporting Life,https://www.sportinglife.com/greyhounds/racecards/2026-09-03/dunstall-park/racecard/514852
2026-09-03,Dunstall Park,16:03,6,Ballymac Arbac,514852,Sporting Life,https://www.sportinglife.com/greyhounds/racecards/2026-09-03/dunstall-park/racecard/514852
2026-09-03,Dunstall Park,16:22,1,Crack On Sam,514853,Sporting Life,https://www.sportinglife.com/greyhounds/racecards/2026-09-03/dunstall-park/racecard/514853
2026-09-03,Dunstall Park,16:22,2,Tantalising Jim,514853,Sporting Life,https://www.sportinglife.com/greyhounds/racecards/2026-09-03/dunstall-park/racecard/514853
2026-09-03,Dunstall Park,16:22,3,Small Parcel,514853,Sporting Life,https://www.sportinglife.com/greyhounds/racecards/2026-09-03/dunstall-park/racecard/514853
2026-09-03,Dunstall Park,16:22,4,Rockmount Raven,514853,Sporting Life,https://www.sportinglife.com/greyhounds/racecards/2026-09-03/dunstall-park/racecard/514853
2026-09-03,Dunstall Park,16:22,5,Shes Got Style,514853,Sporting Life,https://www.sportinglife.com/greyhounds/racecards/2026-09-03/dunstall-park/racecard/514853
2026-09-03,Dunstall Park,16:22,6,Tea And Toast,514853,Sporting Life,https://www.sportinglife.com/greyhounds/racecards/2026-09-03/dunstall-park/racecard/514853
2026-09-03,Dunstall Park,16:41,1,Southfield Ace,514854,Sporting Life,https://www.sportinglife.com/greyhounds/racecards/2026-09-03/dunstall-park/racecard/514854
2026-09-03,Dunstall Park,16:41,2,Brosna Height,514854,Sporting Life,https://www.sportinglife.com/greyhounds/racecards/2026-09-03/dunstall-park/racecard/514854
2026-09-03,Dunstall Park,16:41,3,Blazeaway Drip,514854,Sporting Life,https://www.sportinglife.com/greyhounds/racecards/2026-09-03/dunstall-park/racecard/514854
2026-09-03,Dunstall Park,16:41,4,Chiti Khabootri,514854,Sporting Life,https://www.sportinglife.com/greyhounds/racecards/2026-09-03/dunstall-park/racecard/514854
2026-09-03,Dunstall Park,16:41,5,Pennys Edge,514854,Sporting Life,https://www.sportinglife.com/greyhounds/racecards/2026-09-03/dunstall-park/racecard/514854
2026-09-03,Dunstall Park,16:41,6,Shockwave Salina,514854,Sporting Life,https://www.sportinglife.com/greyhounds/racecards/2026-09-03/dunstall-park/racecard/514854
2026-09-03,Dunstall Park,16:59,1,Dixie Again,514855,Sporting Life,https://www.sportinglife.com/greyhounds/racecards/2026-09-03/dunstall-park/racecard/514855
2026-09-03,Dunstall Park,16:59,2,She Can Dance,514855,Sporting Life,https://www.sportinglife.com/greyhounds/racecards/2026-09-03/dunstall-park/racecard/514855
2026-09-03,Dunstall Park,16:59,3,Eagles Ebz,514855,Sporting Life,https://www.sportinglife.com/greyhounds/racecards/2026-09-03/dunstall-park/racecard/514855
2026-09-03,Dunstall Park,16:59,4,Brosna Lenson,514855,Sporting Life,https://www.sportinglife.com/greyhounds/racecards/2026-09-03/dunstall-park/racecard/514855
2026-09-03,Dunstall Park,16:59,5,Dadurunrun,514855,Sporting Life,https://www.sportinglife.com/greyhounds/racecards/2026-09-03/dunstall-park/racecard/514855
2026-09-03,Dunstall Park,16:59,6,Lynnia Rose,514855,Sporting Life,https://www.sportinglife.com/greyhounds/racecards/2026-09-03/dunstall-park/racecard/514855
2026-09-03,Dunstall Park,17:18,1,Signet Delight,514856,Sporting Life,https://www.sportinglife.com/greyhounds/racecards/2026-09-03/dunstall-park/racecard/514856
2026-09-03,Dunstall Park,17:18,2,Bensons Boone,514856,Sporting Life,https://www.sportinglife.com/greyhounds/racecards/2026-09-03/dunstall-park/racecard/514856
2026-09-03,Dunstall Park,17:18,3,Klassical Rog,514856,Sporting Life,https://www.sportinglife.com/greyhounds/racecards/2026-09-03/dunstall-park/racecard/514856
2026-09-03,Dunstall Park,17:18,4,Elsies Champ,514856,Sporting Life,https://www.sportinglife.com/greyhounds/racecards/2026-09-03/dunstall-park/racecard/514856
2026-09-03,Dunstall Park,17:18,5,Mohican Lucy,514856,Sporting Life,https://www.sportinglife.com/greyhounds/racecards/2026-09-03/dunstall-park/racecard/514856
2026-09-03,Dunstall Park,17:18,6,Elsies Aoife,514856,Sporting Life,https://www.sportinglife.com/greyhounds/racecards/2026-09-03/dunstall-park/racecard/514856
2026-09-03,Dunstall Park,17:37,1,Flyhigh Star,514857,Sporting Life,https://www.sportinglife.com/greyhounds/racecards/2026-09-03/dunstall-park/racecard/514857
2026-09-03,Dunstall Park,17:37,2,Wonka,514857,Sporting Life,https://www.sportinglife.com/greyhounds/racecards/2026-09-03/dunstall-park/racecard/514857
2026-09-03,Dunstall Park,17:37,3,Sky Blue Jeff,514857,Sporting Life,https://www.sportinglife.com/greyhounds/racecards/2026-09-03/dunstall-park/racecard/514857
2026-09-03,Dunstall Park,17:37,4,Woolleys Wonder,514857,Sporting Life,https://www.sportinglife.com/greyhounds/racecards/2026-09-03/dunstall-park/racecard/514857
2026-09-03,Dunstall Park,17:37,5,Bullseye Bob,514857,Sporting Life,https://www.sportinglife.com/greyhounds/racecards/2026-09-03/dunstall-park/racecard/514857
2026-09-03,Dunstall Park,17:37,6,Lemon Rogue,514857,Sporting Life,https://www.sportinglife.com/greyhounds/racecards/2026-09-03/dunstall-park/racecard/514857
2026-09-03,Dunstall Park,17:56,1,Flush Seskin,514858,Sporting Life,https://www.sportinglife.com/greyhounds/racecards/2026-09-03/dunstall-park/racecard/514858
2026-09-03,Dunstall Park,17:56,2,Distant Pablo,514858,Sporting Life,https://www.sportinglife.com/greyhounds/racecards/2026-09-03/dunstall-park/racecard/514858
2026-09-03,Dunstall Park,17:56,3,Ashtons Ollie,514858,Sporting Life,https://www.sportinglife.com/greyhounds/racecards/2026-09-03/dunstall-park/racecard/514858
2026-09-03,Dunstall Park,17:56,4,Ballymac Fintan,514858,Sporting Life,https://www.sportinglife.com/greyhounds/racecards/2026-09-03/dunstall-park/racecard/514858
2026-09-03,Dunstall Park,17:56,5,Mossend Jack,514858,Sporting Life,https://www.sportinglife.com/greyhounds/racecards/2026-09-03/dunstall-park/racecard/514858
2026-09-03,Dunstall Park,17:56,6,Eyrehill Samson,514858,Sporting Life,https://www.sportinglife.com/greyhounds/racecards/2026-09-03/dunstall-park/racecard/514858
2026-09-03,Hove,18:08,1,Coppeen Cert,514774,Sporting Life,https://www.sportinglife.com/greyhounds/racecards/2026-09-03/hove/racecard/514774
2026-09-03,Hove,18:08,2,Rebel California,514774,Sporting Life,https://www.sportinglife.com/greyhounds/racecards/2026-09-03/hove/racecard/514774
2026-09-03,Hove,18:08,3,Burrows Aries,514774,Sporting Life,https://www.sportinglife.com/greyhounds/racecards/2026-09-03/hove/racecard/514774
2026-09-03,Hove,18:08,4,Media Mogul,514774,Sporting Life,https://www.sportinglife.com/greyhounds/racecards/2026-09-03/hove/racecard/514774
2026-09-03,Hove,18:08,5,Bonvillefavorite,514774,Sporting Life,https://www.sportinglife.com/greyhounds/racecards/2026-09-03/hove/racecard/514774
2026-09-03,Hove,18:08,6,Droopys Invasion,514774,Sporting Life,https://www.sportinglife.com/greyhounds/racecards/2026-09-03/hove/racecard/514774
2026-09-03,Hove,18:26,1,Droopys String,514775,Sporting Life,https://www.sportinglife.com/greyhounds/racecards/2026-09-03/hove/racecard/514775
2026-09-03,Hove,18:26,2,Ballydoyle Toby,514775,Sporting Life,https://www.sportinglife.com/greyhounds/racecards/2026-09-03/hove/racecard/514775
2026-09-03,Hove,18:26,3,Kerrs Rancher,514775,Sporting Life,https://www.sportinglife.com/greyhounds/racecards/2026-09-03/hove/racecard/514775
2026-09-03,Hove,18:26,5,Bluey Bullet,514775,Sporting Life,https://www.sportinglife.com/greyhounds/racecards/2026-09-03/hove/racecard/514775
2026-09-03,Hove,18:26,6,Clona Kody,514775,Sporting Life,https://www.sportinglife.com/greyhounds/racecards/2026-09-03/hove/racecard/514775
2026-09-03,Hove,18:42,1,Clairekeith Mary,514776,Sporting Life,https://www.sportinglife.com/greyhounds/racecards/2026-09-03/hove/racecard/514776
2026-09-03,Hove,18:42,2,Highview Levi,514776,Sporting Life,https://www.sportinglife.com/greyhounds/racecards/2026-09-03/hove/racecard/514776
2026-09-03,Hove,18:42,3,Unlock The Ace,514776,Sporting Life,https://www.sportinglife.com/greyhounds/racecards/2026-09-03/hove/racecard/514776
2026-09-03,Hove,18:42,4,Blacklabel Power,514776,Sporting Life,https://www.sportinglife.com/greyhounds/racecards/2026-09-03/hove/racecard/514776
2026-09-03,Hove,18:42,5,Playit Cool Trig,514776,Sporting Life,https://www.sportinglife.com/greyhounds/racecards/2026-09-03/hove/racecard/514776
2026-09-03,Hove,18:42,6,Wastehouse Mix,514776,Sporting Life,https://www.sportinglife.com/greyhounds/racecards/2026-09-03/hove/racecard/514776
2026-09-03,Hove,18:59,1,Beachy Bullet,514777,Sporting Life,https://www.sportinglife.com/greyhounds/racecards/2026-09-03/hove/racecard/514777
2026-09-03,Hove,18:59,2,Sheer Haze,514777,Sporting Life,https://www.sportinglife.com/greyhounds/racecards/2026-09-03/hove/racecard/514777
2026-09-03,Hove,18:59,3,Droopys Prospect,514777,Sporting Life,https://www.sportinglife.com/greyhounds/racecards/2026-09-03/hove/racecard/514777
2026-09-03,Hove,18:59,4,Bruce The Boss,514777,Sporting Life,https://www.sportinglife.com/greyhounds/racecards/2026-09-03/hove/racecard/514777
2026-09-03,Hove,18:59,6,Venetian Mario,514777,Sporting Life,https://www.sportinglife.com/greyhounds/racecards/2026-09-03/hove/racecard/514777
2026-09-03,Hove,19:16,1,Ballydoyle Eile,514778,Sporting Life,https://www.sportinglife.com/greyhounds/racecards/2026-09-03/hove/racecard/514778
2026-09-03,Hove,19:16,2,Droopys Invent,514778,Sporting Life,https://www.sportinglife.com/greyhounds/racecards/2026-09-03/hove/racecard/514778
2026-09-03,Hove,19:16,3,Pawsome Bullet,514778,Sporting Life,https://www.sportinglife.com/greyhounds/racecards/2026-09-03/hove/racecard/514778
2026-09-03,Hove,19:16,4,Sussex Cyclone,514778,Sporting Life,https://www.sportinglife.com/greyhounds/racecards/2026-09-03/hove/racecard/514778
2026-09-03,Hove,19:16,5,Droopys Deploy,514778,Sporting Life,https://www.sportinglife.com/greyhounds/racecards/2026-09-03/hove/racecard/514778
2026-09-03,Hove,19:16,6,Slippy Des,514778,Sporting Life,https://www.sportinglife.com/greyhounds/racecards/2026-09-03/hove/racecard/514778
2026-09-03,Hove,19:33,1,Powerhouse Duke,514779,Sporting Life,https://www.sportinglife.com/greyhounds/racecards/2026-09-03/hove/racecard/514779
2026-09-03,Hove,19:33,2,Venetian Jock,514779,Sporting Life,https://www.sportinglife.com/greyhounds/racecards/2026-09-03/hove/racecard/514779
2026-09-03,Hove,19:33,3,Burrows Charm,514779,Sporting Life,https://www.sportinglife.com/greyhounds/racecards/2026-09-03/hove/racecard/514779
2026-09-03,Hove,19:33,4,Slaneyside Ross,514779,Sporting Life,https://www.sportinglife.com/greyhounds/racecards/2026-09-03/hove/racecard/514779
2026-09-03,Hove,19:33,5,Newinn Ginger,514779,Sporting Life,https://www.sportinglife.com/greyhounds/racecards/2026-09-03/hove/racecard/514779
2026-09-03,Hove,19:33,6,Behemoth,514779,Sporting Life,https://www.sportinglife.com/greyhounds/racecards/2026-09-03/hove/racecard/514779
2026-09-03,Hove,19:49,1,Candolim Typhoon,514780,Sporting Life,https://www.sportinglife.com/greyhounds/racecards/2026-09-03/hove/racecard/514780
2026-09-03,Hove,19:49,2,Blackstone Harry,514780,Sporting Life,https://www.sportinglife.com/greyhounds/racecards/2026-09-03/hove/racecard/514780
2026-09-03,Hove,19:49,3,Ower Cracker,514780,Sporting Life,https://www.sportinglife.com/greyhounds/racecards/2026-09-03/hove/racecard/514780
2026-09-03,Hove,19:49,4,Venetian Will,514780,Sporting Life,https://www.sportinglife.com/greyhounds/racecards/2026-09-03/hove/racecard/514780
2026-09-03,Hove,19:49,5,Broadway Lord,514780,Sporting Life,https://www.sportinglife.com/greyhounds/racecards/2026-09-03/hove/racecard/514780
2026-09-03,Hove,19:49,6,Tiffield Tarquin,514780,Sporting Life,https://www.sportinglife.com/greyhounds/racecards/2026-09-03/hove/racecard/514780
2026-09-03,Hove,20:07,1,Slick Scout,514781,Sporting Life,https://www.sportinglife.com/greyhounds/racecards/2026-09-03/hove/racecard/514781
2026-09-03,Hove,20:07,2,Isabellas Bullet,514781,Sporting Life,https://www.sportinglife.com/greyhounds/racecards/2026-09-03/hove/racecard/514781
2026-09-03,Hove,20:07,3,Burrows Nova,514781,Sporting Life,https://www.sportinglife.com/greyhounds/racecards/2026-09-03/hove/racecard/514781
2026-09-03,Hove,20:07,4,Tedushi Master,514781,Sporting Life,https://www.sportinglife.com/greyhounds/racecards/2026-09-03/hove/racecard/514781
2026-09-03,Hove,20:07,5,Tedushi Ted,514781,Sporting Life,https://www.sportinglife.com/greyhounds/racecards/2026-09-03/hove/racecard/514781
2026-09-03,Hove,20:07,6,Glenrock King,514781,Sporting Life,https://www.sportinglife.com/greyhounds/racecards/2026-09-03/hove/racecard/514781
2026-09-03,Hove,20:24,1,Zenith Sultan,514782,Sporting Life,https://www.sportinglife.com/greyhounds/racecards/2026-09-03/hove/racecard/514782
2026-09-03,Hove,20:24,2,Bonus Bullet,514782,Sporting Life,https://www.sportinglife.com/greyhounds/racecards/2026-09-03/hove/racecard/514782
2026-09-03,Hove,20:24,3,Burrows Titan,514782,Sporting Life,https://www.sportinglife.com/greyhounds/racecards/2026-09-03/hove/racecard/514782
2026-09-03,Hove,20:24,4,Jackpot Blue,514782,Sporting Life,https://www.sportinglife.com/greyhounds/racecards/2026-09-03/hove/racecard/514782
2026-09-03,Hove,20:24,5,Rapido Benji,514782,Sporting Life,https://www.sportinglife.com/greyhounds/racecards/2026-09-03/hove/racecard/514782
2026-09-03,Hove,20:24,6,Bowmers Wildcat,514782,Sporting Life,https://www.sportinglife.com/greyhounds/racecards/2026-09-03/hove/racecard/514782
2026-09-03,Hove,20:41,1,Venetian Ricky,514783,Sporting Life,https://www.sportinglife.com/greyhounds/racecards/2026-09-03/hove/racecard/514783
2026-09-03,Hove,20:41,2,Makeyamindup,514783,Sporting Life,https://www.sportinglife.com/greyhounds/racecards/2026-09-03/hove/racecard/514783
2026-09-03,Hove,20:41,3,Mucky Murty,514783,Sporting Life,https://www.sportinglife.com/greyhounds/racecards/2026-09-03/hove/racecard/514783
2026-09-03,Hove,20:41,5,Tassie Ted,514783,Sporting Life,https://www.sportinglife.com/greyhounds/racecards/2026-09-03/hove/racecard/514783
2026-09-03,Hove,20:41,6,Short Blue,514783,Sporting Life,https://www.sportinglife.com/greyhounds/racecards/2026-09-03/hove/racecard/514783
2026-09-03,Hove,20:59,1,Outdoor Corona,514784,Sporting Life,https://www.sportinglife.com/greyhounds/racecards/2026-09-03/hove/racecard/514784
2026-09-03,Hove,20:59,2,Dark Madam,514784,Sporting Life,https://www.sportinglife.com/greyhounds/racecards/2026-09-03/hove/racecard/514784
2026-09-03,Hove,20:59,3,Headford Lily,514784,Sporting Life,https://www.sportinglife.com/greyhounds/racecards/2026-09-03/hove/racecard/514784
2026-09-03,Hove,20:59,4,Breffni Una,514784,Sporting Life,https://www.sportinglife.com/greyhounds/racecards/2026-09-03/hove/racecard/514784
2026-09-03,Hove,20:59,6,Rapido Rosin,514784,Sporting Life,https://www.sportinglife.com/greyhounds/racecards/2026-09-03/hove/racecard/514784
2026-09-03,Hove,21:16,1,Clairkeith Candy,514785,Sporting Life,https://www.sportinglife.com/greyhounds/racecards/2026-09-03/hove/racecard/514785
2026-09-03,Hove,21:16,2,Gingers Tali,514785,Sporting Life,https://www.sportinglife.com/greyhounds/racecards/2026-09-03/hove/racecard/514785
2026-09-03,Hove,21:16,3,Burrows Fizz,514785,Sporting Life,https://www.sportinglife.com/greyhounds/racecards/2026-09-03/hove/racecard/514785
2026-09-03,Hove,21:16,5,Coloured Magic,514785,Sporting Life,https://www.sportinglife.com/greyhounds/racecards/2026-09-03/hove/racecard/514785
2026-09-03,Hove,21:16,6,Ballymac Kinga,514785,Sporting Life,https://www.sportinglife.com/greyhounds/racecards/2026-09-03/hove/racecard/514785
2026-09-03,Kinsley,11:14,1,Confident Stunt,514762,Sporting Life,https://www.sportinglife.com/greyhounds/racecards/2026-09-03/kinsley/racecard/514762
2026-09-03,Kinsley,11:14,2,Crossfield Reba,514762,Sporting Life,https://www.sportinglife.com/greyhounds/racecards/2026-09-03/kinsley/racecard/514762
2026-09-03,Kinsley,11:14,3,Gurtnara Jax,514762,Sporting Life,https://www.sportinglife.com/greyhounds/racecards/2026-09-03/kinsley/racecard/514762
2026-09-03,Kinsley,11:14,4,Grumpy Walter,514762,Sporting Life,https://www.sportinglife.com/greyhounds/racecards/2026-09-03/kinsley/racecard/514762
2026-09-03,Kinsley,11:14,5,Cotswold Prince,514762,Sporting Life,https://www.sportinglife.com/greyhounds/racecards/2026-09-03/kinsley/racecard/514762
2026-09-03,Kinsley,11:14,6,Bellmore Ozzy,514762,Sporting Life,https://www.sportinglife.com/greyhounds/racecards/2026-09-03/kinsley/racecard/514762
2026-09-03,Kinsley,11:30,1,Pomba Flo,514763,Sporting Life,https://www.sportinglife.com/greyhounds/racecards/2026-09-03/kinsley/racecard/514763
2026-09-03,Kinsley,11:30,2,Pro Cooper,514763,Sporting Life,https://www.sportinglife.com/greyhounds/racecards/2026-09-03/kinsley/racecard/514763
2026-09-03,Kinsley,11:30,3,Monroe Marley,514763,Sporting Life,https://www.sportinglife.com/greyhounds/racecards/2026-09-03/kinsley/racecard/514763
2026-09-03,Kinsley,11:30,4,Clongeen General,514763,Sporting Life,https://www.sportinglife.com/greyhounds/racecards/2026-09-03/kinsley/racecard/514763
2026-09-03,Kinsley,11:30,5,Knotmor Ace,514763,Sporting Life,https://www.sportinglife.com/greyhounds/racecards/2026-09-03/kinsley/racecard/514763
2026-09-03,Kinsley,11:30,6,Nurney Sniper,514763,Sporting Life,https://www.sportinglife.com/greyhounds/racecards/2026-09-03/kinsley/racecard/514763
2026-09-03,Kinsley,11:46,1,Velardi,514764,Sporting Life,https://www.sportinglife.com/greyhounds/racecards/2026-09-03/kinsley/racecard/514764
2026-09-03,Kinsley,11:46,2,Hazelgrove Dusk,514764,Sporting Life,https://www.sportinglife.com/greyhounds/racecards/2026-09-03/kinsley/racecard/514764
2026-09-03,Kinsley,11:46,3,Droopys Willya,514764,Sporting Life,https://www.sportinglife.com/greyhounds/racecards/2026-09-03/kinsley/racecard/514764
2026-09-03,Kinsley,11:46,4,Lamia,514764,Sporting Life,https://www.sportinglife.com/greyhounds/racecards/2026-09-03/kinsley/racecard/514764
2026-09-03,Kinsley,11:46,6,Swift Hooley,514764,Sporting Life,https://www.sportinglife.com/greyhounds/racecards/2026-09-03/kinsley/racecard/514764
2026-09-03,Kinsley,12:03,1,Treamanagh Star,514765,Sporting Life,https://www.sportinglife.com/greyhounds/racecards/2026-09-03/kinsley/racecard/514765
2026-09-03,Kinsley,12:03,2,Popular Bruno,514765,Sporting Life,https://www.sportinglife.com/greyhounds/racecards/2026-09-03/kinsley/racecard/514765
2026-09-03,Kinsley,12:03,3,Real Queen,514765,Sporting Life,https://www.sportinglife.com/greyhounds/racecards/2026-09-03/kinsley/racecard/514765
2026-09-03,Kinsley,12:03,4,Lucky Lass,514765,Sporting Life,https://www.sportinglife.com/greyhounds/racecards/2026-09-03/kinsley/racecard/514765
2026-09-03,Kinsley,12:03,5,Ferndale Gin,514765,Sporting Life,https://www.sportinglife.com/greyhounds/racecards/2026-09-03/kinsley/racecard/514765
2026-09-03,Kinsley,12:03,6,Queen Babs,514765,Sporting Life,https://www.sportinglife.com/greyhounds/racecards/2026-09-03/kinsley/racecard/514765
2026-09-03,Kinsley,12:20,1,Metric Mari,514766,Sporting Life,https://www.sportinglife.com/greyhounds/racecards/2026-09-03/kinsley/racecard/514766
2026-09-03,Kinsley,12:20,2,Hazelgrove Flash,514766,Sporting Life,https://www.sportinglife.com/greyhounds/racecards/2026-09-03/kinsley/racecard/514766
2026-09-03,Kinsley,12:20,3,Comer Muir,514766,Sporting Life,https://www.sportinglife.com/greyhounds/racecards/2026-09-03/kinsley/racecard/514766
2026-09-03,Kinsley,12:20,4,Meenagh Medina,514766,Sporting Life,https://www.sportinglife.com/greyhounds/racecards/2026-09-03/kinsley/racecard/514766
2026-09-03,Kinsley,12:20,5,Grange Bell,514766,Sporting Life,https://www.sportinglife.com/greyhounds/racecards/2026-09-03/kinsley/racecard/514766
2026-09-03,Kinsley,12:20,6,Swift Kat,514766,Sporting Life,https://www.sportinglife.com/greyhounds/racecards/2026-09-03/kinsley/racecard/514766
2026-09-03,Kinsley,12:37,1,Hazelgrove Paris,514767,Sporting Life,https://www.sportinglife.com/greyhounds/racecards/2026-09-03/kinsley/racecard/514767
2026-09-03,Kinsley,12:37,2,Hazelgrove Petra,514767,Sporting Life,https://www.sportinglife.com/greyhounds/racecards/2026-09-03/kinsley/racecard/514767
2026-09-03,Kinsley,12:37,3,Laylas Friend,514767,Sporting Life,https://www.sportinglife.com/greyhounds/racecards/2026-09-03/kinsley/racecard/514767
2026-09-03,Kinsley,12:37,4,Gazes Boby,514767,Sporting Life,https://www.sportinglife.com/greyhounds/racecards/2026-09-03/kinsley/racecard/514767
2026-09-03,Kinsley,12:37,5,Grumpy Florence,514767,Sporting Life,https://www.sportinglife.com/greyhounds/racecards/2026-09-03/kinsley/racecard/514767
2026-09-03,Kinsley,12:37,6,Drombeg Dolly,514767,Sporting Life,https://www.sportinglife.com/greyhounds/racecards/2026-09-03/kinsley/racecard/514767
2026-09-03,Kinsley,12:53,1,Grumpy Kevin,514768,Sporting Life,https://www.sportinglife.com/greyhounds/racecards/2026-09-03/kinsley/racecard/514768
2026-09-03,Kinsley,12:53,2,Knotmor Signet,514768,Sporting Life,https://www.sportinglife.com/greyhounds/racecards/2026-09-03/kinsley/racecard/514768
2026-09-03,Kinsley,12:53,3,Beaming Moscato,514768,Sporting Life,https://www.sportinglife.com/greyhounds/racecards/2026-09-03/kinsley/racecard/514768
2026-09-03,Kinsley,12:53,4,Thunder Run,514768,Sporting Life,https://www.sportinglife.com/greyhounds/racecards/2026-09-03/kinsley/racecard/514768
2026-09-03,Kinsley,12:53,5,Betweenthe Lines,514768,Sporting Life,https://www.sportinglife.com/greyhounds/racecards/2026-09-03/kinsley/racecard/514768
2026-09-03,Kinsley,12:53,6,Da Man Joey,514768,Sporting Life,https://www.sportinglife.com/greyhounds/racecards/2026-09-03/kinsley/racecard/514768
2026-09-03,Kinsley,13:11,1,Disco Kate,514769,Sporting Life,https://www.sportinglife.com/greyhounds/racecards/2026-09-03/kinsley/racecard/514769
2026-09-03,Kinsley,13:11,2,Step Junior,514769,Sporting Life,https://www.sportinglife.com/greyhounds/racecards/2026-09-03/kinsley/racecard/514769
2026-09-03,Kinsley,13:11,3,Hayleys Spark,514769,Sporting Life,https://www.sportinglife.com/greyhounds/racecards/2026-09-03/kinsley/racecard/514769
2026-09-03,Kinsley,13:11,4,Queen Etta,514769,Sporting Life,https://www.sportinglife.com/greyhounds/racecards/2026-09-03/kinsley/racecard/514769
2026-09-03,Kinsley,13:11,5,Queen Ariana,514769,Sporting Life,https://www.sportinglife.com/greyhounds/racecards/2026-09-03/kinsley/racecard/514769
2026-09-03,Kinsley,13:11,6,Seven Oclock Bob,514769,Sporting Life,https://www.sportinglife.com/greyhounds/racecards/2026-09-03/kinsley/racecard/514769
2026-09-03,Kinsley,13:26,1,Urgent Call,514770,Sporting Life,https://www.sportinglife.com/greyhounds/racecards/2026-09-03/kinsley/racecard/514770
2026-09-03,Kinsley,13:26,2,Legendary Queen,514770,Sporting Life,https://www.sportinglife.com/greyhounds/racecards/2026-09-03/kinsley/racecard/514770
2026-09-03,Kinsley,13:26,3,Got The Ballymac,514770,Sporting Life,https://www.sportinglife.com/greyhounds/racecards/2026-09-03/kinsley/racecard/514770
2026-09-03,Kinsley,13:26,4,Jennyontheblock,514770,Sporting Life,https://www.sportinglife.com/greyhounds/racecards/2026-09-03/kinsley/racecard/514770
2026-09-03,Kinsley,13:26,5,Deecee Alpha,514770,Sporting Life,https://www.sportinglife.com/greyhounds/racecards/2026-09-03/kinsley/racecard/514770
2026-09-03,Kinsley,13:26,6,Crystal Dakota,514770,Sporting Life,https://www.sportinglife.com/greyhounds/racecards/2026-09-03/kinsley/racecard/514770
2026-09-03,Kinsley,13:41,1,Grumpy Dizzy,514771,Sporting Life,https://www.sportinglife.com/greyhounds/racecards/2026-09-03/kinsley/racecard/514771
2026-09-03,Kinsley,13:41,2,Eagles Magic,514771,Sporting Life,https://www.sportinglife.com/greyhounds/racecards/2026-09-03/kinsley/racecard/514771
2026-09-03,Kinsley,13:41,3,Dashgrove Shadow,514771,Sporting Life,https://www.sportinglife.com/greyhounds/racecards/2026-09-03/kinsley/racecard/514771
2026-09-03,Kinsley,13:41,4,Mid Tipp Scar,514771,Sporting Life,https://www.sportinglife.com/greyhounds/racecards/2026-09-03/kinsley/racecard/514771
2026-09-03,Kinsley,13:41,5,De Girl Annie,514771,Sporting Life,https://www.sportinglife.com/greyhounds/racecards/2026-09-03/kinsley/racecard/514771
2026-09-03,Kinsley,13:41,6,Grumpy Doris,514771,Sporting Life,https://www.sportinglife.com/greyhounds/racecards/2026-09-03/kinsley/racecard/514771
2026-09-03,Kinsley,13:58,2,Tommys Messi,514772,Sporting Life,https://www.sportinglife.com/greyhounds/racecards/2026-09-03/kinsley/racecard/514772
2026-09-03,Kinsley,13:58,3,Southwind Twirl,514772,Sporting Life,https://www.sportinglife.com/greyhounds/racecards/2026-09-03/kinsley/racecard/514772
2026-09-03,Kinsley,13:58,4,Hazelgrove Raven,514772,Sporting Life,https://www.sportinglife.com/greyhounds/racecards/2026-09-03/kinsley/racecard/514772
2026-09-03,Kinsley,13:58,5,Julies Treat,514772,Sporting Life,https://www.sportinglife.com/greyhounds/racecards/2026-09-03/kinsley/racecard/514772
2026-09-03,Kinsley,13:58,6,Grumpy Pip,514772,Sporting Life,https://www.sportinglife.com/greyhounds/racecards/2026-09-03/kinsley/racecard/514772
2026-09-03,Kinsley,14:14,1,Golan Zoe,514773,Sporting Life,https://www.sportinglife.com/greyhounds/racecards/2026-09-03/kinsley/racecard/514773
2026-09-03,Kinsley,14:14,2,Listen Nelly,514773,Sporting Life,https://www.sportinglife.com/greyhounds/racecards/2026-09-03/kinsley/racecard/514773
2026-09-03,Kinsley,14:14,3,Costly Chips,514773,Sporting Life,https://www.sportinglife.com/greyhounds/racecards/2026-09-03/kinsley/racecard/514773
2026-09-03,Kinsley,14:14,4,Coolavanny Nano,514773,Sporting Life,https://www.sportinglife.com/greyhounds/racecards/2026-09-03/kinsley/racecard/514773
2026-09-03,Kinsley,14:14,5,Grumpy Edith,514773,Sporting Life,https://www.sportinglife.com/greyhounds/racecards/2026-09-03/kinsley/racecard/514773
2026-09-03,Kinsley,14:14,6,Crystal Aurora,514773,Sporting Life,https://www.sportinglife.com/greyhounds/racecards/2026-09-03/kinsley/racecard/514773
2026-09-03,Monmore,18:14,1,Without Wings,514797,Sporting Life,https://www.sportinglife.com/greyhounds/racecards/2026-09-03/monmore/racecard/514797
2026-09-03,Monmore,18:14,2,Bridefort Lady,514797,Sporting Life,https://www.sportinglife.com/greyhounds/racecards/2026-09-03/monmore/racecard/514797
2026-09-03,Monmore,18:14,3,Painters Rory,514797,Sporting Life,https://www.sportinglife.com/greyhounds/racecards/2026-09-03/monmore/racecard/514797
2026-09-03,Monmore,18:14,4,Tromora Force,514797,Sporting Life,https://www.sportinglife.com/greyhounds/racecards/2026-09-03/monmore/racecard/514797
2026-09-03,Monmore,18:14,6,Ballymac Prada,514797,Sporting Life,https://www.sportinglife.com/greyhounds/racecards/2026-09-03/monmore/racecard/514797
2026-09-03,Monmore,18:31,1,Blu Bert,514798,Sporting Life,https://www.sportinglife.com/greyhounds/racecards/2026-09-03/monmore/racecard/514798
2026-09-03,Monmore,18:31,2,Joes Luck,514798,Sporting Life,https://www.sportinglife.com/greyhounds/racecards/2026-09-03/monmore/racecard/514798
2026-09-03,Monmore,18:31,3,Velvet Fernando,514798,Sporting Life,https://www.sportinglife.com/greyhounds/racecards/2026-09-03/monmore/racecard/514798
2026-09-03,Monmore,18:31,4,Jaykay Fury,514798,Sporting Life,https://www.sportinglife.com/greyhounds/racecards/2026-09-03/monmore/racecard/514798
2026-09-03,Monmore,18:31,5,Meenagh Minsk,514798,Sporting Life,https://www.sportinglife.com/greyhounds/racecards/2026-09-03/monmore/racecard/514798
2026-09-03,Monmore,18:31,6,Whisky Hunter,514798,Sporting Life,https://www.sportinglife.com/greyhounds/racecards/2026-09-03/monmore/racecard/514798
2026-09-03,Monmore,18:48,1,Anglesey Rebel,514799,Sporting Life,https://www.sportinglife.com/greyhounds/racecards/2026-09-03/monmore/racecard/514799
2026-09-03,Monmore,18:48,2,Rinn Soileir,514799,Sporting Life,https://www.sportinglife.com/greyhounds/racecards/2026-09-03/monmore/racecard/514799
2026-09-03,Monmore,18:48,3,Union Finale,514799,Sporting Life,https://www.sportinglife.com/greyhounds/racecards/2026-09-03/monmore/racecard/514799
2026-09-03,Monmore,18:48,4,Hello Katie,514799,Sporting Life,https://www.sportinglife.com/greyhounds/racecards/2026-09-03/monmore/racecard/514799
2026-09-03,Monmore,18:48,5,Droopys Melon,514799,Sporting Life,https://www.sportinglife.com/greyhounds/racecards/2026-09-03/monmore/racecard/514799
2026-09-03,Monmore,18:48,6,Ballybough Mikey,514799,Sporting Life,https://www.sportinglife.com/greyhounds/racecards/2026-09-03/monmore/racecard/514799
2026-09-03,Monmore,19:06,1,Green Mans Girl,514800,Sporting Life,https://www.sportinglife.com/greyhounds/racecards/2026-09-03/monmore/racecard/514800
2026-09-03,Monmore,19:06,2,Clutchinatstraws,514800,Sporting Life,https://www.sportinglife.com/greyhounds/racecards/2026-09-03/monmore/racecard/514800
2026-09-03,Monmore,19:06,3,All About Alice,514800,Sporting Life,https://www.sportinglife.com/greyhounds/racecards/2026-09-03/monmore/racecard/514800
2026-09-03,Monmore,19:06,4,Velvet Neymar,514800,Sporting Life,https://www.sportinglife.com/greyhounds/racecards/2026-09-03/monmore/racecard/514800
2026-09-03,Monmore,19:06,6,Chuckies Angel,514800,Sporting Life,https://www.sportinglife.com/greyhounds/racecards/2026-09-03/monmore/racecard/514800
2026-09-03,Monmore,19:22,1,Bounceback Bucks,514801,Sporting Life,https://www.sportinglife.com/greyhounds/racecards/2026-09-03/monmore/racecard/514801
2026-09-03,Monmore,19:22,2,Longacres Cash,514801,Sporting Life,https://www.sportinglife.com/greyhounds/racecards/2026-09-03/monmore/racecard/514801
2026-09-03,Monmore,19:22,3,Westway Freedom,514801,Sporting Life,https://www.sportinglife.com/greyhounds/racecards/2026-09-03/monmore/racecard/514801
2026-09-03,Monmore,19:22,4,Vic Rattlehead,514801,Sporting Life,https://www.sportinglife.com/greyhounds/racecards/2026-09-03/monmore/racecard/514801
2026-09-03,Monmore,19:22,5,Sugar Girl Dotty,514801,Sporting Life,https://www.sportinglife.com/greyhounds/racecards/2026-09-03/monmore/racecard/514801
2026-09-03,Monmore,19:22,6,Pennys Snow,514801,Sporting Life,https://www.sportinglife.com/greyhounds/racecards/2026-09-03/monmore/racecard/514801
2026-09-03,Monmore,19:39,1,Swift Jenkins,514802,Sporting Life,https://www.sportinglife.com/greyhounds/racecards/2026-09-03/monmore/racecard/514802
2026-09-03,Monmore,19:39,2,Nametab Orion,514802,Sporting Life,https://www.sportinglife.com/greyhounds/racecards/2026-09-03/monmore/racecard/514802
2026-09-03,Monmore,19:39,3,Dapper Diamond,514802,Sporting Life,https://www.sportinglife.com/greyhounds/racecards/2026-09-03/monmore/racecard/514802
2026-09-03,Monmore,19:39,4,Bangon Erika,514802,Sporting Life,https://www.sportinglife.com/greyhounds/racecards/2026-09-03/monmore/racecard/514802
2026-09-03,Monmore,19:39,6,Hard Copy,514802,Sporting Life,https://www.sportinglife.com/greyhounds/racecards/2026-09-03/monmore/racecard/514802
2026-09-03,Monmore,19:56,1,Knockroe Emma,514803,Sporting Life,https://www.sportinglife.com/greyhounds/racecards/2026-09-03/monmore/racecard/514803
2026-09-03,Monmore,19:56,2,Confident Ruby,514803,Sporting Life,https://www.sportinglife.com/greyhounds/racecards/2026-09-03/monmore/racecard/514803
2026-09-03,Monmore,19:56,3,Aces Choice,514803,Sporting Life,https://www.sportinglife.com/greyhounds/racecards/2026-09-03/monmore/racecard/514803
2026-09-03,Monmore,19:56,4,Tiree,514803,Sporting Life,https://www.sportinglife.com/greyhounds/racecards/2026-09-03/monmore/racecard/514803
2026-09-03,Monmore,19:56,5,Swift Eaglestone,514803,Sporting Life,https://www.sportinglife.com/greyhounds/racecards/2026-09-03/monmore/racecard/514803
2026-09-03,Monmore,19:56,6,Boxing Friends,514803,Sporting Life,https://www.sportinglife.com/greyhounds/racecards/2026-09-03/monmore/racecard/514803
2026-09-03,Monmore,20:13,1,Ballymac Dixie,514804,Sporting Life,https://www.sportinglife.com/greyhounds/racecards/2026-09-03/monmore/racecard/514804
2026-09-03,Monmore,20:13,2,Glasheen Eagle,514804,Sporting Life,https://www.sportinglife.com/greyhounds/racecards/2026-09-03/monmore/racecard/514804
2026-09-03,Monmore,20:13,4,Bogger Rapid,514804,Sporting Life,https://www.sportinglife.com/greyhounds/racecards/2026-09-03/monmore/racecard/514804
2026-09-03,Monmore,20:13,5,Longacres Boycie,514804,Sporting Life,https://www.sportinglife.com/greyhounds/racecards/2026-09-03/monmore/racecard/514804
2026-09-03,Monmore,20:13,6,Wanfourtoeknee,514804,Sporting Life,https://www.sportinglife.com/greyhounds/racecards/2026-09-03/monmore/racecard/514804
2026-09-03,Monmore,20:31,1,Emers Julie,514805,Sporting Life,https://www.sportinglife.com/greyhounds/racecards/2026-09-03/monmore/racecard/514805
2026-09-03,Monmore,20:31,2,Dunstein,514805,Sporting Life,https://www.sportinglife.com/greyhounds/racecards/2026-09-03/monmore/racecard/514805
2026-09-03,Monmore,20:31,3,Southwood Jake,514805,Sporting Life,https://www.sportinglife.com/greyhounds/racecards/2026-09-03/monmore/racecard/514805
2026-09-03,Monmore,20:31,4,Mucky Signet,514805,Sporting Life,https://www.sportinglife.com/greyhounds/racecards/2026-09-03/monmore/racecard/514805
2026-09-03,Monmore,20:31,6,Reefer Madness,514805,Sporting Life,https://www.sportinglife.com/greyhounds/racecards/2026-09-03/monmore/racecard/514805
2026-09-03,Monmore,20:47,1,Heaven Reversed,514806,Sporting Life,https://www.sportinglife.com/greyhounds/racecards/2026-09-03/monmore/racecard/514806
2026-09-03,Monmore,20:47,2,Swift Aoife,514806,Sporting Life,https://www.sportinglife.com/greyhounds/racecards/2026-09-03/monmore/racecard/514806
2026-09-03,Monmore,20:47,3,Wychwood Tiger,514806,Sporting Life,https://www.sportinglife.com/greyhounds/racecards/2026-09-03/monmore/racecard/514806
2026-09-03,Monmore,20:47,4,Beatties Lena,514806,Sporting Life,https://www.sportinglife.com/greyhounds/racecards/2026-09-03/monmore/racecard/514806
2026-09-03,Monmore,20:47,6,Mr Brightside,514806,Sporting Life,https://www.sportinglife.com/greyhounds/racecards/2026-09-03/monmore/racecard/514806
2026-09-03,Monmore,21:04,1,Stonepark Delta,514807,Sporting Life,https://www.sportinglife.com/greyhounds/racecards/2026-09-03/monmore/racecard/514807
2026-09-03,Monmore,21:04,2,Wilma Rudolph,514807,Sporting Life,https://www.sportinglife.com/greyhounds/racecards/2026-09-03/monmore/racecard/514807
2026-09-03,Monmore,21:04,3,Shronedraug Tom,514807,Sporting Life,https://www.sportinglife.com/greyhounds/racecards/2026-09-03/monmore/racecard/514807
2026-09-03,Monmore,21:04,4,Ballymac Kandoo,514807,Sporting Life,https://www.sportinglife.com/greyhounds/racecards/2026-09-03/monmore/racecard/514807
2026-09-03,Monmore,21:04,5,Good Maverick,514807,Sporting Life,https://www.sportinglife.com/greyhounds/racecards/2026-09-03/monmore/racecard/514807
2026-09-03,Monmore,21:23,1,Kilara Kopeck,514808,Sporting Life,https://www.sportinglife.com/greyhounds/racecards/2026-09-03/monmore/racecard/514808
2026-09-03,Monmore,21:23,2,Moss King,514808,Sporting Life,https://www.sportinglife.com/greyhounds/racecards/2026-09-03/monmore/racecard/514808
2026-09-03,Monmore,21:23,3,Swift Swan,514808,Sporting Life,https://www.sportinglife.com/greyhounds/racecards/2026-09-03/monmore/racecard/514808
2026-09-03,Monmore,21:23,4,Datona Vamoose,514808,Sporting Life,https://www.sportinglife.com/greyhounds/racecards/2026-09-03/monmore/racecard/514808
2026-09-03,Monmore,21:23,6,Missy Jackell,514808,Sporting Life,https://www.sportinglife.com/greyhounds/racecards/2026-09-03/monmore/racecard/514808
2026-09-03,Newcastle,18:37,1,Swish Swish Bish,514835,Sporting Life,https://www.sportinglife.com/greyhounds/racecards/2026-09-03/newcastle/racecard/514835
2026-09-03,Newcastle,18:37,2,Bramble Harvey,514835,Sporting Life,https://www.sportinglife.com/greyhounds/racecards/2026-09-03/newcastle/racecard/514835
2026-09-03,Newcastle,18:37,3,Millview Dake,514835,Sporting Life,https://www.sportinglife.com/greyhounds/racecards/2026-09-03/newcastle/racecard/514835
2026-09-03,Newcastle,18:37,4,Texas Queen,514835,Sporting Life,https://www.sportinglife.com/greyhounds/racecards/2026-09-03/newcastle/racecard/514835
2026-09-03,Newcastle,18:37,5,Alove Supreme,514835,Sporting Life,https://www.sportinglife.com/greyhounds/racecards/2026-09-03/newcastle/racecard/514835
2026-09-03,Newcastle,18:37,6,Hurry Up Ivy,514835,Sporting Life,https://www.sportinglife.com/greyhounds/racecards/2026-09-03/newcastle/racecard/514835
2026-09-03,Newcastle,18:53,1,Tinnock Sheba,514836,Sporting Life,https://www.sportinglife.com/greyhounds/racecards/2026-09-03/newcastle/racecard/514836
2026-09-03,Newcastle,18:53,2,Carrabbas,514836,Sporting Life,https://www.sportinglife.com/greyhounds/racecards/2026-09-03/newcastle/racecard/514836
2026-09-03,Newcastle,18:53,3,Crooks Peaky,514836,Sporting Life,https://www.sportinglife.com/greyhounds/racecards/2026-09-03/newcastle/racecard/514836
2026-09-03,Newcastle,18:53,4,Wipe The Slate,514836,Sporting Life,https://www.sportinglife.com/greyhounds/racecards/2026-09-03/newcastle/racecard/514836
2026-09-03,Newcastle,18:53,6,Dromana Kranky,514836,Sporting Life,https://www.sportinglife.com/greyhounds/racecards/2026-09-03/newcastle/racecard/514836
2026-09-03,Newcastle,19:11,1,Blackhousehariet,514837,Sporting Life,https://www.sportinglife.com/greyhounds/racecards/2026-09-03/newcastle/racecard/514837
2026-09-03,Newcastle,19:11,2,Howay Big Dan,514837,Sporting Life,https://www.sportinglife.com/greyhounds/racecards/2026-09-03/newcastle/racecard/514837
2026-09-03,Newcastle,19:11,3,Highview Edge,514837,Sporting Life,https://www.sportinglife.com/greyhounds/racecards/2026-09-03/newcastle/racecard/514837
2026-09-03,Newcastle,19:11,4,Highview Evie,514837,Sporting Life,https://www.sportinglife.com/greyhounds/racecards/2026-09-03/newcastle/racecard/514837
2026-09-03,Newcastle,19:11,5,Slingshot Clyde,514837,Sporting Life,https://www.sportinglife.com/greyhounds/racecards/2026-09-03/newcastle/racecard/514837
2026-09-03,Newcastle,19:11,6,Clerical Error,514837,Sporting Life,https://www.sportinglife.com/greyhounds/racecards/2026-09-03/newcastle/racecard/514837
2026-09-03,Newcastle,19:27,1,Blackhouse Lewi,514838,Sporting Life,https://www.sportinglife.com/greyhounds/racecards/2026-09-03/newcastle/racecard/514838
2026-09-03,Newcastle,19:27,2,Crooks Mackemboy,514838,Sporting Life,https://www.sportinglife.com/greyhounds/racecards/2026-09-03/newcastle/racecard/514838
2026-09-03,Newcastle,19:27,3,Slingshot Louie,514838,Sporting Life,https://www.sportinglife.com/greyhounds/racecards/2026-09-03/newcastle/racecard/514838
2026-09-03,Newcastle,19:27,4,Love The Dogs,514838,Sporting Life,https://www.sportinglife.com/greyhounds/racecards/2026-09-03/newcastle/racecard/514838
2026-09-03,Newcastle,19:27,5,Unsurprisingly,514838,Sporting Life,https://www.sportinglife.com/greyhounds/racecards/2026-09-03/newcastle/racecard/514838
2026-09-03,Newcastle,19:27,6,Fabulous Harmony,514838,Sporting Life,https://www.sportinglife.com/greyhounds/racecards/2026-09-03/newcastle/racecard/514838
2026-09-03,Newcastle,19:44,1,Puckane Light,514839,Sporting Life,https://www.sportinglife.com/greyhounds/racecards/2026-09-03/newcastle/racecard/514839
2026-09-03,Newcastle,19:44,2,Blackhouse Sadie,514839,Sporting Life,https://www.sportinglife.com/greyhounds/racecards/2026-09-03/newcastle/racecard/514839
2026-09-03,Newcastle,19:44,3,A Bit Ofa Bump,514839,Sporting Life,https://www.sportinglife.com/greyhounds/racecards/2026-09-03/newcastle/racecard/514839
2026-09-03,Newcastle,19:44,4,Alnwick Nuke,514839,Sporting Life,https://www.sportinglife.com/greyhounds/racecards/2026-09-03/newcastle/racecard/514839
2026-09-03,Newcastle,19:44,5,Drombeg Nova,514839,Sporting Life,https://www.sportinglife.com/greyhounds/racecards/2026-09-03/newcastle/racecard/514839
2026-09-03,Newcastle,19:44,6,Lexis Bullet,514839,Sporting Life,https://www.sportinglife.com/greyhounds/racecards/2026-09-03/newcastle/racecard/514839
2026-09-03,Newcastle,20:01,1,Blackhouse Silly,514840,Sporting Life,https://www.sportinglife.com/greyhounds/racecards/2026-09-03/newcastle/racecard/514840
2026-09-03,Newcastle,20:01,2,Stormy Mbappe,514840,Sporting Life,https://www.sportinglife.com/greyhounds/racecards/2026-09-03/newcastle/racecard/514840
2026-09-03,Newcastle,20:01,3,Chamonix,514840,Sporting Life,https://www.sportinglife.com/greyhounds/racecards/2026-09-03/newcastle/racecard/514840
2026-09-03,Newcastle,20:01,4,Clear Eyes,514840,Sporting Life,https://www.sportinglife.com/greyhounds/racecards/2026-09-03/newcastle/racecard/514840
2026-09-03,Newcastle,20:01,5,Fabulous Kimiko,514840,Sporting Life,https://www.sportinglife.com/greyhounds/racecards/2026-09-03/newcastle/racecard/514840
2026-09-03,Newcastle,20:01,6,Greenwell Bolt,514840,Sporting Life,https://www.sportinglife.com/greyhounds/racecards/2026-09-03/newcastle/racecard/514840
2026-09-03,Newcastle,20:19,1,Shorten The Tale,514841,Sporting Life,https://www.sportinglife.com/greyhounds/racecards/2026-09-03/newcastle/racecard/514841
2026-09-03,Newcastle,20:19,2,Alnwick Helen,514841,Sporting Life,https://www.sportinglife.com/greyhounds/racecards/2026-09-03/newcastle/racecard/514841
2026-09-03,Newcastle,20:19,3,A Bit Of Trudy,514841,Sporting Life,https://www.sportinglife.com/greyhounds/racecards/2026-09-03/newcastle/racecard/514841
2026-09-03,Newcastle,20:19,4,Howay Matteo,514841,Sporting Life,https://www.sportinglife.com/greyhounds/racecards/2026-09-03/newcastle/racecard/514841
2026-09-03,Newcastle,20:19,5,Alnwick Martyn,514841,Sporting Life,https://www.sportinglife.com/greyhounds/racecards/2026-09-03/newcastle/racecard/514841
2026-09-03,Newcastle,20:19,6,Hazelhill Blue,514841,Sporting Life,https://www.sportinglife.com/greyhounds/racecards/2026-09-03/newcastle/racecard/514841
2026-09-03,Newcastle,20:36,1,Chips Ahoy,514842,Sporting Life,https://www.sportinglife.com/greyhounds/racecards/2026-09-03/newcastle/racecard/514842
2026-09-03,Newcastle,20:36,2,Some Might Say,514842,Sporting Life,https://www.sportinglife.com/greyhounds/racecards/2026-09-03/newcastle/racecard/514842
2026-09-03,Newcastle,20:36,3,Texas Bonnie,514842,Sporting Life,https://www.sportinglife.com/greyhounds/racecards/2026-09-03/newcastle/racecard/514842
2026-09-03,Newcastle,20:36,4,Slingshot Forth,514842,Sporting Life,https://www.sportinglife.com/greyhounds/racecards/2026-09-03/newcastle/racecard/514842
2026-09-03,Newcastle,20:36,5,Fabulous Leona,514842,Sporting Life,https://www.sportinglife.com/greyhounds/racecards/2026-09-03/newcastle/racecard/514842
2026-09-03,Newcastle,20:36,6,Droopys Coach,514842,Sporting Life,https://www.sportinglife.com/greyhounds/racecards/2026-09-03/newcastle/racecard/514842
2026-09-03,Newcastle,20:54,1,Bluebell Teddy,514843,Sporting Life,https://www.sportinglife.com/greyhounds/racecards/2026-09-03/newcastle/racecard/514843
2026-09-03,Newcastle,20:54,2,Greenwell Crazy,514843,Sporting Life,https://www.sportinglife.com/greyhounds/racecards/2026-09-03/newcastle/racecard/514843
2026-09-03,Newcastle,20:54,3,Coolemount Crest,514843,Sporting Life,https://www.sportinglife.com/greyhounds/racecards/2026-09-03/newcastle/racecard/514843
2026-09-03,Newcastle,20:54,4,Crooks On Fire,514843,Sporting Life,https://www.sportinglife.com/greyhounds/racecards/2026-09-03/newcastle/racecard/514843
2026-09-03,Newcastle,20:54,5,Toddys Panther,514843,Sporting Life,https://www.sportinglife.com/greyhounds/racecards/2026-09-03/newcastle/racecard/514843
2026-09-03,Newcastle,20:54,6,Frankies Winner,514843,Sporting Life,https://www.sportinglife.com/greyhounds/racecards/2026-09-03/newcastle/racecard/514843
2026-09-03,Newcastle,21:11,1,Skye The Boss,514844,Sporting Life,https://www.sportinglife.com/greyhounds/racecards/2026-09-03/newcastle/racecard/514844
2026-09-03,Newcastle,21:11,2,Crooks Sambuca,514844,Sporting Life,https://www.sportinglife.com/greyhounds/racecards/2026-09-03/newcastle/racecard/514844
2026-09-03,Newcastle,21:11,3,Fabulous Adriana,514844,Sporting Life,https://www.sportinglife.com/greyhounds/racecards/2026-09-03/newcastle/racecard/514844
2026-09-03,Newcastle,21:11,4,Slingshot Fyne,514844,Sporting Life,https://www.sportinglife.com/greyhounds/racecards/2026-09-03/newcastle/racecard/514844
2026-09-03,Newcastle,21:11,5,Zenith Magic,514844,Sporting Life,https://www.sportinglife.com/greyhounds/racecards/2026-09-03/newcastle/racecard/514844
2026-09-03,Newcastle,21:11,6,Indelible Mark,514844,Sporting Life,https://www.sportinglife.com/greyhounds/racecards/2026-09-03/newcastle/racecard/514844
2026-09-03,Newcastle,21:28,1,Highview Cutie,514845,Sporting Life,https://www.sportinglife.com/greyhounds/racecards/2026-09-03/newcastle/racecard/514845
2026-09-03,Newcastle,21:28,2,Sivako,514845,Sporting Life,https://www.sportinglife.com/greyhounds/racecards/2026-09-03/newcastle/racecard/514845
2026-09-03,Newcastle,21:28,3,Droopys Turf,514845,Sporting Life,https://www.sportinglife.com/greyhounds/racecards/2026-09-03/newcastle/racecard/514845
2026-09-03,Newcastle,21:28,4,Johnny Chase,514845,Sporting Life,https://www.sportinglife.com/greyhounds/racecards/2026-09-03/newcastle/racecard/514845
2026-09-03,Newcastle,21:28,6,Slippy Poppy,514845,Sporting Life,https://www.sportinglife.com/greyhounds/racecards/2026-09-03/newcastle/racecard/514845
2026-09-03,Newcastle,21:46,1,Woe Colette,514846,Sporting Life,https://www.sportinglife.com/greyhounds/racecards/2026-09-03/newcastle/racecard/514846
2026-09-03,Newcastle,21:46,2,Brenval Elle,514846,Sporting Life,https://www.sportinglife.com/greyhounds/racecards/2026-09-03/newcastle/racecard/514846
2026-09-03,Newcastle,21:46,3,Crooks Fearghal,514846,Sporting Life,https://www.sportinglife.com/greyhounds/racecards/2026-09-03/newcastle/racecard/514846
2026-09-03,Newcastle,21:46,4,Modern World,514846,Sporting Life,https://www.sportinglife.com/greyhounds/racecards/2026-09-03/newcastle/racecard/514846
2026-09-03,Newcastle,21:46,5,Anglesey Flight,514846,Sporting Life,https://www.sportinglife.com/greyhounds/racecards/2026-09-03/newcastle/racecard/514846
2026-09-03,Newcastle,21:46,6,Deelish Diva,514846,Sporting Life,https://www.sportinglife.com/greyhounds/racecards/2026-09-03/newcastle/racecard/514846
2026-09-03,Nottingham,11:25,1,Sudoky Zoom,514786,Sporting Life,https://www.sportinglife.com/greyhounds/racecards/2026-09-03/nottingham/racecard/514786
2026-09-03,Nottingham,11:25,2,Westfield Pepper,514786,Sporting Life,https://www.sportinglife.com/greyhounds/racecards/2026-09-03/nottingham/racecard/514786
2026-09-03,Nottingham,11:25,3,Artic Blue,514786,Sporting Life,https://www.sportinglife.com/greyhounds/racecards/2026-09-03/nottingham/racecard/514786
2026-09-03,Nottingham,11:25,4,Keefill Amelia,514786,Sporting Life,https://www.sportinglife.com/greyhounds/racecards/2026-09-03/nottingham/racecard/514786
2026-09-03,Nottingham,11:25,5,Westfield Sorrel,514786,Sporting Life,https://www.sportinglife.com/greyhounds/racecards/2026-09-03/nottingham/racecard/514786
2026-09-03,Nottingham,11:25,6,Westfield Betty,514786,Sporting Life,https://www.sportinglife.com/greyhounds/racecards/2026-09-03/nottingham/racecard/514786
2026-09-03,Nottingham,11:41,1,Rowington Raven,514787,Sporting Life,https://www.sportinglife.com/greyhounds/racecards/2026-09-03/nottingham/racecard/514787
2026-09-03,Nottingham,11:41,2,Move Over Mom,514787,Sporting Life,https://www.sportinglife.com/greyhounds/racecards/2026-09-03/nottingham/racecard/514787
2026-09-03,Nottingham,11:41,3,Newland Bear,514787,Sporting Life,https://www.sportinglife.com/greyhounds/racecards/2026-09-03/nottingham/racecard/514787
2026-09-03,Nottingham,11:41,4,Fercullen Champ,514787,Sporting Life,https://www.sportinglife.com/greyhounds/racecards/2026-09-03/nottingham/racecard/514787
2026-09-03,Nottingham,11:41,5,Macash Rose,514787,Sporting Life,https://www.sportinglife.com/greyhounds/racecards/2026-09-03/nottingham/racecard/514787
2026-09-03,Nottingham,11:41,6,Loxleys Wildcat,514787,Sporting Life,https://www.sportinglife.com/greyhounds/racecards/2026-09-03/nottingham/racecard/514787
2026-09-03,Nottingham,11:58,1,Jades Catch,514788,Sporting Life,https://www.sportinglife.com/greyhounds/racecards/2026-09-03/nottingham/racecard/514788
2026-09-03,Nottingham,11:58,2,Ferryforth Mary,514788,Sporting Life,https://www.sportinglife.com/greyhounds/racecards/2026-09-03/nottingham/racecard/514788
2026-09-03,Nottingham,11:58,3,Jacktavern Sadie,514788,Sporting Life,https://www.sportinglife.com/greyhounds/racecards/2026-09-03/nottingham/racecard/514788
2026-09-03,Nottingham,11:58,5,Fairest Point,514788,Sporting Life,https://www.sportinglife.com/greyhounds/racecards/2026-09-03/nottingham/racecard/514788
2026-09-03,Nottingham,11:58,6,Annadown Belle,514788,Sporting Life,https://www.sportinglife.com/greyhounds/racecards/2026-09-03/nottingham/racecard/514788
2026-09-03,Nottingham,12:14,1,Eagles Charm,514789,Sporting Life,https://www.sportinglife.com/greyhounds/racecards/2026-09-03/nottingham/racecard/514789
2026-09-03,Nottingham,12:14,2,Eagles Chance,514789,Sporting Life,https://www.sportinglife.com/greyhounds/racecards/2026-09-03/nottingham/racecard/514789
2026-09-03,Nottingham,12:14,3,Honour Janice,514789,Sporting Life,https://www.sportinglife.com/greyhounds/racecards/2026-09-03/nottingham/racecard/514789
2026-09-03,Nottingham,12:14,4,Drombane Bono,514789,Sporting Life,https://www.sportinglife.com/greyhounds/racecards/2026-09-03/nottingham/racecard/514789
2026-09-03,Nottingham,12:14,5,Rogerthedodge,514789,Sporting Life,https://www.sportinglife.com/greyhounds/racecards/2026-09-03/nottingham/racecard/514789
2026-09-03,Nottingham,12:14,6,Basic Instinct,514789,Sporting Life,https://www.sportinglife.com/greyhounds/racecards/2026-09-03/nottingham/racecard/514789
2026-09-03,Nottingham,12:31,1,Honour Precious,514790,Sporting Life,https://www.sportinglife.com/greyhounds/racecards/2026-09-03/nottingham/racecard/514790
2026-09-03,Nottingham,12:31,2,Honour Break,514790,Sporting Life,https://www.sportinglife.com/greyhounds/racecards/2026-09-03/nottingham/racecard/514790
2026-09-03,Nottingham,12:31,3,Unlikely Tom,514790,Sporting Life,https://www.sportinglife.com/greyhounds/racecards/2026-09-03/nottingham/racecard/514790
2026-09-03,Nottingham,12:31,4,Washington Sky,514790,Sporting Life,https://www.sportinglife.com/greyhounds/racecards/2026-09-03/nottingham/racecard/514790
2026-09-03,Nottingham,12:31,5,Lightfoot Pearl,514790,Sporting Life,https://www.sportinglife.com/greyhounds/racecards/2026-09-03/nottingham/racecard/514790
2026-09-03,Nottingham,12:31,6,Silverwing,514790,Sporting Life,https://www.sportinglife.com/greyhounds/racecards/2026-09-03/nottingham/racecard/514790
2026-09-03,Nottingham,12:48,1,Honour Messi,514791,Sporting Life,https://www.sportinglife.com/greyhounds/racecards/2026-09-03/nottingham/racecard/514791
2026-09-03,Nottingham,12:48,2,Mon Visage,514791,Sporting Life,https://www.sportinglife.com/greyhounds/racecards/2026-09-03/nottingham/racecard/514791
2026-09-03,Nottingham,12:48,3,Keefill Everest,514791,Sporting Life,https://www.sportinglife.com/greyhounds/racecards/2026-09-03/nottingham/racecard/514791
2026-09-03,Nottingham,12:48,4,Bene N Hot,514791,Sporting Life,https://www.sportinglife.com/greyhounds/racecards/2026-09-03/nottingham/racecard/514791
2026-09-03,Nottingham,12:48,5,Rosshill Sue,514791,Sporting Life,https://www.sportinglife.com/greyhounds/racecards/2026-09-03/nottingham/racecard/514791
2026-09-03,Nottingham,12:48,6,Piemans Fairy,514791,Sporting Life,https://www.sportinglife.com/greyhounds/racecards/2026-09-03/nottingham/racecard/514791
2026-09-03,Nottingham,13:06,1,New Cross Nights,514792,Sporting Life,https://www.sportinglife.com/greyhounds/racecards/2026-09-03/nottingham/racecard/514792
2026-09-03,Nottingham,13:06,2,Spagbol,514792,Sporting Life,https://www.sportinglife.com/greyhounds/racecards/2026-09-03/nottingham/racecard/514792
2026-09-03,Nottingham,13:06,3,Swift Dive,514792,Sporting Life,https://www.sportinglife.com/greyhounds/racecards/2026-09-03/nottingham/racecard/514792
2026-09-03,Nottingham,13:06,4,Mid Tipp Maggie,514792,Sporting Life,https://www.sportinglife.com/greyhounds/racecards/2026-09-03/nottingham/racecard/514792
2026-09-03,Nottingham,13:06,5,Lavender Blue,514792,Sporting Life,https://www.sportinglife.com/greyhounds/racecards/2026-09-03/nottingham/racecard/514792
2026-09-03,Nottingham,13:21,1,Puckane Emma,514793,Sporting Life,https://www.sportinglife.com/greyhounds/racecards/2026-09-03/nottingham/racecard/514793
2026-09-03,Nottingham,13:21,2,Honour Roll,514793,Sporting Life,https://www.sportinglife.com/greyhounds/racecards/2026-09-03/nottingham/racecard/514793
2026-09-03,Nottingham,13:21,3,Springwood Frida,514793,Sporting Life,https://www.sportinglife.com/greyhounds/racecards/2026-09-03/nottingham/racecard/514793
2026-09-03,Nottingham,13:21,4,Kanturk Kin,514793,Sporting Life,https://www.sportinglife.com/greyhounds/racecards/2026-09-03/nottingham/racecard/514793
2026-09-03,Nottingham,13:21,5,Stellas Jessie,514793,Sporting Life,https://www.sportinglife.com/greyhounds/racecards/2026-09-03/nottingham/racecard/514793
2026-09-03,Nottingham,13:21,6,Annadown Jet,514793,Sporting Life,https://www.sportinglife.com/greyhounds/racecards/2026-09-03/nottingham/racecard/514793
2026-09-03,Nottingham,13:36,1,Milos Delivery,514794,Sporting Life,https://www.sportinglife.com/greyhounds/racecards/2026-09-03/nottingham/racecard/514794
2026-09-03,Nottingham,13:36,2,Honour Flyer,514794,Sporting Life,https://www.sportinglife.com/greyhounds/racecards/2026-09-03/nottingham/racecard/514794
2026-09-03,Nottingham,13:36,3,Wolf Jet,514794,Sporting Life,https://www.sportinglife.com/greyhounds/racecards/2026-09-03/nottingham/racecard/514794
2026-09-03,Nottingham,13:36,4,Kinielty Bex,514794,Sporting Life,https://www.sportinglife.com/greyhounds/racecards/2026-09-03/nottingham/racecard/514794
2026-09-03,Nottingham,13:36,5,Noteworthy,514794,Sporting Life,https://www.sportinglife.com/greyhounds/racecards/2026-09-03/nottingham/racecard/514794
2026-09-03,Nottingham,13:36,6,Crafty Elmo,514794,Sporting Life,https://www.sportinglife.com/greyhounds/racecards/2026-09-03/nottingham/racecard/514794
2026-09-03,Nottingham,13:52,1,Princes Legacy,514795,Sporting Life,https://www.sportinglife.com/greyhounds/racecards/2026-09-03/nottingham/racecard/514795
2026-09-03,Nottingham,13:52,2,Tromora Jenny,514795,Sporting Life,https://www.sportinglife.com/greyhounds/racecards/2026-09-03/nottingham/racecard/514795
2026-09-03,Nottingham,13:52,3,Legsintheair,514795,Sporting Life,https://www.sportinglife.com/greyhounds/racecards/2026-09-03/nottingham/racecard/514795
2026-09-03,Nottingham,13:52,4,Newinn Rosie,514795,Sporting Life,https://www.sportinglife.com/greyhounds/racecards/2026-09-03/nottingham/racecard/514795
2026-09-03,Nottingham,13:52,5,Mister Fezziwig,514795,Sporting Life,https://www.sportinglife.com/greyhounds/racecards/2026-09-03/nottingham/racecard/514795
2026-09-03,Nottingham,13:52,6,Annadown Guggy,514795,Sporting Life,https://www.sportinglife.com/greyhounds/racecards/2026-09-03/nottingham/racecard/514795
2026-09-03,Nottingham,14:09,1,Lincoln Sonnet,514796,Sporting Life,https://www.sportinglife.com/greyhounds/racecards/2026-09-03/nottingham/racecard/514796
2026-09-03,Nottingham,14:09,2,Westfield Sioux,514796,Sporting Life,https://www.sportinglife.com/greyhounds/racecards/2026-09-03/nottingham/racecard/514796
2026-09-03,Nottingham,14:09,3,Ryder Ripple,514796,Sporting Life,https://www.sportinglife.com/greyhounds/racecards/2026-09-03/nottingham/racecard/514796
2026-09-03,Nottingham,14:09,4,Honour Beckham,514796,Sporting Life,https://www.sportinglife.com/greyhounds/racecards/2026-09-03/nottingham/racecard/514796
2026-09-03,Nottingham,14:09,5,Cairo,514796,Sporting Life,https://www.sportinglife.com/greyhounds/racecards/2026-09-03/nottingham/racecard/514796
2026-09-03,Sheffield,11:03,1,Cloondarone Ken,514750,Sporting Life,https://www.sportinglife.com/greyhounds/racecards/2026-09-03/sheffield/racecard/514750
2026-09-03,Sheffield,11:03,2,Lancaster Lad,514750,Sporting Life,https://www.sportinglife.com/greyhounds/racecards/2026-09-03/sheffield/racecard/514750
2026-09-03,Sheffield,11:03,3,Drumdoit Minnie,514750,Sporting Life,https://www.sportinglife.com/greyhounds/racecards/2026-09-03/sheffield/racecard/514750
2026-09-03,Sheffield,11:03,4,Neon Whoopie,514750,Sporting Life,https://www.sportinglife.com/greyhounds/racecards/2026-09-03/sheffield/racecard/514750
2026-09-03,Sheffield,11:03,5,Conlig Boy,514750,Sporting Life,https://www.sportinglife.com/greyhounds/racecards/2026-09-03/sheffield/racecard/514750
2026-09-03,Sheffield,11:19,1,Keplar Banshee,514751,Sporting Life,https://www.sportinglife.com/greyhounds/racecards/2026-09-03/sheffield/racecard/514751
2026-09-03,Sheffield,11:19,2,Drumdoit Gizmo,514751,Sporting Life,https://www.sportinglife.com/greyhounds/racecards/2026-09-03/sheffield/racecard/514751
2026-09-03,Sheffield,11:19,3,Pennys Oya,514751,Sporting Life,https://www.sportinglife.com/greyhounds/racecards/2026-09-03/sheffield/racecard/514751
2026-09-03,Sheffield,11:19,5,Nellies Charm,514751,Sporting Life,https://www.sportinglife.com/greyhounds/racecards/2026-09-03/sheffield/racecard/514751
2026-09-03,Sheffield,11:19,6,Caremone Lady,514751,Sporting Life,https://www.sportinglife.com/greyhounds/racecards/2026-09-03/sheffield/racecard/514751
2026-09-03,Sheffield,11:36,1,Freedom Layla,514752,Sporting Life,https://www.sportinglife.com/greyhounds/racecards/2026-09-03/sheffield/racecard/514752
2026-09-03,Sheffield,11:36,2,Sudoky Ourora,514752,Sporting Life,https://www.sportinglife.com/greyhounds/racecards/2026-09-03/sheffield/racecard/514752
2026-09-03,Sheffield,11:36,4,Swift Uni,514752,Sporting Life,https://www.sportinglife.com/greyhounds/racecards/2026-09-03/sheffield/racecard/514752
2026-09-03,Sheffield,11:36,5,Ballycowen Mara,514752,Sporting Life,https://www.sportinglife.com/greyhounds/racecards/2026-09-03/sheffield/racecard/514752
2026-09-03,Sheffield,11:36,6,Russanda Macho,514752,Sporting Life,https://www.sportinglife.com/greyhounds/racecards/2026-09-03/sheffield/racecard/514752
2026-09-03,Sheffield,11:52,1,Pelorus Jack,514753,Sporting Life,https://www.sportinglife.com/greyhounds/racecards/2026-09-03/sheffield/racecard/514753
2026-09-03,Sheffield,11:52,2,Twice On Sundays,514753,Sporting Life,https://www.sportinglife.com/greyhounds/racecards/2026-09-03/sheffield/racecard/514753
2026-09-03,Sheffield,11:52,3,Drumdoit Bono,514753,Sporting Life,https://www.sportinglife.com/greyhounds/racecards/2026-09-03/sheffield/racecard/514753
2026-09-03,Sheffield,11:52,4,Kemosabe,514753,Sporting Life,https://www.sportinglife.com/greyhounds/racecards/2026-09-03/sheffield/racecard/514753
2026-09-03,Sheffield,11:52,5,Apollo Youngblud,514753,Sporting Life,https://www.sportinglife.com/greyhounds/racecards/2026-09-03/sheffield/racecard/514753
2026-09-03,Sheffield,12:09,1,Russanda Bertha,514754,Sporting Life,https://www.sportinglife.com/greyhounds/racecards/2026-09-03/sheffield/racecard/514754
2026-09-03,Sheffield,12:09,2,Cloondarone Hope,514754,Sporting Life,https://www.sportinglife.com/greyhounds/racecards/2026-09-03/sheffield/racecard/514754
2026-09-03,Sheffield,12:09,3,Coleridge Waves,514754,Sporting Life,https://www.sportinglife.com/greyhounds/racecards/2026-09-03/sheffield/racecard/514754
2026-09-03,Sheffield,12:09,4,Wasted Chance,514754,Sporting Life,https://www.sportinglife.com/greyhounds/racecards/2026-09-03/sheffield/racecard/514754
2026-09-03,Sheffield,12:09,6,Worsley Wonder,514754,Sporting Life,https://www.sportinglife.com/greyhounds/racecards/2026-09-03/sheffield/racecard/514754
2026-09-03,Sheffield,12:26,1,Priceless Juliet,514755,Sporting Life,https://www.sportinglife.com/greyhounds/racecards/2026-09-03/sheffield/racecard/514755
2026-09-03,Sheffield,12:26,2,Rathcoole Flight,514755,Sporting Life,https://www.sportinglife.com/greyhounds/racecards/2026-09-03/sheffield/racecard/514755
2026-09-03,Sheffield,12:26,4,Jaykay Seven,514755,Sporting Life,https://www.sportinglife.com/greyhounds/racecards/2026-09-03/sheffield/racecard/514755
2026-09-03,Sheffield,12:26,5,Harry Rex,514755,Sporting Life,https://www.sportinglife.com/greyhounds/racecards/2026-09-03/sheffield/racecard/514755
2026-09-03,Sheffield,12:26,6,Droopys Sway,514755,Sporting Life,https://www.sportinglife.com/greyhounds/racecards/2026-09-03/sheffield/racecard/514755
2026-09-03,Sheffield,12:42,1,Dot To Dash,514756,Sporting Life,https://www.sportinglife.com/greyhounds/racecards/2026-09-03/sheffield/racecard/514756
2026-09-03,Sheffield,12:42,2,Coonough Sheila,514756,Sporting Life,https://www.sportinglife.com/greyhounds/racecards/2026-09-03/sheffield/racecard/514756
2026-09-03,Sheffield,12:42,3,Slippy Noah,514756,Sporting Life,https://www.sportinglife.com/greyhounds/racecards/2026-09-03/sheffield/racecard/514756
2026-09-03,Sheffield,12:42,4,Drumdoit Lyra,514756,Sporting Life,https://www.sportinglife.com/greyhounds/racecards/2026-09-03/sheffield/racecard/514756
2026-09-03,Sheffield,12:42,5,Bartlemy Soldier,514756,Sporting Life,https://www.sportinglife.com/greyhounds/racecards/2026-09-03/sheffield/racecard/514756
2026-09-03,Sheffield,12:42,6,Supa Mizzy,514756,Sporting Life,https://www.sportinglife.com/greyhounds/racecards/2026-09-03/sheffield/racecard/514756
2026-09-03,Sheffield,12:59,1,Sigh Of Relief,514757,Sporting Life,https://www.sportinglife.com/greyhounds/racecards/2026-09-03/sheffield/racecard/514757
2026-09-03,Sheffield,12:59,3,Finnery Kobe,514757,Sporting Life,https://www.sportinglife.com/greyhounds/racecards/2026-09-03/sheffield/racecard/514757
2026-09-03,Sheffield,12:59,4,Coonough Poppy,514757,Sporting Life,https://www.sportinglife.com/greyhounds/racecards/2026-09-03/sheffield/racecard/514757
2026-09-03,Sheffield,12:59,5,Gizmo Alpha,514757,Sporting Life,https://www.sportinglife.com/greyhounds/racecards/2026-09-03/sheffield/racecard/514757
2026-09-03,Sheffield,12:59,6,Drumdoit Onana,514757,Sporting Life,https://www.sportinglife.com/greyhounds/racecards/2026-09-03/sheffield/racecard/514757
2026-09-03,Sheffield,13:16,1,Jess Blue,514758,Sporting Life,https://www.sportinglife.com/greyhounds/racecards/2026-09-03/sheffield/racecard/514758
2026-09-03,Sheffield,13:16,2,Neon Grace,514758,Sporting Life,https://www.sportinglife.com/greyhounds/racecards/2026-09-03/sheffield/racecard/514758
2026-09-03,Sheffield,13:16,4,Fawn Lantern,514758,Sporting Life,https://www.sportinglife.com/greyhounds/racecards/2026-09-03/sheffield/racecard/514758
2026-09-03,Sheffield,13:16,5,Blake Delight,514758,Sporting Life,https://www.sportinglife.com/greyhounds/racecards/2026-09-03/sheffield/racecard/514758
2026-09-03,Sheffield,13:16,6,Muldona Diamond,514758,Sporting Life,https://www.sportinglife.com/greyhounds/racecards/2026-09-03/sheffield/racecard/514758
2026-09-03,Sheffield,13:31,1,Braemar Millie,514759,Sporting Life,https://www.sportinglife.com/greyhounds/racecards/2026-09-03/sheffield/racecard/514759
2026-09-03,Sheffield,13:31,2,Military Award,514759,Sporting Life,https://www.sportinglife.com/greyhounds/racecards/2026-09-03/sheffield/racecard/514759
2026-09-03,Sheffield,13:31,3,Emers Lola,514759,Sporting Life,https://www.sportinglife.com/greyhounds/racecards/2026-09-03/sheffield/racecard/514759
2026-09-03,Sheffield,13:31,4,Swift Mel,514759,Sporting Life,https://www.sportinglife.com/greyhounds/racecards/2026-09-03/sheffield/racecard/514759
2026-09-03,Sheffield,13:31,6,Romeo On Point,514759,Sporting Life,https://www.sportinglife.com/greyhounds/racecards/2026-09-03/sheffield/racecard/514759
2026-09-03,Sheffield,13:46,1,Lets Get Smashed,514760,Sporting Life,https://www.sportinglife.com/greyhounds/racecards/2026-09-03/sheffield/racecard/514760
2026-09-03,Sheffield,13:46,2,Diamond Santa,514760,Sporting Life,https://www.sportinglife.com/greyhounds/racecards/2026-09-03/sheffield/racecard/514760
2026-09-03,Sheffield,13:46,3,Tullymurry Sioux,514760,Sporting Life,https://www.sportinglife.com/greyhounds/racecards/2026-09-03/sheffield/racecard/514760
2026-09-03,Sheffield,13:46,4,Killduff Pippa,514760,Sporting Life,https://www.sportinglife.com/greyhounds/racecards/2026-09-03/sheffield/racecard/514760
2026-09-03,Sheffield,13:46,5,Ten Ton Simba,514760,Sporting Life,https://www.sportinglife.com/greyhounds/racecards/2026-09-03/sheffield/racecard/514760
2026-09-03,Sheffield,13:46,6,Pass The Buck,514760,Sporting Life,https://www.sportinglife.com/greyhounds/racecards/2026-09-03/sheffield/racecard/514760
2026-09-03,Sheffield,14:04,1,Tatti Gamble,514761,Sporting Life,https://www.sportinglife.com/greyhounds/racecards/2026-09-03/sheffield/racecard/514761
2026-09-03,Sheffield,14:04,3,Glenvale Sean,514761,Sporting Life,https://www.sportinglife.com/greyhounds/racecards/2026-09-03/sheffield/racecard/514761
2026-09-03,Sheffield,14:04,4,Listen Jessie,514761,Sporting Life,https://www.sportinglife.com/greyhounds/racecards/2026-09-03/sheffield/racecard/514761
2026-09-03,Sheffield,14:04,5,Swift Step,514761,Sporting Life,https://www.sportinglife.com/greyhounds/racecards/2026-09-03/sheffield/racecard/514761
2026-09-03,Sheffield,14:04,6,Birdwell Belle,514761,Sporting Life,https://www.sportinglife.com/greyhounds/racecards/2026-09-03/sheffield/racecard/514761
2026-09-03,Towcester,14:36,1,Netherton Lad,514859,Sporting Life,https://www.sportinglife.com/greyhounds/racecards/2026-09-03/towcester/racecard/514859
2026-09-03,Towcester,14:36,2,Orcas Icon,514859,Sporting Life,https://www.sportinglife.com/greyhounds/racecards/2026-09-03/towcester/racecard/514859
2026-09-03,Towcester,14:36,3,Athy Town,514859,Sporting Life,https://www.sportinglife.com/greyhounds/racecards/2026-09-03/towcester/racecard/514859
2026-09-03,Towcester,14:36,4,Homebound Blanko,514859,Sporting Life,https://www.sportinglife.com/greyhounds/racecards/2026-09-03/towcester/racecard/514859
2026-09-03,Towcester,14:36,5,Lamorna Marley,514859,Sporting Life,https://www.sportinglife.com/greyhounds/racecards/2026-09-03/towcester/racecard/514859
2026-09-03,Towcester,14:36,6,Dreamin Puccini,514859,Sporting Life,https://www.sportinglife.com/greyhounds/racecards/2026-09-03/towcester/racecard/514859
2026-09-03,Towcester,14:54,1,Johnie Oh,514860,Sporting Life,https://www.sportinglife.com/greyhounds/racecards/2026-09-03/towcester/racecard/514860
2026-09-03,Towcester,14:54,2,Lucky Spinner,514860,Sporting Life,https://www.sportinglife.com/greyhounds/racecards/2026-09-03/towcester/racecard/514860
2026-09-03,Towcester,14:54,3,Gwyn Boss,514860,Sporting Life,https://www.sportinglife.com/greyhounds/racecards/2026-09-03/towcester/racecard/514860
2026-09-03,Towcester,14:54,4,Hoxton Star,514860,Sporting Life,https://www.sportinglife.com/greyhounds/racecards/2026-09-03/towcester/racecard/514860
2026-09-03,Towcester,14:54,5,Cragbrien Fire,514860,Sporting Life,https://www.sportinglife.com/greyhounds/racecards/2026-09-03/towcester/racecard/514860
2026-09-03,Towcester,15:13,1,Giant Killer,514861,Sporting Life,https://www.sportinglife.com/greyhounds/racecards/2026-09-03/towcester/racecard/514861
2026-09-03,Towcester,15:13,2,Ivy Hill Maisy,514861,Sporting Life,https://www.sportinglife.com/greyhounds/racecards/2026-09-03/towcester/racecard/514861
2026-09-03,Towcester,15:13,3,Freeway Dotty,514861,Sporting Life,https://www.sportinglife.com/greyhounds/racecards/2026-09-03/towcester/racecard/514861
2026-09-03,Towcester,15:13,4,Sonic Angel,514861,Sporting Life,https://www.sportinglife.com/greyhounds/racecards/2026-09-03/towcester/racecard/514861
2026-09-03,Towcester,15:13,5,Lamorna Rudie,514861,Sporting Life,https://www.sportinglife.com/greyhounds/racecards/2026-09-03/towcester/racecard/514861
2026-09-03,Towcester,15:13,6,Garnacho Girl,514861,Sporting Life,https://www.sportinglife.com/greyhounds/racecards/2026-09-03/towcester/racecard/514861
2026-09-03,Towcester,15:32,1,Salacres Lucia,514862,Sporting Life,https://www.sportinglife.com/greyhounds/racecards/2026-09-03/towcester/racecard/514862
2026-09-03,Towcester,15:32,2,Swift Flourish,514862,Sporting Life,https://www.sportinglife.com/greyhounds/racecards/2026-09-03/towcester/racecard/514862
2026-09-03,Towcester,15:32,3,The Rising Sun,514862,Sporting Life,https://www.sportinglife.com/greyhounds/racecards/2026-09-03/towcester/racecard/514862
2026-09-03,Towcester,15:32,4,Vegas Chatter,514862,Sporting Life,https://www.sportinglife.com/greyhounds/racecards/2026-09-03/towcester/racecard/514862
2026-09-03,Towcester,15:32,5,Gothic Opera,514862,Sporting Life,https://www.sportinglife.com/greyhounds/racecards/2026-09-03/towcester/racecard/514862
2026-09-03,Towcester,15:32,6,Unknown Fever,514862,Sporting Life,https://www.sportinglife.com/greyhounds/racecards/2026-09-03/towcester/racecard/514862
2026-09-03,Towcester,15:51,1,Salacres Boris,514863,Sporting Life,https://www.sportinglife.com/greyhounds/racecards/2026-09-03/towcester/racecard/514863
2026-09-03,Towcester,15:51,2,Ballymac Minella,514863,Sporting Life,https://www.sportinglife.com/greyhounds/racecards/2026-09-03/towcester/racecard/514863
2026-09-03,Towcester,15:51,4,Fabulous Capri,514863,Sporting Life,https://www.sportinglife.com/greyhounds/racecards/2026-09-03/towcester/racecard/514863
2026-09-03,Towcester,15:51,5,Clona Bingo,514863,Sporting Life,https://www.sportinglife.com/greyhounds/racecards/2026-09-03/towcester/racecard/514863
2026-09-03,Towcester,15:51,6,All About Rosie,514863,Sporting Life,https://www.sportinglife.com/greyhounds/racecards/2026-09-03/towcester/racecard/514863
2026-09-03,Towcester,16:09,1,Jackies Hero,514864,Sporting Life,https://www.sportinglife.com/greyhounds/racecards/2026-09-03/towcester/racecard/514864
2026-09-03,Towcester,16:09,2,Trapstyle Pasha,514864,Sporting Life,https://www.sportinglife.com/greyhounds/racecards/2026-09-03/towcester/racecard/514864
2026-09-03,Towcester,16:09,3,Forest Leann,514864,Sporting Life,https://www.sportinglife.com/greyhounds/racecards/2026-09-03/towcester/racecard/514864
2026-09-03,Towcester,16:09,4,Makeit Thea,514864,Sporting Life,https://www.sportinglife.com/greyhounds/racecards/2026-09-03/towcester/racecard/514864
2026-09-03,Towcester,16:09,5,Greencroft Ice,514864,Sporting Life,https://www.sportinglife.com/greyhounds/racecards/2026-09-03/towcester/racecard/514864
2026-09-03,Towcester,16:09,6,Decent Jeff,514864,Sporting Life,https://www.sportinglife.com/greyhounds/racecards/2026-09-03/towcester/racecard/514864
2026-09-03,Towcester,16:28,1,Kingdom Sparkle,514865,Sporting Life,https://www.sportinglife.com/greyhounds/racecards/2026-09-03/towcester/racecard/514865
2026-09-03,Towcester,16:28,2,Ballyclearylinks,514865,Sporting Life,https://www.sportinglife.com/greyhounds/racecards/2026-09-03/towcester/racecard/514865
2026-09-03,Towcester,16:28,3,Ballymac Loca,514865,Sporting Life,https://www.sportinglife.com/greyhounds/racecards/2026-09-03/towcester/racecard/514865
2026-09-03,Towcester,16:28,4,Salacres Prodigy,514865,Sporting Life,https://www.sportinglife.com/greyhounds/racecards/2026-09-03/towcester/racecard/514865
2026-09-03,Towcester,16:28,6,Glengar Peppa,514865,Sporting Life,https://www.sportinglife.com/greyhounds/racecards/2026-09-03/towcester/racecard/514865
2026-09-03,Towcester,16:47,1,Ernie Webb Mate,514866,Sporting Life,https://www.sportinglife.com/greyhounds/racecards/2026-09-03/towcester/racecard/514866
2026-09-03,Towcester,16:47,2,Flickering Belle,514866,Sporting Life,https://www.sportinglife.com/greyhounds/racecards/2026-09-03/towcester/racecard/514866
2026-09-03,Towcester,16:47,3,Fabulous Donna,514866,Sporting Life,https://www.sportinglife.com/greyhounds/racecards/2026-09-03/towcester/racecard/514866
2026-09-03,Towcester,16:47,4,Fabulous Jura,514866,Sporting Life,https://www.sportinglife.com/greyhounds/racecards/2026-09-03/towcester/racecard/514866
2026-09-03,Towcester,16:47,5,Ashway Marshy,514866,Sporting Life,https://www.sportinglife.com/greyhounds/racecards/2026-09-03/towcester/racecard/514866
2026-09-03,Towcester,16:47,6,Drohobych Falcon,514866,Sporting Life,https://www.sportinglife.com/greyhounds/racecards/2026-09-03/towcester/racecard/514866
2026-09-03,Towcester,17:06,1,Skilled Prince,514867,Sporting Life,https://www.sportinglife.com/greyhounds/racecards/2026-09-03/towcester/racecard/514867
2026-09-03,Towcester,17:06,2,Classic Waltz,514867,Sporting Life,https://www.sportinglife.com/greyhounds/racecards/2026-09-03/towcester/racecard/514867
2026-09-03,Towcester,17:06,3,Dreamin Lennon,514867,Sporting Life,https://www.sportinglife.com/greyhounds/racecards/2026-09-03/towcester/racecard/514867
2026-09-03,Towcester,17:06,4,Eze,514867,Sporting Life,https://www.sportinglife.com/greyhounds/racecards/2026-09-03/towcester/racecard/514867
2026-09-03,Towcester,17:06,5,Unknown Path,514867,Sporting Life,https://www.sportinglife.com/greyhounds/racecards/2026-09-03/towcester/racecard/514867
2026-09-03,Towcester,17:24,1,Dromtrasna Swift,514868,Sporting Life,https://www.sportinglife.com/greyhounds/racecards/2026-09-03/towcester/racecard/514868
2026-09-03,Towcester,17:24,2,Rallying Echo,514868,Sporting Life,https://www.sportinglife.com/greyhounds/racecards/2026-09-03/towcester/racecard/514868
2026-09-03,Towcester,17:24,3,Choices Range,514868,Sporting Life,https://www.sportinglife.com/greyhounds/racecards/2026-09-03/towcester/racecard/514868
2026-09-03,Towcester,17:24,4,Vinegarhill Bell,514868,Sporting Life,https://www.sportinglife.com/greyhounds/racecards/2026-09-03/towcester/racecard/514868
2026-09-03,Towcester,17:24,5,Coolavanny Steve,514868,Sporting Life,https://www.sportinglife.com/greyhounds/racecards/2026-09-03/towcester/racecard/514868
2026-09-03,Towcester,17:24,6,Slaheny Storm,514868,Sporting Life,https://www.sportinglife.com/greyhounds/racecards/2026-09-03/towcester/racecard/514868
2026-09-03,Towcester,17:43,1,Salacres Merkel,514869,Sporting Life,https://www.sportinglife.com/greyhounds/racecards/2026-09-03/towcester/racecard/514869
2026-09-03,Towcester,17:43,2,Salacres Pip,514869,Sporting Life,https://www.sportinglife.com/greyhounds/racecards/2026-09-03/towcester/racecard/514869
2026-09-03,Towcester,17:43,3,Eagles Dream,514869,Sporting Life,https://www.sportinglife.com/greyhounds/racecards/2026-09-03/towcester/racecard/514869
2026-09-03,Towcester,17:43,4,Vinegarhill Luna,514869,Sporting Life,https://www.sportinglife.com/greyhounds/racecards/2026-09-03/towcester/racecard/514869
2026-09-03,Towcester,17:43,5,Fifis Lad,514869,Sporting Life,https://www.sportinglife.com/greyhounds/racecards/2026-09-03/towcester/racecard/514869
2026-09-03,Towcester,17:43,6,Hitthelids Paulo,514869,Sporting Life,https://www.sportinglife.com/greyhounds/racecards/2026-09-03/towcester/racecard/514869
2026-09-03,Towcester,18:02,1,Ballymac Nats,514870,Sporting Life,https://www.sportinglife.com/greyhounds/racecards/2026-09-03/towcester/racecard/514870
2026-09-03,Towcester,18:02,2,Unknown Alpha,514870,Sporting Life,https://www.sportinglife.com/greyhounds/racecards/2026-09-03/towcester/racecard/514870
2026-09-03,Towcester,18:02,3,Grangewood Hope,514870,Sporting Life,https://www.sportinglife.com/greyhounds/racecards/2026-09-03/towcester/racecard/514870
2026-09-03,Towcester,18:02,4,Greencroft Blaze,514870,Sporting Life,https://www.sportinglife.com/greyhounds/racecards/2026-09-03/towcester/racecard/514870
2026-09-03,Towcester,18:02,5,Carlow Town,514870,Sporting Life,https://www.sportinglife.com/greyhounds/racecards/2026-09-03/towcester/racecard/514870
2026-09-03,Towcester,18:02,6,Dark Lady,514870,Sporting Life,https://www.sportinglife.com/greyhounds/racecards/2026-09-03/towcester/racecard/514870
2026-09-03,Valley,17:34,1,Belfast Born,514809,Sporting Life,https://www.sportinglife.com/greyhounds/racecards/2026-09-03/valley/racecard/514809
2026-09-03,Valley,17:34,2,Ballymac Kuro,514809,Sporting Life,https://www.sportinglife.com/greyhounds/racecards/2026-09-03/valley/racecard/514809
2026-09-03,Valley,17:34,3,Cathals Rock,514809,Sporting Life,https://www.sportinglife.com/greyhounds/racecards/2026-09-03/valley/racecard/514809
2026-09-03,Valley,17:34,4,Shelone Nifty,514809,Sporting Life,https://www.sportinglife.com/greyhounds/racecards/2026-09-03/valley/racecard/514809
2026-09-03,Valley,17:34,5,No Dont Panic,514809,Sporting Life,https://www.sportinglife.com/greyhounds/racecards/2026-09-03/valley/racecard/514809
2026-09-03,Valley,17:34,6,Hawkfield Feral,514809,Sporting Life,https://www.sportinglife.com/greyhounds/racecards/2026-09-03/valley/racecard/514809
2026-09-03,Valley,17:53,1,Shunters Peace,514810,Sporting Life,https://www.sportinglife.com/greyhounds/racecards/2026-09-03/valley/racecard/514810
2026-09-03,Valley,17:53,2,Burkos Bonnie,514810,Sporting Life,https://www.sportinglife.com/greyhounds/racecards/2026-09-03/valley/racecard/514810
2026-09-03,Valley,17:53,3,Roanna Smiley,514810,Sporting Life,https://www.sportinglife.com/greyhounds/racecards/2026-09-03/valley/racecard/514810
2026-09-03,Valley,17:53,4,Not To Worrie,514810,Sporting Life,https://www.sportinglife.com/greyhounds/racecards/2026-09-03/valley/racecard/514810
2026-09-03,Valley,17:53,5,Gurtnacrehy Exit,514810,Sporting Life,https://www.sportinglife.com/greyhounds/racecards/2026-09-03/valley/racecard/514810
2026-09-03,Valley,17:53,6,Coillbhui Catchy,514810,Sporting Life,https://www.sportinglife.com/greyhounds/racecards/2026-09-03/valley/racecard/514810
2026-09-03,Valley,18:11,1,Pyro Man,514811,Sporting Life,https://www.sportinglife.com/greyhounds/racecards/2026-09-03/valley/racecard/514811
2026-09-03,Valley,18:11,2,Quivers Quest,514811,Sporting Life,https://www.sportinglife.com/greyhounds/racecards/2026-09-03/valley/racecard/514811
2026-09-03,Valley,18:11,3,Anglesey Prime,514811,Sporting Life,https://www.sportinglife.com/greyhounds/racecards/2026-09-03/valley/racecard/514811
2026-09-03,Valley,18:11,4,Crokers Lady,514811,Sporting Life,https://www.sportinglife.com/greyhounds/racecards/2026-09-03/valley/racecard/514811
2026-09-03,Valley,18:11,5,Sawpit Souffle,514811,Sporting Life,https://www.sportinglife.com/greyhounds/racecards/2026-09-03/valley/racecard/514811
2026-09-03,Valley,18:11,6,Droopys Fearless,514811,Sporting Life,https://www.sportinglife.com/greyhounds/racecards/2026-09-03/valley/racecard/514811
2026-09-03,Valley,18:29,1,Hawkfield Coco,514812,Sporting Life,https://www.sportinglife.com/greyhounds/racecards/2026-09-03/valley/racecard/514812
2026-09-03,Valley,18:29,2,Scotrath Buck,514812,Sporting Life,https://www.sportinglife.com/greyhounds/racecards/2026-09-03/valley/racecard/514812
2026-09-03,Valley,18:29,3,Comer Sue,514812,Sporting Life,https://www.sportinglife.com/greyhounds/racecards/2026-09-03/valley/racecard/514812
2026-09-03,Valley,18:29,4,Hawkfield Magic,514812,Sporting Life,https://www.sportinglife.com/greyhounds/racecards/2026-09-03/valley/racecard/514812
2026-09-03,Valley,18:29,5,Hawkfield Zoom,514812,Sporting Life,https://www.sportinglife.com/greyhounds/racecards/2026-09-03/valley/racecard/514812
2026-09-03,Valley,18:29,6,Poker Aces,514812,Sporting Life,https://www.sportinglife.com/greyhounds/racecards/2026-09-03/valley/racecard/514812
2026-09-03,Valley,18:46,1,Sawpit Seagull,514813,Sporting Life,https://www.sportinglife.com/greyhounds/racecards/2026-09-03/valley/racecard/514813
2026-09-03,Valley,18:46,2,Ashway Diva,514813,Sporting Life,https://www.sportinglife.com/greyhounds/racecards/2026-09-03/valley/racecard/514813
2026-09-03,Valley,18:46,3,Crokers Brian,514813,Sporting Life,https://www.sportinglife.com/greyhounds/racecards/2026-09-03/valley/racecard/514813
2026-09-03,Valley,18:46,4,Ashway Danny,514813,Sporting Life,https://www.sportinglife.com/greyhounds/racecards/2026-09-03/valley/racecard/514813
2026-09-03,Valley,18:46,5,Marinas Malta,514813,Sporting Life,https://www.sportinglife.com/greyhounds/racecards/2026-09-03/valley/racecard/514813
2026-09-03,Valley,18:46,6,Crokers Ocean,514813,Sporting Life,https://www.sportinglife.com/greyhounds/racecards/2026-09-03/valley/racecard/514813
2026-09-03,Valley,19:04,1,Baggios Bliss,514814,Sporting Life,https://www.sportinglife.com/greyhounds/racecards/2026-09-03/valley/racecard/514814
2026-09-03,Valley,19:04,2,Crokers Lisa,514814,Sporting Life,https://www.sportinglife.com/greyhounds/racecards/2026-09-03/valley/racecard/514814
2026-09-03,Valley,19:04,4,Crokers Dinny,514814,Sporting Life,https://www.sportinglife.com/greyhounds/racecards/2026-09-03/valley/racecard/514814
2026-09-03,Valley,19:04,5,Walking Nunez,514814,Sporting Life,https://www.sportinglife.com/greyhounds/racecards/2026-09-03/valley/racecard/514814
2026-09-03,Valley,19:04,6,Crokers Wiffen,514814,Sporting Life,https://www.sportinglife.com/greyhounds/racecards/2026-09-03/valley/racecard/514814
2026-09-03,Valley,19:24,1,Quare Surprise,514815,Sporting Life,https://www.sportinglife.com/greyhounds/racecards/2026-09-03/valley/racecard/514815
2026-09-03,Valley,19:24,2,Grovenor Anna,514815,Sporting Life,https://www.sportinglife.com/greyhounds/racecards/2026-09-03/valley/racecard/514815
2026-09-03,Valley,19:24,3,Fagans Bam Bam,514815,Sporting Life,https://www.sportinglife.com/greyhounds/racecards/2026-09-03/valley/racecard/514815
2026-09-03,Valley,19:24,4,Sudden Bolt,514815,Sporting Life,https://www.sportinglife.com/greyhounds/racecards/2026-09-03/valley/racecard/514815
2026-09-03,Valley,19:24,5,Crokers Cian,514815,Sporting Life,https://www.sportinglife.com/greyhounds/racecards/2026-09-03/valley/racecard/514815
2026-09-03,Valley,19:24,6,Hawkfield Beebee,514815,Sporting Life,https://www.sportinglife.com/greyhounds/racecards/2026-09-03/valley/racecard/514815
2026-09-03,Valley,19:42,1,Quivers Blondie,514816,Sporting Life,https://www.sportinglife.com/greyhounds/racecards/2026-09-03/valley/racecard/514816
2026-09-03,Valley,19:42,2,Jackos Dog,514816,Sporting Life,https://www.sportinglife.com/greyhounds/racecards/2026-09-03/valley/racecard/514816
2026-09-03,Valley,19:42,3,Crokers Darwin,514816,Sporting Life,https://www.sportinglife.com/greyhounds/racecards/2026-09-03/valley/racecard/514816
2026-09-03,Valley,19:42,4,Burkos Buster,514816,Sporting Life,https://www.sportinglife.com/greyhounds/racecards/2026-09-03/valley/racecard/514816
2026-09-03,Valley,19:42,5,Fastlane George,514816,Sporting Life,https://www.sportinglife.com/greyhounds/racecards/2026-09-03/valley/racecard/514816
2026-09-03,Valley,19:42,6,Ashway Blastoff,514816,Sporting Life,https://www.sportinglife.com/greyhounds/racecards/2026-09-03/valley/racecard/514816
2026-09-03,Valley,19:58,1,Baggios Coyote,514817,Sporting Life,https://www.sportinglife.com/greyhounds/racecards/2026-09-03/valley/racecard/514817
2026-09-03,Valley,19:58,2,Lady Divine,514817,Sporting Life,https://www.sportinglife.com/greyhounds/racecards/2026-09-03/valley/racecard/514817
2026-09-03,Valley,19:58,3,Romeo Victor,514817,Sporting Life,https://www.sportinglife.com/greyhounds/racecards/2026-09-03/valley/racecard/514817
2026-09-03,Valley,19:58,4,Sawpit Signature,514817,Sporting Life,https://www.sportinglife.com/greyhounds/racecards/2026-09-03/valley/racecard/514817
2026-09-03,Valley,19:58,5,Good Streak,514817,Sporting Life,https://www.sportinglife.com/greyhounds/racecards/2026-09-03/valley/racecard/514817
2026-09-03,Valley,20:16,1,Mongys Sydney,514818,Sporting Life,https://www.sportinglife.com/greyhounds/racecards/2026-09-03/valley/racecard/514818
2026-09-03,Valley,20:16,2,Baggios Raha,514818,Sporting Life,https://www.sportinglife.com/greyhounds/racecards/2026-09-03/valley/racecard/514818
2026-09-03,Valley,20:16,3,Baggios Dilemma,514818,Sporting Life,https://www.sportinglife.com/greyhounds/racecards/2026-09-03/valley/racecard/514818
2026-09-03,Valley,20:16,4,Marinas Victoria,514818,Sporting Life,https://www.sportinglife.com/greyhounds/racecards/2026-09-03/valley/racecard/514818
2026-09-03,Valley,20:16,5,Face The Storm,514818,Sporting Life,https://www.sportinglife.com/greyhounds/racecards/2026-09-03/valley/racecard/514818
2026-09-03,Valley,20:34,1,Sunnybank Fox,514819,Sporting Life,https://www.sportinglife.com/greyhounds/racecards/2026-09-03/valley/racecard/514819
2026-09-03,Valley,20:34,2,Imgoodiam,514819,Sporting Life,https://www.sportinglife.com/greyhounds/racecards/2026-09-03/valley/racecard/514819
2026-09-03,Valley,20:34,3,Ashway Dolly,514819,Sporting Life,https://www.sportinglife.com/greyhounds/racecards/2026-09-03/valley/racecard/514819
2026-09-03,Valley,20:34,4,Arrigle Buster,514819,Sporting Life,https://www.sportinglife.com/greyhounds/racecards/2026-09-03/valley/racecard/514819
2026-09-03,Valley,20:34,5,Kansas City Life,514819,Sporting Life,https://www.sportinglife.com/greyhounds/racecards/2026-09-03/valley/racecard/514819
2026-09-03,Valley,20:34,6,Swift Kadesha,514819,Sporting Life,https://www.sportinglife.com/greyhounds/racecards/2026-09-03/valley/racecard/514819
2026-09-03,Valley,20:52,1,Bale Out Lucy,514820,Sporting Life,https://www.sportinglife.com/greyhounds/racecards/2026-09-03/valley/racecard/514820
2026-09-03,Valley,20:52,2,Home Colleen,514820,Sporting Life,https://www.sportinglife.com/greyhounds/racecards/2026-09-03/valley/racecard/514820
2026-09-03,Valley,20:52,3,Hawkfield Nina,514820,Sporting Life,https://www.sportinglife.com/greyhounds/racecards/2026-09-03/valley/racecard/514820
2026-09-03,Valley,20:52,4,Vixons Nala,514820,Sporting Life,https://www.sportinglife.com/greyhounds/racecards/2026-09-03/valley/racecard/514820
2026-09-03,Valley,20:52,5,Knockmant Zee,514820,Sporting Life,https://www.sportinglife.com/greyhounds/racecards/2026-09-03/valley/racecard/514820
2026-09-03,Valley,20:52,6,Only The Future,514820,Sporting Life,https://www.sportinglife.com/greyhounds/racecards/2026-09-03/valley/racecard/514820
2026-09-03,Valley,21:09,1,Spice Bag,514821,Sporting Life,https://www.sportinglife.com/greyhounds/racecards/2026-09-03/valley/racecard/514821
2026-09-03,Valley,21:09,2,Crokers Heidi,514821,Sporting Life,https://www.sportinglife.com/greyhounds/racecards/2026-09-03/valley/racecard/514821
2026-09-03,Valley,21:09,3,Pure Panfila,514821,Sporting Life,https://www.sportinglife.com/greyhounds/racecards/2026-09-03/valley/racecard/514821
2026-09-03,Valley,21:09,4,Affleck Airborne,514821,Sporting Life,https://www.sportinglife.com/greyhounds/racecards/2026-09-03/valley/racecard/514821
2026-09-03,Valley,21:09,5,Confey Sile,514821,Sporting Life,https://www.sportinglife.com/greyhounds/racecards/2026-09-03/valley/racecard/514821
2026-09-03,Valley,21:26,1,Texas Dolly,514822,Sporting Life,https://www.sportinglife.com/greyhounds/racecards/2026-09-03/valley/racecard/514822
2026-09-03,Valley,21:26,2,Slid John,514822,Sporting Life,https://www.sportinglife.com/greyhounds/racecards/2026-09-03/valley/racecard/514822
2026-09-03,Valley,21:26,3,Playdate Jasper,514822,Sporting Life,https://www.sportinglife.com/greyhounds/racecards/2026-09-03/valley/racecard/514822
2026-09-03,Valley,21:26,4,Pandy Morgan,514822,Sporting Life,https://www.sportinglife.com/greyhounds/racecards/2026-09-03/valley/racecard/514822
2026-09-03,Valley,21:26,5,Tobergal Denise,514822,Sporting Life,https://www.sportinglife.com/greyhounds/racecards/2026-09-03/valley/racecard/514822
