date,track,race_time,runner_number,dog_name,race_id,source,race_url
2026-09-23,Doncaster,14:33,2,Harlequin Zippy,517469,Sporting Life,https://www.sportinglife.com/greyhounds/racecards/2026-09-23/doncaster/racecard/517469
2026-09-23,Doncaster,14:33,3,Cockneys Elsa,517469,Sporting Life,https://www.sportinglife.com/greyhounds/racecards/2026-09-23/doncaster/racecard/517469
2026-09-23,Doncaster,14:33,4,Avongate Queen,517469,Sporting Life,https://www.sportinglife.com/greyhounds/racecards/2026-09-23/doncaster/racecard/517469
2026-09-23,Doncaster,14:33,5,Romantic Dano,517469,Sporting Life,https://www.sportinglife.com/greyhounds/racecards/2026-09-23/doncaster/racecard/517469
2026-09-23,Doncaster,14:33,6,Active Hill,517469,Sporting Life,https://www.sportinglife.com/greyhounds/racecards/2026-09-23/doncaster/racecard/517469
2026-09-23,Doncaster,14:52,1,Maybe Sydney,517470,Sporting Life,https://www.sportinglife.com/greyhounds/racecards/2026-09-23/doncaster/racecard/517470
2026-09-23,Doncaster,14:52,2,Mia Jezabelle,517470,Sporting Life,https://www.sportinglife.com/greyhounds/racecards/2026-09-23/doncaster/racecard/517470
2026-09-23,Doncaster,14:52,4,Crystal Bale,517470,Sporting Life,https://www.sportinglife.com/greyhounds/racecards/2026-09-23/doncaster/racecard/517470
2026-09-23,Doncaster,14:52,5,Archies Gamble,517470,Sporting Life,https://www.sportinglife.com/greyhounds/racecards/2026-09-23/doncaster/racecard/517470
2026-09-23,Doncaster,14:52,6,Slaneyside Time,517470,Sporting Life,https://www.sportinglife.com/greyhounds/racecards/2026-09-23/doncaster/racecard/517470
2026-09-23,Doncaster,15:11,1,Glens Lucky Dip,517471,Sporting Life,https://www.sportinglife.com/greyhounds/racecards/2026-09-23/doncaster/racecard/517471
2026-09-23,Doncaster,15:11,3,Savana Trike,517471,Sporting Life,https://www.sportinglife.com/greyhounds/racecards/2026-09-23/doncaster/racecard/517471
2026-09-23,Doncaster,15:11,4,Another Ace,517471,Sporting Life,https://www.sportinglife.com/greyhounds/racecards/2026-09-23/doncaster/racecard/517471
2026-09-23,Doncaster,15:11,5,Moss Tang Sally,517471,Sporting Life,https://www.sportinglife.com/greyhounds/racecards/2026-09-23/doncaster/racecard/517471
2026-09-23,Doncaster,15:11,6,Cockneys Gunner,517471,Sporting Life,https://www.sportinglife.com/greyhounds/racecards/2026-09-23/doncaster/racecard/517471
2026-09-23,Doncaster,15:29,1,Tommys Dolly,517472,Sporting Life,https://www.sportinglife.com/greyhounds/racecards/2026-09-23/doncaster/racecard/517472
2026-09-23,Doncaster,15:29,2,Tanny Jezabelle,517472,Sporting Life,https://www.sportinglife.com/greyhounds/racecards/2026-09-23/doncaster/racecard/517472
2026-09-23,Doncaster,15:29,3,Cockneys Zara,517472,Sporting Life,https://www.sportinglife.com/greyhounds/racecards/2026-09-23/doncaster/racecard/517472
2026-09-23,Doncaster,15:29,4,Panaroma,517472,Sporting Life,https://www.sportinglife.com/greyhounds/racecards/2026-09-23/doncaster/racecard/517472
2026-09-23,Doncaster,15:29,6,Cockney Tan,517472,Sporting Life,https://www.sportinglife.com/greyhounds/racecards/2026-09-23/doncaster/racecard/517472
2026-09-23,Doncaster,15:49,2,Late Lola,517473,Sporting Life,https://www.sportinglife.com/greyhounds/racecards/2026-09-23/doncaster/racecard/517473
2026-09-23,Doncaster,15:49,3,Good Lossie,517473,Sporting Life,https://www.sportinglife.com/greyhounds/racecards/2026-09-23/doncaster/racecard/517473
2026-09-23,Doncaster,15:49,4,Keady Storm,517473,Sporting Life,https://www.sportinglife.com/greyhounds/racecards/2026-09-23/doncaster/racecard/517473
2026-09-23,Doncaster,15:49,5,Keady Cashout,517473,Sporting Life,https://www.sportinglife.com/greyhounds/racecards/2026-09-23/doncaster/racecard/517473
2026-09-23,Doncaster,15:49,6,Transfer Girl,517473,Sporting Life,https://www.sportinglife.com/greyhounds/racecards/2026-09-23/doncaster/racecard/517473
2026-09-23,Doncaster,16:07,1,Hugo Jezabelle,517474,Sporting Life,https://www.sportinglife.com/greyhounds/racecards/2026-09-23/doncaster/racecard/517474
2026-09-23,Doncaster,16:07,3,Rapido Ramona,517474,Sporting Life,https://www.sportinglife.com/greyhounds/racecards/2026-09-23/doncaster/racecard/517474
2026-09-23,Doncaster,16:07,4,Sparta Knight,517474,Sporting Life,https://www.sportinglife.com/greyhounds/racecards/2026-09-23/doncaster/racecard/517474
2026-09-23,Doncaster,16:07,5,Railteen Sarah,517474,Sporting Life,https://www.sportinglife.com/greyhounds/racecards/2026-09-23/doncaster/racecard/517474
2026-09-23,Doncaster,16:07,6,Glitter Ronnie,517474,Sporting Life,https://www.sportinglife.com/greyhounds/racecards/2026-09-23/doncaster/racecard/517474
2026-09-23,Doncaster,16:26,1,Savana Sandy,517475,Sporting Life,https://www.sportinglife.com/greyhounds/racecards/2026-09-23/doncaster/racecard/517475
2026-09-23,Doncaster,16:26,2,Comer Penny,517475,Sporting Life,https://www.sportinglife.com/greyhounds/racecards/2026-09-23/doncaster/racecard/517475
2026-09-23,Doncaster,16:26,3,Gethoffame,517475,Sporting Life,https://www.sportinglife.com/greyhounds/racecards/2026-09-23/doncaster/racecard/517475
2026-09-23,Doncaster,16:26,4,Tommys Flavour,517475,Sporting Life,https://www.sportinglife.com/greyhounds/racecards/2026-09-23/doncaster/racecard/517475
2026-09-23,Doncaster,16:26,5,Seabrooke,517475,Sporting Life,https://www.sportinglife.com/greyhounds/racecards/2026-09-23/doncaster/racecard/517475
2026-09-23,Doncaster,16:44,2,Ballymac Nellie,517476,Sporting Life,https://www.sportinglife.com/greyhounds/racecards/2026-09-23/doncaster/racecard/517476
2026-09-23,Doncaster,16:44,3,Amazing Emperor,517476,Sporting Life,https://www.sportinglife.com/greyhounds/racecards/2026-09-23/doncaster/racecard/517476
2026-09-23,Doncaster,16:44,4,Glitter Cooky,517476,Sporting Life,https://www.sportinglife.com/greyhounds/racecards/2026-09-23/doncaster/racecard/517476
2026-09-23,Doncaster,16:44,5,Excuse The Mess,517476,Sporting Life,https://www.sportinglife.com/greyhounds/racecards/2026-09-23/doncaster/racecard/517476
2026-09-23,Doncaster,16:44,6,Gordons Bennett,517476,Sporting Life,https://www.sportinglife.com/greyhounds/racecards/2026-09-23/doncaster/racecard/517476
2026-09-23,Doncaster,17:03,1,Lizzy Jezabelle,517477,Sporting Life,https://www.sportinglife.com/greyhounds/racecards/2026-09-23/doncaster/racecard/517477
2026-09-23,Doncaster,17:03,2,Please Ailbhe,517477,Sporting Life,https://www.sportinglife.com/greyhounds/racecards/2026-09-23/doncaster/racecard/517477
2026-09-23,Doncaster,17:03,4,Zari Hunter,517477,Sporting Life,https://www.sportinglife.com/greyhounds/racecards/2026-09-23/doncaster/racecard/517477
2026-09-23,Doncaster,17:03,5,Flosses Fendi,517477,Sporting Life,https://www.sportinglife.com/greyhounds/racecards/2026-09-23/doncaster/racecard/517477
2026-09-23,Doncaster,17:03,6,Cockney King Kev,517477,Sporting Life,https://www.sportinglife.com/greyhounds/racecards/2026-09-23/doncaster/racecard/517477
2026-09-23,Dunstall Park,18:08,1,Flyhigh Birdseye,517359,Sporting Life,https://www.sportinglife.com/greyhounds/racecards/2026-09-23/dunstall-park/racecard/517359
2026-09-23,Dunstall Park,18:08,2,Devilgate Lass,517359,Sporting Life,https://www.sportinglife.com/greyhounds/racecards/2026-09-23/dunstall-park/racecard/517359
2026-09-23,Dunstall Park,18:08,3,Brosna Pine,517359,Sporting Life,https://www.sportinglife.com/greyhounds/racecards/2026-09-23/dunstall-park/racecard/517359
2026-09-23,Dunstall Park,18:08,4,Flyhigh Pebbles,517359,Sporting Life,https://www.sportinglife.com/greyhounds/racecards/2026-09-23/dunstall-park/racecard/517359
2026-09-23,Dunstall Park,18:08,5,Ballymac Arbac,517359,Sporting Life,https://www.sportinglife.com/greyhounds/racecards/2026-09-23/dunstall-park/racecard/517359
2026-09-23,Dunstall Park,18:08,6,Rathsilla Gizmo,517359,Sporting Life,https://www.sportinglife.com/greyhounds/racecards/2026-09-23/dunstall-park/racecard/517359
2026-09-23,Dunstall Park,18:26,1,Ballyard Nell,517360,Sporting Life,https://www.sportinglife.com/greyhounds/racecards/2026-09-23/dunstall-park/racecard/517360
2026-09-23,Dunstall Park,18:26,2,Klassical Rog,517360,Sporting Life,https://www.sportinglife.com/greyhounds/racecards/2026-09-23/dunstall-park/racecard/517360
2026-09-23,Dunstall Park,18:26,3,Miss Milo,517360,Sporting Life,https://www.sportinglife.com/greyhounds/racecards/2026-09-23/dunstall-park/racecard/517360
2026-09-23,Dunstall Park,18:26,4,Klassical Davy,517360,Sporting Life,https://www.sportinglife.com/greyhounds/racecards/2026-09-23/dunstall-park/racecard/517360
2026-09-23,Dunstall Park,18:26,5,Regent Sky,517360,Sporting Life,https://www.sportinglife.com/greyhounds/racecards/2026-09-23/dunstall-park/racecard/517360
2026-09-23,Dunstall Park,18:26,6,Noels Wizard,517360,Sporting Life,https://www.sportinglife.com/greyhounds/racecards/2026-09-23/dunstall-park/racecard/517360
2026-09-23,Dunstall Park,18:42,1,Moyar King,517361,Sporting Life,https://www.sportinglife.com/greyhounds/racecards/2026-09-23/dunstall-park/racecard/517361
2026-09-23,Dunstall Park,18:42,2,Basaljett,517361,Sporting Life,https://www.sportinglife.com/greyhounds/racecards/2026-09-23/dunstall-park/racecard/517361
2026-09-23,Dunstall Park,18:42,3,Bower Linda,517361,Sporting Life,https://www.sportinglife.com/greyhounds/racecards/2026-09-23/dunstall-park/racecard/517361
2026-09-23,Dunstall Park,18:42,4,Ballymac Fintan,517361,Sporting Life,https://www.sportinglife.com/greyhounds/racecards/2026-09-23/dunstall-park/racecard/517361
2026-09-23,Dunstall Park,18:42,5,Timahoe Rocky,517361,Sporting Life,https://www.sportinglife.com/greyhounds/racecards/2026-09-23/dunstall-park/racecard/517361
2026-09-23,Dunstall Park,18:42,6,Colliers Run,517361,Sporting Life,https://www.sportinglife.com/greyhounds/racecards/2026-09-23/dunstall-park/racecard/517361
2026-09-23,Dunstall Park,18:59,1,Mercia Uhtred,517362,Sporting Life,https://www.sportinglife.com/greyhounds/racecards/2026-09-23/dunstall-park/racecard/517362
2026-09-23,Dunstall Park,18:59,2,Flyhigh Sophie,517362,Sporting Life,https://www.sportinglife.com/greyhounds/racecards/2026-09-23/dunstall-park/racecard/517362
2026-09-23,Dunstall Park,18:59,3,Eagles Ebz,517362,Sporting Life,https://www.sportinglife.com/greyhounds/racecards/2026-09-23/dunstall-park/racecard/517362
2026-09-23,Dunstall Park,18:59,4,Escape Artist,517362,Sporting Life,https://www.sportinglife.com/greyhounds/racecards/2026-09-23/dunstall-park/racecard/517362
2026-09-23,Dunstall Park,18:59,5,Moyar Gossip,517362,Sporting Life,https://www.sportinglife.com/greyhounds/racecards/2026-09-23/dunstall-park/racecard/517362
2026-09-23,Dunstall Park,18:59,6,Swift Wife,517362,Sporting Life,https://www.sportinglife.com/greyhounds/racecards/2026-09-23/dunstall-park/racecard/517362
2026-09-23,Dunstall Park,19:16,1,Porthall Coco,517363,Sporting Life,https://www.sportinglife.com/greyhounds/racecards/2026-09-23/dunstall-park/racecard/517363
2026-09-23,Dunstall Park,19:16,2,Mercia Freya,517363,Sporting Life,https://www.sportinglife.com/greyhounds/racecards/2026-09-23/dunstall-park/racecard/517363
2026-09-23,Dunstall Park,19:16,3,Camp Seanie,517363,Sporting Life,https://www.sportinglife.com/greyhounds/racecards/2026-09-23/dunstall-park/racecard/517363
2026-09-23,Dunstall Park,19:16,4,Springfield Ella,517363,Sporting Life,https://www.sportinglife.com/greyhounds/racecards/2026-09-23/dunstall-park/racecard/517363
2026-09-23,Dunstall Park,19:16,5,Moyar Mo,517363,Sporting Life,https://www.sportinglife.com/greyhounds/racecards/2026-09-23/dunstall-park/racecard/517363
2026-09-23,Dunstall Park,19:16,6,Shockwave Sirius,517363,Sporting Life,https://www.sportinglife.com/greyhounds/racecards/2026-09-23/dunstall-park/racecard/517363
2026-09-23,Dunstall Park,19:33,1,Rogue Lightning,517364,Sporting Life,https://www.sportinglife.com/greyhounds/racecards/2026-09-23/dunstall-park/racecard/517364
2026-09-23,Dunstall Park,19:33,2,Princess Ella,517364,Sporting Life,https://www.sportinglife.com/greyhounds/racecards/2026-09-23/dunstall-park/racecard/517364
2026-09-23,Dunstall Park,19:33,3,Headford Shark,517364,Sporting Life,https://www.sportinglife.com/greyhounds/racecards/2026-09-23/dunstall-park/racecard/517364
2026-09-23,Dunstall Park,19:33,4,Around The House,517364,Sporting Life,https://www.sportinglife.com/greyhounds/racecards/2026-09-23/dunstall-park/racecard/517364
2026-09-23,Dunstall Park,19:33,5,First To Post,517364,Sporting Life,https://www.sportinglife.com/greyhounds/racecards/2026-09-23/dunstall-park/racecard/517364
2026-09-23,Dunstall Park,19:33,6,Brosna Dave,517364,Sporting Life,https://www.sportinglife.com/greyhounds/racecards/2026-09-23/dunstall-park/racecard/517364
2026-09-23,Dunstall Park,19:49,2,Blazeaway Tee,517365,Sporting Life,https://www.sportinglife.com/greyhounds/racecards/2026-09-23/dunstall-park/racecard/517365
2026-09-23,Dunstall Park,19:49,3,Keplar Danzig,517365,Sporting Life,https://www.sportinglife.com/greyhounds/racecards/2026-09-23/dunstall-park/racecard/517365
2026-09-23,Dunstall Park,19:49,4,Roseville Ella,517365,Sporting Life,https://www.sportinglife.com/greyhounds/racecards/2026-09-23/dunstall-park/racecard/517365
2026-09-23,Dunstall Park,19:49,5,Fast Walk,517365,Sporting Life,https://www.sportinglife.com/greyhounds/racecards/2026-09-23/dunstall-park/racecard/517365
2026-09-23,Dunstall Park,19:49,6,Zaconey Maximus,517365,Sporting Life,https://www.sportinglife.com/greyhounds/racecards/2026-09-23/dunstall-park/racecard/517365
2026-09-23,Dunstall Park,20:07,1,Keepers Nutty,517366,Sporting Life,https://www.sportinglife.com/greyhounds/racecards/2026-09-23/dunstall-park/racecard/517366
2026-09-23,Dunstall Park,20:07,2,Blazeaway Drip,517366,Sporting Life,https://www.sportinglife.com/greyhounds/racecards/2026-09-23/dunstall-park/racecard/517366
2026-09-23,Dunstall Park,20:07,3,Darley Fatty,517366,Sporting Life,https://www.sportinglife.com/greyhounds/racecards/2026-09-23/dunstall-park/racecard/517366
2026-09-23,Dunstall Park,20:07,4,Roanna Panther,517366,Sporting Life,https://www.sportinglife.com/greyhounds/racecards/2026-09-23/dunstall-park/racecard/517366
2026-09-23,Dunstall Park,20:07,5,Ballygur Holly,517366,Sporting Life,https://www.sportinglife.com/greyhounds/racecards/2026-09-23/dunstall-park/racecard/517366
2026-09-23,Dunstall Park,20:07,6,Kerrylane King,517366,Sporting Life,https://www.sportinglife.com/greyhounds/racecards/2026-09-23/dunstall-park/racecard/517366
2026-09-23,Dunstall Park,20:24,1,Sporting Lovers,517367,Sporting Life,https://www.sportinglife.com/greyhounds/racecards/2026-09-23/dunstall-park/racecard/517367
2026-09-23,Dunstall Park,20:24,2,Brosna Lenson,517367,Sporting Life,https://www.sportinglife.com/greyhounds/racecards/2026-09-23/dunstall-park/racecard/517367
2026-09-23,Dunstall Park,20:24,3,Ashtons Bingo,517367,Sporting Life,https://www.sportinglife.com/greyhounds/racecards/2026-09-23/dunstall-park/racecard/517367
2026-09-23,Dunstall Park,20:24,4,We Dont Know,517367,Sporting Life,https://www.sportinglife.com/greyhounds/racecards/2026-09-23/dunstall-park/racecard/517367
2026-09-23,Dunstall Park,20:24,5,Bullseye Bob,517367,Sporting Life,https://www.sportinglife.com/greyhounds/racecards/2026-09-23/dunstall-park/racecard/517367
2026-09-23,Dunstall Park,20:41,1,She Can Dance,517368,Sporting Life,https://www.sportinglife.com/greyhounds/racecards/2026-09-23/dunstall-park/racecard/517368
2026-09-23,Dunstall Park,20:41,2,Freeway Bell,517368,Sporting Life,https://www.sportinglife.com/greyhounds/racecards/2026-09-23/dunstall-park/racecard/517368
2026-09-23,Dunstall Park,20:41,3,Moyar Hill,517368,Sporting Life,https://www.sportinglife.com/greyhounds/racecards/2026-09-23/dunstall-park/racecard/517368
2026-09-23,Dunstall Park,20:41,4,Mohican Bale,517368,Sporting Life,https://www.sportinglife.com/greyhounds/racecards/2026-09-23/dunstall-park/racecard/517368
2026-09-23,Dunstall Park,20:41,5,Dapper Chunky,517368,Sporting Life,https://www.sportinglife.com/greyhounds/racecards/2026-09-23/dunstall-park/racecard/517368
2026-09-23,Dunstall Park,20:41,6,Inclementweather,517368,Sporting Life,https://www.sportinglife.com/greyhounds/racecards/2026-09-23/dunstall-park/racecard/517368
2026-09-23,Dunstall Park,20:59,1,Cloughtaney Chaz,517369,Sporting Life,https://www.sportinglife.com/greyhounds/racecards/2026-09-23/dunstall-park/racecard/517369
2026-09-23,Dunstall Park,20:59,2,Bannan Dubhg,517369,Sporting Life,https://www.sportinglife.com/greyhounds/racecards/2026-09-23/dunstall-park/racecard/517369
2026-09-23,Dunstall Park,20:59,3,Malaika Queen,517369,Sporting Life,https://www.sportinglife.com/greyhounds/racecards/2026-09-23/dunstall-park/racecard/517369
2026-09-23,Dunstall Park,20:59,4,Swift Vein,517369,Sporting Life,https://www.sportinglife.com/greyhounds/racecards/2026-09-23/dunstall-park/racecard/517369
2026-09-23,Dunstall Park,20:59,5,Moanteen Molly,517369,Sporting Life,https://www.sportinglife.com/greyhounds/racecards/2026-09-23/dunstall-park/racecard/517369
2026-09-23,Dunstall Park,20:59,6,Porthall Tess,517369,Sporting Life,https://www.sportinglife.com/greyhounds/racecards/2026-09-23/dunstall-park/racecard/517369
2026-09-23,Dunstall Park,21:16,1,Ivys Holly,517370,Sporting Life,https://www.sportinglife.com/greyhounds/racecards/2026-09-23/dunstall-park/racecard/517370
2026-09-23,Dunstall Park,21:16,2,Sporting Mate,517370,Sporting Life,https://www.sportinglife.com/greyhounds/racecards/2026-09-23/dunstall-park/racecard/517370
2026-09-23,Dunstall Park,21:16,3,Edial Solo,517370,Sporting Life,https://www.sportinglife.com/greyhounds/racecards/2026-09-23/dunstall-park/racecard/517370
2026-09-23,Dunstall Park,21:16,4,Wicky Bucko,517370,Sporting Life,https://www.sportinglife.com/greyhounds/racecards/2026-09-23/dunstall-park/racecard/517370
2026-09-23,Dunstall Park,21:16,5,Seomra Ophelia,517370,Sporting Life,https://www.sportinglife.com/greyhounds/racecards/2026-09-23/dunstall-park/racecard/517370
2026-09-23,Dunstall Park,21:16,6,Noduff Golf,517370,Sporting Life,https://www.sportinglife.com/greyhounds/racecards/2026-09-23/dunstall-park/racecard/517370
2026-09-23,Harlow,10:32,1,Rathbally Anna,517395,Sporting Life,https://www.sportinglife.com/greyhounds/racecards/2026-09-23/harlow/racecard/517395
2026-09-23,Harlow,10:32,2,Moaning Ross,517395,Sporting Life,https://www.sportinglife.com/greyhounds/racecards/2026-09-23/harlow/racecard/517395
2026-09-23,Harlow,10:32,3,Jumbos Toffee,517395,Sporting Life,https://www.sportinglife.com/greyhounds/racecards/2026-09-23/harlow/racecard/517395
2026-09-23,Harlow,10:32,4,Market,517395,Sporting Life,https://www.sportinglife.com/greyhounds/racecards/2026-09-23/harlow/racecard/517395
2026-09-23,Harlow,10:32,5,Ammit,517395,Sporting Life,https://www.sportinglife.com/greyhounds/racecards/2026-09-23/harlow/racecard/517395
2026-09-23,Harlow,10:32,6,Olwinn Jackson,517395,Sporting Life,https://www.sportinglife.com/greyhounds/racecards/2026-09-23/harlow/racecard/517395
2026-09-23,Harlow,10:48,1,Antalya,517396,Sporting Life,https://www.sportinglife.com/greyhounds/racecards/2026-09-23/harlow/racecard/517396
2026-09-23,Harlow,10:48,2,Rosstemple Cody,517396,Sporting Life,https://www.sportinglife.com/greyhounds/racecards/2026-09-23/harlow/racecard/517396
2026-09-23,Harlow,10:48,3,Essjay Ceearejay,517396,Sporting Life,https://www.sportinglife.com/greyhounds/racecards/2026-09-23/harlow/racecard/517396
2026-09-23,Harlow,10:48,4,Catunda Remi,517396,Sporting Life,https://www.sportinglife.com/greyhounds/racecards/2026-09-23/harlow/racecard/517396
2026-09-23,Harlow,10:48,5,Cofam Tiger,517396,Sporting Life,https://www.sportinglife.com/greyhounds/racecards/2026-09-23/harlow/racecard/517396
2026-09-23,Harlow,10:48,6,Westfield Aida,517396,Sporting Life,https://www.sportinglife.com/greyhounds/racecards/2026-09-23/harlow/racecard/517396
2026-09-23,Harlow,11:04,1,Townsend Bruno,517397,Sporting Life,https://www.sportinglife.com/greyhounds/racecards/2026-09-23/harlow/racecard/517397
2026-09-23,Harlow,11:04,2,Faces And Places,517397,Sporting Life,https://www.sportinglife.com/greyhounds/racecards/2026-09-23/harlow/racecard/517397
2026-09-23,Harlow,11:04,3,Tinks That,517397,Sporting Life,https://www.sportinglife.com/greyhounds/racecards/2026-09-23/harlow/racecard/517397
2026-09-23,Harlow,11:04,4,Skinny Pete,517397,Sporting Life,https://www.sportinglife.com/greyhounds/racecards/2026-09-23/harlow/racecard/517397
2026-09-23,Harlow,11:04,5,Salems Brianna,517397,Sporting Life,https://www.sportinglife.com/greyhounds/racecards/2026-09-23/harlow/racecard/517397
2026-09-23,Harlow,11:04,6,Fenview Taylor,517397,Sporting Life,https://www.sportinglife.com/greyhounds/racecards/2026-09-23/harlow/racecard/517397
2026-09-23,Harlow,11:21,1,Flattotheboards,517398,Sporting Life,https://www.sportinglife.com/greyhounds/racecards/2026-09-23/harlow/racecard/517398
2026-09-23,Harlow,11:21,2,Moaning Mccoist,517398,Sporting Life,https://www.sportinglife.com/greyhounds/racecards/2026-09-23/harlow/racecard/517398
2026-09-23,Harlow,11:21,3,Buzzinger,517398,Sporting Life,https://www.sportinglife.com/greyhounds/racecards/2026-09-23/harlow/racecard/517398
2026-09-23,Harlow,11:21,4,Blackstone Story,517398,Sporting Life,https://www.sportinglife.com/greyhounds/racecards/2026-09-23/harlow/racecard/517398
2026-09-23,Harlow,11:21,5,Doggy Parton,517398,Sporting Life,https://www.sportinglife.com/greyhounds/racecards/2026-09-23/harlow/racecard/517398
2026-09-23,Harlow,11:21,6,Darver Casemiro,517398,Sporting Life,https://www.sportinglife.com/greyhounds/racecards/2026-09-23/harlow/racecard/517398
2026-09-23,Harlow,11:38,1,Lye In Wait,517399,Sporting Life,https://www.sportinglife.com/greyhounds/racecards/2026-09-23/harlow/racecard/517399
2026-09-23,Harlow,11:38,2,Moaning Martini,517399,Sporting Life,https://www.sportinglife.com/greyhounds/racecards/2026-09-23/harlow/racecard/517399
2026-09-23,Harlow,11:38,3,Browns Barbie,517399,Sporting Life,https://www.sportinglife.com/greyhounds/racecards/2026-09-23/harlow/racecard/517399
2026-09-23,Harlow,11:38,4,Tiermana Sally,517399,Sporting Life,https://www.sportinglife.com/greyhounds/racecards/2026-09-23/harlow/racecard/517399
2026-09-23,Harlow,11:38,6,Salems Mickey,517399,Sporting Life,https://www.sportinglife.com/greyhounds/racecards/2026-09-23/harlow/racecard/517399
2026-09-23,Harlow,11:54,1,Pavilion Hoggie,517400,Sporting Life,https://www.sportinglife.com/greyhounds/racecards/2026-09-23/harlow/racecard/517400
2026-09-23,Harlow,11:54,2,Rains Bono,517400,Sporting Life,https://www.sportinglife.com/greyhounds/racecards/2026-09-23/harlow/racecard/517400
2026-09-23,Harlow,11:54,3,Headford Gent,517400,Sporting Life,https://www.sportinglife.com/greyhounds/racecards/2026-09-23/harlow/racecard/517400
2026-09-23,Harlow,11:54,4,Fairhill Autumn,517400,Sporting Life,https://www.sportinglife.com/greyhounds/racecards/2026-09-23/harlow/racecard/517400
2026-09-23,Harlow,11:54,6,Moaning Versace,517400,Sporting Life,https://www.sportinglife.com/greyhounds/racecards/2026-09-23/harlow/racecard/517400
2026-09-23,Harlow,12:12,1,Salems Campari,517401,Sporting Life,https://www.sportinglife.com/greyhounds/racecards/2026-09-23/harlow/racecard/517401
2026-09-23,Harlow,12:12,2,Gothic Queen,517401,Sporting Life,https://www.sportinglife.com/greyhounds/racecards/2026-09-23/harlow/racecard/517401
2026-09-23,Harlow,12:12,3,Scarlett Galaxy,517401,Sporting Life,https://www.sportinglife.com/greyhounds/racecards/2026-09-23/harlow/racecard/517401
2026-09-23,Harlow,12:12,4,Fortunate Rose,517401,Sporting Life,https://www.sportinglife.com/greyhounds/racecards/2026-09-23/harlow/racecard/517401
2026-09-23,Harlow,12:12,6,Moaning Mai Tai,517401,Sporting Life,https://www.sportinglife.com/greyhounds/racecards/2026-09-23/harlow/racecard/517401
2026-09-23,Harlow,12:29,1,Black Len,517402,Sporting Life,https://www.sportinglife.com/greyhounds/racecards/2026-09-23/harlow/racecard/517402
2026-09-23,Harlow,12:29,2,Mud Dog,517402,Sporting Life,https://www.sportinglife.com/greyhounds/racecards/2026-09-23/harlow/racecard/517402
2026-09-23,Harlow,12:29,3,Doreens Poppy,517402,Sporting Life,https://www.sportinglife.com/greyhounds/racecards/2026-09-23/harlow/racecard/517402
2026-09-23,Harlow,12:29,4,Crying Jonesy,517402,Sporting Life,https://www.sportinglife.com/greyhounds/racecards/2026-09-23/harlow/racecard/517402
2026-09-23,Harlow,12:29,5,Mister Bojangles,517402,Sporting Life,https://www.sportinglife.com/greyhounds/racecards/2026-09-23/harlow/racecard/517402
2026-09-23,Harlow,12:29,6,Savourtheflavour,517402,Sporting Life,https://www.sportinglife.com/greyhounds/racecards/2026-09-23/harlow/racecard/517402
2026-09-23,Harlow,12:46,1,Glynnscross Blue,517403,Sporting Life,https://www.sportinglife.com/greyhounds/racecards/2026-09-23/harlow/racecard/517403
2026-09-23,Harlow,12:46,2,Speedy Gene,517403,Sporting Life,https://www.sportinglife.com/greyhounds/racecards/2026-09-23/harlow/racecard/517403
2026-09-23,Harlow,12:46,3,Cofam Spurs,517403,Sporting Life,https://www.sportinglife.com/greyhounds/racecards/2026-09-23/harlow/racecard/517403
2026-09-23,Harlow,12:46,4,Catunda Harrison,517403,Sporting Life,https://www.sportinglife.com/greyhounds/racecards/2026-09-23/harlow/racecard/517403
2026-09-23,Harlow,12:46,6,Moaning Monster,517403,Sporting Life,https://www.sportinglife.com/greyhounds/racecards/2026-09-23/harlow/racecard/517403
2026-09-23,Harlow,13:03,1,Headford Cooper,517404,Sporting Life,https://www.sportinglife.com/greyhounds/racecards/2026-09-23/harlow/racecard/517404
2026-09-23,Harlow,13:03,2,Doreens Ash,517404,Sporting Life,https://www.sportinglife.com/greyhounds/racecards/2026-09-23/harlow/racecard/517404
2026-09-23,Harlow,13:03,3,Moaning Gabriel,517404,Sporting Life,https://www.sportinglife.com/greyhounds/racecards/2026-09-23/harlow/racecard/517404
2026-09-23,Harlow,13:03,5,Moaning Mojito,517404,Sporting Life,https://www.sportinglife.com/greyhounds/racecards/2026-09-23/harlow/racecard/517404
2026-09-23,Harlow,13:03,6,Tinas Liberty,517404,Sporting Life,https://www.sportinglife.com/greyhounds/racecards/2026-09-23/harlow/racecard/517404
2026-09-23,Harlow,13:19,1,Comer Canal,517405,Sporting Life,https://www.sportinglife.com/greyhounds/racecards/2026-09-23/harlow/racecard/517405
2026-09-23,Harlow,13:19,2,Be The Key,517405,Sporting Life,https://www.sportinglife.com/greyhounds/racecards/2026-09-23/harlow/racecard/517405
2026-09-23,Harlow,13:19,3,Brynoffa Jill,517405,Sporting Life,https://www.sportinglife.com/greyhounds/racecards/2026-09-23/harlow/racecard/517405
2026-09-23,Harlow,13:19,4,Brandywell King,517405,Sporting Life,https://www.sportinglife.com/greyhounds/racecards/2026-09-23/harlow/racecard/517405
2026-09-23,Harlow,13:19,5,Divine Rule,517405,Sporting Life,https://www.sportinglife.com/greyhounds/racecards/2026-09-23/harlow/racecard/517405
2026-09-23,Harlow,13:19,6,Absconder,517405,Sporting Life,https://www.sportinglife.com/greyhounds/racecards/2026-09-23/harlow/racecard/517405
2026-09-23,Harlow,13:37,1,Swift Waffle,517406,Sporting Life,https://www.sportinglife.com/greyhounds/racecards/2026-09-23/harlow/racecard/517406
2026-09-23,Harlow,13:37,2,Soldeu,517406,Sporting Life,https://www.sportinglife.com/greyhounds/racecards/2026-09-23/harlow/racecard/517406
2026-09-23,Harlow,13:37,3,Ballybrennan Joe,517406,Sporting Life,https://www.sportinglife.com/greyhounds/racecards/2026-09-23/harlow/racecard/517406
2026-09-23,Harlow,13:37,4,Rathbally Bolger,517406,Sporting Life,https://www.sportinglife.com/greyhounds/racecards/2026-09-23/harlow/racecard/517406
2026-09-23,Harlow,13:37,5,Simply Perfect,517406,Sporting Life,https://www.sportinglife.com/greyhounds/racecards/2026-09-23/harlow/racecard/517406
2026-09-23,Harlow,13:37,6,Rodneys Girl,517406,Sporting Life,https://www.sportinglife.com/greyhounds/racecards/2026-09-23/harlow/racecard/517406
2026-09-23,Harlow,13:54,1,Skidrow Jake,517407,Sporting Life,https://www.sportinglife.com/greyhounds/racecards/2026-09-23/harlow/racecard/517407
2026-09-23,Harlow,13:54,2,Adamant Breeze,517407,Sporting Life,https://www.sportinglife.com/greyhounds/racecards/2026-09-23/harlow/racecard/517407
2026-09-23,Harlow,13:54,3,Oppo,517407,Sporting Life,https://www.sportinglife.com/greyhounds/racecards/2026-09-23/harlow/racecard/517407
2026-09-23,Harlow,13:54,4,Brindle Bomber,517407,Sporting Life,https://www.sportinglife.com/greyhounds/racecards/2026-09-23/harlow/racecard/517407
2026-09-23,Harlow,13:54,5,Sallins Flyer,517407,Sporting Life,https://www.sportinglife.com/greyhounds/racecards/2026-09-23/harlow/racecard/517407
2026-09-23,Harlow,13:54,6,Olwinn Pest,517407,Sporting Life,https://www.sportinglife.com/greyhounds/racecards/2026-09-23/harlow/racecard/517407
2026-09-23,Harlow,14:11,1,More Firepower,517408,Sporting Life,https://www.sportinglife.com/greyhounds/racecards/2026-09-23/harlow/racecard/517408
2026-09-23,Harlow,14:11,2,Moaning Cashout,517408,Sporting Life,https://www.sportinglife.com/greyhounds/racecards/2026-09-23/harlow/racecard/517408
2026-09-23,Harlow,14:11,3,No Worries Dave,517408,Sporting Life,https://www.sportinglife.com/greyhounds/racecards/2026-09-23/harlow/racecard/517408
2026-09-23,Harlow,14:11,4,Fridays Ariana,517408,Sporting Life,https://www.sportinglife.com/greyhounds/racecards/2026-09-23/harlow/racecard/517408
2026-09-23,Harlow,14:11,5,Moaning Sugaray,517408,Sporting Life,https://www.sportinglife.com/greyhounds/racecards/2026-09-23/harlow/racecard/517408
2026-09-23,Harlow,14:11,6,Double Errill,517408,Sporting Life,https://www.sportinglife.com/greyhounds/racecards/2026-09-23/harlow/racecard/517408
2026-09-23,Harlow,18:11,1,Small But Speedy,517409,Sporting Life,https://www.sportinglife.com/greyhounds/racecards/2026-09-23/harlow/racecard/517409
2026-09-23,Harlow,18:11,2,Clodaghs Gift,517409,Sporting Life,https://www.sportinglife.com/greyhounds/racecards/2026-09-23/harlow/racecard/517409
2026-09-23,Harlow,18:11,3,Savana Tir Nanog,517409,Sporting Life,https://www.sportinglife.com/greyhounds/racecards/2026-09-23/harlow/racecard/517409
2026-09-23,Harlow,18:11,4,Meenagh Memphis,517409,Sporting Life,https://www.sportinglife.com/greyhounds/racecards/2026-09-23/harlow/racecard/517409
2026-09-23,Harlow,18:11,5,Savana Albert,517409,Sporting Life,https://www.sportinglife.com/greyhounds/racecards/2026-09-23/harlow/racecard/517409
2026-09-23,Harlow,18:11,6,Old Fort Mickmac,517409,Sporting Life,https://www.sportinglife.com/greyhounds/racecards/2026-09-23/harlow/racecard/517409
2026-09-23,Harlow,18:29,1,Townsend Tonya,517410,Sporting Life,https://www.sportinglife.com/greyhounds/racecards/2026-09-23/harlow/racecard/517410
2026-09-23,Harlow,18:29,2,Rings Ruby,517410,Sporting Life,https://www.sportinglife.com/greyhounds/racecards/2026-09-23/harlow/racecard/517410
2026-09-23,Harlow,18:29,3,Club Dream,517410,Sporting Life,https://www.sportinglife.com/greyhounds/racecards/2026-09-23/harlow/racecard/517410
2026-09-23,Harlow,18:29,4,Robbies King,517410,Sporting Life,https://www.sportinglife.com/greyhounds/racecards/2026-09-23/harlow/racecard/517410
2026-09-23,Harlow,18:29,5,Yo Magic,517410,Sporting Life,https://www.sportinglife.com/greyhounds/racecards/2026-09-23/harlow/racecard/517410
2026-09-23,Harlow,18:29,6,Bisto Rio,517410,Sporting Life,https://www.sportinglife.com/greyhounds/racecards/2026-09-23/harlow/racecard/517410
2026-09-23,Harlow,18:46,1,Southwind Oz,517411,Sporting Life,https://www.sportinglife.com/greyhounds/racecards/2026-09-23/harlow/racecard/517411
2026-09-23,Harlow,18:46,3,Scrahan Cruiser,517411,Sporting Life,https://www.sportinglife.com/greyhounds/racecards/2026-09-23/harlow/racecard/517411
2026-09-23,Harlow,18:46,4,Ballybreen Zeta,517411,Sporting Life,https://www.sportinglife.com/greyhounds/racecards/2026-09-23/harlow/racecard/517411
2026-09-23,Harlow,18:46,5,Breakaway Bell,517411,Sporting Life,https://www.sportinglife.com/greyhounds/racecards/2026-09-23/harlow/racecard/517411
2026-09-23,Harlow,18:46,6,The Other Rafa,517411,Sporting Life,https://www.sportinglife.com/greyhounds/racecards/2026-09-23/harlow/racecard/517411
2026-09-23,Harlow,19:04,1,Harriestown Kate,517412,Sporting Life,https://www.sportinglife.com/greyhounds/racecards/2026-09-23/harlow/racecard/517412
2026-09-23,Harlow,19:04,2,Masterstown Rena,517412,Sporting Life,https://www.sportinglife.com/greyhounds/racecards/2026-09-23/harlow/racecard/517412
2026-09-23,Harlow,19:04,3,Savana Marylou,517412,Sporting Life,https://www.sportinglife.com/greyhounds/racecards/2026-09-23/harlow/racecard/517412
2026-09-23,Harlow,19:04,4,Mcgregor,517412,Sporting Life,https://www.sportinglife.com/greyhounds/racecards/2026-09-23/harlow/racecard/517412
2026-09-23,Harlow,19:04,5,Danielles Queen,517412,Sporting Life,https://www.sportinglife.com/greyhounds/racecards/2026-09-23/harlow/racecard/517412
2026-09-23,Harlow,19:04,6,Brentfordforever,517412,Sporting Life,https://www.sportinglife.com/greyhounds/racecards/2026-09-23/harlow/racecard/517412
2026-09-23,Harlow,19:24,1,My Fancy Ways,517413,Sporting Life,https://www.sportinglife.com/greyhounds/racecards/2026-09-23/harlow/racecard/517413
2026-09-23,Harlow,19:24,2,Hillcroft Mick,517413,Sporting Life,https://www.sportinglife.com/greyhounds/racecards/2026-09-23/harlow/racecard/517413
2026-09-23,Harlow,19:24,3,Townsend Daisy,517413,Sporting Life,https://www.sportinglife.com/greyhounds/racecards/2026-09-23/harlow/racecard/517413
2026-09-23,Harlow,19:24,4,Miss Pepsi,517413,Sporting Life,https://www.sportinglife.com/greyhounds/racecards/2026-09-23/harlow/racecard/517413
2026-09-23,Harlow,19:24,5,Jimbo Junior,517413,Sporting Life,https://www.sportinglife.com/greyhounds/racecards/2026-09-23/harlow/racecard/517413
2026-09-23,Harlow,19:24,6,Devilsbit Rose,517413,Sporting Life,https://www.sportinglife.com/greyhounds/racecards/2026-09-23/harlow/racecard/517413
2026-09-23,Harlow,19:42,1,Old Fort Rinty,517414,Sporting Life,https://www.sportinglife.com/greyhounds/racecards/2026-09-23/harlow/racecard/517414
2026-09-23,Harlow,19:42,2,Keefill Coco,517414,Sporting Life,https://www.sportinglife.com/greyhounds/racecards/2026-09-23/harlow/racecard/517414
2026-09-23,Harlow,19:42,3,Maeda,517414,Sporting Life,https://www.sportinglife.com/greyhounds/racecards/2026-09-23/harlow/racecard/517414
2026-09-23,Harlow,19:42,4,My Bella Rose,517414,Sporting Life,https://www.sportinglife.com/greyhounds/racecards/2026-09-23/harlow/racecard/517414
2026-09-23,Harlow,19:42,5,Savana Turtle,517414,Sporting Life,https://www.sportinglife.com/greyhounds/racecards/2026-09-23/harlow/racecard/517414
2026-09-23,Harlow,19:42,6,Ardnasool Hulk,517414,Sporting Life,https://www.sportinglife.com/greyhounds/racecards/2026-09-23/harlow/racecard/517414
2026-09-23,Harlow,19:58,1,Hawkfield Kopek,517415,Sporting Life,https://www.sportinglife.com/greyhounds/racecards/2026-09-23/harlow/racecard/517415
2026-09-23,Harlow,19:58,2,Darrens Dog,517415,Sporting Life,https://www.sportinglife.com/greyhounds/racecards/2026-09-23/harlow/racecard/517415
2026-09-23,Harlow,19:58,4,Luminous Cutie,517415,Sporting Life,https://www.sportinglife.com/greyhounds/racecards/2026-09-23/harlow/racecard/517415
2026-09-23,Harlow,19:58,5,Canya Queue,517415,Sporting Life,https://www.sportinglife.com/greyhounds/racecards/2026-09-23/harlow/racecard/517415
2026-09-23,Harlow,19:58,6,Good Rex,517415,Sporting Life,https://www.sportinglife.com/greyhounds/racecards/2026-09-23/harlow/racecard/517415
2026-09-23,Harlow,20:16,1,Salternator,517416,Sporting Life,https://www.sportinglife.com/greyhounds/racecards/2026-09-23/harlow/racecard/517416
2026-09-23,Harlow,20:16,2,Rallying Wood,517416,Sporting Life,https://www.sportinglife.com/greyhounds/racecards/2026-09-23/harlow/racecard/517416
2026-09-23,Harlow,20:16,3,Glasheen Zoey,517416,Sporting Life,https://www.sportinglife.com/greyhounds/racecards/2026-09-23/harlow/racecard/517416
2026-09-23,Harlow,20:16,4,Fluff The Punt,517416,Sporting Life,https://www.sportinglife.com/greyhounds/racecards/2026-09-23/harlow/racecard/517416
2026-09-23,Harlow,20:16,5,Eden Weasley,517416,Sporting Life,https://www.sportinglife.com/greyhounds/racecards/2026-09-23/harlow/racecard/517416
2026-09-23,Harlow,20:16,6,Up North,517416,Sporting Life,https://www.sportinglife.com/greyhounds/racecards/2026-09-23/harlow/racecard/517416
2026-09-23,Harlow,20:34,1,Jumbos Mia,517417,Sporting Life,https://www.sportinglife.com/greyhounds/racecards/2026-09-23/harlow/racecard/517417
2026-09-23,Harlow,20:34,2,Savana Maggiemay,517417,Sporting Life,https://www.sportinglife.com/greyhounds/racecards/2026-09-23/harlow/racecard/517417
2026-09-23,Harlow,20:34,3,Ravenswood Blake,517417,Sporting Life,https://www.sportinglife.com/greyhounds/racecards/2026-09-23/harlow/racecard/517417
2026-09-23,Harlow,20:34,5,Keepers Notgrove,517417,Sporting Life,https://www.sportinglife.com/greyhounds/racecards/2026-09-23/harlow/racecard/517417
2026-09-23,Harlow,20:34,6,Townsend Margo,517417,Sporting Life,https://www.sportinglife.com/greyhounds/racecards/2026-09-23/harlow/racecard/517417
2026-09-23,Harlow,20:52,1,Fastlane Lilly,517418,Sporting Life,https://www.sportinglife.com/greyhounds/racecards/2026-09-23/harlow/racecard/517418
2026-09-23,Harlow,20:52,2,Yo Savana,517418,Sporting Life,https://www.sportinglife.com/greyhounds/racecards/2026-09-23/harlow/racecard/517418
2026-09-23,Harlow,20:52,3,Tyford Spot,517418,Sporting Life,https://www.sportinglife.com/greyhounds/racecards/2026-09-23/harlow/racecard/517418
2026-09-23,Harlow,20:52,4,Random Izzy,517418,Sporting Life,https://www.sportinglife.com/greyhounds/racecards/2026-09-23/harlow/racecard/517418
2026-09-23,Harlow,20:52,5,Tobergal Poppy,517418,Sporting Life,https://www.sportinglife.com/greyhounds/racecards/2026-09-23/harlow/racecard/517418
2026-09-23,Harlow,20:52,6,Savana Boycie,517418,Sporting Life,https://www.sportinglife.com/greyhounds/racecards/2026-09-23/harlow/racecard/517418
2026-09-23,Harlow,21:09,1,Derry Rebel,517419,Sporting Life,https://www.sportinglife.com/greyhounds/racecards/2026-09-23/harlow/racecard/517419
2026-09-23,Harlow,21:09,2,Howsyerday Dolly,517419,Sporting Life,https://www.sportinglife.com/greyhounds/racecards/2026-09-23/harlow/racecard/517419
2026-09-23,Harlow,21:09,3,Ballybrennan Jim,517419,Sporting Life,https://www.sportinglife.com/greyhounds/racecards/2026-09-23/harlow/racecard/517419
2026-09-23,Harlow,21:09,4,Tyford Pet,517419,Sporting Life,https://www.sportinglife.com/greyhounds/racecards/2026-09-23/harlow/racecard/517419
2026-09-23,Harlow,21:09,5,Estefans Tune,517419,Sporting Life,https://www.sportinglife.com/greyhounds/racecards/2026-09-23/harlow/racecard/517419
2026-09-23,Harlow,21:09,6,Savana Shady,517419,Sporting Life,https://www.sportinglife.com/greyhounds/racecards/2026-09-23/harlow/racecard/517419
2026-09-23,Harlow,21:26,1,Britbull Poppy,517420,Sporting Life,https://www.sportinglife.com/greyhounds/racecards/2026-09-23/harlow/racecard/517420
2026-09-23,Harlow,21:26,2,Gothic Cheyenne,517420,Sporting Life,https://www.sportinglife.com/greyhounds/racecards/2026-09-23/harlow/racecard/517420
2026-09-23,Harlow,21:26,3,Ballybrennan Pat,517420,Sporting Life,https://www.sportinglife.com/greyhounds/racecards/2026-09-23/harlow/racecard/517420
2026-09-23,Harlow,21:26,4,Joyces Sadie,517420,Sporting Life,https://www.sportinglife.com/greyhounds/racecards/2026-09-23/harlow/racecard/517420
2026-09-23,Harlow,21:26,5,Shortwood Ally,517420,Sporting Life,https://www.sportinglife.com/greyhounds/racecards/2026-09-23/harlow/racecard/517420
2026-09-23,Harlow,21:26,6,Boreen Pearl,517420,Sporting Life,https://www.sportinglife.com/greyhounds/racecards/2026-09-23/harlow/racecard/517420
2026-09-23,Hove,14:23,1,Candolim Tornado,517383,Sporting Life,https://www.sportinglife.com/greyhounds/racecards/2026-09-23/hove/racecard/517383
2026-09-23,Hove,14:23,2,Mertonaby Gigi,517383,Sporting Life,https://www.sportinglife.com/greyhounds/racecards/2026-09-23/hove/racecard/517383
2026-09-23,Hove,14:23,3,Moody Rudy,517383,Sporting Life,https://www.sportinglife.com/greyhounds/racecards/2026-09-23/hove/racecard/517383
2026-09-23,Hove,14:23,5,Seomra Hachi,517383,Sporting Life,https://www.sportinglife.com/greyhounds/racecards/2026-09-23/hove/racecard/517383
2026-09-23,Hove,14:23,6,Bu Han Tag,517383,Sporting Life,https://www.sportinglife.com/greyhounds/racecards/2026-09-23/hove/racecard/517383
2026-09-23,Hove,14:41,1,Avarua Sarah,517384,Sporting Life,https://www.sportinglife.com/greyhounds/racecards/2026-09-23/hove/racecard/517384
2026-09-23,Hove,14:41,2,Azura Star,517384,Sporting Life,https://www.sportinglife.com/greyhounds/racecards/2026-09-23/hove/racecard/517384
2026-09-23,Hove,14:41,3,Avarua Flojo,517384,Sporting Life,https://www.sportinglife.com/greyhounds/racecards/2026-09-23/hove/racecard/517384
2026-09-23,Hove,14:41,4,Shanahee Trevor,517384,Sporting Life,https://www.sportinglife.com/greyhounds/racecards/2026-09-23/hove/racecard/517384
2026-09-23,Hove,14:41,6,Tell On Olivia,517384,Sporting Life,https://www.sportinglife.com/greyhounds/racecards/2026-09-23/hove/racecard/517384
2026-09-23,Hove,15:01,1,Antigua Luigi,517385,Sporting Life,https://www.sportinglife.com/greyhounds/racecards/2026-09-23/hove/racecard/517385
2026-09-23,Hove,15:01,2,Ower Cracker,517385,Sporting Life,https://www.sportinglife.com/greyhounds/racecards/2026-09-23/hove/racecard/517385
2026-09-23,Hove,15:01,4,Avarua Herbie,517385,Sporting Life,https://www.sportinglife.com/greyhounds/racecards/2026-09-23/hove/racecard/517385
2026-09-23,Hove,15:01,5,Wastehouse Mix,517385,Sporting Life,https://www.sportinglife.com/greyhounds/racecards/2026-09-23/hove/racecard/517385
2026-09-23,Hove,15:01,6,Seomra Benji,517385,Sporting Life,https://www.sportinglife.com/greyhounds/racecards/2026-09-23/hove/racecard/517385
2026-09-23,Hove,15:19,1,Selker Bay Mary,517386,Sporting Life,https://www.sportinglife.com/greyhounds/racecards/2026-09-23/hove/racecard/517386
2026-09-23,Hove,15:19,2,Taylors Melody,517386,Sporting Life,https://www.sportinglife.com/greyhounds/racecards/2026-09-23/hove/racecard/517386
2026-09-23,Hove,15:19,3,Highfield Lass,517386,Sporting Life,https://www.sportinglife.com/greyhounds/racecards/2026-09-23/hove/racecard/517386
2026-09-23,Hove,15:19,4,Droopys Lara,517386,Sporting Life,https://www.sportinglife.com/greyhounds/racecards/2026-09-23/hove/racecard/517386
2026-09-23,Hove,15:19,5,Hypershock,517386,Sporting Life,https://www.sportinglife.com/greyhounds/racecards/2026-09-23/hove/racecard/517386
2026-09-23,Hove,15:38,1,Spot On Bud,517387,Sporting Life,https://www.sportinglife.com/greyhounds/racecards/2026-09-23/hove/racecard/517387
2026-09-23,Hove,15:38,2,Westcoast Rocket,517387,Sporting Life,https://www.sportinglife.com/greyhounds/racecards/2026-09-23/hove/racecard/517387
2026-09-23,Hove,15:38,3,Digbys Maverick,517387,Sporting Life,https://www.sportinglife.com/greyhounds/racecards/2026-09-23/hove/racecard/517387
2026-09-23,Hove,15:38,4,Uptown Lass,517387,Sporting Life,https://www.sportinglife.com/greyhounds/racecards/2026-09-23/hove/racecard/517387
2026-09-23,Hove,15:38,5,Mustang Maverick,517387,Sporting Life,https://www.sportinglife.com/greyhounds/racecards/2026-09-23/hove/racecard/517387
2026-09-23,Hove,15:38,6,Forever Tender,517387,Sporting Life,https://www.sportinglife.com/greyhounds/racecards/2026-09-23/hove/racecard/517387
2026-09-23,Hove,15:57,2,Emmas Bee,517388,Sporting Life,https://www.sportinglife.com/greyhounds/racecards/2026-09-23/hove/racecard/517388
2026-09-23,Hove,15:57,3,Ambiguous,517388,Sporting Life,https://www.sportinglife.com/greyhounds/racecards/2026-09-23/hove/racecard/517388
2026-09-23,Hove,15:57,4,Kamikaze Cowgirl,517388,Sporting Life,https://www.sportinglife.com/greyhounds/racecards/2026-09-23/hove/racecard/517388
2026-09-23,Hove,15:57,5,Curtin Raiser,517388,Sporting Life,https://www.sportinglife.com/greyhounds/racecards/2026-09-23/hove/racecard/517388
2026-09-23,Hove,15:57,6,Montalto Star,517388,Sporting Life,https://www.sportinglife.com/greyhounds/racecards/2026-09-23/hove/racecard/517388
2026-09-23,Hove,16:16,1,Daring Duchess,517389,Sporting Life,https://www.sportinglife.com/greyhounds/racecards/2026-09-23/hove/racecard/517389
2026-09-23,Hove,16:16,2,Why So Blue,517389,Sporting Life,https://www.sportinglife.com/greyhounds/racecards/2026-09-23/hove/racecard/517389
2026-09-23,Hove,16:16,3,Timeless Times,517389,Sporting Life,https://www.sportinglife.com/greyhounds/racecards/2026-09-23/hove/racecard/517389
2026-09-23,Hove,16:16,4,Droopys Runaway,517389,Sporting Life,https://www.sportinglife.com/greyhounds/racecards/2026-09-23/hove/racecard/517389
2026-09-23,Hove,16:16,5,Burrows Sonic,517389,Sporting Life,https://www.sportinglife.com/greyhounds/racecards/2026-09-23/hove/racecard/517389
2026-09-23,Hove,16:34,1,Swift Income,517390,Sporting Life,https://www.sportinglife.com/greyhounds/racecards/2026-09-23/hove/racecard/517390
2026-09-23,Hove,16:34,2,Chisem Toby,517390,Sporting Life,https://www.sportinglife.com/greyhounds/racecards/2026-09-23/hove/racecard/517390
2026-09-23,Hove,16:34,3,Courancove Cat,517390,Sporting Life,https://www.sportinglife.com/greyhounds/racecards/2026-09-23/hove/racecard/517390
2026-09-23,Hove,16:34,4,Showjumper,517390,Sporting Life,https://www.sportinglife.com/greyhounds/racecards/2026-09-23/hove/racecard/517390
2026-09-23,Hove,16:34,6,Yassoo Mell,517390,Sporting Life,https://www.sportinglife.com/greyhounds/racecards/2026-09-23/hove/racecard/517390
2026-09-23,Hove,16:53,1,Coolavanny Nancy,517391,Sporting Life,https://www.sportinglife.com/greyhounds/racecards/2026-09-23/hove/racecard/517391
2026-09-23,Hove,16:53,2,Mad To Run,517391,Sporting Life,https://www.sportinglife.com/greyhounds/racecards/2026-09-23/hove/racecard/517391
2026-09-23,Hove,16:53,3,Aviendha,517391,Sporting Life,https://www.sportinglife.com/greyhounds/racecards/2026-09-23/hove/racecard/517391
2026-09-23,Hove,16:53,4,Alright Grace,517391,Sporting Life,https://www.sportinglife.com/greyhounds/racecards/2026-09-23/hove/racecard/517391
2026-09-23,Hove,16:53,5,Ashwood Shelby,517391,Sporting Life,https://www.sportinglife.com/greyhounds/racecards/2026-09-23/hove/racecard/517391
2026-09-23,Hove,16:53,6,Dawncourt Dolly,517391,Sporting Life,https://www.sportinglife.com/greyhounds/racecards/2026-09-23/hove/racecard/517391
2026-09-23,Hove,17:12,1,Yougo Jazz,517392,Sporting Life,https://www.sportinglife.com/greyhounds/racecards/2026-09-23/hove/racecard/517392
2026-09-23,Hove,17:12,2,Southafrikka,517392,Sporting Life,https://www.sportinglife.com/greyhounds/racecards/2026-09-23/hove/racecard/517392
2026-09-23,Hove,17:12,3,Coolavanny Sissy,517392,Sporting Life,https://www.sportinglife.com/greyhounds/racecards/2026-09-23/hove/racecard/517392
2026-09-23,Hove,17:12,4,Riverside Ada,517392,Sporting Life,https://www.sportinglife.com/greyhounds/racecards/2026-09-23/hove/racecard/517392
2026-09-23,Hove,17:12,6,Droopys Roster,517392,Sporting Life,https://www.sportinglife.com/greyhounds/racecards/2026-09-23/hove/racecard/517392
2026-09-23,Hove,17:31,1,Double The Odds,517393,Sporting Life,https://www.sportinglife.com/greyhounds/racecards/2026-09-23/hove/racecard/517393
2026-09-23,Hove,17:31,2,Franco Jim,517393,Sporting Life,https://www.sportinglife.com/greyhounds/racecards/2026-09-23/hove/racecard/517393
2026-09-23,Hove,17:31,3,We Try Again,517393,Sporting Life,https://www.sportinglife.com/greyhounds/racecards/2026-09-23/hove/racecard/517393
2026-09-23,Hove,17:31,4,Stone Cold Punk,517393,Sporting Life,https://www.sportinglife.com/greyhounds/racecards/2026-09-23/hove/racecard/517393
2026-09-23,Hove,17:31,5,Ferryforth Zara,517393,Sporting Life,https://www.sportinglife.com/greyhounds/racecards/2026-09-23/hove/racecard/517393
2026-09-23,Hove,17:49,1,Punkrock Misspea,517394,Sporting Life,https://www.sportinglife.com/greyhounds/racecards/2026-09-23/hove/racecard/517394
2026-09-23,Hove,17:49,2,Ballydarley Jack,517394,Sporting Life,https://www.sportinglife.com/greyhounds/racecards/2026-09-23/hove/racecard/517394
2026-09-23,Hove,17:49,3,Conscientious,517394,Sporting Life,https://www.sportinglife.com/greyhounds/racecards/2026-09-23/hove/racecard/517394
2026-09-23,Hove,17:49,4,Coppice Denver,517394,Sporting Life,https://www.sportinglife.com/greyhounds/racecards/2026-09-23/hove/racecard/517394
2026-09-23,Hove,17:49,6,Rapido Willow,517394,Sporting Life,https://www.sportinglife.com/greyhounds/racecards/2026-09-23/hove/racecard/517394
2026-09-23,Kinsley,11:14,2,Boozed Zone,517371,Sporting Life,https://www.sportinglife.com/greyhounds/racecards/2026-09-23/kinsley/racecard/517371
2026-09-23,Kinsley,11:14,3,Comer Muir,517371,Sporting Life,https://www.sportinglife.com/greyhounds/racecards/2026-09-23/kinsley/racecard/517371
2026-09-23,Kinsley,11:14,4,Ballymac Estelle,517371,Sporting Life,https://www.sportinglife.com/greyhounds/racecards/2026-09-23/kinsley/racecard/517371
2026-09-23,Kinsley,11:14,5,Cactus Closedown,517371,Sporting Life,https://www.sportinglife.com/greyhounds/racecards/2026-09-23/kinsley/racecard/517371
2026-09-23,Kinsley,11:14,6,Swift Perry,517371,Sporting Life,https://www.sportinglife.com/greyhounds/racecards/2026-09-23/kinsley/racecard/517371
2026-09-23,Kinsley,11:30,1,Norristown Hydro,517372,Sporting Life,https://www.sportinglife.com/greyhounds/racecards/2026-09-23/kinsley/racecard/517372
2026-09-23,Kinsley,11:30,2,Mid Tipp Sophie,517372,Sporting Life,https://www.sportinglife.com/greyhounds/racecards/2026-09-23/kinsley/racecard/517372
2026-09-23,Kinsley,11:30,3,Lauragh Ebony,517372,Sporting Life,https://www.sportinglife.com/greyhounds/racecards/2026-09-23/kinsley/racecard/517372
2026-09-23,Kinsley,11:30,4,Drombeg Dolly,517372,Sporting Life,https://www.sportinglife.com/greyhounds/racecards/2026-09-23/kinsley/racecard/517372
2026-09-23,Kinsley,11:30,5,Cotswold Prince,517372,Sporting Life,https://www.sportinglife.com/greyhounds/racecards/2026-09-23/kinsley/racecard/517372
2026-09-23,Kinsley,11:46,1,Chosen Lady,517373,Sporting Life,https://www.sportinglife.com/greyhounds/racecards/2026-09-23/kinsley/racecard/517373
2026-09-23,Kinsley,11:46,2,Dashgrove Shadow,517373,Sporting Life,https://www.sportinglife.com/greyhounds/racecards/2026-09-23/kinsley/racecard/517373
2026-09-23,Kinsley,11:46,3,Legendary Queen,517373,Sporting Life,https://www.sportinglife.com/greyhounds/racecards/2026-09-23/kinsley/racecard/517373
2026-09-23,Kinsley,11:46,4,Ballymac Beau,517373,Sporting Life,https://www.sportinglife.com/greyhounds/racecards/2026-09-23/kinsley/racecard/517373
2026-09-23,Kinsley,11:46,5,Tickets Katie,517373,Sporting Life,https://www.sportinglife.com/greyhounds/racecards/2026-09-23/kinsley/racecard/517373
2026-09-23,Kinsley,11:46,6,Inclement Magic,517373,Sporting Life,https://www.sportinglife.com/greyhounds/racecards/2026-09-23/kinsley/racecard/517373
2026-09-23,Kinsley,12:03,1,Crystal Ray,517374,Sporting Life,https://www.sportinglife.com/greyhounds/racecards/2026-09-23/kinsley/racecard/517374
2026-09-23,Kinsley,12:03,2,Ballymac Frisby,517374,Sporting Life,https://www.sportinglife.com/greyhounds/racecards/2026-09-23/kinsley/racecard/517374
2026-09-23,Kinsley,12:03,3,Use The Clock,517374,Sporting Life,https://www.sportinglife.com/greyhounds/racecards/2026-09-23/kinsley/racecard/517374
2026-09-23,Kinsley,12:03,4,Golan Zara,517374,Sporting Life,https://www.sportinglife.com/greyhounds/racecards/2026-09-23/kinsley/racecard/517374
2026-09-23,Kinsley,12:03,6,Burkos Ellie,517374,Sporting Life,https://www.sportinglife.com/greyhounds/racecards/2026-09-23/kinsley/racecard/517374
2026-09-23,Kinsley,12:20,2,Ballymac Dalton,517375,Sporting Life,https://www.sportinglife.com/greyhounds/racecards/2026-09-23/kinsley/racecard/517375
2026-09-23,Kinsley,12:20,3,Beaming Moscato,517375,Sporting Life,https://www.sportinglife.com/greyhounds/racecards/2026-09-23/kinsley/racecard/517375
2026-09-23,Kinsley,12:20,4,Lamia,517375,Sporting Life,https://www.sportinglife.com/greyhounds/racecards/2026-09-23/kinsley/racecard/517375
2026-09-23,Kinsley,12:20,5,Killieford Negri,517375,Sporting Life,https://www.sportinglife.com/greyhounds/racecards/2026-09-23/kinsley/racecard/517375
2026-09-23,Kinsley,12:20,6,Da Man Joey,517375,Sporting Life,https://www.sportinglife.com/greyhounds/racecards/2026-09-23/kinsley/racecard/517375
2026-09-23,Kinsley,12:37,1,Crystal Henry,517376,Sporting Life,https://www.sportinglife.com/greyhounds/racecards/2026-09-23/kinsley/racecard/517376
2026-09-23,Kinsley,12:37,2,Tommys Messi,517376,Sporting Life,https://www.sportinglife.com/greyhounds/racecards/2026-09-23/kinsley/racecard/517376
2026-09-23,Kinsley,12:37,3,Castlerock Cash,517376,Sporting Life,https://www.sportinglife.com/greyhounds/racecards/2026-09-23/kinsley/racecard/517376
2026-09-23,Kinsley,12:37,4,Zebedee Vienna,517376,Sporting Life,https://www.sportinglife.com/greyhounds/racecards/2026-09-23/kinsley/racecard/517376
2026-09-23,Kinsley,12:37,5,Glenvale Dave,517376,Sporting Life,https://www.sportinglife.com/greyhounds/racecards/2026-09-23/kinsley/racecard/517376
2026-09-23,Kinsley,12:53,1,Deecee Orla,517377,Sporting Life,https://www.sportinglife.com/greyhounds/racecards/2026-09-23/kinsley/racecard/517377
2026-09-23,Kinsley,12:53,2,Disengage,517377,Sporting Life,https://www.sportinglife.com/greyhounds/racecards/2026-09-23/kinsley/racecard/517377
2026-09-23,Kinsley,12:53,3,Snazzy Roadwheel,517377,Sporting Life,https://www.sportinglife.com/greyhounds/racecards/2026-09-23/kinsley/racecard/517377
2026-09-23,Kinsley,12:53,4,Lightfoot Rosa,517377,Sporting Life,https://www.sportinglife.com/greyhounds/racecards/2026-09-23/kinsley/racecard/517377
2026-09-23,Kinsley,12:53,5,Twisted Logic,517377,Sporting Life,https://www.sportinglife.com/greyhounds/racecards/2026-09-23/kinsley/racecard/517377
2026-09-23,Kinsley,12:53,6,Me Birthday,517377,Sporting Life,https://www.sportinglife.com/greyhounds/racecards/2026-09-23/kinsley/racecard/517377
2026-09-23,Kinsley,13:11,1,Coastal Fever,517378,Sporting Life,https://www.sportinglife.com/greyhounds/racecards/2026-09-23/kinsley/racecard/517378
2026-09-23,Kinsley,13:11,2,Scorching Desert,517378,Sporting Life,https://www.sportinglife.com/greyhounds/racecards/2026-09-23/kinsley/racecard/517378
2026-09-23,Kinsley,13:11,4,Coolavanny Nano,517378,Sporting Life,https://www.sportinglife.com/greyhounds/racecards/2026-09-23/kinsley/racecard/517378
2026-09-23,Kinsley,13:11,5,Alno Duke,517378,Sporting Life,https://www.sportinglife.com/greyhounds/racecards/2026-09-23/kinsley/racecard/517378
2026-09-23,Kinsley,13:11,6,Crystal Aurora,517378,Sporting Life,https://www.sportinglife.com/greyhounds/racecards/2026-09-23/kinsley/racecard/517378
2026-09-23,Kinsley,13:26,1,Tonagha Chancer,517379,Sporting Life,https://www.sportinglife.com/greyhounds/racecards/2026-09-23/kinsley/racecard/517379
2026-09-23,Kinsley,13:26,2,Hazelgrove Flash,517379,Sporting Life,https://www.sportinglife.com/greyhounds/racecards/2026-09-23/kinsley/racecard/517379
2026-09-23,Kinsley,13:26,3,Canya Moll,517379,Sporting Life,https://www.sportinglife.com/greyhounds/racecards/2026-09-23/kinsley/racecard/517379
2026-09-23,Kinsley,13:26,4,Romantic Ben,517379,Sporting Life,https://www.sportinglife.com/greyhounds/racecards/2026-09-23/kinsley/racecard/517379
2026-09-23,Kinsley,13:26,5,Costly Chips,517379,Sporting Life,https://www.sportinglife.com/greyhounds/racecards/2026-09-23/kinsley/racecard/517379
2026-09-23,Kinsley,13:26,6,Backscratcher,517379,Sporting Life,https://www.sportinglife.com/greyhounds/racecards/2026-09-23/kinsley/racecard/517379
2026-09-23,Kinsley,13:41,1,Blue Star,517380,Sporting Life,https://www.sportinglife.com/greyhounds/racecards/2026-09-23/kinsley/racecard/517380
2026-09-23,Kinsley,13:41,2,Letter Flash,517380,Sporting Life,https://www.sportinglife.com/greyhounds/racecards/2026-09-23/kinsley/racecard/517380
2026-09-23,Kinsley,13:41,3,Mingdrum Focus,517380,Sporting Life,https://www.sportinglife.com/greyhounds/racecards/2026-09-23/kinsley/racecard/517380
2026-09-23,Kinsley,13:41,5,Accumulate,517380,Sporting Life,https://www.sportinglife.com/greyhounds/racecards/2026-09-23/kinsley/racecard/517380
2026-09-23,Kinsley,13:41,6,Seven Oclock Bob,517380,Sporting Life,https://www.sportinglife.com/greyhounds/racecards/2026-09-23/kinsley/racecard/517380
2026-09-23,Kinsley,13:58,2,Critical Katie,517381,Sporting Life,https://www.sportinglife.com/greyhounds/racecards/2026-09-23/kinsley/racecard/517381
2026-09-23,Kinsley,13:58,3,Cotswold Milady,517381,Sporting Life,https://www.sportinglife.com/greyhounds/racecards/2026-09-23/kinsley/racecard/517381
2026-09-23,Kinsley,13:58,4,Meenagh Medina,517381,Sporting Life,https://www.sportinglife.com/greyhounds/racecards/2026-09-23/kinsley/racecard/517381
2026-09-23,Kinsley,13:58,5,Thanksforthehelp,517381,Sporting Life,https://www.sportinglife.com/greyhounds/racecards/2026-09-23/kinsley/racecard/517381
2026-09-23,Kinsley,13:58,6,Fleetwood Robbie,517381,Sporting Life,https://www.sportinglife.com/greyhounds/racecards/2026-09-23/kinsley/racecard/517381
2026-09-23,Kinsley,14:14,2,Carra Em,517382,Sporting Life,https://www.sportinglife.com/greyhounds/racecards/2026-09-23/kinsley/racecard/517382
2026-09-23,Kinsley,14:14,3,How Ya Fixed,517382,Sporting Life,https://www.sportinglife.com/greyhounds/racecards/2026-09-23/kinsley/racecard/517382
2026-09-23,Kinsley,14:14,4,Alno Rose,517382,Sporting Life,https://www.sportinglife.com/greyhounds/racecards/2026-09-23/kinsley/racecard/517382
2026-09-23,Kinsley,14:14,5,Dyno Bluebelle,517382,Sporting Life,https://www.sportinglife.com/greyhounds/racecards/2026-09-23/kinsley/racecard/517382
2026-09-23,Kinsley,14:14,6,Crystal Dakota,517382,Sporting Life,https://www.sportinglife.com/greyhounds/racecards/2026-09-23/kinsley/racecard/517382
2026-09-23,Monmore,11:03,1,Deelish Jerry,517336,Sporting Life,https://www.sportinglife.com/greyhounds/racecards/2026-09-23/monmore/racecard/517336
2026-09-23,Monmore,11:03,2,Aero Annoy,517336,Sporting Life,https://www.sportinglife.com/greyhounds/racecards/2026-09-23/monmore/racecard/517336
2026-09-23,Monmore,11:03,3,Tommys Grace,517336,Sporting Life,https://www.sportinglife.com/greyhounds/racecards/2026-09-23/monmore/racecard/517336
2026-09-23,Monmore,11:03,4,Winterfield Boom,517336,Sporting Life,https://www.sportinglife.com/greyhounds/racecards/2026-09-23/monmore/racecard/517336
2026-09-23,Monmore,11:03,6,Dunquin Brendan,517336,Sporting Life,https://www.sportinglife.com/greyhounds/racecards/2026-09-23/monmore/racecard/517336
2026-09-23,Monmore,11:19,1,Freyas Fancy,517337,Sporting Life,https://www.sportinglife.com/greyhounds/racecards/2026-09-23/monmore/racecard/517337
2026-09-23,Monmore,11:19,2,Whisky Dream,517337,Sporting Life,https://www.sportinglife.com/greyhounds/racecards/2026-09-23/monmore/racecard/517337
2026-09-23,Monmore,11:19,3,Winterfield May,517337,Sporting Life,https://www.sportinglife.com/greyhounds/racecards/2026-09-23/monmore/racecard/517337
2026-09-23,Monmore,11:19,4,Paper Over Crack,517337,Sporting Life,https://www.sportinglife.com/greyhounds/racecards/2026-09-23/monmore/racecard/517337
2026-09-23,Monmore,11:19,5,Yama Queen,517337,Sporting Life,https://www.sportinglife.com/greyhounds/racecards/2026-09-23/monmore/racecard/517337
2026-09-23,Monmore,11:19,6,Whisky Insta,517337,Sporting Life,https://www.sportinglife.com/greyhounds/racecards/2026-09-23/monmore/racecard/517337
2026-09-23,Monmore,11:36,1,Lady Luck,517338,Sporting Life,https://www.sportinglife.com/greyhounds/racecards/2026-09-23/monmore/racecard/517338
2026-09-23,Monmore,11:36,2,Dromtrasna Lass,517338,Sporting Life,https://www.sportinglife.com/greyhounds/racecards/2026-09-23/monmore/racecard/517338
2026-09-23,Monmore,11:36,3,Blue Jazz,517338,Sporting Life,https://www.sportinglife.com/greyhounds/racecards/2026-09-23/monmore/racecard/517338
2026-09-23,Monmore,11:36,4,Final Episode,517338,Sporting Life,https://www.sportinglife.com/greyhounds/racecards/2026-09-23/monmore/racecard/517338
2026-09-23,Monmore,11:36,6,Betrayl,517338,Sporting Life,https://www.sportinglife.com/greyhounds/racecards/2026-09-23/monmore/racecard/517338
2026-09-23,Monmore,11:52,1,Skylars Chloe,517339,Sporting Life,https://www.sportinglife.com/greyhounds/racecards/2026-09-23/monmore/racecard/517339
2026-09-23,Monmore,11:52,2,Return Fire,517339,Sporting Life,https://www.sportinglife.com/greyhounds/racecards/2026-09-23/monmore/racecard/517339
2026-09-23,Monmore,11:52,3,Vixons Mission,517339,Sporting Life,https://www.sportinglife.com/greyhounds/racecards/2026-09-23/monmore/racecard/517339
2026-09-23,Monmore,11:52,4,Phoenix Diva,517339,Sporting Life,https://www.sportinglife.com/greyhounds/racecards/2026-09-23/monmore/racecard/517339
2026-09-23,Monmore,11:52,5,Spring Dancer,517339,Sporting Life,https://www.sportinglife.com/greyhounds/racecards/2026-09-23/monmore/racecard/517339
2026-09-23,Monmore,11:52,6,Longacres Bertie,517339,Sporting Life,https://www.sportinglife.com/greyhounds/racecards/2026-09-23/monmore/racecard/517339
2026-09-23,Monmore,12:09,1,Longacres Cash,517340,Sporting Life,https://www.sportinglife.com/greyhounds/racecards/2026-09-23/monmore/racecard/517340
2026-09-23,Monmore,12:09,2,Cazzers Bassey,517340,Sporting Life,https://www.sportinglife.com/greyhounds/racecards/2026-09-23/monmore/racecard/517340
2026-09-23,Monmore,12:09,3,Bloos Ladysandra,517340,Sporting Life,https://www.sportinglife.com/greyhounds/racecards/2026-09-23/monmore/racecard/517340
2026-09-23,Monmore,12:09,4,Green Road,517340,Sporting Life,https://www.sportinglife.com/greyhounds/racecards/2026-09-23/monmore/racecard/517340
2026-09-23,Monmore,12:09,5,Winterfield Rosa,517340,Sporting Life,https://www.sportinglife.com/greyhounds/racecards/2026-09-23/monmore/racecard/517340
2026-09-23,Monmore,12:09,6,Yama King,517340,Sporting Life,https://www.sportinglife.com/greyhounds/racecards/2026-09-23/monmore/racecard/517340
2026-09-23,Monmore,12:26,1,See The Secret,517341,Sporting Life,https://www.sportinglife.com/greyhounds/racecards/2026-09-23/monmore/racecard/517341
2026-09-23,Monmore,12:26,2,Different Pace,517341,Sporting Life,https://www.sportinglife.com/greyhounds/racecards/2026-09-23/monmore/racecard/517341
2026-09-23,Monmore,12:26,3,Elderberry Pepsi,517341,Sporting Life,https://www.sportinglife.com/greyhounds/racecards/2026-09-23/monmore/racecard/517341
2026-09-23,Monmore,12:26,5,Love To See,517341,Sporting Life,https://www.sportinglife.com/greyhounds/racecards/2026-09-23/monmore/racecard/517341
2026-09-23,Monmore,12:26,6,Longacres Spider,517341,Sporting Life,https://www.sportinglife.com/greyhounds/racecards/2026-09-23/monmore/racecard/517341
2026-09-23,Monmore,12:42,1,Hawkfield Bionic,517342,Sporting Life,https://www.sportinglife.com/greyhounds/racecards/2026-09-23/monmore/racecard/517342
2026-09-23,Monmore,12:42,2,Emerald Vista,517342,Sporting Life,https://www.sportinglife.com/greyhounds/racecards/2026-09-23/monmore/racecard/517342
2026-09-23,Monmore,12:42,4,Roulette,517342,Sporting Life,https://www.sportinglife.com/greyhounds/racecards/2026-09-23/monmore/racecard/517342
2026-09-23,Monmore,12:42,5,Jayjays Ace,517342,Sporting Life,https://www.sportinglife.com/greyhounds/racecards/2026-09-23/monmore/racecard/517342
2026-09-23,Monmore,12:42,6,Longacres Noah,517342,Sporting Life,https://www.sportinglife.com/greyhounds/racecards/2026-09-23/monmore/racecard/517342
2026-09-23,Monmore,12:59,1,Flyaway Lizzie,517343,Sporting Life,https://www.sportinglife.com/greyhounds/racecards/2026-09-23/monmore/racecard/517343
2026-09-23,Monmore,12:59,2,Rushmoor Erney,517343,Sporting Life,https://www.sportinglife.com/greyhounds/racecards/2026-09-23/monmore/racecard/517343
2026-09-23,Monmore,12:59,3,Darley Digger,517343,Sporting Life,https://www.sportinglife.com/greyhounds/racecards/2026-09-23/monmore/racecard/517343
2026-09-23,Monmore,12:59,4,Blarney Castle,517343,Sporting Life,https://www.sportinglife.com/greyhounds/racecards/2026-09-23/monmore/racecard/517343
2026-09-23,Monmore,12:59,6,Speedy Dog,517343,Sporting Life,https://www.sportinglife.com/greyhounds/racecards/2026-09-23/monmore/racecard/517343
2026-09-23,Monmore,13:16,1,Tommys Luna,517344,Sporting Life,https://www.sportinglife.com/greyhounds/racecards/2026-09-23/monmore/racecard/517344
2026-09-23,Monmore,13:16,2,Ropewalk Star,517344,Sporting Life,https://www.sportinglife.com/greyhounds/racecards/2026-09-23/monmore/racecard/517344
2026-09-23,Monmore,13:16,3,First Dates,517344,Sporting Life,https://www.sportinglife.com/greyhounds/racecards/2026-09-23/monmore/racecard/517344
2026-09-23,Monmore,13:16,4,Swift Jam,517344,Sporting Life,https://www.sportinglife.com/greyhounds/racecards/2026-09-23/monmore/racecard/517344
2026-09-23,Monmore,13:16,5,Chilledout Chick,517344,Sporting Life,https://www.sportinglife.com/greyhounds/racecards/2026-09-23/monmore/racecard/517344
2026-09-23,Monmore,13:16,6,Rushmoor Patsy,517344,Sporting Life,https://www.sportinglife.com/greyhounds/racecards/2026-09-23/monmore/racecard/517344
2026-09-23,Monmore,13:31,1,Stormy Bonito,517345,Sporting Life,https://www.sportinglife.com/greyhounds/racecards/2026-09-23/monmore/racecard/517345
2026-09-23,Monmore,13:31,2,Tickets Cancun,517345,Sporting Life,https://www.sportinglife.com/greyhounds/racecards/2026-09-23/monmore/racecard/517345
2026-09-23,Monmore,13:31,3,Bombay Lucky,517345,Sporting Life,https://www.sportinglife.com/greyhounds/racecards/2026-09-23/monmore/racecard/517345
2026-09-23,Monmore,13:31,4,Coologue Pip,517345,Sporting Life,https://www.sportinglife.com/greyhounds/racecards/2026-09-23/monmore/racecard/517345
2026-09-23,Monmore,13:31,5,Caseys World,517345,Sporting Life,https://www.sportinglife.com/greyhounds/racecards/2026-09-23/monmore/racecard/517345
2026-09-23,Monmore,13:31,6,Mucky Danno,517345,Sporting Life,https://www.sportinglife.com/greyhounds/racecards/2026-09-23/monmore/racecard/517345
2026-09-23,Monmore,13:46,1,Yama Nightmare,517346,Sporting Life,https://www.sportinglife.com/greyhounds/racecards/2026-09-23/monmore/racecard/517346
2026-09-23,Monmore,13:46,2,Longacres Senna,517346,Sporting Life,https://www.sportinglife.com/greyhounds/racecards/2026-09-23/monmore/racecard/517346
2026-09-23,Monmore,13:46,3,Photo Package,517346,Sporting Life,https://www.sportinglife.com/greyhounds/racecards/2026-09-23/monmore/racecard/517346
2026-09-23,Monmore,13:46,4,Whats Up Mac,517346,Sporting Life,https://www.sportinglife.com/greyhounds/racecards/2026-09-23/monmore/racecard/517346
2026-09-23,Monmore,13:46,6,Yama Darlin,517346,Sporting Life,https://www.sportinglife.com/greyhounds/racecards/2026-09-23/monmore/racecard/517346
2026-09-23,Monmore,14:04,1,Noruffsorscruffs,517347,Sporting Life,https://www.sportinglife.com/greyhounds/racecards/2026-09-23/monmore/racecard/517347
2026-09-23,Monmore,14:04,2,Stackemup Amy,517347,Sporting Life,https://www.sportinglife.com/greyhounds/racecards/2026-09-23/monmore/racecard/517347
2026-09-23,Monmore,14:04,3,Newinn Pauline,517347,Sporting Life,https://www.sportinglife.com/greyhounds/racecards/2026-09-23/monmore/racecard/517347
2026-09-23,Monmore,14:04,4,Thirty Seconds,517347,Sporting Life,https://www.sportinglife.com/greyhounds/racecards/2026-09-23/monmore/racecard/517347
2026-09-23,Monmore,14:04,5,Winterfield Star,517347,Sporting Life,https://www.sportinglife.com/greyhounds/racecards/2026-09-23/monmore/racecard/517347
2026-09-23,Monmore,14:04,6,Killimor Canya,517347,Sporting Life,https://www.sportinglife.com/greyhounds/racecards/2026-09-23/monmore/racecard/517347
2026-09-23,Newcastle,14:29,1,Onyergostar,517433,Sporting Life,https://www.sportinglife.com/greyhounds/racecards/2026-09-23/newcastle/racecard/517433
2026-09-23,Newcastle,14:29,2,Abit Of Parker,517433,Sporting Life,https://www.sportinglife.com/greyhounds/racecards/2026-09-23/newcastle/racecard/517433
2026-09-23,Newcastle,14:29,3,Killinick Rebel,517433,Sporting Life,https://www.sportinglife.com/greyhounds/racecards/2026-09-23/newcastle/racecard/517433
2026-09-23,Newcastle,14:29,4,Alnwick Kenny,517433,Sporting Life,https://www.sportinglife.com/greyhounds/racecards/2026-09-23/newcastle/racecard/517433
2026-09-23,Newcastle,14:29,5,Crooks Rocky,517433,Sporting Life,https://www.sportinglife.com/greyhounds/racecards/2026-09-23/newcastle/racecard/517433
2026-09-23,Newcastle,14:29,6,Droopys Lakota,517433,Sporting Life,https://www.sportinglife.com/greyhounds/racecards/2026-09-23/newcastle/racecard/517433
2026-09-23,Newcastle,14:48,1,Cahermone Best,517434,Sporting Life,https://www.sportinglife.com/greyhounds/racecards/2026-09-23/newcastle/racecard/517434
2026-09-23,Newcastle,14:48,2,My Twilight Zone,517434,Sporting Life,https://www.sportinglife.com/greyhounds/racecards/2026-09-23/newcastle/racecard/517434
2026-09-23,Newcastle,14:48,3,Alnwick Nidge,517434,Sporting Life,https://www.sportinglife.com/greyhounds/racecards/2026-09-23/newcastle/racecard/517434
2026-09-23,Newcastle,14:48,4,Four Over,517434,Sporting Life,https://www.sportinglife.com/greyhounds/racecards/2026-09-23/newcastle/racecard/517434
2026-09-23,Newcastle,14:48,5,Toddys Panther,517434,Sporting Life,https://www.sportinglife.com/greyhounds/racecards/2026-09-23/newcastle/racecard/517434
2026-09-23,Newcastle,14:48,6,Kuma Abdu,517434,Sporting Life,https://www.sportinglife.com/greyhounds/racecards/2026-09-23/newcastle/racecard/517434
2026-09-23,Newcastle,15:07,1,Howay Ramsey,517435,Sporting Life,https://www.sportinglife.com/greyhounds/racecards/2026-09-23/newcastle/racecard/517435
2026-09-23,Newcastle,15:07,3,Blackhouse Bobby,517435,Sporting Life,https://www.sportinglife.com/greyhounds/racecards/2026-09-23/newcastle/racecard/517435
2026-09-23,Newcastle,15:07,4,Bloodline,517435,Sporting Life,https://www.sportinglife.com/greyhounds/racecards/2026-09-23/newcastle/racecard/517435
2026-09-23,Newcastle,15:07,5,Alnwick Tornado,517435,Sporting Life,https://www.sportinglife.com/greyhounds/racecards/2026-09-23/newcastle/racecard/517435
2026-09-23,Newcastle,15:07,6,Droopys Hanora,517435,Sporting Life,https://www.sportinglife.com/greyhounds/racecards/2026-09-23/newcastle/racecard/517435
2026-09-23,Newcastle,15:26,1,Swish Swish Bish,517436,Sporting Life,https://www.sportinglife.com/greyhounds/racecards/2026-09-23/newcastle/racecard/517436
2026-09-23,Newcastle,15:26,2,Evening Call,517436,Sporting Life,https://www.sportinglife.com/greyhounds/racecards/2026-09-23/newcastle/racecard/517436
2026-09-23,Newcastle,15:26,3,Highview Edge,517436,Sporting Life,https://www.sportinglife.com/greyhounds/racecards/2026-09-23/newcastle/racecard/517436
2026-09-23,Newcastle,15:26,4,Toddys Ace,517436,Sporting Life,https://www.sportinglife.com/greyhounds/racecards/2026-09-23/newcastle/racecard/517436
2026-09-23,Newcastle,15:26,5,Footfield Freya,517436,Sporting Life,https://www.sportinglife.com/greyhounds/racecards/2026-09-23/newcastle/racecard/517436
2026-09-23,Newcastle,15:26,6,Romeo Mig,517436,Sporting Life,https://www.sportinglife.com/greyhounds/racecards/2026-09-23/newcastle/racecard/517436
2026-09-23,Newcastle,15:44,1,Swift Rabbit,517437,Sporting Life,https://www.sportinglife.com/greyhounds/racecards/2026-09-23/newcastle/racecard/517437
2026-09-23,Newcastle,15:44,2,Mcdara Julie,517437,Sporting Life,https://www.sportinglife.com/greyhounds/racecards/2026-09-23/newcastle/racecard/517437
2026-09-23,Newcastle,15:44,3,Alnwick Hooray,517437,Sporting Life,https://www.sportinglife.com/greyhounds/racecards/2026-09-23/newcastle/racecard/517437
2026-09-23,Newcastle,15:44,4,Whitehills Dawn,517437,Sporting Life,https://www.sportinglife.com/greyhounds/racecards/2026-09-23/newcastle/racecard/517437
2026-09-23,Newcastle,15:44,5,Rowington Ruby,517437,Sporting Life,https://www.sportinglife.com/greyhounds/racecards/2026-09-23/newcastle/racecard/517437
2026-09-23,Newcastle,15:44,6,Swift Hairy,517437,Sporting Life,https://www.sportinglife.com/greyhounds/racecards/2026-09-23/newcastle/racecard/517437
2026-09-23,Newcastle,16:03,1,A Bit Of Theo,517438,Sporting Life,https://www.sportinglife.com/greyhounds/racecards/2026-09-23/newcastle/racecard/517438
2026-09-23,Newcastle,16:03,2,El Mirador,517438,Sporting Life,https://www.sportinglife.com/greyhounds/racecards/2026-09-23/newcastle/racecard/517438
2026-09-23,Newcastle,16:03,3,Howay Angel,517438,Sporting Life,https://www.sportinglife.com/greyhounds/racecards/2026-09-23/newcastle/racecard/517438
2026-09-23,Newcastle,16:03,4,Vinny Chase,517438,Sporting Life,https://www.sportinglife.com/greyhounds/racecards/2026-09-23/newcastle/racecard/517438
2026-09-23,Newcastle,16:03,5,Whitehills Vito,517438,Sporting Life,https://www.sportinglife.com/greyhounds/racecards/2026-09-23/newcastle/racecard/517438
2026-09-23,Newcastle,16:03,6,Cooga Layla,517438,Sporting Life,https://www.sportinglife.com/greyhounds/racecards/2026-09-23/newcastle/racecard/517438
2026-09-23,Newcastle,16:22,1,Midtown Ebony,517439,Sporting Life,https://www.sportinglife.com/greyhounds/racecards/2026-09-23/newcastle/racecard/517439
2026-09-23,Newcastle,16:22,2,Szoboszlai,517439,Sporting Life,https://www.sportinglife.com/greyhounds/racecards/2026-09-23/newcastle/racecard/517439
2026-09-23,Newcastle,16:22,3,Freedom Kestrel,517439,Sporting Life,https://www.sportinglife.com/greyhounds/racecards/2026-09-23/newcastle/racecard/517439
2026-09-23,Newcastle,16:22,4,Crooks Willow,517439,Sporting Life,https://www.sportinglife.com/greyhounds/racecards/2026-09-23/newcastle/racecard/517439
2026-09-23,Newcastle,16:22,5,Moyvane Taylor,517439,Sporting Life,https://www.sportinglife.com/greyhounds/racecards/2026-09-23/newcastle/racecard/517439
2026-09-23,Newcastle,16:22,6,Blackhouse Peggy,517439,Sporting Life,https://www.sportinglife.com/greyhounds/racecards/2026-09-23/newcastle/racecard/517439
2026-09-23,Newcastle,16:41,1,Chips Ahoy,517440,Sporting Life,https://www.sportinglife.com/greyhounds/racecards/2026-09-23/newcastle/racecard/517440
2026-09-23,Newcastle,16:41,2,Ridgedale Rob,517440,Sporting Life,https://www.sportinglife.com/greyhounds/racecards/2026-09-23/newcastle/racecard/517440
2026-09-23,Newcastle,16:41,3,Chamonix,517440,Sporting Life,https://www.sportinglife.com/greyhounds/racecards/2026-09-23/newcastle/racecard/517440
2026-09-23,Newcastle,16:41,4,Alnwick Haws,517440,Sporting Life,https://www.sportinglife.com/greyhounds/racecards/2026-09-23/newcastle/racecard/517440
2026-09-23,Newcastle,16:41,5,A Bit Of Megan,517440,Sporting Life,https://www.sportinglife.com/greyhounds/racecards/2026-09-23/newcastle/racecard/517440
2026-09-23,Newcastle,16:41,6,Fabulous Leona,517440,Sporting Life,https://www.sportinglife.com/greyhounds/racecards/2026-09-23/newcastle/racecard/517440
2026-09-23,Newcastle,16:59,1,Coppice Survivor,517441,Sporting Life,https://www.sportinglife.com/greyhounds/racecards/2026-09-23/newcastle/racecard/517441
2026-09-23,Newcastle,16:59,2,Hollywell Ernie,517441,Sporting Life,https://www.sportinglife.com/greyhounds/racecards/2026-09-23/newcastle/racecard/517441
2026-09-23,Newcastle,16:59,3,Crooks Fearghal,517441,Sporting Life,https://www.sportinglife.com/greyhounds/racecards/2026-09-23/newcastle/racecard/517441
2026-09-23,Newcastle,16:59,4,Do It Zara,517441,Sporting Life,https://www.sportinglife.com/greyhounds/racecards/2026-09-23/newcastle/racecard/517441
2026-09-23,Newcastle,16:59,5,Howay Neymar,517441,Sporting Life,https://www.sportinglife.com/greyhounds/racecards/2026-09-23/newcastle/racecard/517441
2026-09-23,Newcastle,16:59,6,Patriot Missile,517441,Sporting Life,https://www.sportinglife.com/greyhounds/racecards/2026-09-23/newcastle/racecard/517441
2026-09-23,Newcastle,17:18,1,Proper Rockett,517442,Sporting Life,https://www.sportinglife.com/greyhounds/racecards/2026-09-23/newcastle/racecard/517442
2026-09-23,Newcastle,17:18,2,Avenue Cove,517442,Sporting Life,https://www.sportinglife.com/greyhounds/racecards/2026-09-23/newcastle/racecard/517442
2026-09-23,Newcastle,17:18,3,Nitro Nylo,517442,Sporting Life,https://www.sportinglife.com/greyhounds/racecards/2026-09-23/newcastle/racecard/517442
2026-09-23,Newcastle,17:18,4,Droopys Coach,517442,Sporting Life,https://www.sportinglife.com/greyhounds/racecards/2026-09-23/newcastle/racecard/517442
2026-09-23,Newcastle,17:18,5,Crooks Nottofar,517442,Sporting Life,https://www.sportinglife.com/greyhounds/racecards/2026-09-23/newcastle/racecard/517442
2026-09-23,Newcastle,17:37,1,Mongys Sapphire,517443,Sporting Life,https://www.sportinglife.com/greyhounds/racecards/2026-09-23/newcastle/racecard/517443
2026-09-23,Newcastle,17:37,2,Sivako,517443,Sporting Life,https://www.sportinglife.com/greyhounds/racecards/2026-09-23/newcastle/racecard/517443
2026-09-23,Newcastle,17:37,3,Brenval Elle,517443,Sporting Life,https://www.sportinglife.com/greyhounds/racecards/2026-09-23/newcastle/racecard/517443
2026-09-23,Newcastle,17:37,4,Whitehills Zoey,517443,Sporting Life,https://www.sportinglife.com/greyhounds/racecards/2026-09-23/newcastle/racecard/517443
2026-09-23,Newcastle,17:37,5,Easy Oz,517443,Sporting Life,https://www.sportinglife.com/greyhounds/racecards/2026-09-23/newcastle/racecard/517443
2026-09-23,Newcastle,17:37,6,Swift Leon,517443,Sporting Life,https://www.sportinglife.com/greyhounds/racecards/2026-09-23/newcastle/racecard/517443
2026-09-23,Newcastle,17:56,1,Blackhouse Love,517444,Sporting Life,https://www.sportinglife.com/greyhounds/racecards/2026-09-23/newcastle/racecard/517444
2026-09-23,Newcastle,17:56,2,Brotherhood,517444,Sporting Life,https://www.sportinglife.com/greyhounds/racecards/2026-09-23/newcastle/racecard/517444
2026-09-23,Newcastle,17:56,3,Highview Evie,517444,Sporting Life,https://www.sportinglife.com/greyhounds/racecards/2026-09-23/newcastle/racecard/517444
2026-09-23,Newcastle,17:56,4,Please Sadie,517444,Sporting Life,https://www.sportinglife.com/greyhounds/racecards/2026-09-23/newcastle/racecard/517444
2026-09-23,Newcastle,17:56,5,Coolemount Raid,517444,Sporting Life,https://www.sportinglife.com/greyhounds/racecards/2026-09-23/newcastle/racecard/517444
2026-09-23,Newcastle,17:56,6,Crokers Luna,517444,Sporting Life,https://www.sportinglife.com/greyhounds/racecards/2026-09-23/newcastle/racecard/517444
2026-09-23,Nottingham,11:25,1,Keefill Everest,517348,Sporting Life,https://www.sportinglife.com/greyhounds/racecards/2026-09-23/nottingham/racecard/517348
2026-09-23,Nottingham,11:25,2,Honour Break,517348,Sporting Life,https://www.sportinglife.com/greyhounds/racecards/2026-09-23/nottingham/racecard/517348
2026-09-23,Nottingham,11:25,3,Unlikely Tom,517348,Sporting Life,https://www.sportinglife.com/greyhounds/racecards/2026-09-23/nottingham/racecard/517348
2026-09-23,Nottingham,11:25,4,Keefill Beth,517348,Sporting Life,https://www.sportinglife.com/greyhounds/racecards/2026-09-23/nottingham/racecard/517348
2026-09-23,Nottingham,11:25,5,Alien Emma,517348,Sporting Life,https://www.sportinglife.com/greyhounds/racecards/2026-09-23/nottingham/racecard/517348
2026-09-23,Nottingham,11:25,6,Hotshot Molly,517348,Sporting Life,https://www.sportinglife.com/greyhounds/racecards/2026-09-23/nottingham/racecard/517348
2026-09-23,Nottingham,11:41,1,Kelva Brie,517349,Sporting Life,https://www.sportinglife.com/greyhounds/racecards/2026-09-23/nottingham/racecard/517349
2026-09-23,Nottingham,11:41,2,Harlequin Kobe,517349,Sporting Life,https://www.sportinglife.com/greyhounds/racecards/2026-09-23/nottingham/racecard/517349
2026-09-23,Nottingham,11:41,3,Southwind Beauty,517349,Sporting Life,https://www.sportinglife.com/greyhounds/racecards/2026-09-23/nottingham/racecard/517349
2026-09-23,Nottingham,11:41,4,Sonic Reindeer,517349,Sporting Life,https://www.sportinglife.com/greyhounds/racecards/2026-09-23/nottingham/racecard/517349
2026-09-23,Nottingham,11:41,5,Sunset Years,517349,Sporting Life,https://www.sportinglife.com/greyhounds/racecards/2026-09-23/nottingham/racecard/517349
2026-09-23,Nottingham,11:41,6,Round The Bend,517349,Sporting Life,https://www.sportinglife.com/greyhounds/racecards/2026-09-23/nottingham/racecard/517349
2026-09-23,Nottingham,11:58,1,Churchill Boy,517350,Sporting Life,https://www.sportinglife.com/greyhounds/racecards/2026-09-23/nottingham/racecard/517350
2026-09-23,Nottingham,11:58,2,Piemans Fairy,517350,Sporting Life,https://www.sportinglife.com/greyhounds/racecards/2026-09-23/nottingham/racecard/517350
2026-09-23,Nottingham,11:58,3,Wolf Larry,517350,Sporting Life,https://www.sportinglife.com/greyhounds/racecards/2026-09-23/nottingham/racecard/517350
2026-09-23,Nottingham,11:58,4,Ballinabola Mona,517350,Sporting Life,https://www.sportinglife.com/greyhounds/racecards/2026-09-23/nottingham/racecard/517350
2026-09-23,Nottingham,11:58,5,Headford Tara,517350,Sporting Life,https://www.sportinglife.com/greyhounds/racecards/2026-09-23/nottingham/racecard/517350
2026-09-23,Nottingham,11:58,6,Kylenoe Stan,517350,Sporting Life,https://www.sportinglife.com/greyhounds/racecards/2026-09-23/nottingham/racecard/517350
2026-09-23,Nottingham,12:14,1,Seaside Myles,517351,Sporting Life,https://www.sportinglife.com/greyhounds/racecards/2026-09-23/nottingham/racecard/517351
2026-09-23,Nottingham,12:14,2,Westfield Sioux,517351,Sporting Life,https://www.sportinglife.com/greyhounds/racecards/2026-09-23/nottingham/racecard/517351
2026-09-23,Nottingham,12:14,3,Bene N Hot,517351,Sporting Life,https://www.sportinglife.com/greyhounds/racecards/2026-09-23/nottingham/racecard/517351
2026-09-23,Nottingham,12:14,4,Blae No Play,517351,Sporting Life,https://www.sportinglife.com/greyhounds/racecards/2026-09-23/nottingham/racecard/517351
2026-09-23,Nottingham,12:14,5,Bub Huddy,517351,Sporting Life,https://www.sportinglife.com/greyhounds/racecards/2026-09-23/nottingham/racecard/517351
2026-09-23,Nottingham,12:14,6,Vair Rumpol,517351,Sporting Life,https://www.sportinglife.com/greyhounds/racecards/2026-09-23/nottingham/racecard/517351
2026-09-23,Nottingham,12:31,1,Spruce Blaze,517352,Sporting Life,https://www.sportinglife.com/greyhounds/racecards/2026-09-23/nottingham/racecard/517352
2026-09-23,Nottingham,12:31,2,Shockwave Ice,517352,Sporting Life,https://www.sportinglife.com/greyhounds/racecards/2026-09-23/nottingham/racecard/517352
2026-09-23,Nottingham,12:31,3,Petite Pippa,517352,Sporting Life,https://www.sportinglife.com/greyhounds/racecards/2026-09-23/nottingham/racecard/517352
2026-09-23,Nottingham,12:31,4,Lightfoot Vogue,517352,Sporting Life,https://www.sportinglife.com/greyhounds/racecards/2026-09-23/nottingham/racecard/517352
2026-09-23,Nottingham,12:31,5,Blackfriars Gold,517352,Sporting Life,https://www.sportinglife.com/greyhounds/racecards/2026-09-23/nottingham/racecard/517352
2026-09-23,Nottingham,12:31,6,Firebird Queenie,517352,Sporting Life,https://www.sportinglife.com/greyhounds/racecards/2026-09-23/nottingham/racecard/517352
2026-09-23,Nottingham,12:48,1,Springwood Penny,517353,Sporting Life,https://www.sportinglife.com/greyhounds/racecards/2026-09-23/nottingham/racecard/517353
2026-09-23,Nottingham,12:48,2,Platinumsunshine,517353,Sporting Life,https://www.sportinglife.com/greyhounds/racecards/2026-09-23/nottingham/racecard/517353
2026-09-23,Nottingham,12:48,3,Alwaysoptimistic,517353,Sporting Life,https://www.sportinglife.com/greyhounds/racecards/2026-09-23/nottingham/racecard/517353
2026-09-23,Nottingham,12:48,4,Bit View Bella,517353,Sporting Life,https://www.sportinglife.com/greyhounds/racecards/2026-09-23/nottingham/racecard/517353
2026-09-23,Nottingham,12:48,5,Mallogs Miley,517353,Sporting Life,https://www.sportinglife.com/greyhounds/racecards/2026-09-23/nottingham/racecard/517353
2026-09-23,Nottingham,12:48,6,Headford Angela,517353,Sporting Life,https://www.sportinglife.com/greyhounds/racecards/2026-09-23/nottingham/racecard/517353
2026-09-23,Nottingham,13:06,1,Platinum Bea,517354,Sporting Life,https://www.sportinglife.com/greyhounds/racecards/2026-09-23/nottingham/racecard/517354
2026-09-23,Nottingham,13:06,2,Harlequin Breeze,517354,Sporting Life,https://www.sportinglife.com/greyhounds/racecards/2026-09-23/nottingham/racecard/517354
2026-09-23,Nottingham,13:06,3,Freedom Venus,517354,Sporting Life,https://www.sportinglife.com/greyhounds/racecards/2026-09-23/nottingham/racecard/517354
2026-09-23,Nottingham,13:06,4,Harwell Charlie,517354,Sporting Life,https://www.sportinglife.com/greyhounds/racecards/2026-09-23/nottingham/racecard/517354
2026-09-23,Nottingham,13:06,5,Clonlost Deedee,517354,Sporting Life,https://www.sportinglife.com/greyhounds/racecards/2026-09-23/nottingham/racecard/517354
2026-09-23,Nottingham,13:06,6,Stradbally Anne,517354,Sporting Life,https://www.sportinglife.com/greyhounds/racecards/2026-09-23/nottingham/racecard/517354
2026-09-23,Nottingham,13:21,1,Westfield Forno,517355,Sporting Life,https://www.sportinglife.com/greyhounds/racecards/2026-09-23/nottingham/racecard/517355
2026-09-23,Nottingham,13:21,2,Elite Max,517355,Sporting Life,https://www.sportinglife.com/greyhounds/racecards/2026-09-23/nottingham/racecard/517355
2026-09-23,Nottingham,13:21,3,Ayup Chewie,517355,Sporting Life,https://www.sportinglife.com/greyhounds/racecards/2026-09-23/nottingham/racecard/517355
2026-09-23,Nottingham,13:21,4,Fercullen Champ,517355,Sporting Life,https://www.sportinglife.com/greyhounds/racecards/2026-09-23/nottingham/racecard/517355
2026-09-23,Nottingham,13:21,5,Rowington Reign,517355,Sporting Life,https://www.sportinglife.com/greyhounds/racecards/2026-09-23/nottingham/racecard/517355
2026-09-23,Nottingham,13:21,6,Honour Boomerang,517355,Sporting Life,https://www.sportinglife.com/greyhounds/racecards/2026-09-23/nottingham/racecard/517355
2026-09-23,Nottingham,13:36,1,Jillulie Blue,517356,Sporting Life,https://www.sportinglife.com/greyhounds/racecards/2026-09-23/nottingham/racecard/517356
2026-09-23,Nottingham,13:36,2,Nidderdale Kiln,517356,Sporting Life,https://www.sportinglife.com/greyhounds/racecards/2026-09-23/nottingham/racecard/517356
2026-09-23,Nottingham,13:36,4,Overtaker,517356,Sporting Life,https://www.sportinglife.com/greyhounds/racecards/2026-09-23/nottingham/racecard/517356
2026-09-23,Nottingham,13:36,5,Washington Sky,517356,Sporting Life,https://www.sportinglife.com/greyhounds/racecards/2026-09-23/nottingham/racecard/517356
2026-09-23,Nottingham,13:36,6,Dairyland Roxy,517356,Sporting Life,https://www.sportinglife.com/greyhounds/racecards/2026-09-23/nottingham/racecard/517356
2026-09-23,Nottingham,13:52,1,Seaside Moo,517357,Sporting Life,https://www.sportinglife.com/greyhounds/racecards/2026-09-23/nottingham/racecard/517357
2026-09-23,Nottingham,13:52,2,Drombane Bono,517357,Sporting Life,https://www.sportinglife.com/greyhounds/racecards/2026-09-23/nottingham/racecard/517357
2026-09-23,Nottingham,13:52,4,Oforgoodnessake,517357,Sporting Life,https://www.sportinglife.com/greyhounds/racecards/2026-09-23/nottingham/racecard/517357
2026-09-23,Nottingham,13:52,5,Honour Promise,517357,Sporting Life,https://www.sportinglife.com/greyhounds/racecards/2026-09-23/nottingham/racecard/517357
2026-09-23,Nottingham,13:52,6,Feora Kate,517357,Sporting Life,https://www.sportinglife.com/greyhounds/racecards/2026-09-23/nottingham/racecard/517357
2026-09-23,Nottingham,14:09,1,Sudoky Zoom,517358,Sporting Life,https://www.sportinglife.com/greyhounds/racecards/2026-09-23/nottingham/racecard/517358
2026-09-23,Nottingham,14:09,2,Lincoln Sonnet,517358,Sporting Life,https://www.sportinglife.com/greyhounds/racecards/2026-09-23/nottingham/racecard/517358
2026-09-23,Nottingham,14:09,3,Black River,517358,Sporting Life,https://www.sportinglife.com/greyhounds/racecards/2026-09-23/nottingham/racecard/517358
2026-09-23,Nottingham,14:09,4,Mohican Trevor,517358,Sporting Life,https://www.sportinglife.com/greyhounds/racecards/2026-09-23/nottingham/racecard/517358
2026-09-23,Nottingham,14:09,5,Honour Beckham,517358,Sporting Life,https://www.sportinglife.com/greyhounds/racecards/2026-09-23/nottingham/racecard/517358
2026-09-23,Romford,18:37,1,Seomra Finn,517421,Sporting Life,https://www.sportinglife.com/greyhounds/racecards/2026-09-23/romford/racecard/517421
2026-09-23,Romford,18:37,2,Whizzy Dot,517421,Sporting Life,https://www.sportinglife.com/greyhounds/racecards/2026-09-23/romford/racecard/517421
2026-09-23,Romford,18:37,3,Chiltern Queen,517421,Sporting Life,https://www.sportinglife.com/greyhounds/racecards/2026-09-23/romford/racecard/517421
2026-09-23,Romford,18:37,4,Thread Of Hope,517421,Sporting Life,https://www.sportinglife.com/greyhounds/racecards/2026-09-23/romford/racecard/517421
2026-09-23,Romford,18:37,5,Haverhill Ellie,517421,Sporting Life,https://www.sportinglife.com/greyhounds/racecards/2026-09-23/romford/racecard/517421
2026-09-23,Romford,18:53,1,Lavan Jet,517422,Sporting Life,https://www.sportinglife.com/greyhounds/racecards/2026-09-23/romford/racecard/517422
2026-09-23,Romford,18:53,2,Ten Fold,517422,Sporting Life,https://www.sportinglife.com/greyhounds/racecards/2026-09-23/romford/racecard/517422
2026-09-23,Romford,18:53,3,Roanna General,517422,Sporting Life,https://www.sportinglife.com/greyhounds/racecards/2026-09-23/romford/racecard/517422
2026-09-23,Romford,18:53,4,Yahoo Clodagh,517422,Sporting Life,https://www.sportinglife.com/greyhounds/racecards/2026-09-23/romford/racecard/517422
2026-09-23,Romford,18:53,5,Not Now Alan,517422,Sporting Life,https://www.sportinglife.com/greyhounds/racecards/2026-09-23/romford/racecard/517422
2026-09-23,Romford,18:53,6,Headford Eimear,517422,Sporting Life,https://www.sportinglife.com/greyhounds/racecards/2026-09-23/romford/racecard/517422
2026-09-23,Romford,19:11,1,Jims Buddy,517423,Sporting Life,https://www.sportinglife.com/greyhounds/racecards/2026-09-23/romford/racecard/517423
2026-09-23,Romford,19:11,2,Patricias Gift,517423,Sporting Life,https://www.sportinglife.com/greyhounds/racecards/2026-09-23/romford/racecard/517423
2026-09-23,Romford,19:11,3,Slipalong Ace,517423,Sporting Life,https://www.sportinglife.com/greyhounds/racecards/2026-09-23/romford/racecard/517423
2026-09-23,Romford,19:11,4,Razldazl Tully,517423,Sporting Life,https://www.sportinglife.com/greyhounds/racecards/2026-09-23/romford/racecard/517423
2026-09-23,Romford,19:11,5,Yahoo Poppy,517423,Sporting Life,https://www.sportinglife.com/greyhounds/racecards/2026-09-23/romford/racecard/517423
2026-09-23,Romford,19:11,6,Da Capsule,517423,Sporting Life,https://www.sportinglife.com/greyhounds/racecards/2026-09-23/romford/racecard/517423
2026-09-23,Romford,19:27,1,College Twain,517424,Sporting Life,https://www.sportinglife.com/greyhounds/racecards/2026-09-23/romford/racecard/517424
2026-09-23,Romford,19:27,2,Droopys Maybe,517424,Sporting Life,https://www.sportinglife.com/greyhounds/racecards/2026-09-23/romford/racecard/517424
2026-09-23,Romford,19:27,3,Jeopardy Heidi,517424,Sporting Life,https://www.sportinglife.com/greyhounds/racecards/2026-09-23/romford/racecard/517424
2026-09-23,Romford,19:27,4,Rondatortoise,517424,Sporting Life,https://www.sportinglife.com/greyhounds/racecards/2026-09-23/romford/racecard/517424
2026-09-23,Romford,19:27,5,Bump N Run,517424,Sporting Life,https://www.sportinglife.com/greyhounds/racecards/2026-09-23/romford/racecard/517424
2026-09-23,Romford,19:44,1,Crossfield Jazz,517425,Sporting Life,https://www.sportinglife.com/greyhounds/racecards/2026-09-23/romford/racecard/517425
2026-09-23,Romford,19:44,2,Thirtyapop,517425,Sporting Life,https://www.sportinglife.com/greyhounds/racecards/2026-09-23/romford/racecard/517425
2026-09-23,Romford,19:44,3,Snoozing Bow,517425,Sporting Life,https://www.sportinglife.com/greyhounds/racecards/2026-09-23/romford/racecard/517425
2026-09-23,Romford,19:44,4,Drovers Violet,517425,Sporting Life,https://www.sportinglife.com/greyhounds/racecards/2026-09-23/romford/racecard/517425
2026-09-23,Romford,19:44,5,Milltown Kim,517425,Sporting Life,https://www.sportinglife.com/greyhounds/racecards/2026-09-23/romford/racecard/517425
2026-09-23,Romford,19:44,6,Keefill Darwin,517425,Sporting Life,https://www.sportinglife.com/greyhounds/racecards/2026-09-23/romford/racecard/517425
2026-09-23,Romford,20:01,1,Alana The Second,517426,Sporting Life,https://www.sportinglife.com/greyhounds/racecards/2026-09-23/romford/racecard/517426
2026-09-23,Romford,20:01,2,Ballymac Carlina,517426,Sporting Life,https://www.sportinglife.com/greyhounds/racecards/2026-09-23/romford/racecard/517426
2026-09-23,Romford,20:01,3,Teejays Chelms,517426,Sporting Life,https://www.sportinglife.com/greyhounds/racecards/2026-09-23/romford/racecard/517426
2026-09-23,Romford,20:01,4,Bacon Frazzles,517426,Sporting Life,https://www.sportinglife.com/greyhounds/racecards/2026-09-23/romford/racecard/517426
2026-09-23,Romford,20:01,5,Rapido Louise,517426,Sporting Life,https://www.sportinglife.com/greyhounds/racecards/2026-09-23/romford/racecard/517426
2026-09-23,Romford,20:19,1,Toems Jess,517427,Sporting Life,https://www.sportinglife.com/greyhounds/racecards/2026-09-23/romford/racecard/517427
2026-09-23,Romford,20:19,2,Mohican Honey,517427,Sporting Life,https://www.sportinglife.com/greyhounds/racecards/2026-09-23/romford/racecard/517427
2026-09-23,Romford,20:19,3,Lazlos Babe,517427,Sporting Life,https://www.sportinglife.com/greyhounds/racecards/2026-09-23/romford/racecard/517427
2026-09-23,Romford,20:19,4,Distant Faraday,517427,Sporting Life,https://www.sportinglife.com/greyhounds/racecards/2026-09-23/romford/racecard/517427
2026-09-23,Romford,20:19,5,Catunda Nemo,517427,Sporting Life,https://www.sportinglife.com/greyhounds/racecards/2026-09-23/romford/racecard/517427
2026-09-23,Romford,20:19,6,Moaning Dolly,517427,Sporting Life,https://www.sportinglife.com/greyhounds/racecards/2026-09-23/romford/racecard/517427
2026-09-23,Romford,20:36,1,Droopys Pedigree,517428,Sporting Life,https://www.sportinglife.com/greyhounds/racecards/2026-09-23/romford/racecard/517428
2026-09-23,Romford,20:36,2,Orange Elizabeth,517428,Sporting Life,https://www.sportinglife.com/greyhounds/racecards/2026-09-23/romford/racecard/517428
2026-09-23,Romford,20:36,3,Blackrose Venus,517428,Sporting Life,https://www.sportinglife.com/greyhounds/racecards/2026-09-23/romford/racecard/517428
2026-09-23,Romford,20:36,4,Sweet Tea,517428,Sporting Life,https://www.sportinglife.com/greyhounds/racecards/2026-09-23/romford/racecard/517428
2026-09-23,Romford,20:36,5,Tromora Lake,517428,Sporting Life,https://www.sportinglife.com/greyhounds/racecards/2026-09-23/romford/racecard/517428
2026-09-23,Romford,20:36,6,Booklet,517428,Sporting Life,https://www.sportinglife.com/greyhounds/racecards/2026-09-23/romford/racecard/517428
2026-09-23,Romford,20:54,1,Aminutetooten,517429,Sporting Life,https://www.sportinglife.com/greyhounds/racecards/2026-09-23/romford/racecard/517429
2026-09-23,Romford,20:54,2,Come On Sheileen,517429,Sporting Life,https://www.sportinglife.com/greyhounds/racecards/2026-09-23/romford/racecard/517429
2026-09-23,Romford,20:54,3,Itsur View,517429,Sporting Life,https://www.sportinglife.com/greyhounds/racecards/2026-09-23/romford/racecard/517429
2026-09-23,Romford,20:54,4,Bubbly Queenie,517429,Sporting Life,https://www.sportinglife.com/greyhounds/racecards/2026-09-23/romford/racecard/517429
2026-09-23,Romford,20:54,5,Razldazl Layla,517429,Sporting Life,https://www.sportinglife.com/greyhounds/racecards/2026-09-23/romford/racecard/517429
2026-09-23,Romford,20:54,6,Romantic Romeo,517429,Sporting Life,https://www.sportinglife.com/greyhounds/racecards/2026-09-23/romford/racecard/517429
2026-09-23,Romford,21:11,1,Romantic Jade,517430,Sporting Life,https://www.sportinglife.com/greyhounds/racecards/2026-09-23/romford/racecard/517430
2026-09-23,Romford,21:11,2,Holding Lizzy,517430,Sporting Life,https://www.sportinglife.com/greyhounds/racecards/2026-09-23/romford/racecard/517430
2026-09-23,Romford,21:11,3,Ten Pound,517430,Sporting Life,https://www.sportinglife.com/greyhounds/racecards/2026-09-23/romford/racecard/517430
2026-09-23,Romford,21:11,4,Dinos Yogi,517430,Sporting Life,https://www.sportinglife.com/greyhounds/racecards/2026-09-23/romford/racecard/517430
2026-09-23,Romford,21:11,5,Cowboy Terry,517430,Sporting Life,https://www.sportinglife.com/greyhounds/racecards/2026-09-23/romford/racecard/517430
2026-09-23,Romford,21:11,6,Holding Suzie,517430,Sporting Life,https://www.sportinglife.com/greyhounds/racecards/2026-09-23/romford/racecard/517430
2026-09-23,Romford,21:28,1,Pantone Alley,517431,Sporting Life,https://www.sportinglife.com/greyhounds/racecards/2026-09-23/romford/racecard/517431
2026-09-23,Romford,21:28,2,My Sweet Gracie,517431,Sporting Life,https://www.sportinglife.com/greyhounds/racecards/2026-09-23/romford/racecard/517431
2026-09-23,Romford,21:28,3,Snoopys Ren,517431,Sporting Life,https://www.sportinglife.com/greyhounds/racecards/2026-09-23/romford/racecard/517431
2026-09-23,Romford,21:28,4,Fire Magic,517431,Sporting Life,https://www.sportinglife.com/greyhounds/racecards/2026-09-23/romford/racecard/517431
2026-09-23,Romford,21:28,5,Pupi Chulo,517431,Sporting Life,https://www.sportinglife.com/greyhounds/racecards/2026-09-23/romford/racecard/517431
2026-09-23,Romford,21:28,6,Blue Shine,517431,Sporting Life,https://www.sportinglife.com/greyhounds/racecards/2026-09-23/romford/racecard/517431
2026-09-23,Romford,21:46,1,Inclement Motion,517432,Sporting Life,https://www.sportinglife.com/greyhounds/racecards/2026-09-23/romford/racecard/517432
2026-09-23,Romford,21:46,2,Carrick Ole,517432,Sporting Life,https://www.sportinglife.com/greyhounds/racecards/2026-09-23/romford/racecard/517432
2026-09-23,Romford,21:46,3,Twizzle,517432,Sporting Life,https://www.sportinglife.com/greyhounds/racecards/2026-09-23/romford/racecard/517432
2026-09-23,Romford,21:46,4,San Siro,517432,Sporting Life,https://www.sportinglife.com/greyhounds/racecards/2026-09-23/romford/racecard/517432
2026-09-23,Romford,21:46,6,Louises Summer,517432,Sporting Life,https://www.sportinglife.com/greyhounds/racecards/2026-09-23/romford/racecard/517432
2026-09-23,Sunderland,14:36,1,Swift Neutral,517457,Sporting Life,https://www.sportinglife.com/greyhounds/racecards/2026-09-23/sunderland/racecard/517457
2026-09-23,Sunderland,14:36,2,An Gaoithe Rua,517457,Sporting Life,https://www.sportinglife.com/greyhounds/racecards/2026-09-23/sunderland/racecard/517457
2026-09-23,Sunderland,14:36,3,Kilteely Glory,517457,Sporting Life,https://www.sportinglife.com/greyhounds/racecards/2026-09-23/sunderland/racecard/517457
2026-09-23,Sunderland,14:36,4,Good Edge,517457,Sporting Life,https://www.sportinglife.com/greyhounds/racecards/2026-09-23/sunderland/racecard/517457
2026-09-23,Sunderland,14:36,5,Sarahs Hope,517457,Sporting Life,https://www.sportinglife.com/greyhounds/racecards/2026-09-23/sunderland/racecard/517457
2026-09-23,Sunderland,14:36,6,Untold Kaspa,517457,Sporting Life,https://www.sportinglife.com/greyhounds/racecards/2026-09-23/sunderland/racecard/517457
2026-09-23,Sunderland,14:54,1,Trumpers Calvin,517458,Sporting Life,https://www.sportinglife.com/greyhounds/racecards/2026-09-23/sunderland/racecard/517458
2026-09-23,Sunderland,14:54,2,Zesty Lime,517458,Sporting Life,https://www.sportinglife.com/greyhounds/racecards/2026-09-23/sunderland/racecard/517458
2026-09-23,Sunderland,14:54,3,Itsgiving Delulu,517458,Sporting Life,https://www.sportinglife.com/greyhounds/racecards/2026-09-23/sunderland/racecard/517458
2026-09-23,Sunderland,14:54,4,Burnpark Pheonix,517458,Sporting Life,https://www.sportinglife.com/greyhounds/racecards/2026-09-23/sunderland/racecard/517458
2026-09-23,Sunderland,14:54,5,Gemmas Hope,517458,Sporting Life,https://www.sportinglife.com/greyhounds/racecards/2026-09-23/sunderland/racecard/517458
2026-09-23,Sunderland,14:54,6,Rising Forrest,517458,Sporting Life,https://www.sportinglife.com/greyhounds/racecards/2026-09-23/sunderland/racecard/517458
2026-09-23,Sunderland,15:13,1,Ballyroe Blue,517459,Sporting Life,https://www.sportinglife.com/greyhounds/racecards/2026-09-23/sunderland/racecard/517459
2026-09-23,Sunderland,15:13,2,Kerabellec Neill,517459,Sporting Life,https://www.sportinglife.com/greyhounds/racecards/2026-09-23/sunderland/racecard/517459
2026-09-23,Sunderland,15:13,3,Skirk Survivor,517459,Sporting Life,https://www.sportinglife.com/greyhounds/racecards/2026-09-23/sunderland/racecard/517459
2026-09-23,Sunderland,15:13,4,Milestone Mo,517459,Sporting Life,https://www.sportinglife.com/greyhounds/racecards/2026-09-23/sunderland/racecard/517459
2026-09-23,Sunderland,15:13,6,Roisins Angel,517459,Sporting Life,https://www.sportinglife.com/greyhounds/racecards/2026-09-23/sunderland/racecard/517459
2026-09-23,Sunderland,15:32,1,Lillys A Lady,517460,Sporting Life,https://www.sportinglife.com/greyhounds/racecards/2026-09-23/sunderland/racecard/517460
2026-09-23,Sunderland,15:32,2,Sophias Hope,517460,Sporting Life,https://www.sportinglife.com/greyhounds/racecards/2026-09-23/sunderland/racecard/517460
2026-09-23,Sunderland,15:32,3,Matts Bomber,517460,Sporting Life,https://www.sportinglife.com/greyhounds/racecards/2026-09-23/sunderland/racecard/517460
2026-09-23,Sunderland,15:32,4,Real Action,517460,Sporting Life,https://www.sportinglife.com/greyhounds/racecards/2026-09-23/sunderland/racecard/517460
2026-09-23,Sunderland,15:32,6,Doohoma Rogue,517460,Sporting Life,https://www.sportinglife.com/greyhounds/racecards/2026-09-23/sunderland/racecard/517460
2026-09-23,Sunderland,15:51,1,Mid Tipp Jacko,517461,Sporting Life,https://www.sportinglife.com/greyhounds/racecards/2026-09-23/sunderland/racecard/517461
2026-09-23,Sunderland,15:51,2,Hollyhill Hunter,517461,Sporting Life,https://www.sportinglife.com/greyhounds/racecards/2026-09-23/sunderland/racecard/517461
2026-09-23,Sunderland,15:51,3,Hollyhill Tommy,517461,Sporting Life,https://www.sportinglife.com/greyhounds/racecards/2026-09-23/sunderland/racecard/517461
2026-09-23,Sunderland,15:51,4,Kerabellec Delph,517461,Sporting Life,https://www.sportinglife.com/greyhounds/racecards/2026-09-23/sunderland/racecard/517461
2026-09-23,Sunderland,15:51,5,Amidus Call,517461,Sporting Life,https://www.sportinglife.com/greyhounds/racecards/2026-09-23/sunderland/racecard/517461
2026-09-23,Sunderland,15:51,6,Hot Sully,517461,Sporting Life,https://www.sportinglife.com/greyhounds/racecards/2026-09-23/sunderland/racecard/517461
2026-09-23,Sunderland,16:09,1,Droopys History,517462,Sporting Life,https://www.sportinglife.com/greyhounds/racecards/2026-09-23/sunderland/racecard/517462
2026-09-23,Sunderland,16:09,2,Rein Me In,517462,Sporting Life,https://www.sportinglife.com/greyhounds/racecards/2026-09-23/sunderland/racecard/517462
2026-09-23,Sunderland,16:09,4,Donegal Cashout,517462,Sporting Life,https://www.sportinglife.com/greyhounds/racecards/2026-09-23/sunderland/racecard/517462
2026-09-23,Sunderland,16:09,5,Vale Blackbird,517462,Sporting Life,https://www.sportinglife.com/greyhounds/racecards/2026-09-23/sunderland/racecard/517462
2026-09-23,Sunderland,16:09,6,Canavans Corner,517462,Sporting Life,https://www.sportinglife.com/greyhounds/racecards/2026-09-23/sunderland/racecard/517462
2026-09-23,Sunderland,16:28,1,Lacken Fun,517463,Sporting Life,https://www.sportinglife.com/greyhounds/racecards/2026-09-23/sunderland/racecard/517463
2026-09-23,Sunderland,16:28,2,Lostrigg Buck,517463,Sporting Life,https://www.sportinglife.com/greyhounds/racecards/2026-09-23/sunderland/racecard/517463
2026-09-23,Sunderland,16:28,3,Amigan Nina,517463,Sporting Life,https://www.sportinglife.com/greyhounds/racecards/2026-09-23/sunderland/racecard/517463
2026-09-23,Sunderland,16:28,4,Shelookslikefun,517463,Sporting Life,https://www.sportinglife.com/greyhounds/racecards/2026-09-23/sunderland/racecard/517463
2026-09-23,Sunderland,16:28,5,Stonepark Patsy,517463,Sporting Life,https://www.sportinglife.com/greyhounds/racecards/2026-09-23/sunderland/racecard/517463
2026-09-23,Sunderland,16:47,1,Black Rikke,517464,Sporting Life,https://www.sportinglife.com/greyhounds/racecards/2026-09-23/sunderland/racecard/517464
2026-09-23,Sunderland,16:47,2,Gunner Blake,517464,Sporting Life,https://www.sportinglife.com/greyhounds/racecards/2026-09-23/sunderland/racecard/517464
2026-09-23,Sunderland,16:47,3,Hands Off Enda,517464,Sporting Life,https://www.sportinglife.com/greyhounds/racecards/2026-09-23/sunderland/racecard/517464
2026-09-23,Sunderland,16:47,4,Abbys Hope,517464,Sporting Life,https://www.sportinglife.com/greyhounds/racecards/2026-09-23/sunderland/racecard/517464
2026-09-23,Sunderland,16:47,5,Tommys Picture,517464,Sporting Life,https://www.sportinglife.com/greyhounds/racecards/2026-09-23/sunderland/racecard/517464
2026-09-23,Sunderland,16:47,6,Crossfield Conni,517464,Sporting Life,https://www.sportinglife.com/greyhounds/racecards/2026-09-23/sunderland/racecard/517464
2026-09-23,Sunderland,17:06,1,Timmys Duo,517465,Sporting Life,https://www.sportinglife.com/greyhounds/racecards/2026-09-23/sunderland/racecard/517465
2026-09-23,Sunderland,17:06,2,Marlfield Rapido,517465,Sporting Life,https://www.sportinglife.com/greyhounds/racecards/2026-09-23/sunderland/racecard/517465
2026-09-23,Sunderland,17:06,3,Westforth Calvin,517465,Sporting Life,https://www.sportinglife.com/greyhounds/racecards/2026-09-23/sunderland/racecard/517465
2026-09-23,Sunderland,17:06,5,Ferndale Coola,517465,Sporting Life,https://www.sportinglife.com/greyhounds/racecards/2026-09-23/sunderland/racecard/517465
2026-09-23,Sunderland,17:06,6,Westforth Avayla,517465,Sporting Life,https://www.sportinglife.com/greyhounds/racecards/2026-09-23/sunderland/racecard/517465
2026-09-23,Sunderland,17:24,1,Nicoles Noir,517466,Sporting Life,https://www.sportinglife.com/greyhounds/racecards/2026-09-23/sunderland/racecard/517466
2026-09-23,Sunderland,17:24,2,Easy Elaina,517466,Sporting Life,https://www.sportinglife.com/greyhounds/racecards/2026-09-23/sunderland/racecard/517466
2026-09-23,Sunderland,17:24,3,Debbies Hope,517466,Sporting Life,https://www.sportinglife.com/greyhounds/racecards/2026-09-23/sunderland/racecard/517466
2026-09-23,Sunderland,17:24,4,Westforth Lynett,517466,Sporting Life,https://www.sportinglife.com/greyhounds/racecards/2026-09-23/sunderland/racecard/517466
2026-09-23,Sunderland,17:24,5,Fruity Ninja,517466,Sporting Life,https://www.sportinglife.com/greyhounds/racecards/2026-09-23/sunderland/racecard/517466
2026-09-23,Sunderland,17:24,6,Dromulton Dream,517466,Sporting Life,https://www.sportinglife.com/greyhounds/racecards/2026-09-23/sunderland/racecard/517466
2026-09-23,Sunderland,17:43,1,Balmoral Lucy,517467,Sporting Life,https://www.sportinglife.com/greyhounds/racecards/2026-09-23/sunderland/racecard/517467
2026-09-23,Sunderland,17:43,2,Monroe Milo,517467,Sporting Life,https://www.sportinglife.com/greyhounds/racecards/2026-09-23/sunderland/racecard/517467
2026-09-23,Sunderland,17:43,3,Marinas Ivory,517467,Sporting Life,https://www.sportinglife.com/greyhounds/racecards/2026-09-23/sunderland/racecard/517467
2026-09-23,Sunderland,17:43,4,Bathams Panther,517467,Sporting Life,https://www.sportinglife.com/greyhounds/racecards/2026-09-23/sunderland/racecard/517467
2026-09-23,Sunderland,17:43,5,Moyvane Alice,517467,Sporting Life,https://www.sportinglife.com/greyhounds/racecards/2026-09-23/sunderland/racecard/517467
2026-09-23,Sunderland,18:02,1,Bashful Pebbles,517468,Sporting Life,https://www.sportinglife.com/greyhounds/racecards/2026-09-23/sunderland/racecard/517468
2026-09-23,Sunderland,18:02,2,Ballymac Aki,517468,Sporting Life,https://www.sportinglife.com/greyhounds/racecards/2026-09-23/sunderland/racecard/517468
2026-09-23,Sunderland,18:02,3,Zesty Strawberry,517468,Sporting Life,https://www.sportinglife.com/greyhounds/racecards/2026-09-23/sunderland/racecard/517468
2026-09-23,Sunderland,18:02,4,Ballyhimikin Ivy,517468,Sporting Life,https://www.sportinglife.com/greyhounds/racecards/2026-09-23/sunderland/racecard/517468
2026-09-23,Sunderland,18:02,5,Watermill Mya,517468,Sporting Life,https://www.sportinglife.com/greyhounds/racecards/2026-09-23/sunderland/racecard/517468
2026-09-23,Valley,13:49,1,Slid John,517324,Sporting Life,https://www.sportinglife.com/greyhounds/racecards/2026-09-23/valley/racecard/517324
2026-09-23,Valley,13:49,2,Flomur Fiona,517324,Sporting Life,https://www.sportinglife.com/greyhounds/racecards/2026-09-23/valley/racecard/517324
2026-09-23,Valley,13:49,3,Kildallon Poppy,517324,Sporting Life,https://www.sportinglife.com/greyhounds/racecards/2026-09-23/valley/racecard/517324
2026-09-23,Valley,13:49,4,Droopys Glaze,517324,Sporting Life,https://www.sportinglife.com/greyhounds/racecards/2026-09-23/valley/racecard/517324
2026-09-23,Valley,13:49,5,Hawkfield Jasmin,517324,Sporting Life,https://www.sportinglife.com/greyhounds/racecards/2026-09-23/valley/racecard/517324
2026-09-23,Valley,13:49,6,Hawkfield Echo,517324,Sporting Life,https://www.sportinglife.com/greyhounds/racecards/2026-09-23/valley/racecard/517324
2026-09-23,Valley,14:08,1,Sawpit Smokey,517325,Sporting Life,https://www.sportinglife.com/greyhounds/racecards/2026-09-23/valley/racecard/517325
2026-09-23,Valley,14:08,2,Trionas Tangle,517325,Sporting Life,https://www.sportinglife.com/greyhounds/racecards/2026-09-23/valley/racecard/517325
2026-09-23,Valley,14:08,3,Breffni Tina,517325,Sporting Life,https://www.sportinglife.com/greyhounds/racecards/2026-09-23/valley/racecard/517325
2026-09-23,Valley,14:08,4,Ballyregan Tara,517325,Sporting Life,https://www.sportinglife.com/greyhounds/racecards/2026-09-23/valley/racecard/517325
2026-09-23,Valley,14:08,5,Chadwell Tyson,517325,Sporting Life,https://www.sportinglife.com/greyhounds/racecards/2026-09-23/valley/racecard/517325
2026-09-23,Valley,14:26,1,Country Skipper,517326,Sporting Life,https://www.sportinglife.com/greyhounds/racecards/2026-09-23/valley/racecard/517326
2026-09-23,Valley,14:26,2,Kilmoganny Luck,517326,Sporting Life,https://www.sportinglife.com/greyhounds/racecards/2026-09-23/valley/racecard/517326
2026-09-23,Valley,14:26,3,Carrigmore Scott,517326,Sporting Life,https://www.sportinglife.com/greyhounds/racecards/2026-09-23/valley/racecard/517326
2026-09-23,Valley,14:26,4,Hawkfield Feral,517326,Sporting Life,https://www.sportinglife.com/greyhounds/racecards/2026-09-23/valley/racecard/517326
2026-09-23,Valley,14:26,5,Hawkfield Hoffa,517326,Sporting Life,https://www.sportinglife.com/greyhounds/racecards/2026-09-23/valley/racecard/517326
2026-09-23,Valley,14:26,6,Hawkfield Zoom,517326,Sporting Life,https://www.sportinglife.com/greyhounds/racecards/2026-09-23/valley/racecard/517326
2026-09-23,Valley,14:44,1,Pandy Daffy,517327,Sporting Life,https://www.sportinglife.com/greyhounds/racecards/2026-09-23/valley/racecard/517327
2026-09-23,Valley,14:44,2,Sawpit Stanley,517327,Sporting Life,https://www.sportinglife.com/greyhounds/racecards/2026-09-23/valley/racecard/517327
2026-09-23,Valley,14:44,3,Arrigle Buster,517327,Sporting Life,https://www.sportinglife.com/greyhounds/racecards/2026-09-23/valley/racecard/517327
2026-09-23,Valley,14:44,4,Beechview Bale,517327,Sporting Life,https://www.sportinglife.com/greyhounds/racecards/2026-09-23/valley/racecard/517327
2026-09-23,Valley,14:44,5,Memories Clash,517327,Sporting Life,https://www.sportinglife.com/greyhounds/racecards/2026-09-23/valley/racecard/517327
2026-09-23,Valley,15:03,1,Furry Neck,517328,Sporting Life,https://www.sportinglife.com/greyhounds/racecards/2026-09-23/valley/racecard/517328
2026-09-23,Valley,15:03,2,Sawpit Sable,517328,Sporting Life,https://www.sportinglife.com/greyhounds/racecards/2026-09-23/valley/racecard/517328
2026-09-23,Valley,15:03,3,Boherdota Flash,517328,Sporting Life,https://www.sportinglife.com/greyhounds/racecards/2026-09-23/valley/racecard/517328
2026-09-23,Valley,15:03,4,Ballyregan Niamh,517328,Sporting Life,https://www.sportinglife.com/greyhounds/racecards/2026-09-23/valley/racecard/517328
2026-09-23,Valley,15:03,5,Livingonaprayer,517328,Sporting Life,https://www.sportinglife.com/greyhounds/racecards/2026-09-23/valley/racecard/517328
2026-09-23,Valley,15:03,6,Roanna Jack,517328,Sporting Life,https://www.sportinglife.com/greyhounds/racecards/2026-09-23/valley/racecard/517328
2026-09-23,Valley,15:22,1,Sawpit Seagull,517329,Sporting Life,https://www.sportinglife.com/greyhounds/racecards/2026-09-23/valley/racecard/517329
2026-09-23,Valley,15:22,2,Burgess Julie,517329,Sporting Life,https://www.sportinglife.com/greyhounds/racecards/2026-09-23/valley/racecard/517329
2026-09-23,Valley,15:22,3,Rollaway Willow,517329,Sporting Life,https://www.sportinglife.com/greyhounds/racecards/2026-09-23/valley/racecard/517329
2026-09-23,Valley,15:22,4,Crokers Grayson,517329,Sporting Life,https://www.sportinglife.com/greyhounds/racecards/2026-09-23/valley/racecard/517329
2026-09-23,Valley,15:22,5,Swift Backround,517329,Sporting Life,https://www.sportinglife.com/greyhounds/racecards/2026-09-23/valley/racecard/517329
2026-09-23,Valley,15:22,6,Affleck Salsabil,517329,Sporting Life,https://www.sportinglife.com/greyhounds/racecards/2026-09-23/valley/racecard/517329
2026-09-23,Valley,15:41,1,Hawkfield Cassie,517330,Sporting Life,https://www.sportinglife.com/greyhounds/racecards/2026-09-23/valley/racecard/517330
2026-09-23,Valley,15:41,2,Chadwell Fly,517330,Sporting Life,https://www.sportinglife.com/greyhounds/racecards/2026-09-23/valley/racecard/517330
2026-09-23,Valley,15:41,3,Runaway May,517330,Sporting Life,https://www.sportinglife.com/greyhounds/racecards/2026-09-23/valley/racecard/517330
2026-09-23,Valley,15:41,4,Toems Hour,517330,Sporting Life,https://www.sportinglife.com/greyhounds/racecards/2026-09-23/valley/racecard/517330
2026-09-23,Valley,15:41,5,My Little Farmer,517330,Sporting Life,https://www.sportinglife.com/greyhounds/racecards/2026-09-23/valley/racecard/517330
2026-09-23,Valley,15:41,6,Crokers Wiffen,517330,Sporting Life,https://www.sportinglife.com/greyhounds/racecards/2026-09-23/valley/racecard/517330
2026-09-23,Valley,15:59,1,Sawpit Sauvignon,517331,Sporting Life,https://www.sportinglife.com/greyhounds/racecards/2026-09-23/valley/racecard/517331
2026-09-23,Valley,15:59,2,Shanghai Willie,517331,Sporting Life,https://www.sportinglife.com/greyhounds/racecards/2026-09-23/valley/racecard/517331
2026-09-23,Valley,15:59,3,Trionas Twilight,517331,Sporting Life,https://www.sportinglife.com/greyhounds/racecards/2026-09-23/valley/racecard/517331
2026-09-23,Valley,15:59,4,Hawkfield Beebee,517331,Sporting Life,https://www.sportinglife.com/greyhounds/racecards/2026-09-23/valley/racecard/517331
2026-09-23,Valley,15:59,5,Kansas City Life,517331,Sporting Life,https://www.sportinglife.com/greyhounds/racecards/2026-09-23/valley/racecard/517331
2026-09-23,Valley,16:18,1,Southwood Jackie,517332,Sporting Life,https://www.sportinglife.com/greyhounds/racecards/2026-09-23/valley/racecard/517332
2026-09-23,Valley,16:18,2,Crokers Lisa,517332,Sporting Life,https://www.sportinglife.com/greyhounds/racecards/2026-09-23/valley/racecard/517332
2026-09-23,Valley,16:18,3,Kippagh Epic,517332,Sporting Life,https://www.sportinglife.com/greyhounds/racecards/2026-09-23/valley/racecard/517332
2026-09-23,Valley,16:18,4,Evies Choice,517332,Sporting Life,https://www.sportinglife.com/greyhounds/racecards/2026-09-23/valley/racecard/517332
2026-09-23,Valley,16:18,5,Hawkfield Tweeny,517332,Sporting Life,https://www.sportinglife.com/greyhounds/racecards/2026-09-23/valley/racecard/517332
2026-09-23,Valley,16:18,6,Coillbhui Catchy,517332,Sporting Life,https://www.sportinglife.com/greyhounds/racecards/2026-09-23/valley/racecard/517332
2026-09-23,Valley,16:37,2,Billis Sniper,517333,Sporting Life,https://www.sportinglife.com/greyhounds/racecards/2026-09-23/valley/racecard/517333
2026-09-23,Valley,16:37,3,Odds And Nods,517333,Sporting Life,https://www.sportinglife.com/greyhounds/racecards/2026-09-23/valley/racecard/517333
2026-09-23,Valley,16:37,4,Trump World,517333,Sporting Life,https://www.sportinglife.com/greyhounds/racecards/2026-09-23/valley/racecard/517333
2026-09-23,Valley,16:37,5,Jasmine Coco,517333,Sporting Life,https://www.sportinglife.com/greyhounds/racecards/2026-09-23/valley/racecard/517333
2026-09-23,Valley,16:37,6,Shanbally Blues,517333,Sporting Life,https://www.sportinglife.com/greyhounds/racecards/2026-09-23/valley/racecard/517333
2026-09-23,Valley,16:56,1,Boherdota Angel,517334,Sporting Life,https://www.sportinglife.com/greyhounds/racecards/2026-09-23/valley/racecard/517334
2026-09-23,Valley,16:56,2,Tobergal Suzanne,517334,Sporting Life,https://www.sportinglife.com/greyhounds/racecards/2026-09-23/valley/racecard/517334
2026-09-23,Valley,16:56,3,Crokers Maple,517334,Sporting Life,https://www.sportinglife.com/greyhounds/racecards/2026-09-23/valley/racecard/517334
2026-09-23,Valley,16:56,4,Trionas Destiny,517334,Sporting Life,https://www.sportinglife.com/greyhounds/racecards/2026-09-23/valley/racecard/517334
2026-09-23,Valley,16:56,5,Poker Aces,517334,Sporting Life,https://www.sportinglife.com/greyhounds/racecards/2026-09-23/valley/racecard/517334
2026-09-23,Valley,16:56,6,Rollover Lucy,517334,Sporting Life,https://www.sportinglife.com/greyhounds/racecards/2026-09-23/valley/racecard/517334
2026-09-23,Valley,17:14,1,Kilbride Daisy,517335,Sporting Life,https://www.sportinglife.com/greyhounds/racecards/2026-09-23/valley/racecard/517335
2026-09-23,Valley,17:14,2,Battle Lass,517335,Sporting Life,https://www.sportinglife.com/greyhounds/racecards/2026-09-23/valley/racecard/517335
2026-09-23,Valley,17:14,3,Pandy Morgan,517335,Sporting Life,https://www.sportinglife.com/greyhounds/racecards/2026-09-23/valley/racecard/517335
2026-09-23,Valley,17:14,4,Flomur Smokie,517335,Sporting Life,https://www.sportinglife.com/greyhounds/racecards/2026-09-23/valley/racecard/517335
2026-09-23,Valley,17:14,5,Lady Smith,517335,Sporting Life,https://www.sportinglife.com/greyhounds/racecards/2026-09-23/valley/racecard/517335
2026-09-23,Valley,17:14,6,Cashback Express,517335,Sporting Life,https://www.sportinglife.com/greyhounds/racecards/2026-09-23/valley/racecard/517335
2026-09-23,Yarmouth,18:14,1,Bird About Town,517445,Sporting Life,https://www.sportinglife.com/greyhounds/racecards/2026-09-23/yarmouth/racecard/517445
2026-09-23,Yarmouth,18:14,2,Hi Ricki,517445,Sporting Life,https://www.sportinglife.com/greyhounds/racecards/2026-09-23/yarmouth/racecard/517445
2026-09-23,Yarmouth,18:14,3,Ardera Ville,517445,Sporting Life,https://www.sportinglife.com/greyhounds/racecards/2026-09-23/yarmouth/racecard/517445
2026-09-23,Yarmouth,18:14,4,Knockduff Dancer,517445,Sporting Life,https://www.sportinglife.com/greyhounds/racecards/2026-09-23/yarmouth/racecard/517445
2026-09-23,Yarmouth,18:14,6,Saleen Ace,517445,Sporting Life,https://www.sportinglife.com/greyhounds/racecards/2026-09-23/yarmouth/racecard/517445
2026-09-23,Yarmouth,18:31,1,Zoo Da Man,517446,Sporting Life,https://www.sportinglife.com/greyhounds/racecards/2026-09-23/yarmouth/racecard/517446
2026-09-23,Yarmouth,18:31,2,Liberty Buck,517446,Sporting Life,https://www.sportinglife.com/greyhounds/racecards/2026-09-23/yarmouth/racecard/517446
2026-09-23,Yarmouth,18:31,3,Bright Layla,517446,Sporting Life,https://www.sportinglife.com/greyhounds/racecards/2026-09-23/yarmouth/racecard/517446
2026-09-23,Yarmouth,18:31,5,A Simple Favour,517446,Sporting Life,https://www.sportinglife.com/greyhounds/racecards/2026-09-23/yarmouth/racecard/517446
2026-09-23,Yarmouth,18:31,6,Swift Engine,517446,Sporting Life,https://www.sportinglife.com/greyhounds/racecards/2026-09-23/yarmouth/racecard/517446
2026-09-23,Yarmouth,18:48,1,Montana Tiger,517447,Sporting Life,https://www.sportinglife.com/greyhounds/racecards/2026-09-23/yarmouth/racecard/517447
2026-09-23,Yarmouth,18:48,3,Flashing Fender,517447,Sporting Life,https://www.sportinglife.com/greyhounds/racecards/2026-09-23/yarmouth/racecard/517447
2026-09-23,Yarmouth,18:48,4,Backing It Up,517447,Sporting Life,https://www.sportinglife.com/greyhounds/racecards/2026-09-23/yarmouth/racecard/517447
2026-09-23,Yarmouth,18:48,5,Strathrannoch,517447,Sporting Life,https://www.sportinglife.com/greyhounds/racecards/2026-09-23/yarmouth/racecard/517447
2026-09-23,Yarmouth,18:48,6,Frankton Grange,517447,Sporting Life,https://www.sportinglife.com/greyhounds/racecards/2026-09-23/yarmouth/racecard/517447
2026-09-23,Yarmouth,19:06,1,Wee Mac Kate,517448,Sporting Life,https://www.sportinglife.com/greyhounds/racecards/2026-09-23/yarmouth/racecard/517448
2026-09-23,Yarmouth,19:06,2,Glory Diamond,517448,Sporting Life,https://www.sportinglife.com/greyhounds/racecards/2026-09-23/yarmouth/racecard/517448
2026-09-23,Yarmouth,19:06,3,Goldcash Wild,517448,Sporting Life,https://www.sportinglife.com/greyhounds/racecards/2026-09-23/yarmouth/racecard/517448
2026-09-23,Yarmouth,19:06,4,Cappy Cailin,517448,Sporting Life,https://www.sportinglife.com/greyhounds/racecards/2026-09-23/yarmouth/racecard/517448
2026-09-23,Yarmouth,19:06,6,Golden Acre,517448,Sporting Life,https://www.sportinglife.com/greyhounds/racecards/2026-09-23/yarmouth/racecard/517448
2026-09-23,Yarmouth,19:22,1,Harlequin Brinn,517449,Sporting Life,https://www.sportinglife.com/greyhounds/racecards/2026-09-23/yarmouth/racecard/517449
2026-09-23,Yarmouth,19:22,2,Golden Hare,517449,Sporting Life,https://www.sportinglife.com/greyhounds/racecards/2026-09-23/yarmouth/racecard/517449
2026-09-23,Yarmouth,19:22,3,Monroe Daisy,517449,Sporting Life,https://www.sportinglife.com/greyhounds/racecards/2026-09-23/yarmouth/racecard/517449
2026-09-23,Yarmouth,19:22,4,Harlequin Essex,517449,Sporting Life,https://www.sportinglife.com/greyhounds/racecards/2026-09-23/yarmouth/racecard/517449
2026-09-23,Yarmouth,19:22,5,Oh So Lucky,517449,Sporting Life,https://www.sportinglife.com/greyhounds/racecards/2026-09-23/yarmouth/racecard/517449
2026-09-23,Yarmouth,19:22,6,Swift Yes,517449,Sporting Life,https://www.sportinglife.com/greyhounds/racecards/2026-09-23/yarmouth/racecard/517449
2026-09-23,Yarmouth,19:39,1,Swift Jericho,517450,Sporting Life,https://www.sportinglife.com/greyhounds/racecards/2026-09-23/yarmouth/racecard/517450
2026-09-23,Yarmouth,19:39,2,Harlequin Gambit,517450,Sporting Life,https://www.sportinglife.com/greyhounds/racecards/2026-09-23/yarmouth/racecard/517450
2026-09-23,Yarmouth,19:39,3,Droopys Mamie,517450,Sporting Life,https://www.sportinglife.com/greyhounds/racecards/2026-09-23/yarmouth/racecard/517450
2026-09-23,Yarmouth,19:39,4,Venom Storm,517450,Sporting Life,https://www.sportinglife.com/greyhounds/racecards/2026-09-23/yarmouth/racecard/517450
2026-09-23,Yarmouth,19:39,6,Wee Mac Jimbo,517450,Sporting Life,https://www.sportinglife.com/greyhounds/racecards/2026-09-23/yarmouth/racecard/517450
2026-09-23,Yarmouth,19:56,2,Roanna Twostroke,517451,Sporting Life,https://www.sportinglife.com/greyhounds/racecards/2026-09-23/yarmouth/racecard/517451
2026-09-23,Yarmouth,19:56,3,Capel Fortuna,517451,Sporting Life,https://www.sportinglife.com/greyhounds/racecards/2026-09-23/yarmouth/racecard/517451
2026-09-23,Yarmouth,19:56,4,Heres Ringo,517451,Sporting Life,https://www.sportinglife.com/greyhounds/racecards/2026-09-23/yarmouth/racecard/517451
2026-09-23,Yarmouth,19:56,5,Made Of Stone,517451,Sporting Life,https://www.sportinglife.com/greyhounds/racecards/2026-09-23/yarmouth/racecard/517451
2026-09-23,Yarmouth,19:56,6,Royal Hotshot,517451,Sporting Life,https://www.sportinglife.com/greyhounds/racecards/2026-09-23/yarmouth/racecard/517451
2026-09-23,Yarmouth,20:13,1,Browns Beauty,517452,Sporting Life,https://www.sportinglife.com/greyhounds/racecards/2026-09-23/yarmouth/racecard/517452
2026-09-23,Yarmouth,20:13,2,Browns Swifties,517452,Sporting Life,https://www.sportinglife.com/greyhounds/racecards/2026-09-23/yarmouth/racecard/517452
2026-09-23,Yarmouth,20:13,3,Onthebeeragain,517452,Sporting Life,https://www.sportinglife.com/greyhounds/racecards/2026-09-23/yarmouth/racecard/517452
2026-09-23,Yarmouth,20:13,4,Drombeg Lyra,517452,Sporting Life,https://www.sportinglife.com/greyhounds/racecards/2026-09-23/yarmouth/racecard/517452
2026-09-23,Yarmouth,20:13,5,Savana Tango,517452,Sporting Life,https://www.sportinglife.com/greyhounds/racecards/2026-09-23/yarmouth/racecard/517452
2026-09-23,Yarmouth,20:31,1,Who Dares Wins,517453,Sporting Life,https://www.sportinglife.com/greyhounds/racecards/2026-09-23/yarmouth/racecard/517453
2026-09-23,Yarmouth,20:31,2,Maggie Bombastic,517453,Sporting Life,https://www.sportinglife.com/greyhounds/racecards/2026-09-23/yarmouth/racecard/517453
2026-09-23,Yarmouth,20:31,3,Cosmic Maggie,517453,Sporting Life,https://www.sportinglife.com/greyhounds/racecards/2026-09-23/yarmouth/racecard/517453
2026-09-23,Yarmouth,20:31,4,Fashionably Late,517453,Sporting Life,https://www.sportinglife.com/greyhounds/racecards/2026-09-23/yarmouth/racecard/517453
2026-09-23,Yarmouth,20:31,6,Kereight Fraud,517453,Sporting Life,https://www.sportinglife.com/greyhounds/racecards/2026-09-23/yarmouth/racecard/517453
2026-09-23,Yarmouth,20:47,1,Swift You,517454,Sporting Life,https://www.sportinglife.com/greyhounds/racecards/2026-09-23/yarmouth/racecard/517454
2026-09-23,Yarmouth,20:47,2,Caseys Moment,517454,Sporting Life,https://www.sportinglife.com/greyhounds/racecards/2026-09-23/yarmouth/racecard/517454
2026-09-23,Yarmouth,20:47,3,Only The Third,517454,Sporting Life,https://www.sportinglife.com/greyhounds/racecards/2026-09-23/yarmouth/racecard/517454
2026-09-23,Yarmouth,20:47,4,Jenesaisquoi,517454,Sporting Life,https://www.sportinglife.com/greyhounds/racecards/2026-09-23/yarmouth/racecard/517454
2026-09-23,Yarmouth,20:47,6,Longvale Elle,517454,Sporting Life,https://www.sportinglife.com/greyhounds/racecards/2026-09-23/yarmouth/racecard/517454
2026-09-23,Yarmouth,21:04,1,Essex Rosie,517455,Sporting Life,https://www.sportinglife.com/greyhounds/racecards/2026-09-23/yarmouth/racecard/517455
2026-09-23,Yarmouth,21:04,2,Ardagio,517455,Sporting Life,https://www.sportinglife.com/greyhounds/racecards/2026-09-23/yarmouth/racecard/517455
2026-09-23,Yarmouth,21:04,3,Barnora Horse,517455,Sporting Life,https://www.sportinglife.com/greyhounds/racecards/2026-09-23/yarmouth/racecard/517455
2026-09-23,Yarmouth,21:04,4,Harlequin Swift,517455,Sporting Life,https://www.sportinglife.com/greyhounds/racecards/2026-09-23/yarmouth/racecard/517455
2026-09-23,Yarmouth,21:04,5,Eddieslastchance,517455,Sporting Life,https://www.sportinglife.com/greyhounds/racecards/2026-09-23/yarmouth/racecard/517455
2026-09-23,Yarmouth,21:04,6,Savana Flamma,517455,Sporting Life,https://www.sportinglife.com/greyhounds/racecards/2026-09-23/yarmouth/racecard/517455
2026-09-23,Yarmouth,21:23,2,Oldtrafford Girl,517456,Sporting Life,https://www.sportinglife.com/greyhounds/racecards/2026-09-23/yarmouth/racecard/517456
2026-09-23,Yarmouth,21:23,3,Bobsleigh Shark,517456,Sporting Life,https://www.sportinglife.com/greyhounds/racecards/2026-09-23/yarmouth/racecard/517456
2026-09-23,Yarmouth,21:23,4,Horizontal,517456,Sporting Life,https://www.sportinglife.com/greyhounds/racecards/2026-09-23/yarmouth/racecard/517456
2026-09-23,Yarmouth,21:23,5,Mallogs Freddie,517456,Sporting Life,https://www.sportinglife.com/greyhounds/racecards/2026-09-23/yarmouth/racecard/517456
2026-09-23,Yarmouth,21:23,6,Value Added,517456,Sporting Life,https://www.sportinglife.com/greyhounds/racecards/2026-09-23/yarmouth/racecard/517456
