date,track,race_time,runner_number,dog_name,race_id,source,race_url
2026-09-10,Central Park,14:23,1,Barnfield Lola,515707,Sporting Life,https://www.sportinglife.com/greyhounds/racecards/2026-09-10/central-park/racecard/515707
2026-09-10,Central Park,14:23,2,Kereight Belle,515707,Sporting Life,https://www.sportinglife.com/greyhounds/racecards/2026-09-10/central-park/racecard/515707
2026-09-10,Central Park,14:23,3,Montana Jazz,515707,Sporting Life,https://www.sportinglife.com/greyhounds/racecards/2026-09-10/central-park/racecard/515707
2026-09-10,Central Park,14:23,4,Hollyoak Cindy,515707,Sporting Life,https://www.sportinglife.com/greyhounds/racecards/2026-09-10/central-park/racecard/515707
2026-09-10,Central Park,14:23,5,Pretty Epic,515707,Sporting Life,https://www.sportinglife.com/greyhounds/racecards/2026-09-10/central-park/racecard/515707
2026-09-10,Central Park,14:23,6,Lindas Rocket,515707,Sporting Life,https://www.sportinglife.com/greyhounds/racecards/2026-09-10/central-park/racecard/515707
2026-09-10,Central Park,14:41,1,Da Lynx Effect,515708,Sporting Life,https://www.sportinglife.com/greyhounds/racecards/2026-09-10/central-park/racecard/515708
2026-09-10,Central Park,14:41,2,Innfield Hunter,515708,Sporting Life,https://www.sportinglife.com/greyhounds/racecards/2026-09-10/central-park/racecard/515708
2026-09-10,Central Park,14:41,3,Hot Jackie,515708,Sporting Life,https://www.sportinglife.com/greyhounds/racecards/2026-09-10/central-park/racecard/515708
2026-09-10,Central Park,14:41,5,Kereight Pat,515708,Sporting Life,https://www.sportinglife.com/greyhounds/racecards/2026-09-10/central-park/racecard/515708
2026-09-10,Central Park,14:41,6,Strideaway Honey,515708,Sporting Life,https://www.sportinglife.com/greyhounds/racecards/2026-09-10/central-park/racecard/515708
2026-09-10,Central Park,15:01,1,Westwood Gracie,515709,Sporting Life,https://www.sportinglife.com/greyhounds/racecards/2026-09-10/central-park/racecard/515709
2026-09-10,Central Park,15:01,3,Nunhead Rosie,515709,Sporting Life,https://www.sportinglife.com/greyhounds/racecards/2026-09-10/central-park/racecard/515709
2026-09-10,Central Park,15:01,4,Stophers Trick,515709,Sporting Life,https://www.sportinglife.com/greyhounds/racecards/2026-09-10/central-park/racecard/515709
2026-09-10,Central Park,15:01,5,Laughil Dan,515709,Sporting Life,https://www.sportinglife.com/greyhounds/racecards/2026-09-10/central-park/racecard/515709
2026-09-10,Central Park,15:01,6,Naughty Bonnie,515709,Sporting Life,https://www.sportinglife.com/greyhounds/racecards/2026-09-10/central-park/racecard/515709
2026-09-10,Central Park,15:19,1,Pulleen Misty,515710,Sporting Life,https://www.sportinglife.com/greyhounds/racecards/2026-09-10/central-park/racecard/515710
2026-09-10,Central Park,15:19,2,Hollyoak Ronald,515710,Sporting Life,https://www.sportinglife.com/greyhounds/racecards/2026-09-10/central-park/racecard/515710
2026-09-10,Central Park,15:19,3,Footfield Josie,515710,Sporting Life,https://www.sportinglife.com/greyhounds/racecards/2026-09-10/central-park/racecard/515710
2026-09-10,Central Park,15:19,4,Ardera Jake,515710,Sporting Life,https://www.sportinglife.com/greyhounds/racecards/2026-09-10/central-park/racecard/515710
2026-09-10,Central Park,15:19,6,Springwood June,515710,Sporting Life,https://www.sportinglife.com/greyhounds/racecards/2026-09-10/central-park/racecard/515710
2026-09-10,Central Park,15:38,1,Burgess Sophia,515711,Sporting Life,https://www.sportinglife.com/greyhounds/racecards/2026-09-10/central-park/racecard/515711
2026-09-10,Central Park,15:38,2,Hollyoak Cleo,515711,Sporting Life,https://www.sportinglife.com/greyhounds/racecards/2026-09-10/central-park/racecard/515711
2026-09-10,Central Park,15:38,3,Winnet The Pooh,515711,Sporting Life,https://www.sportinglife.com/greyhounds/racecards/2026-09-10/central-park/racecard/515711
2026-09-10,Central Park,15:38,4,Best Aoife,515711,Sporting Life,https://www.sportinglife.com/greyhounds/racecards/2026-09-10/central-park/racecard/515711
2026-09-10,Central Park,15:38,6,Renaes Baby,515711,Sporting Life,https://www.sportinglife.com/greyhounds/racecards/2026-09-10/central-park/racecard/515711
2026-09-10,Central Park,15:57,1,Hollyoak Poppet,515712,Sporting Life,https://www.sportinglife.com/greyhounds/racecards/2026-09-10/central-park/racecard/515712
2026-09-10,Central Park,15:57,2,King Cobain,515712,Sporting Life,https://www.sportinglife.com/greyhounds/racecards/2026-09-10/central-park/racecard/515712
2026-09-10,Central Park,15:57,3,Montana Faithful,515712,Sporting Life,https://www.sportinglife.com/greyhounds/racecards/2026-09-10/central-park/racecard/515712
2026-09-10,Central Park,15:57,4,Havana Shirlie,515712,Sporting Life,https://www.sportinglife.com/greyhounds/racecards/2026-09-10/central-park/racecard/515712
2026-09-10,Central Park,15:57,5,Beach Party,515712,Sporting Life,https://www.sportinglife.com/greyhounds/racecards/2026-09-10/central-park/racecard/515712
2026-09-10,Central Park,15:57,6,Melodys Admiral,515712,Sporting Life,https://www.sportinglife.com/greyhounds/racecards/2026-09-10/central-park/racecard/515712
2026-09-10,Central Park,16:16,1,Insane Bear,515713,Sporting Life,https://www.sportinglife.com/greyhounds/racecards/2026-09-10/central-park/racecard/515713
2026-09-10,Central Park,16:16,2,Footfield Betsy,515713,Sporting Life,https://www.sportinglife.com/greyhounds/racecards/2026-09-10/central-park/racecard/515713
2026-09-10,Central Park,16:16,3,Barnfield Tiara,515713,Sporting Life,https://www.sportinglife.com/greyhounds/racecards/2026-09-10/central-park/racecard/515713
2026-09-10,Central Park,16:16,5,Beach Spot,515713,Sporting Life,https://www.sportinglife.com/greyhounds/racecards/2026-09-10/central-park/racecard/515713
2026-09-10,Central Park,16:16,6,Insane Ness,515713,Sporting Life,https://www.sportinglife.com/greyhounds/racecards/2026-09-10/central-park/racecard/515713
2026-09-10,Central Park,16:34,1,Havana Pepsi,515714,Sporting Life,https://www.sportinglife.com/greyhounds/racecards/2026-09-10/central-park/racecard/515714
2026-09-10,Central Park,16:34,2,Saleen Belle,515714,Sporting Life,https://www.sportinglife.com/greyhounds/racecards/2026-09-10/central-park/racecard/515714
2026-09-10,Central Park,16:34,3,King Ringo,515714,Sporting Life,https://www.sportinglife.com/greyhounds/racecards/2026-09-10/central-park/racecard/515714
2026-09-10,Central Park,16:34,4,Hollyoak Lisa,515714,Sporting Life,https://www.sportinglife.com/greyhounds/racecards/2026-09-10/central-park/racecard/515714
2026-09-10,Central Park,16:34,5,Beach Body,515714,Sporting Life,https://www.sportinglife.com/greyhounds/racecards/2026-09-10/central-park/racecard/515714
2026-09-10,Central Park,16:34,6,Beach Hussler,515714,Sporting Life,https://www.sportinglife.com/greyhounds/racecards/2026-09-10/central-park/racecard/515714
2026-09-10,Central Park,16:53,1,Insane View,515715,Sporting Life,https://www.sportinglife.com/greyhounds/racecards/2026-09-10/central-park/racecard/515715
2026-09-10,Central Park,16:53,3,Echo Milan,515715,Sporting Life,https://www.sportinglife.com/greyhounds/racecards/2026-09-10/central-park/racecard/515715
2026-09-10,Central Park,16:53,4,Emjay Flyer,515715,Sporting Life,https://www.sportinglife.com/greyhounds/racecards/2026-09-10/central-park/racecard/515715
2026-09-10,Central Park,16:53,5,Rocket Rose,515715,Sporting Life,https://www.sportinglife.com/greyhounds/racecards/2026-09-10/central-park/racecard/515715
2026-09-10,Central Park,16:53,6,Front Risk,515715,Sporting Life,https://www.sportinglife.com/greyhounds/racecards/2026-09-10/central-park/racecard/515715
2026-09-10,Central Park,17:12,1,Beach Bar,515716,Sporting Life,https://www.sportinglife.com/greyhounds/racecards/2026-09-10/central-park/racecard/515716
2026-09-10,Central Park,17:12,2,Foxwood Zach,515716,Sporting Life,https://www.sportinglife.com/greyhounds/racecards/2026-09-10/central-park/racecard/515716
2026-09-10,Central Park,17:12,3,Hollyoak Bailey,515716,Sporting Life,https://www.sportinglife.com/greyhounds/racecards/2026-09-10/central-park/racecard/515716
2026-09-10,Central Park,17:12,4,Beach Time,515716,Sporting Life,https://www.sportinglife.com/greyhounds/racecards/2026-09-10/central-park/racecard/515716
2026-09-10,Central Park,17:12,6,Windsor Beauty,515716,Sporting Life,https://www.sportinglife.com/greyhounds/racecards/2026-09-10/central-park/racecard/515716
2026-09-10,Central Park,17:31,1,Kobe For Sam,515717,Sporting Life,https://www.sportinglife.com/greyhounds/racecards/2026-09-10/central-park/racecard/515717
2026-09-10,Central Park,17:31,2,Hollyoak Odyssey,515717,Sporting Life,https://www.sportinglife.com/greyhounds/racecards/2026-09-10/central-park/racecard/515717
2026-09-10,Central Park,17:31,3,Imokilly Rock,515717,Sporting Life,https://www.sportinglife.com/greyhounds/racecards/2026-09-10/central-park/racecard/515717
2026-09-10,Central Park,17:31,4,Hollyoak Peace,515717,Sporting Life,https://www.sportinglife.com/greyhounds/racecards/2026-09-10/central-park/racecard/515717
2026-09-10,Central Park,17:31,5,Vital Glory,515717,Sporting Life,https://www.sportinglife.com/greyhounds/racecards/2026-09-10/central-park/racecard/515717
2026-09-10,Central Park,17:49,1,Frankton Flame,515718,Sporting Life,https://www.sportinglife.com/greyhounds/racecards/2026-09-10/central-park/racecard/515718
2026-09-10,Central Park,17:49,2,Doug Squirrel,515718,Sporting Life,https://www.sportinglife.com/greyhounds/racecards/2026-09-10/central-park/racecard/515718
2026-09-10,Central Park,17:49,3,Smooth As Satin,515718,Sporting Life,https://www.sportinglife.com/greyhounds/racecards/2026-09-10/central-park/racecard/515718
2026-09-10,Central Park,17:49,4,Wastehouse Kris,515718,Sporting Life,https://www.sportinglife.com/greyhounds/racecards/2026-09-10/central-park/racecard/515718
2026-09-10,Central Park,17:49,6,Rockmount Rosie,515718,Sporting Life,https://www.sportinglife.com/greyhounds/racecards/2026-09-10/central-park/racecard/515718
2026-09-10,Dunstall Park,14:29,1,Limekiln Pam,515757,Sporting Life,https://www.sportinglife.com/greyhounds/racecards/2026-09-10/dunstall-park/racecard/515757
2026-09-10,Dunstall Park,14:29,2,Firecrackerheidi,515757,Sporting Life,https://www.sportinglife.com/greyhounds/racecards/2026-09-10/dunstall-park/racecard/515757
2026-09-10,Dunstall Park,14:29,3,Lemon Yoli,515757,Sporting Life,https://www.sportinglife.com/greyhounds/racecards/2026-09-10/dunstall-park/racecard/515757
2026-09-10,Dunstall Park,14:29,4,Keplar Danzig,515757,Sporting Life,https://www.sportinglife.com/greyhounds/racecards/2026-09-10/dunstall-park/racecard/515757
2026-09-10,Dunstall Park,14:29,5,Roseville Ella,515757,Sporting Life,https://www.sportinglife.com/greyhounds/racecards/2026-09-10/dunstall-park/racecard/515757
2026-09-10,Dunstall Park,14:29,6,Saka Cracker,515757,Sporting Life,https://www.sportinglife.com/greyhounds/racecards/2026-09-10/dunstall-park/racecard/515757
2026-09-10,Dunstall Park,14:48,1,Dunworly Pebbles,515758,Sporting Life,https://www.sportinglife.com/greyhounds/racecards/2026-09-10/dunstall-park/racecard/515758
2026-09-10,Dunstall Park,14:48,2,Crokers Mack,515758,Sporting Life,https://www.sportinglife.com/greyhounds/racecards/2026-09-10/dunstall-park/racecard/515758
2026-09-10,Dunstall Park,14:48,3,Swift Ida,515758,Sporting Life,https://www.sportinglife.com/greyhounds/racecards/2026-09-10/dunstall-park/racecard/515758
2026-09-10,Dunstall Park,14:48,4,Swift Hunt,515758,Sporting Life,https://www.sportinglife.com/greyhounds/racecards/2026-09-10/dunstall-park/racecard/515758
2026-09-10,Dunstall Park,14:48,5,Cross Keys Vixon,515758,Sporting Life,https://www.sportinglife.com/greyhounds/racecards/2026-09-10/dunstall-park/racecard/515758
2026-09-10,Dunstall Park,14:48,6,Regent Sky,515758,Sporting Life,https://www.sportinglife.com/greyhounds/racecards/2026-09-10/dunstall-park/racecard/515758
2026-09-10,Dunstall Park,15:07,1,Burrows Petal,515759,Sporting Life,https://www.sportinglife.com/greyhounds/racecards/2026-09-10/dunstall-park/racecard/515759
2026-09-10,Dunstall Park,15:07,2,First Ambition,515759,Sporting Life,https://www.sportinglife.com/greyhounds/racecards/2026-09-10/dunstall-park/racecard/515759
2026-09-10,Dunstall Park,15:07,3,Brosna Cash,515759,Sporting Life,https://www.sportinglife.com/greyhounds/racecards/2026-09-10/dunstall-park/racecard/515759
2026-09-10,Dunstall Park,15:07,4,Marvellous News,515759,Sporting Life,https://www.sportinglife.com/greyhounds/racecards/2026-09-10/dunstall-park/racecard/515759
2026-09-10,Dunstall Park,15:07,5,Millbank Got It,515759,Sporting Life,https://www.sportinglife.com/greyhounds/racecards/2026-09-10/dunstall-park/racecard/515759
2026-09-10,Dunstall Park,15:07,6,Kingdom Bucks,515759,Sporting Life,https://www.sportinglife.com/greyhounds/racecards/2026-09-10/dunstall-park/racecard/515759
2026-09-10,Dunstall Park,15:26,2,Sky Blue Jeff,515760,Sporting Life,https://www.sportinglife.com/greyhounds/racecards/2026-09-10/dunstall-park/racecard/515760
2026-09-10,Dunstall Park,15:26,3,Shortwood Cloud,515760,Sporting Life,https://www.sportinglife.com/greyhounds/racecards/2026-09-10/dunstall-park/racecard/515760
2026-09-10,Dunstall Park,15:26,4,Zip Away,515760,Sporting Life,https://www.sportinglife.com/greyhounds/racecards/2026-09-10/dunstall-park/racecard/515760
2026-09-10,Dunstall Park,15:26,5,Colliers Run,515760,Sporting Life,https://www.sportinglife.com/greyhounds/racecards/2026-09-10/dunstall-park/racecard/515760
2026-09-10,Dunstall Park,15:26,6,Ballymac Og,515760,Sporting Life,https://www.sportinglife.com/greyhounds/racecards/2026-09-10/dunstall-park/racecard/515760
2026-09-10,Dunstall Park,15:44,1,Crokers Dawn,515761,Sporting Life,https://www.sportinglife.com/greyhounds/racecards/2026-09-10/dunstall-park/racecard/515761
2026-09-10,Dunstall Park,15:44,2,Buda Tom,515761,Sporting Life,https://www.sportinglife.com/greyhounds/racecards/2026-09-10/dunstall-park/racecard/515761
2026-09-10,Dunstall Park,15:44,3,Shanmoyle Ann,515761,Sporting Life,https://www.sportinglife.com/greyhounds/racecards/2026-09-10/dunstall-park/racecard/515761
2026-09-10,Dunstall Park,15:44,4,Roanna Panther,515761,Sporting Life,https://www.sportinglife.com/greyhounds/racecards/2026-09-10/dunstall-park/racecard/515761
2026-09-10,Dunstall Park,15:44,5,Amys Star,515761,Sporting Life,https://www.sportinglife.com/greyhounds/racecards/2026-09-10/dunstall-park/racecard/515761
2026-09-10,Dunstall Park,15:44,6,Barnagrane Ed,515761,Sporting Life,https://www.sportinglife.com/greyhounds/racecards/2026-09-10/dunstall-park/racecard/515761
2026-09-10,Dunstall Park,16:03,1,Swift Wag,515762,Sporting Life,https://www.sportinglife.com/greyhounds/racecards/2026-09-10/dunstall-park/racecard/515762
2026-09-10,Dunstall Park,16:03,2,Skin Fade,515762,Sporting Life,https://www.sportinglife.com/greyhounds/racecards/2026-09-10/dunstall-park/racecard/515762
2026-09-10,Dunstall Park,16:03,3,Eagles Ebz,515762,Sporting Life,https://www.sportinglife.com/greyhounds/racecards/2026-09-10/dunstall-park/racecard/515762
2026-09-10,Dunstall Park,16:03,4,Woolleys Wonder,515762,Sporting Life,https://www.sportinglife.com/greyhounds/racecards/2026-09-10/dunstall-park/racecard/515762
2026-09-10,Dunstall Park,16:03,5,Bullseye Bob,515762,Sporting Life,https://www.sportinglife.com/greyhounds/racecards/2026-09-10/dunstall-park/racecard/515762
2026-09-10,Dunstall Park,16:03,6,Lynnia Mick,515762,Sporting Life,https://www.sportinglife.com/greyhounds/racecards/2026-09-10/dunstall-park/racecard/515762
2026-09-10,Dunstall Park,16:22,1,Pharis Roxy,515763,Sporting Life,https://www.sportinglife.com/greyhounds/racecards/2026-09-10/dunstall-park/racecard/515763
2026-09-10,Dunstall Park,16:22,2,Angels Oakley,515763,Sporting Life,https://www.sportinglife.com/greyhounds/racecards/2026-09-10/dunstall-park/racecard/515763
2026-09-10,Dunstall Park,16:22,3,Rosstemple Lily,515763,Sporting Life,https://www.sportinglife.com/greyhounds/racecards/2026-09-10/dunstall-park/racecard/515763
2026-09-10,Dunstall Park,16:22,4,Mohican Hallie,515763,Sporting Life,https://www.sportinglife.com/greyhounds/racecards/2026-09-10/dunstall-park/racecard/515763
2026-09-10,Dunstall Park,16:22,5,Racecourse Pluto,515763,Sporting Life,https://www.sportinglife.com/greyhounds/racecards/2026-09-10/dunstall-park/racecard/515763
2026-09-10,Dunstall Park,16:41,1,Shortwood Design,515764,Sporting Life,https://www.sportinglife.com/greyhounds/racecards/2026-09-10/dunstall-park/racecard/515764
2026-09-10,Dunstall Park,16:41,2,Basaljett,515764,Sporting Life,https://www.sportinglife.com/greyhounds/racecards/2026-09-10/dunstall-park/racecard/515764
2026-09-10,Dunstall Park,16:41,3,Ballymac Shelly,515764,Sporting Life,https://www.sportinglife.com/greyhounds/racecards/2026-09-10/dunstall-park/racecard/515764
2026-09-10,Dunstall Park,16:41,4,Hiya Jimal,515764,Sporting Life,https://www.sportinglife.com/greyhounds/racecards/2026-09-10/dunstall-park/racecard/515764
2026-09-10,Dunstall Park,16:41,5,Eyrehill Samson,515764,Sporting Life,https://www.sportinglife.com/greyhounds/racecards/2026-09-10/dunstall-park/racecard/515764
2026-09-10,Dunstall Park,16:41,6,Noduff Golf,515764,Sporting Life,https://www.sportinglife.com/greyhounds/racecards/2026-09-10/dunstall-park/racecard/515764
2026-09-10,Dunstall Park,16:59,1,Bensons Boone,515765,Sporting Life,https://www.sportinglife.com/greyhounds/racecards/2026-09-10/dunstall-park/racecard/515765
2026-09-10,Dunstall Park,16:59,2,Klassical Rog,515765,Sporting Life,https://www.sportinglife.com/greyhounds/racecards/2026-09-10/dunstall-park/racecard/515765
2026-09-10,Dunstall Park,16:59,3,Belindas Royal,515765,Sporting Life,https://www.sportinglife.com/greyhounds/racecards/2026-09-10/dunstall-park/racecard/515765
2026-09-10,Dunstall Park,16:59,4,Groveshill Boss,515765,Sporting Life,https://www.sportinglife.com/greyhounds/racecards/2026-09-10/dunstall-park/racecard/515765
2026-09-10,Dunstall Park,16:59,5,Lynnia Cymru,515765,Sporting Life,https://www.sportinglife.com/greyhounds/racecards/2026-09-10/dunstall-park/racecard/515765
2026-09-10,Dunstall Park,16:59,6,Fairest View,515765,Sporting Life,https://www.sportinglife.com/greyhounds/racecards/2026-09-10/dunstall-park/racecard/515765
2026-09-10,Dunstall Park,17:18,1,Roanna Dizzy,515766,Sporting Life,https://www.sportinglife.com/greyhounds/racecards/2026-09-10/dunstall-park/racecard/515766
2026-09-10,Dunstall Park,17:18,2,Holeinmybucket,515766,Sporting Life,https://www.sportinglife.com/greyhounds/racecards/2026-09-10/dunstall-park/racecard/515766
2026-09-10,Dunstall Park,17:18,3,Devilgate Lass,515766,Sporting Life,https://www.sportinglife.com/greyhounds/racecards/2026-09-10/dunstall-park/racecard/515766
2026-09-10,Dunstall Park,17:18,4,Taffy Gwenllian,515766,Sporting Life,https://www.sportinglife.com/greyhounds/racecards/2026-09-10/dunstall-park/racecard/515766
2026-09-10,Dunstall Park,17:18,5,Ballymac Arbac,515766,Sporting Life,https://www.sportinglife.com/greyhounds/racecards/2026-09-10/dunstall-park/racecard/515766
2026-09-10,Dunstall Park,17:18,6,Rathsilla Gizmo,515766,Sporting Life,https://www.sportinglife.com/greyhounds/racecards/2026-09-10/dunstall-park/racecard/515766
2026-09-10,Dunstall Park,17:37,1,Southfield Ace,515767,Sporting Life,https://www.sportinglife.com/greyhounds/racecards/2026-09-10/dunstall-park/racecard/515767
2026-09-10,Dunstall Park,17:37,2,Blazeaway Drip,515767,Sporting Life,https://www.sportinglife.com/greyhounds/racecards/2026-09-10/dunstall-park/racecard/515767
2026-09-10,Dunstall Park,17:37,3,Chiti Khabootri,515767,Sporting Life,https://www.sportinglife.com/greyhounds/racecards/2026-09-10/dunstall-park/racecard/515767
2026-09-10,Dunstall Park,17:37,4,Cara Trixie,515767,Sporting Life,https://www.sportinglife.com/greyhounds/racecards/2026-09-10/dunstall-park/racecard/515767
2026-09-10,Dunstall Park,17:37,5,Society Paddy,515767,Sporting Life,https://www.sportinglife.com/greyhounds/racecards/2026-09-10/dunstall-park/racecard/515767
2026-09-10,Dunstall Park,17:37,6,Porthall Tess,515767,Sporting Life,https://www.sportinglife.com/greyhounds/racecards/2026-09-10/dunstall-park/racecard/515767
2026-09-10,Dunstall Park,17:56,1,Detroit Blu,515768,Sporting Life,https://www.sportinglife.com/greyhounds/racecards/2026-09-10/dunstall-park/racecard/515768
2026-09-10,Dunstall Park,17:56,2,Ivy Hill Archie,515768,Sporting Life,https://www.sportinglife.com/greyhounds/racecards/2026-09-10/dunstall-park/racecard/515768
2026-09-10,Dunstall Park,17:56,3,Brosna Lenson,515768,Sporting Life,https://www.sportinglife.com/greyhounds/racecards/2026-09-10/dunstall-park/racecard/515768
2026-09-10,Dunstall Park,17:56,4,Klassical Emily,515768,Sporting Life,https://www.sportinglife.com/greyhounds/racecards/2026-09-10/dunstall-park/racecard/515768
2026-09-10,Dunstall Park,17:56,5,Lynnia Rose,515768,Sporting Life,https://www.sportinglife.com/greyhounds/racecards/2026-09-10/dunstall-park/racecard/515768
2026-09-10,Dunstall Park,17:56,6,Dapper Chunky,515768,Sporting Life,https://www.sportinglife.com/greyhounds/racecards/2026-09-10/dunstall-park/racecard/515768
2026-09-10,Hove,18:08,1,Burrows Dilemma,515745,Sporting Life,https://www.sportinglife.com/greyhounds/racecards/2026-09-10/hove/racecard/515745
2026-09-10,Hove,18:08,2,Exotic Princess,515745,Sporting Life,https://www.sportinglife.com/greyhounds/racecards/2026-09-10/hove/racecard/515745
2026-09-10,Hove,18:08,3,Unlock The Ace,515745,Sporting Life,https://www.sportinglife.com/greyhounds/racecards/2026-09-10/hove/racecard/515745
2026-09-10,Hove,18:08,4,Bruce The Boss,515745,Sporting Life,https://www.sportinglife.com/greyhounds/racecards/2026-09-10/hove/racecard/515745
2026-09-10,Hove,18:08,6,Tell On Olivia,515745,Sporting Life,https://www.sportinglife.com/greyhounds/racecards/2026-09-10/hove/racecard/515745
2026-09-10,Hove,18:26,1,Bonus Bullet,515746,Sporting Life,https://www.sportinglife.com/greyhounds/racecards/2026-09-10/hove/racecard/515746
2026-09-10,Hove,18:26,2,Art Riddler,515746,Sporting Life,https://www.sportinglife.com/greyhounds/racecards/2026-09-10/hove/racecard/515746
2026-09-10,Hove,18:26,3,Pawsome Bullet,515746,Sporting Life,https://www.sportinglife.com/greyhounds/racecards/2026-09-10/hove/racecard/515746
2026-09-10,Hove,18:26,4,Underground Arlo,515746,Sporting Life,https://www.sportinglife.com/greyhounds/racecards/2026-09-10/hove/racecard/515746
2026-09-10,Hove,18:26,5,Burrows Fizz,515746,Sporting Life,https://www.sportinglife.com/greyhounds/racecards/2026-09-10/hove/racecard/515746
2026-09-10,Hove,18:26,6,Bowmers Wildcat,515746,Sporting Life,https://www.sportinglife.com/greyhounds/racecards/2026-09-10/hove/racecard/515746
2026-09-10,Hove,18:42,1,Vahbelle,515747,Sporting Life,https://www.sportinglife.com/greyhounds/racecards/2026-09-10/hove/racecard/515747
2026-09-10,Hove,18:42,2,Ballydoyle Toby,515747,Sporting Life,https://www.sportinglife.com/greyhounds/racecards/2026-09-10/hove/racecard/515747
2026-09-10,Hove,18:42,3,Blackstone Opera,515747,Sporting Life,https://www.sportinglife.com/greyhounds/racecards/2026-09-10/hove/racecard/515747
2026-09-10,Hove,18:42,4,Kerrs Rancher,515747,Sporting Life,https://www.sportinglife.com/greyhounds/racecards/2026-09-10/hove/racecard/515747
2026-09-10,Hove,18:42,6,Alright Arthur,515747,Sporting Life,https://www.sportinglife.com/greyhounds/racecards/2026-09-10/hove/racecard/515747
2026-09-10,Hove,18:59,1,Gingers Ada,515748,Sporting Life,https://www.sportinglife.com/greyhounds/racecards/2026-09-10/hove/racecard/515748
2026-09-10,Hove,18:59,2,Bridies Show,515748,Sporting Life,https://www.sportinglife.com/greyhounds/racecards/2026-09-10/hove/racecard/515748
2026-09-10,Hove,18:59,3,Isabellas Bullet,515748,Sporting Life,https://www.sportinglife.com/greyhounds/racecards/2026-09-10/hove/racecard/515748
2026-09-10,Hove,18:59,4,Ballyhimikin Lad,515748,Sporting Life,https://www.sportinglife.com/greyhounds/racecards/2026-09-10/hove/racecard/515748
2026-09-10,Hove,18:59,5,Bonvillefavorite,515748,Sporting Life,https://www.sportinglife.com/greyhounds/racecards/2026-09-10/hove/racecard/515748
2026-09-10,Hove,18:59,6,Burrows Aries,515748,Sporting Life,https://www.sportinglife.com/greyhounds/racecards/2026-09-10/hove/racecard/515748
2026-09-10,Hove,19:16,1,Clairkeith Candy,515749,Sporting Life,https://www.sportinglife.com/greyhounds/racecards/2026-09-10/hove/racecard/515749
2026-09-10,Hove,19:16,2,Faypoint Harlow,515749,Sporting Life,https://www.sportinglife.com/greyhounds/racecards/2026-09-10/hove/racecard/515749
2026-09-10,Hove,19:16,3,Cloheena Del Boy,515749,Sporting Life,https://www.sportinglife.com/greyhounds/racecards/2026-09-10/hove/racecard/515749
2026-09-10,Hove,19:16,5,Jacktavern Usain,515749,Sporting Life,https://www.sportinglife.com/greyhounds/racecards/2026-09-10/hove/racecard/515749
2026-09-10,Hove,19:16,6,Vegan Warrior,515749,Sporting Life,https://www.sportinglife.com/greyhounds/racecards/2026-09-10/hove/racecard/515749
2026-09-10,Hove,19:33,1,Au Revoir,515750,Sporting Life,https://www.sportinglife.com/greyhounds/racecards/2026-09-10/hove/racecard/515750
2026-09-10,Hove,19:33,2,Sussex Villan,515750,Sporting Life,https://www.sportinglife.com/greyhounds/racecards/2026-09-10/hove/racecard/515750
2026-09-10,Hove,19:33,3,Minstrels Five,515750,Sporting Life,https://www.sportinglife.com/greyhounds/racecards/2026-09-10/hove/racecard/515750
2026-09-10,Hove,19:33,4,Chain Of Hope,515750,Sporting Life,https://www.sportinglife.com/greyhounds/racecards/2026-09-10/hove/racecard/515750
2026-09-10,Hove,19:33,6,Peroni Sarah,515750,Sporting Life,https://www.sportinglife.com/greyhounds/racecards/2026-09-10/hove/racecard/515750
2026-09-10,Hove,19:49,1,Droopys Crafty,515751,Sporting Life,https://www.sportinglife.com/greyhounds/racecards/2026-09-10/hove/racecard/515751
2026-09-10,Hove,19:49,2,Tedushi Master,515751,Sporting Life,https://www.sportinglife.com/greyhounds/racecards/2026-09-10/hove/racecard/515751
2026-09-10,Hove,19:49,3,Bella Bullet,515751,Sporting Life,https://www.sportinglife.com/greyhounds/racecards/2026-09-10/hove/racecard/515751
2026-09-10,Hove,19:49,5,Slippy Des,515751,Sporting Life,https://www.sportinglife.com/greyhounds/racecards/2026-09-10/hove/racecard/515751
2026-09-10,Hove,19:49,6,Wastehouse Mix,515751,Sporting Life,https://www.sportinglife.com/greyhounds/racecards/2026-09-10/hove/racecard/515751
2026-09-10,Hove,20:07,1,Beachy Bullet,515752,Sporting Life,https://www.sportinglife.com/greyhounds/racecards/2026-09-10/hove/racecard/515752
2026-09-10,Hove,20:07,2,Clairekeith Mary,515752,Sporting Life,https://www.sportinglife.com/greyhounds/racecards/2026-09-10/hove/racecard/515752
2026-09-10,Hove,20:07,3,Highview Levi,515752,Sporting Life,https://www.sportinglife.com/greyhounds/racecards/2026-09-10/hove/racecard/515752
2026-09-10,Hove,20:07,4,Droopys Prospect,515752,Sporting Life,https://www.sportinglife.com/greyhounds/racecards/2026-09-10/hove/racecard/515752
2026-09-10,Hove,20:07,5,Playit Cool Trig,515752,Sporting Life,https://www.sportinglife.com/greyhounds/racecards/2026-09-10/hove/racecard/515752
2026-09-10,Hove,20:07,6,Venetian Mario,515752,Sporting Life,https://www.sportinglife.com/greyhounds/racecards/2026-09-10/hove/racecard/515752
2026-09-10,Hove,20:24,1,Ballydoyle Eile,515753,Sporting Life,https://www.sportinglife.com/greyhounds/racecards/2026-09-10/hove/racecard/515753
2026-09-10,Hove,20:24,2,Blackstone Harry,515753,Sporting Life,https://www.sportinglife.com/greyhounds/racecards/2026-09-10/hove/racecard/515753
2026-09-10,Hove,20:24,3,Burrows Charm,515753,Sporting Life,https://www.sportinglife.com/greyhounds/racecards/2026-09-10/hove/racecard/515753
2026-09-10,Hove,20:24,4,Droopys Deploy,515753,Sporting Life,https://www.sportinglife.com/greyhounds/racecards/2026-09-10/hove/racecard/515753
2026-09-10,Hove,20:24,5,Tiffield Tarquin,515753,Sporting Life,https://www.sportinglife.com/greyhounds/racecards/2026-09-10/hove/racecard/515753
2026-09-10,Hove,20:24,6,Behemoth,515753,Sporting Life,https://www.sportinglife.com/greyhounds/racecards/2026-09-10/hove/racecard/515753
2026-09-10,Hove,20:41,1,Jimmyjimmyjimmy,515754,Sporting Life,https://www.sportinglife.com/greyhounds/racecards/2026-09-10/hove/racecard/515754
2026-09-10,Hove,20:41,2,Dark Madam,515754,Sporting Life,https://www.sportinglife.com/greyhounds/racecards/2026-09-10/hove/racecard/515754
2026-09-10,Hove,20:41,3,Rapido Benji,515754,Sporting Life,https://www.sportinglife.com/greyhounds/racecards/2026-09-10/hove/racecard/515754
2026-09-10,Hove,20:41,4,Smokestack Saxon,515754,Sporting Life,https://www.sportinglife.com/greyhounds/racecards/2026-09-10/hove/racecard/515754
2026-09-10,Hove,20:41,6,Zenith Duke,515754,Sporting Life,https://www.sportinglife.com/greyhounds/racecards/2026-09-10/hove/racecard/515754
2026-09-10,Hove,20:59,1,Burrows Nova,515755,Sporting Life,https://www.sportinglife.com/greyhounds/racecards/2026-09-10/hove/racecard/515755
2026-09-10,Hove,20:59,2,Slick Scout,515755,Sporting Life,https://www.sportinglife.com/greyhounds/racecards/2026-09-10/hove/racecard/515755
2026-09-10,Hove,20:59,3,Hazza Summers,515755,Sporting Life,https://www.sportinglife.com/greyhounds/racecards/2026-09-10/hove/racecard/515755
2026-09-10,Hove,20:59,4,Coppeen Cert,515755,Sporting Life,https://www.sportinglife.com/greyhounds/racecards/2026-09-10/hove/racecard/515755
2026-09-10,Hove,20:59,5,Alright Tallent,515755,Sporting Life,https://www.sportinglife.com/greyhounds/racecards/2026-09-10/hove/racecard/515755
2026-09-10,Hove,20:59,6,Are We On,515755,Sporting Life,https://www.sportinglife.com/greyhounds/racecards/2026-09-10/hove/racecard/515755
2026-09-10,Hove,21:16,1,Jackpot Blue,515756,Sporting Life,https://www.sportinglife.com/greyhounds/racecards/2026-09-10/hove/racecard/515756
2026-09-10,Hove,21:16,2,Newinn Ginger,515756,Sporting Life,https://www.sportinglife.com/greyhounds/racecards/2026-09-10/hove/racecard/515756
2026-09-10,Hove,21:16,3,Burrows Titan,515756,Sporting Life,https://www.sportinglife.com/greyhounds/racecards/2026-09-10/hove/racecard/515756
2026-09-10,Hove,21:16,4,Broadway Lord,515756,Sporting Life,https://www.sportinglife.com/greyhounds/racecards/2026-09-10/hove/racecard/515756
2026-09-10,Hove,21:16,5,Tedushi Ted,515756,Sporting Life,https://www.sportinglife.com/greyhounds/racecards/2026-09-10/hove/racecard/515756
2026-09-10,Hove,21:16,6,Bluey Bullet,515756,Sporting Life,https://www.sportinglife.com/greyhounds/racecards/2026-09-10/hove/racecard/515756
2026-09-10,Kinsley,11:14,1,Crystal Jade,515671,Sporting Life,https://www.sportinglife.com/greyhounds/racecards/2026-09-10/kinsley/racecard/515671
2026-09-10,Kinsley,11:14,2,Dromana Milo,515671,Sporting Life,https://www.sportinglife.com/greyhounds/racecards/2026-09-10/kinsley/racecard/515671
2026-09-10,Kinsley,11:14,3,Beckys Cashout,515671,Sporting Life,https://www.sportinglife.com/greyhounds/racecards/2026-09-10/kinsley/racecard/515671
2026-09-10,Kinsley,11:14,5,Gazes Boby,515671,Sporting Life,https://www.sportinglife.com/greyhounds/racecards/2026-09-10/kinsley/racecard/515671
2026-09-10,Kinsley,11:14,6,Scullys Eddie,515671,Sporting Life,https://www.sportinglife.com/greyhounds/racecards/2026-09-10/kinsley/racecard/515671
2026-09-10,Kinsley,11:30,1,Confident Stunt,515672,Sporting Life,https://www.sportinglife.com/greyhounds/racecards/2026-09-10/kinsley/racecard/515672
2026-09-10,Kinsley,11:30,3,Southwind Twirl,515672,Sporting Life,https://www.sportinglife.com/greyhounds/racecards/2026-09-10/kinsley/racecard/515672
2026-09-10,Kinsley,11:30,4,Grumpy Walter,515672,Sporting Life,https://www.sportinglife.com/greyhounds/racecards/2026-09-10/kinsley/racecard/515672
2026-09-10,Kinsley,11:30,5,Cotswold Prince,515672,Sporting Life,https://www.sportinglife.com/greyhounds/racecards/2026-09-10/kinsley/racecard/515672
2026-09-10,Kinsley,11:30,6,Grumpy Pip,515672,Sporting Life,https://www.sportinglife.com/greyhounds/racecards/2026-09-10/kinsley/racecard/515672
2026-09-10,Kinsley,11:46,1,Queen Nina,515673,Sporting Life,https://www.sportinglife.com/greyhounds/racecards/2026-09-10/kinsley/racecard/515673
2026-09-10,Kinsley,11:46,2,Swift Remi,515673,Sporting Life,https://www.sportinglife.com/greyhounds/racecards/2026-09-10/kinsley/racecard/515673
2026-09-10,Kinsley,11:46,3,Monroe Marley,515673,Sporting Life,https://www.sportinglife.com/greyhounds/racecards/2026-09-10/kinsley/racecard/515673
2026-09-10,Kinsley,11:46,4,Clongeen General,515673,Sporting Life,https://www.sportinglife.com/greyhounds/racecards/2026-09-10/kinsley/racecard/515673
2026-09-10,Kinsley,11:46,5,Knotmor Ace,515673,Sporting Life,https://www.sportinglife.com/greyhounds/racecards/2026-09-10/kinsley/racecard/515673
2026-09-10,Kinsley,11:46,6,Nurney Sniper,515673,Sporting Life,https://www.sportinglife.com/greyhounds/racecards/2026-09-10/kinsley/racecard/515673
2026-09-10,Kinsley,12:03,1,Velardi,515674,Sporting Life,https://www.sportinglife.com/greyhounds/racecards/2026-09-10/kinsley/racecard/515674
2026-09-10,Kinsley,12:03,3,Russian Doctor,515674,Sporting Life,https://www.sportinglife.com/greyhounds/racecards/2026-09-10/kinsley/racecard/515674
2026-09-10,Kinsley,12:03,4,Droopys Willya,515674,Sporting Life,https://www.sportinglife.com/greyhounds/racecards/2026-09-10/kinsley/racecard/515674
2026-09-10,Kinsley,12:03,5,Norristown May,515674,Sporting Life,https://www.sportinglife.com/greyhounds/racecards/2026-09-10/kinsley/racecard/515674
2026-09-10,Kinsley,12:03,6,Swift Hooley,515674,Sporting Life,https://www.sportinglife.com/greyhounds/racecards/2026-09-10/kinsley/racecard/515674
2026-09-10,Kinsley,12:20,1,Grumpy Sandstorm,515675,Sporting Life,https://www.sportinglife.com/greyhounds/racecards/2026-09-10/kinsley/racecard/515675
2026-09-10,Kinsley,12:20,2,Westfield Wispa,515675,Sporting Life,https://www.sportinglife.com/greyhounds/racecards/2026-09-10/kinsley/racecard/515675
2026-09-10,Kinsley,12:20,3,Grumpy Florence,515675,Sporting Life,https://www.sportinglife.com/greyhounds/racecards/2026-09-10/kinsley/racecard/515675
2026-09-10,Kinsley,12:20,4,Conlig Annie,515675,Sporting Life,https://www.sportinglife.com/greyhounds/racecards/2026-09-10/kinsley/racecard/515675
2026-09-10,Kinsley,12:20,6,Swift Paulina,515675,Sporting Life,https://www.sportinglife.com/greyhounds/racecards/2026-09-10/kinsley/racecard/515675
2026-09-10,Kinsley,12:37,1,Hazelgrove Paris,515676,Sporting Life,https://www.sportinglife.com/greyhounds/racecards/2026-09-10/kinsley/racecard/515676
2026-09-10,Kinsley,12:37,2,Hazelgrove Petra,515676,Sporting Life,https://www.sportinglife.com/greyhounds/racecards/2026-09-10/kinsley/racecard/515676
2026-09-10,Kinsley,12:37,3,Coolavanny Nano,515676,Sporting Life,https://www.sportinglife.com/greyhounds/racecards/2026-09-10/kinsley/racecard/515676
2026-09-10,Kinsley,12:37,4,Kilgarran Rickey,515676,Sporting Life,https://www.sportinglife.com/greyhounds/racecards/2026-09-10/kinsley/racecard/515676
2026-09-10,Kinsley,12:37,5,Lucky Lass,515676,Sporting Life,https://www.sportinglife.com/greyhounds/racecards/2026-09-10/kinsley/racecard/515676
2026-09-10,Kinsley,12:37,6,Ferndale Gin,515676,Sporting Life,https://www.sportinglife.com/greyhounds/racecards/2026-09-10/kinsley/racecard/515676
2026-09-10,Kinsley,12:53,2,Elite Lizzie,515677,Sporting Life,https://www.sportinglife.com/greyhounds/racecards/2026-09-10/kinsley/racecard/515677
2026-09-10,Kinsley,12:53,3,Costly Chips,515677,Sporting Life,https://www.sportinglife.com/greyhounds/racecards/2026-09-10/kinsley/racecard/515677
2026-09-10,Kinsley,12:53,4,Got The Ballymac,515677,Sporting Life,https://www.sportinglife.com/greyhounds/racecards/2026-09-10/kinsley/racecard/515677
2026-09-10,Kinsley,12:53,5,Tickets Katie,515677,Sporting Life,https://www.sportinglife.com/greyhounds/racecards/2026-09-10/kinsley/racecard/515677
2026-09-10,Kinsley,12:53,6,Individual Man,515677,Sporting Life,https://www.sportinglife.com/greyhounds/racecards/2026-09-10/kinsley/racecard/515677
2026-09-10,Kinsley,13:11,1,Fast Fit Mollie,515678,Sporting Life,https://www.sportinglife.com/greyhounds/racecards/2026-09-10/kinsley/racecard/515678
2026-09-10,Kinsley,13:11,2,Pennys Hiro,515678,Sporting Life,https://www.sportinglife.com/greyhounds/racecards/2026-09-10/kinsley/racecard/515678
2026-09-10,Kinsley,13:11,3,Drombeg Dolly,515678,Sporting Life,https://www.sportinglife.com/greyhounds/racecards/2026-09-10/kinsley/racecard/515678
2026-09-10,Kinsley,13:11,4,Hazelgrove Raven,515678,Sporting Life,https://www.sportinglife.com/greyhounds/racecards/2026-09-10/kinsley/racecard/515678
2026-09-10,Kinsley,13:11,5,Grumpy Kevin,515678,Sporting Life,https://www.sportinglife.com/greyhounds/racecards/2026-09-10/kinsley/racecard/515678
2026-09-10,Kinsley,13:11,6,Da Man Joey,515678,Sporting Life,https://www.sportinglife.com/greyhounds/racecards/2026-09-10/kinsley/racecard/515678
2026-09-10,Kinsley,13:26,1,Metric Mari,515679,Sporting Life,https://www.sportinglife.com/greyhounds/racecards/2026-09-10/kinsley/racecard/515679
2026-09-10,Kinsley,13:26,2,Urgent Call,515679,Sporting Life,https://www.sportinglife.com/greyhounds/racecards/2026-09-10/kinsley/racecard/515679
2026-09-10,Kinsley,13:26,3,Comer Muir,515679,Sporting Life,https://www.sportinglife.com/greyhounds/racecards/2026-09-10/kinsley/racecard/515679
2026-09-10,Kinsley,13:26,4,Move Over Manly,515679,Sporting Life,https://www.sportinglife.com/greyhounds/racecards/2026-09-10/kinsley/racecard/515679
2026-09-10,Kinsley,13:26,6,Grange Bell,515679,Sporting Life,https://www.sportinglife.com/greyhounds/racecards/2026-09-10/kinsley/racecard/515679
2026-09-10,Kinsley,13:41,1,Grumpy Adagio,515680,Sporting Life,https://www.sportinglife.com/greyhounds/racecards/2026-09-10/kinsley/racecard/515680
2026-09-10,Kinsley,13:41,2,Tommys Messi,515680,Sporting Life,https://www.sportinglife.com/greyhounds/racecards/2026-09-10/kinsley/racecard/515680
2026-09-10,Kinsley,13:41,3,Cotswold Milady,515680,Sporting Life,https://www.sportinglife.com/greyhounds/racecards/2026-09-10/kinsley/racecard/515680
2026-09-10,Kinsley,13:41,5,Twisted Logic,515680,Sporting Life,https://www.sportinglife.com/greyhounds/racecards/2026-09-10/kinsley/racecard/515680
2026-09-10,Kinsley,13:41,6,Hello Lady,515680,Sporting Life,https://www.sportinglife.com/greyhounds/racecards/2026-09-10/kinsley/racecard/515680
2026-09-10,Kinsley,13:58,1,Deecee Orla,515681,Sporting Life,https://www.sportinglife.com/greyhounds/racecards/2026-09-10/kinsley/racecard/515681
2026-09-10,Kinsley,13:58,2,Polar Express,515681,Sporting Life,https://www.sportinglife.com/greyhounds/racecards/2026-09-10/kinsley/racecard/515681
2026-09-10,Kinsley,13:58,3,King Crosby,515681,Sporting Life,https://www.sportinglife.com/greyhounds/racecards/2026-09-10/kinsley/racecard/515681
2026-09-10,Kinsley,13:58,4,Hazelgrove Pixie,515681,Sporting Life,https://www.sportinglife.com/greyhounds/racecards/2026-09-10/kinsley/racecard/515681
2026-09-10,Kinsley,13:58,5,Queen Ariana,515681,Sporting Life,https://www.sportinglife.com/greyhounds/racecards/2026-09-10/kinsley/racecard/515681
2026-09-10,Kinsley,14:14,1,Highview Arrow,515682,Sporting Life,https://www.sportinglife.com/greyhounds/racecards/2026-09-10/kinsley/racecard/515682
2026-09-10,Kinsley,14:14,2,Dashgrove Shadow,515682,Sporting Life,https://www.sportinglife.com/greyhounds/racecards/2026-09-10/kinsley/racecard/515682
2026-09-10,Kinsley,14:14,3,Deecee Ava,515682,Sporting Life,https://www.sportinglife.com/greyhounds/racecards/2026-09-10/kinsley/racecard/515682
2026-09-10,Kinsley,14:14,4,Zaconey Venus,515682,Sporting Life,https://www.sportinglife.com/greyhounds/racecards/2026-09-10/kinsley/racecard/515682
2026-09-10,Kinsley,14:14,5,Grumpy Edith,515682,Sporting Life,https://www.sportinglife.com/greyhounds/racecards/2026-09-10/kinsley/racecard/515682
2026-09-10,Monmore,18:14,1,Kilara Kopeck,515695,Sporting Life,https://www.sportinglife.com/greyhounds/racecards/2026-09-10/monmore/racecard/515695
2026-09-10,Monmore,18:14,2,Zenith Scorpion,515695,Sporting Life,https://www.sportinglife.com/greyhounds/racecards/2026-09-10/monmore/racecard/515695
2026-09-10,Monmore,18:14,3,Wilma Rudolph,515695,Sporting Life,https://www.sportinglife.com/greyhounds/racecards/2026-09-10/monmore/racecard/515695
2026-09-10,Monmore,18:14,4,Good Maverick,515695,Sporting Life,https://www.sportinglife.com/greyhounds/racecards/2026-09-10/monmore/racecard/515695
2026-09-10,Monmore,18:14,6,Aero Sophie,515695,Sporting Life,https://www.sportinglife.com/greyhounds/racecards/2026-09-10/monmore/racecard/515695
2026-09-10,Monmore,18:31,1,Westway Kai,515696,Sporting Life,https://www.sportinglife.com/greyhounds/racecards/2026-09-10/monmore/racecard/515696
2026-09-10,Monmore,18:31,2,Confident Ruby,515696,Sporting Life,https://www.sportinglife.com/greyhounds/racecards/2026-09-10/monmore/racecard/515696
2026-09-10,Monmore,18:31,3,Bonita Moon,515696,Sporting Life,https://www.sportinglife.com/greyhounds/racecards/2026-09-10/monmore/racecard/515696
2026-09-10,Monmore,18:31,4,Tromora Five,515696,Sporting Life,https://www.sportinglife.com/greyhounds/racecards/2026-09-10/monmore/racecard/515696
2026-09-10,Monmore,18:31,5,Kurious George,515696,Sporting Life,https://www.sportinglife.com/greyhounds/racecards/2026-09-10/monmore/racecard/515696
2026-09-10,Monmore,18:31,6,Pennys Snow,515696,Sporting Life,https://www.sportinglife.com/greyhounds/racecards/2026-09-10/monmore/racecard/515696
2026-09-10,Monmore,18:48,1,Goldstar Michael,515697,Sporting Life,https://www.sportinglife.com/greyhounds/racecards/2026-09-10/monmore/racecard/515697
2026-09-10,Monmore,18:48,2,Blu Bert,515697,Sporting Life,https://www.sportinglife.com/greyhounds/racecards/2026-09-10/monmore/racecard/515697
2026-09-10,Monmore,18:48,3,Tromora Force,515697,Sporting Life,https://www.sportinglife.com/greyhounds/racecards/2026-09-10/monmore/racecard/515697
2026-09-10,Monmore,18:48,4,Catchem Flawless,515697,Sporting Life,https://www.sportinglife.com/greyhounds/racecards/2026-09-10/monmore/racecard/515697
2026-09-10,Monmore,18:48,6,Ballybough Mikey,515697,Sporting Life,https://www.sportinglife.com/greyhounds/racecards/2026-09-10/monmore/racecard/515697
2026-09-10,Monmore,19:06,1,Bogger Una,515698,Sporting Life,https://www.sportinglife.com/greyhounds/racecards/2026-09-10/monmore/racecard/515698
2026-09-10,Monmore,19:06,2,Swift Jenkins,515698,Sporting Life,https://www.sportinglife.com/greyhounds/racecards/2026-09-10/monmore/racecard/515698
2026-09-10,Monmore,19:06,3,Longacres Diddy,515698,Sporting Life,https://www.sportinglife.com/greyhounds/racecards/2026-09-10/monmore/racecard/515698
2026-09-10,Monmore,19:06,4,Aero Dignity,515698,Sporting Life,https://www.sportinglife.com/greyhounds/racecards/2026-09-10/monmore/racecard/515698
2026-09-10,Monmore,19:06,6,Swift Eaglestone,515698,Sporting Life,https://www.sportinglife.com/greyhounds/racecards/2026-09-10/monmore/racecard/515698
2026-09-10,Monmore,19:22,1,Anglesey Rebel,515699,Sporting Life,https://www.sportinglife.com/greyhounds/racecards/2026-09-10/monmore/racecard/515699
2026-09-10,Monmore,19:22,2,Battery Jack,515699,Sporting Life,https://www.sportinglife.com/greyhounds/racecards/2026-09-10/monmore/racecard/515699
2026-09-10,Monmore,19:22,3,Rinn Soileir,515699,Sporting Life,https://www.sportinglife.com/greyhounds/racecards/2026-09-10/monmore/racecard/515699
2026-09-10,Monmore,19:22,4,Hello Katie,515699,Sporting Life,https://www.sportinglife.com/greyhounds/racecards/2026-09-10/monmore/racecard/515699
2026-09-10,Monmore,19:22,5,Longacres Ella,515699,Sporting Life,https://www.sportinglife.com/greyhounds/racecards/2026-09-10/monmore/racecard/515699
2026-09-10,Monmore,19:22,6,Hard Copy,515699,Sporting Life,https://www.sportinglife.com/greyhounds/racecards/2026-09-10/monmore/racecard/515699
2026-09-10,Monmore,19:39,1,Sugar Sherbut,515700,Sporting Life,https://www.sportinglife.com/greyhounds/racecards/2026-09-10/monmore/racecard/515700
2026-09-10,Monmore,19:39,2,Aero Bluebell,515700,Sporting Life,https://www.sportinglife.com/greyhounds/racecards/2026-09-10/monmore/racecard/515700
2026-09-10,Monmore,19:39,3,Aero Annoy,515700,Sporting Life,https://www.sportinglife.com/greyhounds/racecards/2026-09-10/monmore/racecard/515700
2026-09-10,Monmore,19:39,4,Blue Woody,515700,Sporting Life,https://www.sportinglife.com/greyhounds/racecards/2026-09-10/monmore/racecard/515700
2026-09-10,Monmore,19:39,6,Bealtaine,515700,Sporting Life,https://www.sportinglife.com/greyhounds/racecards/2026-09-10/monmore/racecard/515700
2026-09-10,Monmore,19:56,1,Emers Julie,515701,Sporting Life,https://www.sportinglife.com/greyhounds/racecards/2026-09-10/monmore/racecard/515701
2026-09-10,Monmore,19:56,2,Nametab Orion,515701,Sporting Life,https://www.sportinglife.com/greyhounds/racecards/2026-09-10/monmore/racecard/515701
2026-09-10,Monmore,19:56,3,Dapper Diamond,515701,Sporting Life,https://www.sportinglife.com/greyhounds/racecards/2026-09-10/monmore/racecard/515701
2026-09-10,Monmore,19:56,4,Newinn Magico,515701,Sporting Life,https://www.sportinglife.com/greyhounds/racecards/2026-09-10/monmore/racecard/515701
2026-09-10,Monmore,19:56,5,Aero Dulcie,515701,Sporting Life,https://www.sportinglife.com/greyhounds/racecards/2026-09-10/monmore/racecard/515701
2026-09-10,Monmore,19:56,6,Aero Storm,515701,Sporting Life,https://www.sportinglife.com/greyhounds/racecards/2026-09-10/monmore/racecard/515701
2026-09-10,Monmore,20:13,1,Bridefort Lady,515702,Sporting Life,https://www.sportinglife.com/greyhounds/racecards/2026-09-10/monmore/racecard/515702
2026-09-10,Monmore,20:13,2,Joes Luck,515702,Sporting Life,https://www.sportinglife.com/greyhounds/racecards/2026-09-10/monmore/racecard/515702
2026-09-10,Monmore,20:13,3,Jaykay Fury,515702,Sporting Life,https://www.sportinglife.com/greyhounds/racecards/2026-09-10/monmore/racecard/515702
2026-09-10,Monmore,20:13,4,Hitit Agendavy,515702,Sporting Life,https://www.sportinglife.com/greyhounds/racecards/2026-09-10/monmore/racecard/515702
2026-09-10,Monmore,20:13,6,Longacres Boycie,515702,Sporting Life,https://www.sportinglife.com/greyhounds/racecards/2026-09-10/monmore/racecard/515702
2026-09-10,Monmore,20:31,1,Zenith Quincy,515703,Sporting Life,https://www.sportinglife.com/greyhounds/racecards/2026-09-10/monmore/racecard/515703
2026-09-10,Monmore,20:31,2,Ballymac Dixie,515703,Sporting Life,https://www.sportinglife.com/greyhounds/racecards/2026-09-10/monmore/racecard/515703
2026-09-10,Monmore,20:31,3,Swift Swan,515703,Sporting Life,https://www.sportinglife.com/greyhounds/racecards/2026-09-10/monmore/racecard/515703
2026-09-10,Monmore,20:31,4,Velvet Fernando,515703,Sporting Life,https://www.sportinglife.com/greyhounds/racecards/2026-09-10/monmore/racecard/515703
2026-09-10,Monmore,20:31,6,Missy Jackell,515703,Sporting Life,https://www.sportinglife.com/greyhounds/racecards/2026-09-10/monmore/racecard/515703
2026-09-10,Monmore,20:47,1,Vixons Opaque,515704,Sporting Life,https://www.sportinglife.com/greyhounds/racecards/2026-09-10/monmore/racecard/515704
2026-09-10,Monmore,20:47,2,Sparta Kingdom,515704,Sporting Life,https://www.sportinglife.com/greyhounds/racecards/2026-09-10/monmore/racecard/515704
2026-09-10,Monmore,20:47,3,Mucky Signet,515704,Sporting Life,https://www.sportinglife.com/greyhounds/racecards/2026-09-10/monmore/racecard/515704
2026-09-10,Monmore,20:47,5,Aero Benny,515704,Sporting Life,https://www.sportinglife.com/greyhounds/racecards/2026-09-10/monmore/racecard/515704
2026-09-10,Monmore,20:47,6,Bang On Hollie,515704,Sporting Life,https://www.sportinglife.com/greyhounds/racecards/2026-09-10/monmore/racecard/515704
2026-09-10,Monmore,21:04,1,Caldera Flow,515705,Sporting Life,https://www.sportinglife.com/greyhounds/racecards/2026-09-10/monmore/racecard/515705
2026-09-10,Monmore,21:04,2,Union Finale,515705,Sporting Life,https://www.sportinglife.com/greyhounds/racecards/2026-09-10/monmore/racecard/515705
2026-09-10,Monmore,21:04,3,Takemawaytony,515705,Sporting Life,https://www.sportinglife.com/greyhounds/racecards/2026-09-10/monmore/racecard/515705
2026-09-10,Monmore,21:04,4,Meenagh Minsk,515705,Sporting Life,https://www.sportinglife.com/greyhounds/racecards/2026-09-10/monmore/racecard/515705
2026-09-10,Monmore,21:04,5,Droopys Melon,515705,Sporting Life,https://www.sportinglife.com/greyhounds/racecards/2026-09-10/monmore/racecard/515705
2026-09-10,Monmore,21:04,6,Longacres Ariel,515705,Sporting Life,https://www.sportinglife.com/greyhounds/racecards/2026-09-10/monmore/racecard/515705
2026-09-10,Monmore,21:23,1,Stonepark Delta,515706,Sporting Life,https://www.sportinglife.com/greyhounds/racecards/2026-09-10/monmore/racecard/515706
2026-09-10,Monmore,21:23,2,Moss King,515706,Sporting Life,https://www.sportinglife.com/greyhounds/racecards/2026-09-10/monmore/racecard/515706
2026-09-10,Monmore,21:23,3,Aero Hope,515706,Sporting Life,https://www.sportinglife.com/greyhounds/racecards/2026-09-10/monmore/racecard/515706
2026-09-10,Monmore,21:23,6,Greenmount Hawk,515706,Sporting Life,https://www.sportinglife.com/greyhounds/racecards/2026-09-10/monmore/racecard/515706
2026-09-10,Newcastle,18:37,1,Onlyinthejockey,515733,Sporting Life,https://www.sportinglife.com/greyhounds/racecards/2026-09-10/newcastle/racecard/515733
2026-09-10,Newcastle,18:37,2,Dunelm Le Fee,515733,Sporting Life,https://www.sportinglife.com/greyhounds/racecards/2026-09-10/newcastle/racecard/515733
2026-09-10,Newcastle,18:37,3,Crooks Peaky,515733,Sporting Life,https://www.sportinglife.com/greyhounds/racecards/2026-09-10/newcastle/racecard/515733
2026-09-10,Newcastle,18:37,4,Slingshot Fyne,515733,Sporting Life,https://www.sportinglife.com/greyhounds/racecards/2026-09-10/newcastle/racecard/515733
2026-09-10,Newcastle,18:37,5,Bramble Shelby,515733,Sporting Life,https://www.sportinglife.com/greyhounds/racecards/2026-09-10/newcastle/racecard/515733
2026-09-10,Newcastle,18:37,6,Kuma Abdu,515733,Sporting Life,https://www.sportinglife.com/greyhounds/racecards/2026-09-10/newcastle/racecard/515733
2026-09-10,Newcastle,18:53,1,Quivers Haka,515734,Sporting Life,https://www.sportinglife.com/greyhounds/racecards/2026-09-10/newcastle/racecard/515734
2026-09-10,Newcastle,18:53,2,El Mirador,515734,Sporting Life,https://www.sportinglife.com/greyhounds/racecards/2026-09-10/newcastle/racecard/515734
2026-09-10,Newcastle,18:53,3,Coopers Richie,515734,Sporting Life,https://www.sportinglife.com/greyhounds/racecards/2026-09-10/newcastle/racecard/515734
2026-09-10,Newcastle,18:53,4,Slingshot Forth,515734,Sporting Life,https://www.sportinglife.com/greyhounds/racecards/2026-09-10/newcastle/racecard/515734
2026-09-10,Newcastle,18:53,5,Crooks Sambuca,515734,Sporting Life,https://www.sportinglife.com/greyhounds/racecards/2026-09-10/newcastle/racecard/515734
2026-09-10,Newcastle,18:53,6,Greenwell Bolt,515734,Sporting Life,https://www.sportinglife.com/greyhounds/racecards/2026-09-10/newcastle/racecard/515734
2026-09-10,Newcastle,19:11,1,Zenith Beauty,515735,Sporting Life,https://www.sportinglife.com/greyhounds/racecards/2026-09-10/newcastle/racecard/515735
2026-09-10,Newcastle,19:11,2,Vialli,515735,Sporting Life,https://www.sportinglife.com/greyhounds/racecards/2026-09-10/newcastle/racecard/515735
2026-09-10,Newcastle,19:11,3,Zenith Flash,515735,Sporting Life,https://www.sportinglife.com/greyhounds/racecards/2026-09-10/newcastle/racecard/515735
2026-09-10,Newcastle,19:11,4,Innfield Bucko,515735,Sporting Life,https://www.sportinglife.com/greyhounds/racecards/2026-09-10/newcastle/racecard/515735
2026-09-10,Newcastle,19:11,5,Shalefield Cunha,515735,Sporting Life,https://www.sportinglife.com/greyhounds/racecards/2026-09-10/newcastle/racecard/515735
2026-09-10,Newcastle,19:11,6,Inclement Cindy,515735,Sporting Life,https://www.sportinglife.com/greyhounds/racecards/2026-09-10/newcastle/racecard/515735
2026-09-10,Newcastle,19:27,1,Charlies Topshot,515736,Sporting Life,https://www.sportinglife.com/greyhounds/racecards/2026-09-10/newcastle/racecard/515736
2026-09-10,Newcastle,19:27,2,Rolo Genie,515736,Sporting Life,https://www.sportinglife.com/greyhounds/racecards/2026-09-10/newcastle/racecard/515736
2026-09-10,Newcastle,19:27,3,Case Study,515736,Sporting Life,https://www.sportinglife.com/greyhounds/racecards/2026-09-10/newcastle/racecard/515736
2026-09-10,Newcastle,19:27,4,Putya Foot Down,515736,Sporting Life,https://www.sportinglife.com/greyhounds/racecards/2026-09-10/newcastle/racecard/515736
2026-09-10,Newcastle,19:27,5,Slinky Dog Dash,515736,Sporting Life,https://www.sportinglife.com/greyhounds/racecards/2026-09-10/newcastle/racecard/515736
2026-09-10,Newcastle,19:27,6,Crooks On Fire,515736,Sporting Life,https://www.sportinglife.com/greyhounds/racecards/2026-09-10/newcastle/racecard/515736
2026-09-10,Newcastle,19:44,1,Blackhouse Lewi,515737,Sporting Life,https://www.sportinglife.com/greyhounds/racecards/2026-09-10/newcastle/racecard/515737
2026-09-10,Newcastle,19:44,2,Bluebell Teddy,515737,Sporting Life,https://www.sportinglife.com/greyhounds/racecards/2026-09-10/newcastle/racecard/515737
2026-09-10,Newcastle,19:44,3,Highview Joey,515737,Sporting Life,https://www.sportinglife.com/greyhounds/racecards/2026-09-10/newcastle/racecard/515737
2026-09-10,Newcastle,19:44,4,Fabulous Adriana,515737,Sporting Life,https://www.sportinglife.com/greyhounds/racecards/2026-09-10/newcastle/racecard/515737
2026-09-10,Newcastle,19:44,6,Fabulous Harmony,515737,Sporting Life,https://www.sportinglife.com/greyhounds/racecards/2026-09-10/newcastle/racecard/515737
2026-09-10,Newcastle,20:01,1,Swift Rabbit,515738,Sporting Life,https://www.sportinglife.com/greyhounds/racecards/2026-09-10/newcastle/racecard/515738
2026-09-10,Newcastle,20:01,2,Blackhouse Bolt,515738,Sporting Life,https://www.sportinglife.com/greyhounds/racecards/2026-09-10/newcastle/racecard/515738
2026-09-10,Newcastle,20:01,3,Blackhouse Sadie,515738,Sporting Life,https://www.sportinglife.com/greyhounds/racecards/2026-09-10/newcastle/racecard/515738
2026-09-10,Newcastle,20:01,4,Whitehills Dawn,515738,Sporting Life,https://www.sportinglife.com/greyhounds/racecards/2026-09-10/newcastle/racecard/515738
2026-09-10,Newcastle,20:01,5,Crooks Rocky,515738,Sporting Life,https://www.sportinglife.com/greyhounds/racecards/2026-09-10/newcastle/racecard/515738
2026-09-10,Newcastle,20:01,6,Droopys Lakota,515738,Sporting Life,https://www.sportinglife.com/greyhounds/racecards/2026-09-10/newcastle/racecard/515738
2026-09-10,Newcastle,20:19,1,Skye The Boss,515739,Sporting Life,https://www.sportinglife.com/greyhounds/racecards/2026-09-10/newcastle/racecard/515739
2026-09-10,Newcastle,20:19,2,Greenwell Crazy,515739,Sporting Life,https://www.sportinglife.com/greyhounds/racecards/2026-09-10/newcastle/racecard/515739
2026-09-10,Newcastle,20:19,3,Canny Striker,515739,Sporting Life,https://www.sportinglife.com/greyhounds/racecards/2026-09-10/newcastle/racecard/515739
2026-09-10,Newcastle,20:19,4,Jacktavern Zoe,515739,Sporting Life,https://www.sportinglife.com/greyhounds/racecards/2026-09-10/newcastle/racecard/515739
2026-09-10,Newcastle,20:19,6,Indelible Mark,515739,Sporting Life,https://www.sportinglife.com/greyhounds/racecards/2026-09-10/newcastle/racecard/515739
2026-09-10,Newcastle,20:36,1,Wraysbury Queen,515740,Sporting Life,https://www.sportinglife.com/greyhounds/racecards/2026-09-10/newcastle/racecard/515740
2026-09-10,Newcastle,20:36,2,Whitehills Haydi,515740,Sporting Life,https://www.sportinglife.com/greyhounds/racecards/2026-09-10/newcastle/racecard/515740
2026-09-10,Newcastle,20:36,3,A Bit Of Hunter,515740,Sporting Life,https://www.sportinglife.com/greyhounds/racecards/2026-09-10/newcastle/racecard/515740
2026-09-10,Newcastle,20:36,4,Vinny Chase,515740,Sporting Life,https://www.sportinglife.com/greyhounds/racecards/2026-09-10/newcastle/racecard/515740
2026-09-10,Newcastle,20:36,5,Megans Angel,515740,Sporting Life,https://www.sportinglife.com/greyhounds/racecards/2026-09-10/newcastle/racecard/515740
2026-09-10,Newcastle,20:36,6,Tetra Cruising,515740,Sporting Life,https://www.sportinglife.com/greyhounds/racecards/2026-09-10/newcastle/racecard/515740
2026-09-10,Newcastle,20:54,1,Fine By Me,515741,Sporting Life,https://www.sportinglife.com/greyhounds/racecards/2026-09-10/newcastle/racecard/515741
2026-09-10,Newcastle,20:54,2,Freedom Kestrel,515741,Sporting Life,https://www.sportinglife.com/greyhounds/racecards/2026-09-10/newcastle/racecard/515741
2026-09-10,Newcastle,20:54,3,So Its Lillie,515741,Sporting Life,https://www.sportinglife.com/greyhounds/racecards/2026-09-10/newcastle/racecard/515741
2026-09-10,Newcastle,20:54,4,Slingshot Lomond,515741,Sporting Life,https://www.sportinglife.com/greyhounds/racecards/2026-09-10/newcastle/racecard/515741
2026-09-10,Newcastle,20:54,5,Dryland Velvet,515741,Sporting Life,https://www.sportinglife.com/greyhounds/racecards/2026-09-10/newcastle/racecard/515741
2026-09-10,Newcastle,21:11,1,Shebas Shine,515742,Sporting Life,https://www.sportinglife.com/greyhounds/racecards/2026-09-10/newcastle/racecard/515742
2026-09-10,Newcastle,21:11,2,Ngumohaaa,515742,Sporting Life,https://www.sportinglife.com/greyhounds/racecards/2026-09-10/newcastle/racecard/515742
2026-09-10,Newcastle,21:11,3,Bloodline,515742,Sporting Life,https://www.sportinglife.com/greyhounds/racecards/2026-09-10/newcastle/racecard/515742
2026-09-10,Newcastle,21:11,4,Amazing Rex,515742,Sporting Life,https://www.sportinglife.com/greyhounds/racecards/2026-09-10/newcastle/racecard/515742
2026-09-10,Newcastle,21:11,5,Interest Free,515742,Sporting Life,https://www.sportinglife.com/greyhounds/racecards/2026-09-10/newcastle/racecard/515742
2026-09-10,Newcastle,21:11,6,Inclement Mist,515742,Sporting Life,https://www.sportinglife.com/greyhounds/racecards/2026-09-10/newcastle/racecard/515742
2026-09-10,Newcastle,21:28,1,Drombeg Angel,515743,Sporting Life,https://www.sportinglife.com/greyhounds/racecards/2026-09-10/newcastle/racecard/515743
2026-09-10,Newcastle,21:28,2,Cooga Layla,515743,Sporting Life,https://www.sportinglife.com/greyhounds/racecards/2026-09-10/newcastle/racecard/515743
2026-09-10,Newcastle,21:28,3,Slingshot Louie,515743,Sporting Life,https://www.sportinglife.com/greyhounds/racecards/2026-09-10/newcastle/racecard/515743
2026-09-10,Newcastle,21:28,4,A Bit Of Betty,515743,Sporting Life,https://www.sportinglife.com/greyhounds/racecards/2026-09-10/newcastle/racecard/515743
2026-09-10,Newcastle,21:28,5,Unsurprisingly,515743,Sporting Life,https://www.sportinglife.com/greyhounds/racecards/2026-09-10/newcastle/racecard/515743
2026-09-10,Newcastle,21:46,1,Blackhouse Love,515744,Sporting Life,https://www.sportinglife.com/greyhounds/racecards/2026-09-10/newcastle/racecard/515744
2026-09-10,Newcastle,21:46,2,Slingshot Nessy,515744,Sporting Life,https://www.sportinglife.com/greyhounds/racecards/2026-09-10/newcastle/racecard/515744
2026-09-10,Newcastle,21:46,3,Blackhouse Tom,515744,Sporting Life,https://www.sportinglife.com/greyhounds/racecards/2026-09-10/newcastle/racecard/515744
2026-09-10,Newcastle,21:46,4,Burrow Nitro,515744,Sporting Life,https://www.sportinglife.com/greyhounds/racecards/2026-09-10/newcastle/racecard/515744
2026-09-10,Newcastle,21:46,5,Coolemount Raid,515744,Sporting Life,https://www.sportinglife.com/greyhounds/racecards/2026-09-10/newcastle/racecard/515744
2026-09-10,Newcastle,21:46,6,Canny Smokey,515744,Sporting Life,https://www.sportinglife.com/greyhounds/racecards/2026-09-10/newcastle/racecard/515744
2026-09-10,Nottingham,11:25,1,Jillulie Blue,515660,Sporting Life,https://www.sportinglife.com/greyhounds/racecards/2026-09-10/nottingham/racecard/515660
2026-09-10,Nottingham,11:25,2,Honour Break,515660,Sporting Life,https://www.sportinglife.com/greyhounds/racecards/2026-09-10/nottingham/racecard/515660
2026-09-10,Nottingham,11:25,4,Washington Sky,515660,Sporting Life,https://www.sportinglife.com/greyhounds/racecards/2026-09-10/nottingham/racecard/515660
2026-09-10,Nottingham,11:25,5,Wolf Midnight,515660,Sporting Life,https://www.sportinglife.com/greyhounds/racecards/2026-09-10/nottingham/racecard/515660
2026-09-10,Nottingham,11:25,6,Loxleys Wildcat,515660,Sporting Life,https://www.sportinglife.com/greyhounds/racecards/2026-09-10/nottingham/racecard/515660
2026-09-10,Nottingham,11:41,1,Baby Bono,515661,Sporting Life,https://www.sportinglife.com/greyhounds/racecards/2026-09-10/nottingham/racecard/515661
2026-09-10,Nottingham,11:41,2,Westfield Pepper,515661,Sporting Life,https://www.sportinglife.com/greyhounds/racecards/2026-09-10/nottingham/racecard/515661
2026-09-10,Nottingham,11:41,3,Artic Blue,515661,Sporting Life,https://www.sportinglife.com/greyhounds/racecards/2026-09-10/nottingham/racecard/515661
2026-09-10,Nottingham,11:41,4,Keefill Amelia,515661,Sporting Life,https://www.sportinglife.com/greyhounds/racecards/2026-09-10/nottingham/racecard/515661
2026-09-10,Nottingham,11:41,5,Westfield Basil,515661,Sporting Life,https://www.sportinglife.com/greyhounds/racecards/2026-09-10/nottingham/racecard/515661
2026-09-10,Nottingham,11:41,6,Westfield Betty,515661,Sporting Life,https://www.sportinglife.com/greyhounds/racecards/2026-09-10/nottingham/racecard/515661
2026-09-10,Nottingham,11:58,1,Honour Face,515662,Sporting Life,https://www.sportinglife.com/greyhounds/racecards/2026-09-10/nottingham/racecard/515662
2026-09-10,Nottingham,11:58,2,Harlequin Breeze,515662,Sporting Life,https://www.sportinglife.com/greyhounds/racecards/2026-09-10/nottingham/racecard/515662
2026-09-10,Nottingham,11:58,3,Furcombe Hall,515662,Sporting Life,https://www.sportinglife.com/greyhounds/racecards/2026-09-10/nottingham/racecard/515662
2026-09-10,Nottingham,11:58,5,Greybie,515662,Sporting Life,https://www.sportinglife.com/greyhounds/racecards/2026-09-10/nottingham/racecard/515662
2026-09-10,Nottingham,11:58,6,Wolf Dawn,515662,Sporting Life,https://www.sportinglife.com/greyhounds/racecards/2026-09-10/nottingham/racecard/515662
2026-09-10,Nottingham,12:14,1,Romantic Rosie,515663,Sporting Life,https://www.sportinglife.com/greyhounds/racecards/2026-09-10/nottingham/racecard/515663
2026-09-10,Nottingham,12:14,2,Mid Tipp Festy,515663,Sporting Life,https://www.sportinglife.com/greyhounds/racecards/2026-09-10/nottingham/racecard/515663
2026-09-10,Nottingham,12:14,3,Newland Bear,515663,Sporting Life,https://www.sportinglife.com/greyhounds/racecards/2026-09-10/nottingham/racecard/515663
2026-09-10,Nottingham,12:14,4,Keefill Beth,515663,Sporting Life,https://www.sportinglife.com/greyhounds/racecards/2026-09-10/nottingham/racecard/515663
2026-09-10,Nottingham,12:14,5,Kanturk Kin,515663,Sporting Life,https://www.sportinglife.com/greyhounds/racecards/2026-09-10/nottingham/racecard/515663
2026-09-10,Nottingham,12:31,1,Stellas Style,515664,Sporting Life,https://www.sportinglife.com/greyhounds/racecards/2026-09-10/nottingham/racecard/515664
2026-09-10,Nottingham,12:31,2,Petite Pippa,515664,Sporting Life,https://www.sportinglife.com/greyhounds/racecards/2026-09-10/nottingham/racecard/515664
2026-09-10,Nottingham,12:31,3,Vair Misinformed,515664,Sporting Life,https://www.sportinglife.com/greyhounds/racecards/2026-09-10/nottingham/racecard/515664
2026-09-10,Nottingham,12:31,4,Wolf Flare,515664,Sporting Life,https://www.sportinglife.com/greyhounds/racecards/2026-09-10/nottingham/racecard/515664
2026-09-10,Nottingham,12:31,5,Lightfoot Pearl,515664,Sporting Life,https://www.sportinglife.com/greyhounds/racecards/2026-09-10/nottingham/racecard/515664
2026-09-10,Nottingham,12:31,6,Feora Kate,515664,Sporting Life,https://www.sportinglife.com/greyhounds/racecards/2026-09-10/nottingham/racecard/515664
2026-09-10,Nottingham,12:48,1,Hinault Mcrow,515665,Sporting Life,https://www.sportinglife.com/greyhounds/racecards/2026-09-10/nottingham/racecard/515665
2026-09-10,Nottingham,12:48,2,Ballymac Loe,515665,Sporting Life,https://www.sportinglife.com/greyhounds/racecards/2026-09-10/nottingham/racecard/515665
2026-09-10,Nottingham,12:48,4,Kinielty Bex,515665,Sporting Life,https://www.sportinglife.com/greyhounds/racecards/2026-09-10/nottingham/racecard/515665
2026-09-10,Nottingham,12:48,5,Barnfield Venus,515665,Sporting Life,https://www.sportinglife.com/greyhounds/racecards/2026-09-10/nottingham/racecard/515665
2026-09-10,Nottingham,12:48,6,Vair Little Legs,515665,Sporting Life,https://www.sportinglife.com/greyhounds/racecards/2026-09-10/nottingham/racecard/515665
2026-09-10,Nottingham,13:06,1,Jades Catch,515666,Sporting Life,https://www.sportinglife.com/greyhounds/racecards/2026-09-10/nottingham/racecard/515666
2026-09-10,Nottingham,13:06,2,Westfield Sioux,515666,Sporting Life,https://www.sportinglife.com/greyhounds/racecards/2026-09-10/nottingham/racecard/515666
2026-09-10,Nottingham,13:06,3,Beaming Kim,515666,Sporting Life,https://www.sportinglife.com/greyhounds/racecards/2026-09-10/nottingham/racecard/515666
2026-09-10,Nottingham,13:06,4,Jacktavern Sadie,515666,Sporting Life,https://www.sportinglife.com/greyhounds/racecards/2026-09-10/nottingham/racecard/515666
2026-09-10,Nottingham,13:06,5,Vair Rumpol,515666,Sporting Life,https://www.sportinglife.com/greyhounds/racecards/2026-09-10/nottingham/racecard/515666
2026-09-10,Nottingham,13:06,6,Stradbally Anne,515666,Sporting Life,https://www.sportinglife.com/greyhounds/racecards/2026-09-10/nottingham/racecard/515666
2026-09-10,Nottingham,13:21,1,Honour Big Mac,515667,Sporting Life,https://www.sportinglife.com/greyhounds/racecards/2026-09-10/nottingham/racecard/515667
2026-09-10,Nottingham,13:21,2,Eagles Chance,515667,Sporting Life,https://www.sportinglife.com/greyhounds/racecards/2026-09-10/nottingham/racecard/515667
2026-09-10,Nottingham,13:21,3,Shockwave Ice,515667,Sporting Life,https://www.sportinglife.com/greyhounds/racecards/2026-09-10/nottingham/racecard/515667
2026-09-10,Nottingham,13:21,4,Crafty Can Do,515667,Sporting Life,https://www.sportinglife.com/greyhounds/racecards/2026-09-10/nottingham/racecard/515667
2026-09-10,Nottingham,13:21,5,Runforlucy,515667,Sporting Life,https://www.sportinglife.com/greyhounds/racecards/2026-09-10/nottingham/racecard/515667
2026-09-10,Nottingham,13:21,6,Loco Les,515667,Sporting Life,https://www.sportinglife.com/greyhounds/racecards/2026-09-10/nottingham/racecard/515667
2026-09-10,Nottingham,13:36,1,Rogerthedodge,515668,Sporting Life,https://www.sportinglife.com/greyhounds/racecards/2026-09-10/nottingham/racecard/515668
2026-09-10,Nottingham,13:36,2,Overtaker,515668,Sporting Life,https://www.sportinglife.com/greyhounds/racecards/2026-09-10/nottingham/racecard/515668
2026-09-10,Nottingham,13:36,3,Move Over Mom,515668,Sporting Life,https://www.sportinglife.com/greyhounds/racecards/2026-09-10/nottingham/racecard/515668
2026-09-10,Nottingham,13:36,4,Firebird Queenie,515668,Sporting Life,https://www.sportinglife.com/greyhounds/racecards/2026-09-10/nottingham/racecard/515668
2026-09-10,Nottingham,13:36,5,Headford Tara,515668,Sporting Life,https://www.sportinglife.com/greyhounds/racecards/2026-09-10/nottingham/racecard/515668
2026-09-10,Nottingham,13:36,6,Lemon Shirley,515668,Sporting Life,https://www.sportinglife.com/greyhounds/racecards/2026-09-10/nottingham/racecard/515668
2026-09-10,Nottingham,13:52,1,Eagles Charm,515669,Sporting Life,https://www.sportinglife.com/greyhounds/racecards/2026-09-10/nottingham/racecard/515669
2026-09-10,Nottingham,13:52,2,Honour Janice,515669,Sporting Life,https://www.sportinglife.com/greyhounds/racecards/2026-09-10/nottingham/racecard/515669
2026-09-10,Nottingham,13:52,3,Fairest Point,515669,Sporting Life,https://www.sportinglife.com/greyhounds/racecards/2026-09-10/nottingham/racecard/515669
2026-09-10,Nottingham,13:52,4,Keefill Everest,515669,Sporting Life,https://www.sportinglife.com/greyhounds/racecards/2026-09-10/nottingham/racecard/515669
2026-09-10,Nottingham,13:52,5,Freedom Venus,515669,Sporting Life,https://www.sportinglife.com/greyhounds/racecards/2026-09-10/nottingham/racecard/515669
2026-09-10,Nottingham,13:52,6,Sporting Fingers,515669,Sporting Life,https://www.sportinglife.com/greyhounds/racecards/2026-09-10/nottingham/racecard/515669
2026-09-10,Nottingham,14:09,1,Honour Flyer,515670,Sporting Life,https://www.sportinglife.com/greyhounds/racecards/2026-09-10/nottingham/racecard/515670
2026-09-10,Nottingham,14:09,2,Platinumsunshine,515670,Sporting Life,https://www.sportinglife.com/greyhounds/racecards/2026-09-10/nottingham/racecard/515670
2026-09-10,Nottingham,14:09,4,Pipkin,515670,Sporting Life,https://www.sportinglife.com/greyhounds/racecards/2026-09-10/nottingham/racecard/515670
2026-09-10,Nottingham,14:09,5,Thurlesbeg Tonto,515670,Sporting Life,https://www.sportinglife.com/greyhounds/racecards/2026-09-10/nottingham/racecard/515670
2026-09-10,Nottingham,14:09,6,Annadown Guggy,515670,Sporting Life,https://www.sportinglife.com/greyhounds/racecards/2026-09-10/nottingham/racecard/515670
2026-09-10,Sheffield,11:03,1,Priceless Juliet,515683,Sporting Life,https://www.sportinglife.com/greyhounds/racecards/2026-09-10/sheffield/racecard/515683
2026-09-10,Sheffield,11:03,2,Trickysteddybear,515683,Sporting Life,https://www.sportinglife.com/greyhounds/racecards/2026-09-10/sheffield/racecard/515683
2026-09-10,Sheffield,11:03,3,Droopys Nell,515683,Sporting Life,https://www.sportinglife.com/greyhounds/racecards/2026-09-10/sheffield/racecard/515683
2026-09-10,Sheffield,11:03,5,Windgap Frost,515683,Sporting Life,https://www.sportinglife.com/greyhounds/racecards/2026-09-10/sheffield/racecard/515683
2026-09-10,Sheffield,11:03,6,Droopys Suirway,515683,Sporting Life,https://www.sportinglife.com/greyhounds/racecards/2026-09-10/sheffield/racecard/515683
2026-09-10,Sheffield,11:19,1,Chiltern Dreams,515684,Sporting Life,https://www.sportinglife.com/greyhounds/racecards/2026-09-10/sheffield/racecard/515684
2026-09-10,Sheffield,11:19,2,Trickys Simba,515684,Sporting Life,https://www.sportinglife.com/greyhounds/racecards/2026-09-10/sheffield/racecard/515684
2026-09-10,Sheffield,11:19,3,Sudoky Ourora,515684,Sporting Life,https://www.sportinglife.com/greyhounds/racecards/2026-09-10/sheffield/racecard/515684
2026-09-10,Sheffield,11:19,4,Drumdoit Minnie,515684,Sporting Life,https://www.sportinglife.com/greyhounds/racecards/2026-09-10/sheffield/racecard/515684
2026-09-10,Sheffield,11:19,5,Ballymac Price,515684,Sporting Life,https://www.sportinglife.com/greyhounds/racecards/2026-09-10/sheffield/racecard/515684
2026-09-10,Sheffield,11:36,1,Thats Mikeys,515685,Sporting Life,https://www.sportinglife.com/greyhounds/racecards/2026-09-10/sheffield/racecard/515685
2026-09-10,Sheffield,11:36,2,Westway Sailor,515685,Sporting Life,https://www.sportinglife.com/greyhounds/racecards/2026-09-10/sheffield/racecard/515685
2026-09-10,Sheffield,11:36,3,Olwinn Win,515685,Sporting Life,https://www.sportinglife.com/greyhounds/racecards/2026-09-10/sheffield/racecard/515685
2026-09-10,Sheffield,11:36,4,Swift Mel,515685,Sporting Life,https://www.sportinglife.com/greyhounds/racecards/2026-09-10/sheffield/racecard/515685
2026-09-10,Sheffield,11:36,5,Slippy Richie,515685,Sporting Life,https://www.sportinglife.com/greyhounds/racecards/2026-09-10/sheffield/racecard/515685
2026-09-10,Sheffield,11:52,1,Lexis Dunganon,515686,Sporting Life,https://www.sportinglife.com/greyhounds/racecards/2026-09-10/sheffield/racecard/515686
2026-09-10,Sheffield,11:52,2,Ballyboss Emily,515686,Sporting Life,https://www.sportinglife.com/greyhounds/racecards/2026-09-10/sheffield/racecard/515686
2026-09-10,Sheffield,11:52,3,Slippy Daniel,515686,Sporting Life,https://www.sportinglife.com/greyhounds/racecards/2026-09-10/sheffield/racecard/515686
2026-09-10,Sheffield,11:52,4,Ridgedale Mazza,515686,Sporting Life,https://www.sportinglife.com/greyhounds/racecards/2026-09-10/sheffield/racecard/515686
2026-09-10,Sheffield,11:52,5,Antepost Bet,515686,Sporting Life,https://www.sportinglife.com/greyhounds/racecards/2026-09-10/sheffield/racecard/515686
2026-09-10,Sheffield,11:52,6,Shelone Sky,515686,Sporting Life,https://www.sportinglife.com/greyhounds/racecards/2026-09-10/sheffield/racecard/515686
2026-09-10,Sheffield,12:09,1,Wholovesye,515687,Sporting Life,https://www.sportinglife.com/greyhounds/racecards/2026-09-10/sheffield/racecard/515687
2026-09-10,Sheffield,12:09,2,Drumdoit Gizmo,515687,Sporting Life,https://www.sportinglife.com/greyhounds/racecards/2026-09-10/sheffield/racecard/515687
2026-09-10,Sheffield,12:09,3,No Rainbows,515687,Sporting Life,https://www.sportinglife.com/greyhounds/racecards/2026-09-10/sheffield/racecard/515687
2026-09-10,Sheffield,12:09,4,Swift Agenda,515687,Sporting Life,https://www.sportinglife.com/greyhounds/racecards/2026-09-10/sheffield/racecard/515687
2026-09-10,Sheffield,12:09,5,Catunda Echo,515687,Sporting Life,https://www.sportinglife.com/greyhounds/racecards/2026-09-10/sheffield/racecard/515687
2026-09-10,Sheffield,12:09,6,Nellies Charm,515687,Sporting Life,https://www.sportinglife.com/greyhounds/racecards/2026-09-10/sheffield/racecard/515687
2026-09-10,Sheffield,12:26,1,Rathcoole Flight,515688,Sporting Life,https://www.sportinglife.com/greyhounds/racecards/2026-09-10/sheffield/racecard/515688
2026-09-10,Sheffield,12:26,2,Anglesey Shadow,515688,Sporting Life,https://www.sportinglife.com/greyhounds/racecards/2026-09-10/sheffield/racecard/515688
2026-09-10,Sheffield,12:26,3,Airfield Daisy,515688,Sporting Life,https://www.sportinglife.com/greyhounds/racecards/2026-09-10/sheffield/racecard/515688
2026-09-10,Sheffield,12:26,4,Jaykay Seven,515688,Sporting Life,https://www.sportinglife.com/greyhounds/racecards/2026-09-10/sheffield/racecard/515688
2026-09-10,Sheffield,12:26,5,Feora Cora,515688,Sporting Life,https://www.sportinglife.com/greyhounds/racecards/2026-09-10/sheffield/racecard/515688
2026-09-10,Sheffield,12:26,6,Notsofastteddy,515688,Sporting Life,https://www.sportinglife.com/greyhounds/racecards/2026-09-10/sheffield/racecard/515688
2026-09-10,Sheffield,12:42,1,Fire Lucy,515689,Sporting Life,https://www.sportinglife.com/greyhounds/racecards/2026-09-10/sheffield/racecard/515689
2026-09-10,Sheffield,12:42,2,Anglesey Herring,515689,Sporting Life,https://www.sportinglife.com/greyhounds/racecards/2026-09-10/sheffield/racecard/515689
2026-09-10,Sheffield,12:42,3,Feora Sara,515689,Sporting Life,https://www.sportinglife.com/greyhounds/racecards/2026-09-10/sheffield/racecard/515689
2026-09-10,Sheffield,12:42,4,Anglesey Tesia,515689,Sporting Life,https://www.sportinglife.com/greyhounds/racecards/2026-09-10/sheffield/racecard/515689
2026-09-10,Sheffield,12:42,5,Cloondarone Sham,515689,Sporting Life,https://www.sportinglife.com/greyhounds/racecards/2026-09-10/sheffield/racecard/515689
2026-09-10,Sheffield,12:42,6,Moanteen Cobra,515689,Sporting Life,https://www.sportinglife.com/greyhounds/racecards/2026-09-10/sheffield/racecard/515689
2026-09-10,Sheffield,12:59,1,Lets Get Smashed,515690,Sporting Life,https://www.sportinglife.com/greyhounds/racecards/2026-09-10/sheffield/racecard/515690
2026-09-10,Sheffield,12:59,2,Jess Blue,515690,Sporting Life,https://www.sportinglife.com/greyhounds/racecards/2026-09-10/sheffield/racecard/515690
2026-09-10,Sheffield,12:59,3,Drumdoit Galaxy,515690,Sporting Life,https://www.sportinglife.com/greyhounds/racecards/2026-09-10/sheffield/racecard/515690
2026-09-10,Sheffield,12:59,4,Letter Magic,515690,Sporting Life,https://www.sportinglife.com/greyhounds/racecards/2026-09-10/sheffield/racecard/515690
2026-09-10,Sheffield,12:59,6,Pass The Buck,515690,Sporting Life,https://www.sportinglife.com/greyhounds/racecards/2026-09-10/sheffield/racecard/515690
2026-09-10,Sheffield,13:16,1,Freedom Layla,515691,Sporting Life,https://www.sportinglife.com/greyhounds/racecards/2026-09-10/sheffield/racecard/515691
2026-09-10,Sheffield,13:16,2,Shesdaguvnor,515691,Sporting Life,https://www.sportinglife.com/greyhounds/racecards/2026-09-10/sheffield/racecard/515691
2026-09-10,Sheffield,13:16,3,Tumble Bumble,515691,Sporting Life,https://www.sportinglife.com/greyhounds/racecards/2026-09-10/sheffield/racecard/515691
2026-09-10,Sheffield,13:16,4,Sliabh King,515691,Sporting Life,https://www.sportinglife.com/greyhounds/racecards/2026-09-10/sheffield/racecard/515691
2026-09-10,Sheffield,13:16,5,Tee Emgee Foxy,515691,Sporting Life,https://www.sportinglife.com/greyhounds/racecards/2026-09-10/sheffield/racecard/515691
2026-09-10,Sheffield,13:16,6,Elegant Jet,515691,Sporting Life,https://www.sportinglife.com/greyhounds/racecards/2026-09-10/sheffield/racecard/515691
2026-09-10,Sheffield,13:31,1,Clear Jade,515692,Sporting Life,https://www.sportinglife.com/greyhounds/racecards/2026-09-10/sheffield/racecard/515692
2026-09-10,Sheffield,13:31,2,Constant Coco,515692,Sporting Life,https://www.sportinglife.com/greyhounds/racecards/2026-09-10/sheffield/racecard/515692
2026-09-10,Sheffield,13:31,3,Emers Lola,515692,Sporting Life,https://www.sportinglife.com/greyhounds/racecards/2026-09-10/sheffield/racecard/515692
2026-09-10,Sheffield,13:31,4,Mucky Trump,515692,Sporting Life,https://www.sportinglife.com/greyhounds/racecards/2026-09-10/sheffield/racecard/515692
2026-09-10,Sheffield,13:31,5,Blake Delight,515692,Sporting Life,https://www.sportinglife.com/greyhounds/racecards/2026-09-10/sheffield/racecard/515692
2026-09-10,Sheffield,13:31,6,Muldona Diamond,515692,Sporting Life,https://www.sportinglife.com/greyhounds/racecards/2026-09-10/sheffield/racecard/515692
2026-09-10,Sheffield,13:46,1,Sigh Of Relief,515693,Sporting Life,https://www.sportinglife.com/greyhounds/racecards/2026-09-10/sheffield/racecard/515693
2026-09-10,Sheffield,13:46,2,Georges Charm,515693,Sporting Life,https://www.sportinglife.com/greyhounds/racecards/2026-09-10/sheffield/racecard/515693
2026-09-10,Sheffield,13:46,3,Swift Uni,515693,Sporting Life,https://www.sportinglife.com/greyhounds/racecards/2026-09-10/sheffield/racecard/515693
2026-09-10,Sheffield,13:46,4,Drumdoit Bono,515693,Sporting Life,https://www.sportinglife.com/greyhounds/racecards/2026-09-10/sheffield/racecard/515693
2026-09-10,Sheffield,13:46,5,Drumdoit Eva,515693,Sporting Life,https://www.sportinglife.com/greyhounds/racecards/2026-09-10/sheffield/racecard/515693
2026-09-10,Sheffield,14:04,1,La Flor,515694,Sporting Life,https://www.sportinglife.com/greyhounds/racecards/2026-09-10/sheffield/racecard/515694
2026-09-10,Sheffield,14:04,2,Not Pennys Boat,515694,Sporting Life,https://www.sportinglife.com/greyhounds/racecards/2026-09-10/sheffield/racecard/515694
2026-09-10,Sheffield,14:04,3,Pennys Oya,515694,Sporting Life,https://www.sportinglife.com/greyhounds/racecards/2026-09-10/sheffield/racecard/515694
2026-09-10,Sheffield,14:04,4,Finnery Wendy,515694,Sporting Life,https://www.sportinglife.com/greyhounds/racecards/2026-09-10/sheffield/racecard/515694
2026-09-10,Sheffield,14:04,5,Harry Rex,515694,Sporting Life,https://www.sportinglife.com/greyhounds/racecards/2026-09-10/sheffield/racecard/515694
2026-09-10,Sheffield,14:04,6,Golden Lion,515694,Sporting Life,https://www.sportinglife.com/greyhounds/racecards/2026-09-10/sheffield/racecard/515694
2026-09-10,Towcester,14:36,1,Wentworth Derek,515769,Sporting Life,https://www.sportinglife.com/greyhounds/racecards/2026-09-10/towcester/racecard/515769
2026-09-10,Towcester,14:36,2,Lucky Spinner,515769,Sporting Life,https://www.sportinglife.com/greyhounds/racecards/2026-09-10/towcester/racecard/515769
2026-09-10,Towcester,14:36,3,Toomevara Sheera,515769,Sporting Life,https://www.sportinglife.com/greyhounds/racecards/2026-09-10/towcester/racecard/515769
2026-09-10,Towcester,14:36,4,Lessofthedrama,515769,Sporting Life,https://www.sportinglife.com/greyhounds/racecards/2026-09-10/towcester/racecard/515769
2026-09-10,Towcester,14:36,6,Twolegsofour,515769,Sporting Life,https://www.sportinglife.com/greyhounds/racecards/2026-09-10/towcester/racecard/515769
2026-09-10,Towcester,14:54,1,Mustang Razor,515770,Sporting Life,https://www.sportinglife.com/greyhounds/racecards/2026-09-10/towcester/racecard/515770
2026-09-10,Towcester,14:54,2,Skilled Prince,515770,Sporting Life,https://www.sportinglife.com/greyhounds/racecards/2026-09-10/towcester/racecard/515770
2026-09-10,Towcester,14:54,3,Black Serpent,515770,Sporting Life,https://www.sportinglife.com/greyhounds/racecards/2026-09-10/towcester/racecard/515770
2026-09-10,Towcester,14:54,4,Hoxton Star,515770,Sporting Life,https://www.sportinglife.com/greyhounds/racecards/2026-09-10/towcester/racecard/515770
2026-09-10,Towcester,14:54,5,Gothic Opera,515770,Sporting Life,https://www.sportinglife.com/greyhounds/racecards/2026-09-10/towcester/racecard/515770
2026-09-10,Towcester,15:13,1,Trapstylebashful,515771,Sporting Life,https://www.sportinglife.com/greyhounds/racecards/2026-09-10/towcester/racecard/515771
2026-09-10,Towcester,15:13,2,Longcroft Prince,515771,Sporting Life,https://www.sportinglife.com/greyhounds/racecards/2026-09-10/towcester/racecard/515771
2026-09-10,Towcester,15:13,3,Boswellion,515771,Sporting Life,https://www.sportinglife.com/greyhounds/racecards/2026-09-10/towcester/racecard/515771
2026-09-10,Towcester,15:13,4,Vinegarhill Luna,515771,Sporting Life,https://www.sportinglife.com/greyhounds/racecards/2026-09-10/towcester/racecard/515771
2026-09-10,Towcester,15:13,5,Gurtnacrehy Ohio,515771,Sporting Life,https://www.sportinglife.com/greyhounds/racecards/2026-09-10/towcester/racecard/515771
2026-09-10,Towcester,15:13,6,Essex Abz,515771,Sporting Life,https://www.sportinglife.com/greyhounds/racecards/2026-09-10/towcester/racecard/515771
2026-09-10,Towcester,15:32,1,Scooby Gdynia,515772,Sporting Life,https://www.sportinglife.com/greyhounds/racecards/2026-09-10/towcester/racecard/515772
2026-09-10,Towcester,15:32,2,Last Race Toni,515772,Sporting Life,https://www.sportinglife.com/greyhounds/racecards/2026-09-10/towcester/racecard/515772
2026-09-10,Towcester,15:32,3,Jungles Ace,515772,Sporting Life,https://www.sportinglife.com/greyhounds/racecards/2026-09-10/towcester/racecard/515772
2026-09-10,Towcester,15:32,4,Cavan For Sam,515772,Sporting Life,https://www.sportinglife.com/greyhounds/racecards/2026-09-10/towcester/racecard/515772
2026-09-10,Towcester,15:32,5,Vinegarhill Bell,515772,Sporting Life,https://www.sportinglife.com/greyhounds/racecards/2026-09-10/towcester/racecard/515772
2026-09-10,Towcester,15:32,6,Trapstyle Wee,515772,Sporting Life,https://www.sportinglife.com/greyhounds/racecards/2026-09-10/towcester/racecard/515772
2026-09-10,Towcester,15:51,1,Swift Aim,515773,Sporting Life,https://www.sportinglife.com/greyhounds/racecards/2026-09-10/towcester/racecard/515773
2026-09-10,Towcester,15:51,2,Moolah,515773,Sporting Life,https://www.sportinglife.com/greyhounds/racecards/2026-09-10/towcester/racecard/515773
2026-09-10,Towcester,15:51,3,Fabulous Sora,515773,Sporting Life,https://www.sportinglife.com/greyhounds/racecards/2026-09-10/towcester/racecard/515773
2026-09-10,Towcester,15:51,4,Greencroft Rico,515773,Sporting Life,https://www.sportinglife.com/greyhounds/racecards/2026-09-10/towcester/racecard/515773
2026-09-10,Towcester,15:51,5,Dreamin Puccini,515773,Sporting Life,https://www.sportinglife.com/greyhounds/racecards/2026-09-10/towcester/racecard/515773
2026-09-10,Towcester,15:51,6,Cashout Mcilroy,515773,Sporting Life,https://www.sportinglife.com/greyhounds/racecards/2026-09-10/towcester/racecard/515773
2026-09-10,Towcester,16:09,1,Hitthelids Miley,515774,Sporting Life,https://www.sportinglife.com/greyhounds/racecards/2026-09-10/towcester/racecard/515774
2026-09-10,Towcester,16:09,2,Claim The Stars,515774,Sporting Life,https://www.sportinglife.com/greyhounds/racecards/2026-09-10/towcester/racecard/515774
2026-09-10,Towcester,16:09,3,Moathouse Roman,515774,Sporting Life,https://www.sportinglife.com/greyhounds/racecards/2026-09-10/towcester/racecard/515774
2026-09-10,Towcester,16:09,4,Inniskeen Flash,515774,Sporting Life,https://www.sportinglife.com/greyhounds/racecards/2026-09-10/towcester/racecard/515774
2026-09-10,Towcester,16:09,5,Rapido Aria,515774,Sporting Life,https://www.sportinglife.com/greyhounds/racecards/2026-09-10/towcester/racecard/515774
2026-09-10,Towcester,16:09,6,Clermount,515774,Sporting Life,https://www.sportinglife.com/greyhounds/racecards/2026-09-10/towcester/racecard/515774
2026-09-10,Towcester,16:28,1,Trumpers Derek,515775,Sporting Life,https://www.sportinglife.com/greyhounds/racecards/2026-09-10/towcester/racecard/515775
2026-09-10,Towcester,16:28,2,Denanval,515775,Sporting Life,https://www.sportinglife.com/greyhounds/racecards/2026-09-10/towcester/racecard/515775
2026-09-10,Towcester,16:28,3,Longcroft Ant,515775,Sporting Life,https://www.sportinglife.com/greyhounds/racecards/2026-09-10/towcester/racecard/515775
2026-09-10,Towcester,16:28,4,Kranky Paddy,515775,Sporting Life,https://www.sportinglife.com/greyhounds/racecards/2026-09-10/towcester/racecard/515775
2026-09-10,Towcester,16:28,5,Catunda Stella,515775,Sporting Life,https://www.sportinglife.com/greyhounds/racecards/2026-09-10/towcester/racecard/515775
2026-09-10,Towcester,16:28,6,Knockard Joe,515775,Sporting Life,https://www.sportinglife.com/greyhounds/racecards/2026-09-10/towcester/racecard/515775
2026-09-10,Towcester,16:47,1,Ballymac Kenzie,515776,Sporting Life,https://www.sportinglife.com/greyhounds/racecards/2026-09-10/towcester/racecard/515776
2026-09-10,Towcester,16:47,2,Orcas Icon,515776,Sporting Life,https://www.sportinglife.com/greyhounds/racecards/2026-09-10/towcester/racecard/515776
2026-09-10,Towcester,16:47,3,Ballygogue Jet,515776,Sporting Life,https://www.sportinglife.com/greyhounds/racecards/2026-09-10/towcester/racecard/515776
2026-09-10,Towcester,16:47,4,Glenvale Jake,515776,Sporting Life,https://www.sportinglife.com/greyhounds/racecards/2026-09-10/towcester/racecard/515776
2026-09-10,Towcester,16:47,5,Homebound Blanko,515776,Sporting Life,https://www.sportinglife.com/greyhounds/racecards/2026-09-10/towcester/racecard/515776
2026-09-10,Towcester,16:47,6,Tolpuddleduchess,515776,Sporting Life,https://www.sportinglife.com/greyhounds/racecards/2026-09-10/towcester/racecard/515776
2026-09-10,Towcester,17:06,1,Flickering Belle,515777,Sporting Life,https://www.sportinglife.com/greyhounds/racecards/2026-09-10/towcester/racecard/515777
2026-09-10,Towcester,17:06,2,Miss Brillo,515777,Sporting Life,https://www.sportinglife.com/greyhounds/racecards/2026-09-10/towcester/racecard/515777
2026-09-10,Towcester,17:06,3,Ballymac Loca,515777,Sporting Life,https://www.sportinglife.com/greyhounds/racecards/2026-09-10/towcester/racecard/515777
2026-09-10,Towcester,17:06,4,Bossy Bullet,515777,Sporting Life,https://www.sportinglife.com/greyhounds/racecards/2026-09-10/towcester/racecard/515777
2026-09-10,Towcester,17:06,5,Ashway Marshy,515777,Sporting Life,https://www.sportinglife.com/greyhounds/racecards/2026-09-10/towcester/racecard/515777
2026-09-10,Towcester,17:06,6,Hitthelids Paulo,515777,Sporting Life,https://www.sportinglife.com/greyhounds/racecards/2026-09-10/towcester/racecard/515777
2026-09-10,Towcester,17:24,1,Ardera Lass,515778,Sporting Life,https://www.sportinglife.com/greyhounds/racecards/2026-09-10/towcester/racecard/515778
2026-09-10,Towcester,17:24,2,Savana Kommeno,515778,Sporting Life,https://www.sportinglife.com/greyhounds/racecards/2026-09-10/towcester/racecard/515778
2026-09-10,Towcester,17:24,3,Runlike Skippy,515778,Sporting Life,https://www.sportinglife.com/greyhounds/racecards/2026-09-10/towcester/racecard/515778
2026-09-10,Towcester,17:24,4,Sonic Angel,515778,Sporting Life,https://www.sportinglife.com/greyhounds/racecards/2026-09-10/towcester/racecard/515778
2026-09-10,Towcester,17:24,5,Vinegarhill Dee,515778,Sporting Life,https://www.sportinglife.com/greyhounds/racecards/2026-09-10/towcester/racecard/515778
2026-09-10,Towcester,17:43,1,Dereks Champ,515779,Sporting Life,https://www.sportinglife.com/greyhounds/racecards/2026-09-10/towcester/racecard/515779
2026-09-10,Towcester,17:43,2,Coppice Aries,515779,Sporting Life,https://www.sportinglife.com/greyhounds/racecards/2026-09-10/towcester/racecard/515779
2026-09-10,Towcester,17:43,3,Ballymac Decky,515779,Sporting Life,https://www.sportinglife.com/greyhounds/racecards/2026-09-10/towcester/racecard/515779
2026-09-10,Towcester,17:43,4,Dreamin Lennon,515779,Sporting Life,https://www.sportinglife.com/greyhounds/racecards/2026-09-10/towcester/racecard/515779
2026-09-10,Towcester,17:43,5,Eze,515779,Sporting Life,https://www.sportinglife.com/greyhounds/racecards/2026-09-10/towcester/racecard/515779
2026-09-10,Towcester,17:43,6,Ballymac Genius,515779,Sporting Life,https://www.sportinglife.com/greyhounds/racecards/2026-09-10/towcester/racecard/515779
2026-09-10,Towcester,18:02,1,Drohobych Galaxy,515780,Sporting Life,https://www.sportinglife.com/greyhounds/racecards/2026-09-10/towcester/racecard/515780
2026-09-10,Towcester,18:02,2,Ballymac Minella,515780,Sporting Life,https://www.sportinglife.com/greyhounds/racecards/2026-09-10/towcester/racecard/515780
2026-09-10,Towcester,18:02,3,Miss Hunt,515780,Sporting Life,https://www.sportinglife.com/greyhounds/racecards/2026-09-10/towcester/racecard/515780
2026-09-10,Towcester,18:02,5,Crafty Filo,515780,Sporting Life,https://www.sportinglife.com/greyhounds/racecards/2026-09-10/towcester/racecard/515780
2026-09-10,Towcester,18:02,6,All About Rosie,515780,Sporting Life,https://www.sportinglife.com/greyhounds/racecards/2026-09-10/towcester/racecard/515780
2026-09-10,Valley,17:34,1,Baggios Spice,515719,Sporting Life,https://www.sportinglife.com/greyhounds/racecards/2026-09-10/valley/racecard/515719
2026-09-10,Valley,17:34,2,Distant Shakira,515719,Sporting Life,https://www.sportinglife.com/greyhounds/racecards/2026-09-10/valley/racecard/515719
2026-09-10,Valley,17:34,3,Baggios Gizmo,515719,Sporting Life,https://www.sportinglife.com/greyhounds/racecards/2026-09-10/valley/racecard/515719
2026-09-10,Valley,17:34,4,Breffni Tina,515719,Sporting Life,https://www.sportinglife.com/greyhounds/racecards/2026-09-10/valley/racecard/515719
2026-09-10,Valley,17:34,5,Millbank Lolly,515719,Sporting Life,https://www.sportinglife.com/greyhounds/racecards/2026-09-10/valley/racecard/515719
2026-09-10,Valley,17:34,6,Mohican Ramsey,515719,Sporting Life,https://www.sportinglife.com/greyhounds/racecards/2026-09-10/valley/racecard/515719
2026-09-10,Valley,17:53,1,Quivers Quest,515720,Sporting Life,https://www.sportinglife.com/greyhounds/racecards/2026-09-10/valley/racecard/515720
2026-09-10,Valley,17:53,2,Fun Time Frankie,515720,Sporting Life,https://www.sportinglife.com/greyhounds/racecards/2026-09-10/valley/racecard/515720
2026-09-10,Valley,17:53,3,Sawpit Souffle,515720,Sporting Life,https://www.sportinglife.com/greyhounds/racecards/2026-09-10/valley/racecard/515720
2026-09-10,Valley,17:53,4,Droopys Orator,515720,Sporting Life,https://www.sportinglife.com/greyhounds/racecards/2026-09-10/valley/racecard/515720
2026-09-10,Valley,17:53,5,Droopys Fearless,515720,Sporting Life,https://www.sportinglife.com/greyhounds/racecards/2026-09-10/valley/racecard/515720
2026-09-10,Valley,18:11,1,Crokers Music,515721,Sporting Life,https://www.sportinglife.com/greyhounds/racecards/2026-09-10/valley/racecard/515721
2026-09-10,Valley,18:11,2,Imgoodiam,515721,Sporting Life,https://www.sportinglife.com/greyhounds/racecards/2026-09-10/valley/racecard/515721
2026-09-10,Valley,18:11,3,A Touch Of Class,515721,Sporting Life,https://www.sportinglife.com/greyhounds/racecards/2026-09-10/valley/racecard/515721
2026-09-10,Valley,18:11,4,Crokers Grayson,515721,Sporting Life,https://www.sportinglife.com/greyhounds/racecards/2026-09-10/valley/racecard/515721
2026-09-10,Valley,18:11,5,Hawkfield Hugo,515721,Sporting Life,https://www.sportinglife.com/greyhounds/racecards/2026-09-10/valley/racecard/515721
2026-09-10,Valley,18:11,6,Swift Kadesha,515721,Sporting Life,https://www.sportinglife.com/greyhounds/racecards/2026-09-10/valley/racecard/515721
2026-09-10,Valley,18:29,1,Magical Hawk,515722,Sporting Life,https://www.sportinglife.com/greyhounds/racecards/2026-09-10/valley/racecard/515722
2026-09-10,Valley,18:29,2,Dunquin Rory,515722,Sporting Life,https://www.sportinglife.com/greyhounds/racecards/2026-09-10/valley/racecard/515722
2026-09-10,Valley,18:29,3,Quivers View,515722,Sporting Life,https://www.sportinglife.com/greyhounds/racecards/2026-09-10/valley/racecard/515722
2026-09-10,Valley,18:29,4,Whisky Elsa,515722,Sporting Life,https://www.sportinglife.com/greyhounds/racecards/2026-09-10/valley/racecard/515722
2026-09-10,Valley,18:29,5,Sawpit Signature,515722,Sporting Life,https://www.sportinglife.com/greyhounds/racecards/2026-09-10/valley/racecard/515722
2026-09-10,Valley,18:29,6,Old Road Villain,515722,Sporting Life,https://www.sportinglife.com/greyhounds/racecards/2026-09-10/valley/racecard/515722
2026-09-10,Valley,18:46,1,Sawpit Seagull,515723,Sporting Life,https://www.sportinglife.com/greyhounds/racecards/2026-09-10/valley/racecard/515723
2026-09-10,Valley,18:46,2,Marinas Victoria,515723,Sporting Life,https://www.sportinglife.com/greyhounds/racecards/2026-09-10/valley/racecard/515723
2026-09-10,Valley,18:46,3,Mustang Darwin,515723,Sporting Life,https://www.sportinglife.com/greyhounds/racecards/2026-09-10/valley/racecard/515723
2026-09-10,Valley,18:46,4,Constitution,515723,Sporting Life,https://www.sportinglife.com/greyhounds/racecards/2026-09-10/valley/racecard/515723
2026-09-10,Valley,18:46,5,Puckane Ceol,515723,Sporting Life,https://www.sportinglife.com/greyhounds/racecards/2026-09-10/valley/racecard/515723
2026-09-10,Valley,18:46,6,Gwyn Luka,515723,Sporting Life,https://www.sportinglife.com/greyhounds/racecards/2026-09-10/valley/racecard/515723
2026-09-10,Valley,19:04,1,Mongys Sydney,515724,Sporting Life,https://www.sportinglife.com/greyhounds/racecards/2026-09-10/valley/racecard/515724
2026-09-10,Valley,19:04,2,Ballymac Madgie,515724,Sporting Life,https://www.sportinglife.com/greyhounds/racecards/2026-09-10/valley/racecard/515724
2026-09-10,Valley,19:04,3,Hawkfield Blitz,515724,Sporting Life,https://www.sportinglife.com/greyhounds/racecards/2026-09-10/valley/racecard/515724
2026-09-10,Valley,19:04,4,Ashway June,515724,Sporting Life,https://www.sportinglife.com/greyhounds/racecards/2026-09-10/valley/racecard/515724
2026-09-10,Valley,19:04,5,Face The Storm,515724,Sporting Life,https://www.sportinglife.com/greyhounds/racecards/2026-09-10/valley/racecard/515724
2026-09-10,Valley,19:04,6,Fruity Beauty,515724,Sporting Life,https://www.sportinglife.com/greyhounds/racecards/2026-09-10/valley/racecard/515724
2026-09-10,Valley,19:24,1,Pyro Man,515725,Sporting Life,https://www.sportinglife.com/greyhounds/racecards/2026-09-10/valley/racecard/515725
2026-09-10,Valley,19:24,2,Ohtherejet,515725,Sporting Life,https://www.sportinglife.com/greyhounds/racecards/2026-09-10/valley/racecard/515725
2026-09-10,Valley,19:24,3,Burkos Delaney,515725,Sporting Life,https://www.sportinglife.com/greyhounds/racecards/2026-09-10/valley/racecard/515725
2026-09-10,Valley,19:24,4,Trump World,515725,Sporting Life,https://www.sportinglife.com/greyhounds/racecards/2026-09-10/valley/racecard/515725
2026-09-10,Valley,19:24,5,Crokers Cian,515725,Sporting Life,https://www.sportinglife.com/greyhounds/racecards/2026-09-10/valley/racecard/515725
2026-09-10,Valley,19:42,1,Baggios Bliss,515726,Sporting Life,https://www.sportinglife.com/greyhounds/racecards/2026-09-10/valley/racecard/515726
2026-09-10,Valley,19:42,2,Zenia,515726,Sporting Life,https://www.sportinglife.com/greyhounds/racecards/2026-09-10/valley/racecard/515726
2026-09-10,Valley,19:42,3,Ashway Misty,515726,Sporting Life,https://www.sportinglife.com/greyhounds/racecards/2026-09-10/valley/racecard/515726
2026-09-10,Valley,19:42,4,Clonlost Dexter,515726,Sporting Life,https://www.sportinglife.com/greyhounds/racecards/2026-09-10/valley/racecard/515726
2026-09-10,Valley,19:42,5,Hawkfield Hoffa,515726,Sporting Life,https://www.sportinglife.com/greyhounds/racecards/2026-09-10/valley/racecard/515726
2026-09-10,Valley,19:42,6,Marymount Joy,515726,Sporting Life,https://www.sportinglife.com/greyhounds/racecards/2026-09-10/valley/racecard/515726
2026-09-10,Valley,19:58,1,Ballymac Drasher,515727,Sporting Life,https://www.sportinglife.com/greyhounds/racecards/2026-09-10/valley/racecard/515727
2026-09-10,Valley,19:58,2,Freedom Pro Am,515727,Sporting Life,https://www.sportinglife.com/greyhounds/racecards/2026-09-10/valley/racecard/515727
2026-09-10,Valley,19:58,3,Anglesey Prime,515727,Sporting Life,https://www.sportinglife.com/greyhounds/racecards/2026-09-10/valley/racecard/515727
2026-09-10,Valley,19:58,4,Union Finale,515727,Sporting Life,https://www.sportinglife.com/greyhounds/racecards/2026-09-10/valley/racecard/515727
2026-09-10,Valley,19:58,6,Crokers Dinny,515727,Sporting Life,https://www.sportinglife.com/greyhounds/racecards/2026-09-10/valley/racecard/515727
2026-09-10,Valley,20:16,1,Burkos Bonnie,515728,Sporting Life,https://www.sportinglife.com/greyhounds/racecards/2026-09-10/valley/racecard/515728
2026-09-10,Valley,20:16,2,Dees Lad,515728,Sporting Life,https://www.sportinglife.com/greyhounds/racecards/2026-09-10/valley/racecard/515728
2026-09-10,Valley,20:16,3,Roseberry Beanri,515728,Sporting Life,https://www.sportinglife.com/greyhounds/racecards/2026-09-10/valley/racecard/515728
2026-09-10,Valley,20:16,4,Missouri,515728,Sporting Life,https://www.sportinglife.com/greyhounds/racecards/2026-09-10/valley/racecard/515728
2026-09-10,Valley,20:16,5,Da Gruffalo,515728,Sporting Life,https://www.sportinglife.com/greyhounds/racecards/2026-09-10/valley/racecard/515728
2026-09-10,Valley,20:16,6,Dunbolg Ivy,515728,Sporting Life,https://www.sportinglife.com/greyhounds/racecards/2026-09-10/valley/racecard/515728
2026-09-10,Valley,20:34,1,Random Vicky,515729,Sporting Life,https://www.sportinglife.com/greyhounds/racecards/2026-09-10/valley/racecard/515729
2026-09-10,Valley,20:34,2,Determined Orla,515729,Sporting Life,https://www.sportinglife.com/greyhounds/racecards/2026-09-10/valley/racecard/515729
2026-09-10,Valley,20:34,3,Rollerball,515729,Sporting Life,https://www.sportinglife.com/greyhounds/racecards/2026-09-10/valley/racecard/515729
2026-09-10,Valley,20:34,4,Foulkscourt Bono,515729,Sporting Life,https://www.sportinglife.com/greyhounds/racecards/2026-09-10/valley/racecard/515729
2026-09-10,Valley,20:34,5,Ashway Blastoff,515729,Sporting Life,https://www.sportinglife.com/greyhounds/racecards/2026-09-10/valley/racecard/515729
2026-09-10,Valley,20:34,6,Walking Nunez,515729,Sporting Life,https://www.sportinglife.com/greyhounds/racecards/2026-09-10/valley/racecard/515729
2026-09-10,Valley,20:52,1,Affleck Henbit,515730,Sporting Life,https://www.sportinglife.com/greyhounds/racecards/2026-09-10/valley/racecard/515730
2026-09-10,Valley,20:52,2,Ashway Jessie,515730,Sporting Life,https://www.sportinglife.com/greyhounds/racecards/2026-09-10/valley/racecard/515730
2026-09-10,Valley,20:52,3,Nitro Nova,515730,Sporting Life,https://www.sportinglife.com/greyhounds/racecards/2026-09-10/valley/racecard/515730
2026-09-10,Valley,20:52,4,Marinas Malta,515730,Sporting Life,https://www.sportinglife.com/greyhounds/racecards/2026-09-10/valley/racecard/515730
2026-09-10,Valley,20:52,5,Ballyhealy Zip,515730,Sporting Life,https://www.sportinglife.com/greyhounds/racecards/2026-09-10/valley/racecard/515730
2026-09-10,Valley,20:52,6,Affleck Salsabil,515730,Sporting Life,https://www.sportinglife.com/greyhounds/racecards/2026-09-10/valley/racecard/515730
2026-09-10,Valley,21:09,1,Shunters Peace,515731,Sporting Life,https://www.sportinglife.com/greyhounds/racecards/2026-09-10/valley/racecard/515731
2026-09-10,Valley,21:09,2,Lucky Luciano,515731,Sporting Life,https://www.sportinglife.com/greyhounds/racecards/2026-09-10/valley/racecard/515731
2026-09-10,Valley,21:09,3,Inner City,515731,Sporting Life,https://www.sportinglife.com/greyhounds/racecards/2026-09-10/valley/racecard/515731
2026-09-10,Valley,21:09,4,Kippagh Epic,515731,Sporting Life,https://www.sportinglife.com/greyhounds/racecards/2026-09-10/valley/racecard/515731
2026-09-10,Valley,21:09,5,Gizmo Mysterious,515731,Sporting Life,https://www.sportinglife.com/greyhounds/racecards/2026-09-10/valley/racecard/515731
2026-09-10,Valley,21:09,6,Hawkfield Jazz,515731,Sporting Life,https://www.sportinglife.com/greyhounds/racecards/2026-09-10/valley/racecard/515731
2026-09-10,Valley,21:26,1,Quare Surprise,515732,Sporting Life,https://www.sportinglife.com/greyhounds/racecards/2026-09-10/valley/racecard/515732
2026-09-10,Valley,21:26,2,Rockstar Johnny,515732,Sporting Life,https://www.sportinglife.com/greyhounds/racecards/2026-09-10/valley/racecard/515732
2026-09-10,Valley,21:26,3,Glory Goodtime,515732,Sporting Life,https://www.sportinglife.com/greyhounds/racecards/2026-09-10/valley/racecard/515732
2026-09-10,Valley,21:26,4,Sudden Bolt,515732,Sporting Life,https://www.sportinglife.com/greyhounds/racecards/2026-09-10/valley/racecard/515732
2026-09-10,Valley,21:26,5,Crokers Lola,515732,Sporting Life,https://www.sportinglife.com/greyhounds/racecards/2026-09-10/valley/racecard/515732
2026-09-10,Valley,21:26,6,Crokers Andrew,515732,Sporting Life,https://www.sportinglife.com/greyhounds/racecards/2026-09-10/valley/racecard/515732
