date,track,race_time,runner_number,dog_name,race_id,source,race_url
2026-09-19,Central Park,17:30,1,Insane Shenen,516891,Sporting Life,https://www.sportinglife.com/greyhounds/racecards/2026-09-19/central-park/racecard/516891
2026-09-19,Central Park,17:30,2,Bonville Paddy,516891,Sporting Life,https://www.sportinglife.com/greyhounds/racecards/2026-09-19/central-park/racecard/516891
2026-09-19,Central Park,17:30,3,Cronody Zuma,516891,Sporting Life,https://www.sportinglife.com/greyhounds/racecards/2026-09-19/central-park/racecard/516891
2026-09-19,Central Park,17:30,4,Emjay Flyer,516891,Sporting Life,https://www.sportinglife.com/greyhounds/racecards/2026-09-19/central-park/racecard/516891
2026-09-19,Central Park,17:30,6,Blazeaway Noir,516891,Sporting Life,https://www.sportinglife.com/greyhounds/racecards/2026-09-19/central-park/racecard/516891
2026-09-19,Central Park,17:50,1,Clovers Princess,516892,Sporting Life,https://www.sportinglife.com/greyhounds/racecards/2026-09-19/central-park/racecard/516892
2026-09-19,Central Park,17:50,2,Insane Drum,516892,Sporting Life,https://www.sportinglife.com/greyhounds/racecards/2026-09-19/central-park/racecard/516892
2026-09-19,Central Park,17:50,3,Roseville Chic,516892,Sporting Life,https://www.sportinglife.com/greyhounds/racecards/2026-09-19/central-park/racecard/516892
2026-09-19,Central Park,17:50,4,Imokilly Cassie,516892,Sporting Life,https://www.sportinglife.com/greyhounds/racecards/2026-09-19/central-park/racecard/516892
2026-09-19,Central Park,17:50,6,Roseville Comet,516892,Sporting Life,https://www.sportinglife.com/greyhounds/racecards/2026-09-19/central-park/racecard/516892
2026-09-19,Central Park,18:10,1,Savana Sparky,516893,Sporting Life,https://www.sportinglife.com/greyhounds/racecards/2026-09-19/central-park/racecard/516893
2026-09-19,Central Park,18:10,2,Swift Paxton,516893,Sporting Life,https://www.sportinglife.com/greyhounds/racecards/2026-09-19/central-park/racecard/516893
2026-09-19,Central Park,18:10,3,Savana Tonka,516893,Sporting Life,https://www.sportinglife.com/greyhounds/racecards/2026-09-19/central-park/racecard/516893
2026-09-19,Central Park,18:10,4,Ask The Warden,516893,Sporting Life,https://www.sportinglife.com/greyhounds/racecards/2026-09-19/central-park/racecard/516893
2026-09-19,Central Park,18:10,5,Cyclers Storm,516893,Sporting Life,https://www.sportinglife.com/greyhounds/racecards/2026-09-19/central-park/racecard/516893
2026-09-19,Central Park,18:30,1,Kitmins Kate,516894,Sporting Life,https://www.sportinglife.com/greyhounds/racecards/2026-09-19/central-park/racecard/516894
2026-09-19,Central Park,18:30,2,Honey Rex,516894,Sporting Life,https://www.sportinglife.com/greyhounds/racecards/2026-09-19/central-park/racecard/516894
2026-09-19,Central Park,18:30,3,Ballyhimikin Joe,516894,Sporting Life,https://www.sportinglife.com/greyhounds/racecards/2026-09-19/central-park/racecard/516894
2026-09-19,Central Park,18:30,4,Bruce The Boss,516894,Sporting Life,https://www.sportinglife.com/greyhounds/racecards/2026-09-19/central-park/racecard/516894
2026-09-19,Central Park,18:30,5,Ever So Thunder,516894,Sporting Life,https://www.sportinglife.com/greyhounds/racecards/2026-09-19/central-park/racecard/516894
2026-09-19,Central Park,18:30,6,Zari Mahoonagh,516894,Sporting Life,https://www.sportinglife.com/greyhounds/racecards/2026-09-19/central-park/racecard/516894
2026-09-19,Central Park,18:50,1,Woodys Banga,516895,Sporting Life,https://www.sportinglife.com/greyhounds/racecards/2026-09-19/central-park/racecard/516895
2026-09-19,Central Park,18:50,2,Bowes Hill Bocko,516895,Sporting Life,https://www.sportinglife.com/greyhounds/racecards/2026-09-19/central-park/racecard/516895
2026-09-19,Central Park,18:50,3,Foxwood Zach,516895,Sporting Life,https://www.sportinglife.com/greyhounds/racecards/2026-09-19/central-park/racecard/516895
2026-09-19,Central Park,18:50,4,Whosdogisthat,516895,Sporting Life,https://www.sportinglife.com/greyhounds/racecards/2026-09-19/central-park/racecard/516895
2026-09-19,Central Park,18:50,5,Droopys Package,516895,Sporting Life,https://www.sportinglife.com/greyhounds/racecards/2026-09-19/central-park/racecard/516895
2026-09-19,Central Park,18:50,6,Kilbride Office,516895,Sporting Life,https://www.sportinglife.com/greyhounds/racecards/2026-09-19/central-park/racecard/516895
2026-09-19,Central Park,19:10,1,Essjay Mercury,516896,Sporting Life,https://www.sportinglife.com/greyhounds/racecards/2026-09-19/central-park/racecard/516896
2026-09-19,Central Park,19:10,2,Roseville Icon,516896,Sporting Life,https://www.sportinglife.com/greyhounds/racecards/2026-09-19/central-park/racecard/516896
2026-09-19,Central Park,19:10,3,Grouchos Simon,516896,Sporting Life,https://www.sportinglife.com/greyhounds/racecards/2026-09-19/central-park/racecard/516896
2026-09-19,Central Park,19:10,4,Saqqara,516896,Sporting Life,https://www.sportinglife.com/greyhounds/racecards/2026-09-19/central-park/racecard/516896
2026-09-19,Central Park,19:10,5,Maree Geordiepav,516896,Sporting Life,https://www.sportinglife.com/greyhounds/racecards/2026-09-19/central-park/racecard/516896
2026-09-19,Central Park,19:10,6,Sonnys Lou Lou,516896,Sporting Life,https://www.sportinglife.com/greyhounds/racecards/2026-09-19/central-park/racecard/516896
2026-09-19,Central Park,19:30,1,Foxwood Christy,516897,Sporting Life,https://www.sportinglife.com/greyhounds/racecards/2026-09-19/central-park/racecard/516897
2026-09-19,Central Park,19:30,2,Scooby The Lady,516897,Sporting Life,https://www.sportinglife.com/greyhounds/racecards/2026-09-19/central-park/racecard/516897
2026-09-19,Central Park,19:30,3,Brunch Pal,516897,Sporting Life,https://www.sportinglife.com/greyhounds/racecards/2026-09-19/central-park/racecard/516897
2026-09-19,Central Park,19:30,4,Zenith Sultan,516897,Sporting Life,https://www.sportinglife.com/greyhounds/racecards/2026-09-19/central-park/racecard/516897
2026-09-19,Central Park,19:30,5,Watcha Gotcookin,516897,Sporting Life,https://www.sportinglife.com/greyhounds/racecards/2026-09-19/central-park/racecard/516897
2026-09-19,Central Park,19:30,6,Bushpark Cathal,516897,Sporting Life,https://www.sportinglife.com/greyhounds/racecards/2026-09-19/central-park/racecard/516897
2026-09-19,Central Park,19:50,1,Highview Levi,516898,Sporting Life,https://www.sportinglife.com/greyhounds/racecards/2026-09-19/central-park/racecard/516898
2026-09-19,Central Park,19:50,2,Avarua Zlatan,516898,Sporting Life,https://www.sportinglife.com/greyhounds/racecards/2026-09-19/central-park/racecard/516898
2026-09-19,Central Park,19:50,3,Danas Star,516898,Sporting Life,https://www.sportinglife.com/greyhounds/racecards/2026-09-19/central-park/racecard/516898
2026-09-19,Central Park,19:50,4,Westwood Shay,516898,Sporting Life,https://www.sportinglife.com/greyhounds/racecards/2026-09-19/central-park/racecard/516898
2026-09-19,Central Park,19:50,5,Poppadom Tom,516898,Sporting Life,https://www.sportinglife.com/greyhounds/racecards/2026-09-19/central-park/racecard/516898
2026-09-19,Central Park,19:50,6,Mystical Batman,516898,Sporting Life,https://www.sportinglife.com/greyhounds/racecards/2026-09-19/central-park/racecard/516898
2026-09-19,Central Park,20:10,1,Francos Matt,516899,Sporting Life,https://www.sportinglife.com/greyhounds/racecards/2026-09-19/central-park/racecard/516899
2026-09-19,Central Park,20:10,2,Deelish Lady,516899,Sporting Life,https://www.sportinglife.com/greyhounds/racecards/2026-09-19/central-park/racecard/516899
2026-09-19,Central Park,20:10,3,Headford Fiona,516899,Sporting Life,https://www.sportinglife.com/greyhounds/racecards/2026-09-19/central-park/racecard/516899
2026-09-19,Central Park,20:10,4,Crossbar,516899,Sporting Life,https://www.sportinglife.com/greyhounds/racecards/2026-09-19/central-park/racecard/516899
2026-09-19,Central Park,20:10,5,Martindale Lad,516899,Sporting Life,https://www.sportinglife.com/greyhounds/racecards/2026-09-19/central-park/racecard/516899
2026-09-19,Central Park,20:10,6,Slaneyside Swade,516899,Sporting Life,https://www.sportinglife.com/greyhounds/racecards/2026-09-19/central-park/racecard/516899
2026-09-19,Central Park,20:30,1,Best Miney,516900,Sporting Life,https://www.sportinglife.com/greyhounds/racecards/2026-09-19/central-park/racecard/516900
2026-09-19,Central Park,20:30,2,Dereks Legend,516900,Sporting Life,https://www.sportinglife.com/greyhounds/racecards/2026-09-19/central-park/racecard/516900
2026-09-19,Central Park,20:30,3,Millbank Rocco,516900,Sporting Life,https://www.sportinglife.com/greyhounds/racecards/2026-09-19/central-park/racecard/516900
2026-09-19,Central Park,20:30,4,Im Afraid Not,516900,Sporting Life,https://www.sportinglife.com/greyhounds/racecards/2026-09-19/central-park/racecard/516900
2026-09-19,Central Park,20:30,5,Earls Ruby,516900,Sporting Life,https://www.sportinglife.com/greyhounds/racecards/2026-09-19/central-park/racecard/516900
2026-09-19,Central Park,20:30,6,Glenhead Tom,516900,Sporting Life,https://www.sportinglife.com/greyhounds/racecards/2026-09-19/central-park/racecard/516900
2026-09-19,Central Park,20:50,1,Barmaid Michelle,516901,Sporting Life,https://www.sportinglife.com/greyhounds/racecards/2026-09-19/central-park/racecard/516901
2026-09-19,Central Park,20:50,2,Havana Jetstream,516901,Sporting Life,https://www.sportinglife.com/greyhounds/racecards/2026-09-19/central-park/racecard/516901
2026-09-19,Central Park,20:50,4,Miss Puddy,516901,Sporting Life,https://www.sportinglife.com/greyhounds/racecards/2026-09-19/central-park/racecard/516901
2026-09-19,Central Park,20:50,5,Angels Goold,516901,Sporting Life,https://www.sportinglife.com/greyhounds/racecards/2026-09-19/central-park/racecard/516901
2026-09-19,Central Park,20:50,6,Swift Ice Cream,516901,Sporting Life,https://www.sportinglife.com/greyhounds/racecards/2026-09-19/central-park/racecard/516901
2026-09-19,Central Park,21:10,1,Snazzy Bolger,516902,Sporting Life,https://www.sportinglife.com/greyhounds/racecards/2026-09-19/central-park/racecard/516902
2026-09-19,Central Park,21:10,2,Blackstone Harry,516902,Sporting Life,https://www.sportinglife.com/greyhounds/racecards/2026-09-19/central-park/racecard/516902
2026-09-19,Central Park,21:10,3,Zenith Jimbombom,516902,Sporting Life,https://www.sportinglife.com/greyhounds/racecards/2026-09-19/central-park/racecard/516902
2026-09-19,Central Park,21:10,4,Annadown Warrior,516902,Sporting Life,https://www.sportinglife.com/greyhounds/racecards/2026-09-19/central-park/racecard/516902
2026-09-19,Central Park,21:10,5,Kerrs Rancher,516902,Sporting Life,https://www.sportinglife.com/greyhounds/racecards/2026-09-19/central-park/racecard/516902
2026-09-19,Central Park,21:10,6,Texas Jack,516902,Sporting Life,https://www.sportinglife.com/greyhounds/racecards/2026-09-19/central-park/racecard/516902
2026-09-19,Central Park,21:30,1,Turbulent Teddy,516903,Sporting Life,https://www.sportinglife.com/greyhounds/racecards/2026-09-19/central-park/racecard/516903
2026-09-19,Central Park,21:30,3,Gruszka,516903,Sporting Life,https://www.sportinglife.com/greyhounds/racecards/2026-09-19/central-park/racecard/516903
2026-09-19,Central Park,21:30,4,Grouchos Bogger,516903,Sporting Life,https://www.sportinglife.com/greyhounds/racecards/2026-09-19/central-park/racecard/516903
2026-09-19,Central Park,21:30,5,Charity,516903,Sporting Life,https://www.sportinglife.com/greyhounds/racecards/2026-09-19/central-park/racecard/516903
2026-09-19,Central Park,21:30,6,Jacktavern Usain,516903,Sporting Life,https://www.sportinglife.com/greyhounds/racecards/2026-09-19/central-park/racecard/516903
2026-09-19,Doncaster,10:32,1,Redbrick Iceman,516845,Sporting Life,https://www.sportinglife.com/greyhounds/racecards/2026-09-19/doncaster/racecard/516845
2026-09-19,Doncaster,10:32,2,Fast And Fierce,516845,Sporting Life,https://www.sportinglife.com/greyhounds/racecards/2026-09-19/doncaster/racecard/516845
2026-09-19,Doncaster,10:32,3,Millhouse Len,516845,Sporting Life,https://www.sportinglife.com/greyhounds/racecards/2026-09-19/doncaster/racecard/516845
2026-09-19,Doncaster,10:32,4,Dannys Flyer,516845,Sporting Life,https://www.sportinglife.com/greyhounds/racecards/2026-09-19/doncaster/racecard/516845
2026-09-19,Doncaster,10:32,5,Stoneparkfortune,516845,Sporting Life,https://www.sportinglife.com/greyhounds/racecards/2026-09-19/doncaster/racecard/516845
2026-09-19,Doncaster,10:48,1,Keefill Storm,516846,Sporting Life,https://www.sportinglife.com/greyhounds/racecards/2026-09-19/doncaster/racecard/516846
2026-09-19,Doncaster,10:48,2,Abigail Surprise,516846,Sporting Life,https://www.sportinglife.com/greyhounds/racecards/2026-09-19/doncaster/racecard/516846
2026-09-19,Doncaster,10:48,3,Away With Ya,516846,Sporting Life,https://www.sportinglife.com/greyhounds/racecards/2026-09-19/doncaster/racecard/516846
2026-09-19,Doncaster,10:48,4,Cockneys Tyson,516846,Sporting Life,https://www.sportinglife.com/greyhounds/racecards/2026-09-19/doncaster/racecard/516846
2026-09-19,Doncaster,10:48,6,Posh Scart,516846,Sporting Life,https://www.sportinglife.com/greyhounds/racecards/2026-09-19/doncaster/racecard/516846
2026-09-19,Doncaster,11:04,1,Magical Boss,516847,Sporting Life,https://www.sportinglife.com/greyhounds/racecards/2026-09-19/doncaster/racecard/516847
2026-09-19,Doncaster,11:04,2,Mossend Chip,516847,Sporting Life,https://www.sportinglife.com/greyhounds/racecards/2026-09-19/doncaster/racecard/516847
2026-09-19,Doncaster,11:04,3,Good Lossie,516847,Sporting Life,https://www.sportinglife.com/greyhounds/racecards/2026-09-19/doncaster/racecard/516847
2026-09-19,Doncaster,11:04,4,Delightful Molly,516847,Sporting Life,https://www.sportinglife.com/greyhounds/racecards/2026-09-19/doncaster/racecard/516847
2026-09-19,Doncaster,11:04,6,Grouchos Queen,516847,Sporting Life,https://www.sportinglife.com/greyhounds/racecards/2026-09-19/doncaster/racecard/516847
2026-09-19,Doncaster,11:21,1,Manx Saskia,516848,Sporting Life,https://www.sportinglife.com/greyhounds/racecards/2026-09-19/doncaster/racecard/516848
2026-09-19,Doncaster,11:21,2,Aghaburren Milly,516848,Sporting Life,https://www.sportinglife.com/greyhounds/racecards/2026-09-19/doncaster/racecard/516848
2026-09-19,Doncaster,11:21,3,Grouchos Badger,516848,Sporting Life,https://www.sportinglife.com/greyhounds/racecards/2026-09-19/doncaster/racecard/516848
2026-09-19,Doncaster,11:21,4,Hasty Sheila,516848,Sporting Life,https://www.sportinglife.com/greyhounds/racecards/2026-09-19/doncaster/racecard/516848
2026-09-19,Doncaster,11:21,6,Jazza Rooney,516848,Sporting Life,https://www.sportinglife.com/greyhounds/racecards/2026-09-19/doncaster/racecard/516848
2026-09-19,Doncaster,11:38,1,Tommys Dolly,516849,Sporting Life,https://www.sportinglife.com/greyhounds/racecards/2026-09-19/doncaster/racecard/516849
2026-09-19,Doncaster,11:38,2,Hut Fitter,516849,Sporting Life,https://www.sportinglife.com/greyhounds/racecards/2026-09-19/doncaster/racecard/516849
2026-09-19,Doncaster,11:38,3,Cascade Electra,516849,Sporting Life,https://www.sportinglife.com/greyhounds/racecards/2026-09-19/doncaster/racecard/516849
2026-09-19,Doncaster,11:38,4,Ballyrobin Liz,516849,Sporting Life,https://www.sportinglife.com/greyhounds/racecards/2026-09-19/doncaster/racecard/516849
2026-09-19,Doncaster,11:38,6,Hollyhill Ciara,516849,Sporting Life,https://www.sportinglife.com/greyhounds/racecards/2026-09-19/doncaster/racecard/516849
2026-09-19,Doncaster,11:54,1,Ruffian Floss,516850,Sporting Life,https://www.sportinglife.com/greyhounds/racecards/2026-09-19/doncaster/racecard/516850
2026-09-19,Doncaster,11:54,2,Duggies Dance,516850,Sporting Life,https://www.sportinglife.com/greyhounds/racecards/2026-09-19/doncaster/racecard/516850
2026-09-19,Doncaster,11:54,3,Tommys Light,516850,Sporting Life,https://www.sportinglife.com/greyhounds/racecards/2026-09-19/doncaster/racecard/516850
2026-09-19,Doncaster,11:54,4,Side Chick,516850,Sporting Life,https://www.sportinglife.com/greyhounds/racecards/2026-09-19/doncaster/racecard/516850
2026-09-19,Doncaster,11:54,6,Slaneyside Time,516850,Sporting Life,https://www.sportinglife.com/greyhounds/racecards/2026-09-19/doncaster/racecard/516850
2026-09-19,Doncaster,12:12,1,Grouchos Gail,516851,Sporting Life,https://www.sportinglife.com/greyhounds/racecards/2026-09-19/doncaster/racecard/516851
2026-09-19,Doncaster,12:12,2,Easy Kite,516851,Sporting Life,https://www.sportinglife.com/greyhounds/racecards/2026-09-19/doncaster/racecard/516851
2026-09-19,Doncaster,12:12,3,Links Gloria,516851,Sporting Life,https://www.sportinglife.com/greyhounds/racecards/2026-09-19/doncaster/racecard/516851
2026-09-19,Doncaster,12:12,4,Leahs Pat,516851,Sporting Life,https://www.sportinglife.com/greyhounds/racecards/2026-09-19/doncaster/racecard/516851
2026-09-19,Doncaster,12:12,6,Makeit Whisper,516851,Sporting Life,https://www.sportinglife.com/greyhounds/racecards/2026-09-19/doncaster/racecard/516851
2026-09-19,Doncaster,12:29,2,Hollyhill Sandy,516852,Sporting Life,https://www.sportinglife.com/greyhounds/racecards/2026-09-19/doncaster/racecard/516852
2026-09-19,Doncaster,12:29,3,Get Away Sadie,516852,Sporting Life,https://www.sportinglife.com/greyhounds/racecards/2026-09-19/doncaster/racecard/516852
2026-09-19,Doncaster,12:29,4,Miss Mini Lulu,516852,Sporting Life,https://www.sportinglife.com/greyhounds/racecards/2026-09-19/doncaster/racecard/516852
2026-09-19,Doncaster,12:29,5,Ketchup On Me,516852,Sporting Life,https://www.sportinglife.com/greyhounds/racecards/2026-09-19/doncaster/racecard/516852
2026-09-19,Doncaster,12:29,6,Skirk Mia,516852,Sporting Life,https://www.sportinglife.com/greyhounds/racecards/2026-09-19/doncaster/racecard/516852
2026-09-19,Doncaster,17:34,1,Sandwood Gabby,516853,Sporting Life,https://www.sportinglife.com/greyhounds/racecards/2026-09-19/doncaster/racecard/516853
2026-09-19,Doncaster,17:34,2,Trumpers Bobcat,516853,Sporting Life,https://www.sportinglife.com/greyhounds/racecards/2026-09-19/doncaster/racecard/516853
2026-09-19,Doncaster,17:34,3,Grovenor Eevee,516853,Sporting Life,https://www.sportinglife.com/greyhounds/racecards/2026-09-19/doncaster/racecard/516853
2026-09-19,Doncaster,17:34,4,Abigails Cian,516853,Sporting Life,https://www.sportinglife.com/greyhounds/racecards/2026-09-19/doncaster/racecard/516853
2026-09-19,Doncaster,17:34,5,Move Over Toby,516853,Sporting Life,https://www.sportinglife.com/greyhounds/racecards/2026-09-19/doncaster/racecard/516853
2026-09-19,Doncaster,17:34,6,Hows That,516853,Sporting Life,https://www.sportinglife.com/greyhounds/racecards/2026-09-19/doncaster/racecard/516853
2026-09-19,Doncaster,17:53,1,Demba Bark,516854,Sporting Life,https://www.sportinglife.com/greyhounds/racecards/2026-09-19/doncaster/racecard/516854
2026-09-19,Doncaster,17:53,2,Cascabel,516854,Sporting Life,https://www.sportinglife.com/greyhounds/racecards/2026-09-19/doncaster/racecard/516854
2026-09-19,Doncaster,17:53,3,Aghaburren Ben,516854,Sporting Life,https://www.sportinglife.com/greyhounds/racecards/2026-09-19/doncaster/racecard/516854
2026-09-19,Doncaster,17:53,4,Naochra,516854,Sporting Life,https://www.sportinglife.com/greyhounds/racecards/2026-09-19/doncaster/racecard/516854
2026-09-19,Doncaster,17:53,5,Thurlesbeg Lexy,516854,Sporting Life,https://www.sportinglife.com/greyhounds/racecards/2026-09-19/doncaster/racecard/516854
2026-09-19,Doncaster,17:53,6,Cockneys Crafty,516854,Sporting Life,https://www.sportinglife.com/greyhounds/racecards/2026-09-19/doncaster/racecard/516854
2026-09-19,Doncaster,18:11,1,Grouchos Sally,516855,Sporting Life,https://www.sportinglife.com/greyhounds/racecards/2026-09-19/doncaster/racecard/516855
2026-09-19,Doncaster,18:11,2,Rockmount Kate,516855,Sporting Life,https://www.sportinglife.com/greyhounds/racecards/2026-09-19/doncaster/racecard/516855
2026-09-19,Doncaster,18:11,3,Saleen Swan,516855,Sporting Life,https://www.sportinglife.com/greyhounds/racecards/2026-09-19/doncaster/racecard/516855
2026-09-19,Doncaster,18:11,4,Troubled Water,516855,Sporting Life,https://www.sportinglife.com/greyhounds/racecards/2026-09-19/doncaster/racecard/516855
2026-09-19,Doncaster,18:11,5,Droopys Treat,516855,Sporting Life,https://www.sportinglife.com/greyhounds/racecards/2026-09-19/doncaster/racecard/516855
2026-09-19,Doncaster,18:11,6,Toolmaker Dynomo,516855,Sporting Life,https://www.sportinglife.com/greyhounds/racecards/2026-09-19/doncaster/racecard/516855
2026-09-19,Doncaster,18:29,1,Keefill Indy,516856,Sporting Life,https://www.sportinglife.com/greyhounds/racecards/2026-09-19/doncaster/racecard/516856
2026-09-19,Doncaster,18:29,2,Ballymac Panzara,516856,Sporting Life,https://www.sportinglife.com/greyhounds/racecards/2026-09-19/doncaster/racecard/516856
2026-09-19,Doncaster,18:29,3,Hazelhill Nifty,516856,Sporting Life,https://www.sportinglife.com/greyhounds/racecards/2026-09-19/doncaster/racecard/516856
2026-09-19,Doncaster,18:29,4,Amazing Molly,516856,Sporting Life,https://www.sportinglife.com/greyhounds/racecards/2026-09-19/doncaster/racecard/516856
2026-09-19,Doncaster,18:29,5,Glengar Raven,516856,Sporting Life,https://www.sportinglife.com/greyhounds/racecards/2026-09-19/doncaster/racecard/516856
2026-09-19,Doncaster,18:29,6,Good Fleet,516856,Sporting Life,https://www.sportinglife.com/greyhounds/racecards/2026-09-19/doncaster/racecard/516856
2026-09-19,Doncaster,18:46,1,Beaming Rogaire,516857,Sporting Life,https://www.sportinglife.com/greyhounds/racecards/2026-09-19/doncaster/racecard/516857
2026-09-19,Doncaster,18:46,2,Droopys Gabby,516857,Sporting Life,https://www.sportinglife.com/greyhounds/racecards/2026-09-19/doncaster/racecard/516857
2026-09-19,Doncaster,18:46,3,Mustang On Fire,516857,Sporting Life,https://www.sportinglife.com/greyhounds/racecards/2026-09-19/doncaster/racecard/516857
2026-09-19,Doncaster,18:46,4,Second Addition,516857,Sporting Life,https://www.sportinglife.com/greyhounds/racecards/2026-09-19/doncaster/racecard/516857
2026-09-19,Doncaster,18:46,5,Yo Paddy,516857,Sporting Life,https://www.sportinglife.com/greyhounds/racecards/2026-09-19/doncaster/racecard/516857
2026-09-19,Doncaster,18:46,6,Yo Coco,516857,Sporting Life,https://www.sportinglife.com/greyhounds/racecards/2026-09-19/doncaster/racecard/516857
2026-09-19,Doncaster,19:04,1,Flyhigh Star,516858,Sporting Life,https://www.sportinglife.com/greyhounds/racecards/2026-09-19/doncaster/racecard/516858
2026-09-19,Doncaster,19:04,2,Grovenor Lynx,516858,Sporting Life,https://www.sportinglife.com/greyhounds/racecards/2026-09-19/doncaster/racecard/516858
2026-09-19,Doncaster,19:04,3,Bonnet Lily,516858,Sporting Life,https://www.sportinglife.com/greyhounds/racecards/2026-09-19/doncaster/racecard/516858
2026-09-19,Doncaster,19:04,4,Bonnies Baby Boy,516858,Sporting Life,https://www.sportinglife.com/greyhounds/racecards/2026-09-19/doncaster/racecard/516858
2026-09-19,Doncaster,19:04,5,Ballymac Kandoo,516858,Sporting Life,https://www.sportinglife.com/greyhounds/racecards/2026-09-19/doncaster/racecard/516858
2026-09-19,Doncaster,19:04,6,Betweenthe Lines,516858,Sporting Life,https://www.sportinglife.com/greyhounds/racecards/2026-09-19/doncaster/racecard/516858
2026-09-19,Doncaster,19:24,1,Kilara Kopeck,516859,Sporting Life,https://www.sportinglife.com/greyhounds/racecards/2026-09-19/doncaster/racecard/516859
2026-09-19,Doncaster,19:24,2,Trumpers Tucci,516859,Sporting Life,https://www.sportinglife.com/greyhounds/racecards/2026-09-19/doncaster/racecard/516859
2026-09-19,Doncaster,19:24,3,Grumpy Jacko,516859,Sporting Life,https://www.sportinglife.com/greyhounds/racecards/2026-09-19/doncaster/racecard/516859
2026-09-19,Doncaster,19:24,4,Final Frontier,516859,Sporting Life,https://www.sportinglife.com/greyhounds/racecards/2026-09-19/doncaster/racecard/516859
2026-09-19,Doncaster,19:24,5,Headford Asher,516859,Sporting Life,https://www.sportinglife.com/greyhounds/racecards/2026-09-19/doncaster/racecard/516859
2026-09-19,Doncaster,19:42,1,Greenwell Gypsy,516860,Sporting Life,https://www.sportinglife.com/greyhounds/racecards/2026-09-19/doncaster/racecard/516860
2026-09-19,Doncaster,19:42,2,Quill Quids,516860,Sporting Life,https://www.sportinglife.com/greyhounds/racecards/2026-09-19/doncaster/racecard/516860
2026-09-19,Doncaster,19:42,3,Inca Brook,516860,Sporting Life,https://www.sportinglife.com/greyhounds/racecards/2026-09-19/doncaster/racecard/516860
2026-09-19,Doncaster,19:42,4,Redbrick Gerrard,516860,Sporting Life,https://www.sportinglife.com/greyhounds/racecards/2026-09-19/doncaster/racecard/516860
2026-09-19,Doncaster,19:42,6,Grumpy Frankie,516860,Sporting Life,https://www.sportinglife.com/greyhounds/racecards/2026-09-19/doncaster/racecard/516860
2026-09-19,Doncaster,19:58,1,Sheezatwister,516861,Sporting Life,https://www.sportinglife.com/greyhounds/racecards/2026-09-19/doncaster/racecard/516861
2026-09-19,Doncaster,19:58,3,Erebor,516861,Sporting Life,https://www.sportinglife.com/greyhounds/racecards/2026-09-19/doncaster/racecard/516861
2026-09-19,Doncaster,19:58,4,Peppered Bedlam,516861,Sporting Life,https://www.sportinglife.com/greyhounds/racecards/2026-09-19/doncaster/racecard/516861
2026-09-19,Doncaster,19:58,5,Shenanigan Dream,516861,Sporting Life,https://www.sportinglife.com/greyhounds/racecards/2026-09-19/doncaster/racecard/516861
2026-09-19,Doncaster,19:58,6,Salems Amaretto,516861,Sporting Life,https://www.sportinglife.com/greyhounds/racecards/2026-09-19/doncaster/racecard/516861
2026-09-19,Doncaster,20:16,1,Swift You,516862,Sporting Life,https://www.sportinglife.com/greyhounds/racecards/2026-09-19/doncaster/racecard/516862
2026-09-19,Doncaster,20:16,2,Aghaburren Lucas,516862,Sporting Life,https://www.sportinglife.com/greyhounds/racecards/2026-09-19/doncaster/racecard/516862
2026-09-19,Doncaster,20:16,3,Hollyhill Bullet,516862,Sporting Life,https://www.sportinglife.com/greyhounds/racecards/2026-09-19/doncaster/racecard/516862
2026-09-19,Doncaster,20:16,4,Flyhigh Bully,516862,Sporting Life,https://www.sportinglife.com/greyhounds/racecards/2026-09-19/doncaster/racecard/516862
2026-09-19,Doncaster,20:16,5,Grovenor Ozzy,516862,Sporting Life,https://www.sportinglife.com/greyhounds/racecards/2026-09-19/doncaster/racecard/516862
2026-09-19,Doncaster,20:16,6,Pimlico Princess,516862,Sporting Life,https://www.sportinglife.com/greyhounds/racecards/2026-09-19/doncaster/racecard/516862
2026-09-19,Doncaster,20:34,1,Heathmill Nidge,516863,Sporting Life,https://www.sportinglife.com/greyhounds/racecards/2026-09-19/doncaster/racecard/516863
2026-09-19,Doncaster,20:34,2,Miss Tibbs,516863,Sporting Life,https://www.sportinglife.com/greyhounds/racecards/2026-09-19/doncaster/racecard/516863
2026-09-19,Doncaster,20:34,3,Jella,516863,Sporting Life,https://www.sportinglife.com/greyhounds/racecards/2026-09-19/doncaster/racecard/516863
2026-09-19,Doncaster,20:34,4,Rockmount Bob,516863,Sporting Life,https://www.sportinglife.com/greyhounds/racecards/2026-09-19/doncaster/racecard/516863
2026-09-19,Doncaster,20:34,5,Coonough Scobie,516863,Sporting Life,https://www.sportinglife.com/greyhounds/racecards/2026-09-19/doncaster/racecard/516863
2026-09-19,Doncaster,20:34,6,Look Smart,516863,Sporting Life,https://www.sportinglife.com/greyhounds/racecards/2026-09-19/doncaster/racecard/516863
2026-09-19,Doncaster,20:52,1,Keefill Bluey,516864,Sporting Life,https://www.sportinglife.com/greyhounds/racecards/2026-09-19/doncaster/racecard/516864
2026-09-19,Doncaster,20:52,2,Ballymac Gian,516864,Sporting Life,https://www.sportinglife.com/greyhounds/racecards/2026-09-19/doncaster/racecard/516864
2026-09-19,Doncaster,20:52,3,Allowdale Bingo,516864,Sporting Life,https://www.sportinglife.com/greyhounds/racecards/2026-09-19/doncaster/racecard/516864
2026-09-19,Doncaster,20:52,4,Honeyhill Bert,516864,Sporting Life,https://www.sportinglife.com/greyhounds/racecards/2026-09-19/doncaster/racecard/516864
2026-09-19,Doncaster,20:52,5,Decoy Luca,516864,Sporting Life,https://www.sportinglife.com/greyhounds/racecards/2026-09-19/doncaster/racecard/516864
2026-09-19,Doncaster,20:52,6,Franco Stef,516864,Sporting Life,https://www.sportinglife.com/greyhounds/racecards/2026-09-19/doncaster/racecard/516864
2026-09-19,Doncaster,21:09,1,Grovenor Queen,516865,Sporting Life,https://www.sportinglife.com/greyhounds/racecards/2026-09-19/doncaster/racecard/516865
2026-09-19,Doncaster,21:09,2,Bogger Tommy,516865,Sporting Life,https://www.sportinglife.com/greyhounds/racecards/2026-09-19/doncaster/racecard/516865
2026-09-19,Doncaster,21:09,3,Amazing Power,516865,Sporting Life,https://www.sportinglife.com/greyhounds/racecards/2026-09-19/doncaster/racecard/516865
2026-09-19,Doncaster,21:09,4,Savana Catapilla,516865,Sporting Life,https://www.sportinglife.com/greyhounds/racecards/2026-09-19/doncaster/racecard/516865
2026-09-19,Doncaster,21:09,5,Grovenor Zoomie,516865,Sporting Life,https://www.sportinglife.com/greyhounds/racecards/2026-09-19/doncaster/racecard/516865
2026-09-19,Doncaster,21:09,6,Krak On Katie,516865,Sporting Life,https://www.sportinglife.com/greyhounds/racecards/2026-09-19/doncaster/racecard/516865
2026-09-19,Doncaster,21:26,1,Grovenor Sophie,516866,Sporting Life,https://www.sportinglife.com/greyhounds/racecards/2026-09-19/doncaster/racecard/516866
2026-09-19,Doncaster,21:26,2,Hillend Korda,516866,Sporting Life,https://www.sportinglife.com/greyhounds/racecards/2026-09-19/doncaster/racecard/516866
2026-09-19,Doncaster,21:26,3,Vixons Ricchezze,516866,Sporting Life,https://www.sportinglife.com/greyhounds/racecards/2026-09-19/doncaster/racecard/516866
2026-09-19,Doncaster,21:26,4,Grumpy Amber,516866,Sporting Life,https://www.sportinglife.com/greyhounds/racecards/2026-09-19/doncaster/racecard/516866
2026-09-19,Doncaster,21:26,6,Tickets King,516866,Sporting Life,https://www.sportinglife.com/greyhounds/racecards/2026-09-19/doncaster/racecard/516866
2026-09-19,Dunstall Park,18:20,1,Tantalising Jess,516833,Sporting Life,https://www.sportinglife.com/greyhounds/racecards/2026-09-19/dunstall-park/racecard/516833
2026-09-19,Dunstall Park,18:20,2,Wendys Girl,516833,Sporting Life,https://www.sportinglife.com/greyhounds/racecards/2026-09-19/dunstall-park/racecard/516833
2026-09-19,Dunstall Park,18:20,3,Flowerpot Bingo,516833,Sporting Life,https://www.sportinglife.com/greyhounds/racecards/2026-09-19/dunstall-park/racecard/516833
2026-09-19,Dunstall Park,18:20,4,Paddys Mazda,516833,Sporting Life,https://www.sportinglife.com/greyhounds/racecards/2026-09-19/dunstall-park/racecard/516833
2026-09-19,Dunstall Park,18:20,5,Jimmys Gadgets,516833,Sporting Life,https://www.sportinglife.com/greyhounds/racecards/2026-09-19/dunstall-park/racecard/516833
2026-09-19,Dunstall Park,18:20,6,Colliers Flight,516833,Sporting Life,https://www.sportinglife.com/greyhounds/racecards/2026-09-19/dunstall-park/racecard/516833
2026-09-19,Dunstall Park,18:38,1,Swift Helena,516834,Sporting Life,https://www.sportinglife.com/greyhounds/racecards/2026-09-19/dunstall-park/racecard/516834
2026-09-19,Dunstall Park,18:38,2,Blackstone Benny,516834,Sporting Life,https://www.sportinglife.com/greyhounds/racecards/2026-09-19/dunstall-park/racecard/516834
2026-09-19,Dunstall Park,18:38,3,Aero Luther,516834,Sporting Life,https://www.sportinglife.com/greyhounds/racecards/2026-09-19/dunstall-park/racecard/516834
2026-09-19,Dunstall Park,18:38,4,Bogger Bale,516834,Sporting Life,https://www.sportinglife.com/greyhounds/racecards/2026-09-19/dunstall-park/racecard/516834
2026-09-19,Dunstall Park,18:38,6,Turnthemagicon,516834,Sporting Life,https://www.sportinglife.com/greyhounds/racecards/2026-09-19/dunstall-park/racecard/516834
2026-09-19,Dunstall Park,18:58,1,Moanteen Hatton,516835,Sporting Life,https://www.sportinglife.com/greyhounds/racecards/2026-09-19/dunstall-park/racecard/516835
2026-09-19,Dunstall Park,18:58,2,Dark Dreamer,516835,Sporting Life,https://www.sportinglife.com/greyhounds/racecards/2026-09-19/dunstall-park/racecard/516835
2026-09-19,Dunstall Park,18:58,3,Ballymac Minella,516835,Sporting Life,https://www.sportinglife.com/greyhounds/racecards/2026-09-19/dunstall-park/racecard/516835
2026-09-19,Dunstall Park,18:58,4,Bellmore Whiskey,516835,Sporting Life,https://www.sportinglife.com/greyhounds/racecards/2026-09-19/dunstall-park/racecard/516835
2026-09-19,Dunstall Park,18:58,5,Annadown Bocko,516835,Sporting Life,https://www.sportinglife.com/greyhounds/racecards/2026-09-19/dunstall-park/racecard/516835
2026-09-19,Dunstall Park,18:58,6,Jazzy Dancer,516835,Sporting Life,https://www.sportinglife.com/greyhounds/racecards/2026-09-19/dunstall-park/racecard/516835
2026-09-19,Dunstall Park,19:18,1,Headford Babs,516836,Sporting Life,https://www.sportinglife.com/greyhounds/racecards/2026-09-19/dunstall-park/racecard/516836
2026-09-19,Dunstall Park,19:18,2,Mon Amis,516836,Sporting Life,https://www.sportinglife.com/greyhounds/racecards/2026-09-19/dunstall-park/racecard/516836
2026-09-19,Dunstall Park,19:18,3,Flying Desire,516836,Sporting Life,https://www.sportinglife.com/greyhounds/racecards/2026-09-19/dunstall-park/racecard/516836
2026-09-19,Dunstall Park,19:18,4,Bluebells Looker,516836,Sporting Life,https://www.sportinglife.com/greyhounds/racecards/2026-09-19/dunstall-park/racecard/516836
2026-09-19,Dunstall Park,19:18,5,Blow Out,516836,Sporting Life,https://www.sportinglife.com/greyhounds/racecards/2026-09-19/dunstall-park/racecard/516836
2026-09-19,Dunstall Park,19:18,6,Aero Sophie,516836,Sporting Life,https://www.sportinglife.com/greyhounds/racecards/2026-09-19/dunstall-park/racecard/516836
2026-09-19,Dunstall Park,19:38,1,Ashtons Ernie,516837,Sporting Life,https://www.sportinglife.com/greyhounds/racecards/2026-09-19/dunstall-park/racecard/516837
2026-09-19,Dunstall Park,19:38,2,Dapper Daffy,516837,Sporting Life,https://www.sportinglife.com/greyhounds/racecards/2026-09-19/dunstall-park/racecard/516837
2026-09-19,Dunstall Park,19:38,3,Gingers Ada,516837,Sporting Life,https://www.sportinglife.com/greyhounds/racecards/2026-09-19/dunstall-park/racecard/516837
2026-09-19,Dunstall Park,19:38,4,Alright Tallent,516837,Sporting Life,https://www.sportinglife.com/greyhounds/racecards/2026-09-19/dunstall-park/racecard/516837
2026-09-19,Dunstall Park,19:38,5,Elsies Champ,516837,Sporting Life,https://www.sportinglife.com/greyhounds/racecards/2026-09-19/dunstall-park/racecard/516837
2026-09-19,Dunstall Park,19:38,6,Break The Ice,516837,Sporting Life,https://www.sportinglife.com/greyhounds/racecards/2026-09-19/dunstall-park/racecard/516837
2026-09-19,Dunstall Park,19:58,1,Dees Midnight,516838,Sporting Life,https://www.sportinglife.com/greyhounds/racecards/2026-09-19/dunstall-park/racecard/516838
2026-09-19,Dunstall Park,19:58,2,Aero Boris,516838,Sporting Life,https://www.sportinglife.com/greyhounds/racecards/2026-09-19/dunstall-park/racecard/516838
2026-09-19,Dunstall Park,19:58,3,Parkview Jack,516838,Sporting Life,https://www.sportinglife.com/greyhounds/racecards/2026-09-19/dunstall-park/racecard/516838
2026-09-19,Dunstall Park,19:58,4,Uphill Morsey,516838,Sporting Life,https://www.sportinglife.com/greyhounds/racecards/2026-09-19/dunstall-park/racecard/516838
2026-09-19,Dunstall Park,19:58,5,Millbank Burner,516838,Sporting Life,https://www.sportinglife.com/greyhounds/racecards/2026-09-19/dunstall-park/racecard/516838
2026-09-19,Dunstall Park,19:58,6,Advantage Rule,516838,Sporting Life,https://www.sportinglife.com/greyhounds/racecards/2026-09-19/dunstall-park/racecard/516838
2026-09-19,Dunstall Park,20:18,1,Ballintubberstar,516839,Sporting Life,https://www.sportinglife.com/greyhounds/racecards/2026-09-19/dunstall-park/racecard/516839
2026-09-19,Dunstall Park,20:18,2,Eagles Respect,516839,Sporting Life,https://www.sportinglife.com/greyhounds/racecards/2026-09-19/dunstall-park/racecard/516839
2026-09-19,Dunstall Park,20:18,3,Marlhill Queenie,516839,Sporting Life,https://www.sportinglife.com/greyhounds/racecards/2026-09-19/dunstall-park/racecard/516839
2026-09-19,Dunstall Park,20:18,4,Newinn Jolie,516839,Sporting Life,https://www.sportinglife.com/greyhounds/racecards/2026-09-19/dunstall-park/racecard/516839
2026-09-19,Dunstall Park,20:18,5,Magical Supreme,516839,Sporting Life,https://www.sportinglife.com/greyhounds/racecards/2026-09-19/dunstall-park/racecard/516839
2026-09-19,Dunstall Park,20:18,6,Resonate,516839,Sporting Life,https://www.sportinglife.com/greyhounds/racecards/2026-09-19/dunstall-park/racecard/516839
2026-09-19,Dunstall Park,20:38,1,Betgoodwin Eddy,516840,Sporting Life,https://www.sportinglife.com/greyhounds/racecards/2026-09-19/dunstall-park/racecard/516840
2026-09-19,Dunstall Park,20:38,2,Tomahawk,516840,Sporting Life,https://www.sportinglife.com/greyhounds/racecards/2026-09-19/dunstall-park/racecard/516840
2026-09-19,Dunstall Park,20:38,3,Droopys Alldeway,516840,Sporting Life,https://www.sportinglife.com/greyhounds/racecards/2026-09-19/dunstall-park/racecard/516840
2026-09-19,Dunstall Park,20:38,4,Signet Nayla,516840,Sporting Life,https://www.sportinglife.com/greyhounds/racecards/2026-09-19/dunstall-park/racecard/516840
2026-09-19,Dunstall Park,20:38,5,Woltemade,516840,Sporting Life,https://www.sportinglife.com/greyhounds/racecards/2026-09-19/dunstall-park/racecard/516840
2026-09-19,Dunstall Park,20:38,6,Headford Cian,516840,Sporting Life,https://www.sportinglife.com/greyhounds/racecards/2026-09-19/dunstall-park/racecard/516840
2026-09-19,Dunstall Park,20:58,1,Rioja Wanda,516841,Sporting Life,https://www.sportinglife.com/greyhounds/racecards/2026-09-19/dunstall-park/racecard/516841
2026-09-19,Dunstall Park,20:58,2,Gingers Layla,516841,Sporting Life,https://www.sportinglife.com/greyhounds/racecards/2026-09-19/dunstall-park/racecard/516841
2026-09-19,Dunstall Park,20:58,3,Alright Precious,516841,Sporting Life,https://www.sportinglife.com/greyhounds/racecards/2026-09-19/dunstall-park/racecard/516841
2026-09-19,Dunstall Park,20:58,4,Ceejay Sparkle,516841,Sporting Life,https://www.sportinglife.com/greyhounds/racecards/2026-09-19/dunstall-park/racecard/516841
2026-09-19,Dunstall Park,20:58,5,Breffni Una,516841,Sporting Life,https://www.sportinglife.com/greyhounds/racecards/2026-09-19/dunstall-park/racecard/516841
2026-09-19,Dunstall Park,20:58,6,Kilwest Beauty,516841,Sporting Life,https://www.sportinglife.com/greyhounds/racecards/2026-09-19/dunstall-park/racecard/516841
2026-09-19,Dunstall Park,21:18,1,Zenith Pasha,516842,Sporting Life,https://www.sportinglife.com/greyhounds/racecards/2026-09-19/dunstall-park/racecard/516842
2026-09-19,Dunstall Park,21:18,2,Droopys Flare,516842,Sporting Life,https://www.sportinglife.com/greyhounds/racecards/2026-09-19/dunstall-park/racecard/516842
2026-09-19,Dunstall Park,21:18,3,Radical Story,516842,Sporting Life,https://www.sportinglife.com/greyhounds/racecards/2026-09-19/dunstall-park/racecard/516842
2026-09-19,Dunstall Park,21:18,4,Malcolm Bosh,516842,Sporting Life,https://www.sportinglife.com/greyhounds/racecards/2026-09-19/dunstall-park/racecard/516842
2026-09-19,Dunstall Park,21:18,5,Venetian Mick,516842,Sporting Life,https://www.sportinglife.com/greyhounds/racecards/2026-09-19/dunstall-park/racecard/516842
2026-09-19,Dunstall Park,21:18,6,Lets Go Girl,516842,Sporting Life,https://www.sportinglife.com/greyhounds/racecards/2026-09-19/dunstall-park/racecard/516842
2026-09-19,Dunstall Park,21:38,1,Grouchos Cossie,516843,Sporting Life,https://www.sportinglife.com/greyhounds/racecards/2026-09-19/dunstall-park/racecard/516843
2026-09-19,Dunstall Park,21:38,2,Alright Bullet,516843,Sporting Life,https://www.sportinglife.com/greyhounds/racecards/2026-09-19/dunstall-park/racecard/516843
2026-09-19,Dunstall Park,21:38,3,Billis Hoffa,516843,Sporting Life,https://www.sportinglife.com/greyhounds/racecards/2026-09-19/dunstall-park/racecard/516843
2026-09-19,Dunstall Park,21:38,4,Droopys Poker,516843,Sporting Life,https://www.sportinglife.com/greyhounds/racecards/2026-09-19/dunstall-park/racecard/516843
2026-09-19,Dunstall Park,21:38,5,Holding Aero,516843,Sporting Life,https://www.sportinglife.com/greyhounds/racecards/2026-09-19/dunstall-park/racecard/516843
2026-09-19,Dunstall Park,21:38,6,Holding Blaze,516843,Sporting Life,https://www.sportinglife.com/greyhounds/racecards/2026-09-19/dunstall-park/racecard/516843
2026-09-19,Dunstall Park,21:54,1,Charming Delight,516844,Sporting Life,https://www.sportinglife.com/greyhounds/racecards/2026-09-19/dunstall-park/racecard/516844
2026-09-19,Dunstall Park,21:54,2,Strideon Clara,516844,Sporting Life,https://www.sportinglife.com/greyhounds/racecards/2026-09-19/dunstall-park/racecard/516844
2026-09-19,Dunstall Park,21:54,3,Aero Hope,516844,Sporting Life,https://www.sportinglife.com/greyhounds/racecards/2026-09-19/dunstall-park/racecard/516844
2026-09-19,Dunstall Park,21:54,4,Cashin Nell,516844,Sporting Life,https://www.sportinglife.com/greyhounds/racecards/2026-09-19/dunstall-park/racecard/516844
2026-09-19,Dunstall Park,21:54,5,Headford Lily,516844,Sporting Life,https://www.sportinglife.com/greyhounds/racecards/2026-09-19/dunstall-park/racecard/516844
2026-09-19,Dunstall Park,21:54,6,Aghaburren Luna,516844,Sporting Life,https://www.sportinglife.com/greyhounds/racecards/2026-09-19/dunstall-park/racecard/516844
2026-09-19,Hove,18:06,1,Westwind Ace,516986,Sporting Life,https://www.sportinglife.com/greyhounds/racecards/2026-09-19/hove/racecard/516986
2026-09-19,Hove,18:06,2,Swift Zane,516986,Sporting Life,https://www.sportinglife.com/greyhounds/racecards/2026-09-19/hove/racecard/516986
2026-09-19,Hove,18:06,3,My Tiny Trainer,516986,Sporting Life,https://www.sportinglife.com/greyhounds/racecards/2026-09-19/hove/racecard/516986
2026-09-19,Hove,18:06,4,Feora Cara,516986,Sporting Life,https://www.sportinglife.com/greyhounds/racecards/2026-09-19/hove/racecard/516986
2026-09-19,Hove,18:06,5,Waste House Ton,516986,Sporting Life,https://www.sportinglife.com/greyhounds/racecards/2026-09-19/hove/racecard/516986
2026-09-19,Hove,18:26,1,Spotondelilarose,516987,Sporting Life,https://www.sportinglife.com/greyhounds/racecards/2026-09-19/hove/racecard/516987
2026-09-19,Hove,18:26,2,Waste House Cyan,516987,Sporting Life,https://www.sportinglife.com/greyhounds/racecards/2026-09-19/hove/racecard/516987
2026-09-19,Hove,18:26,3,Seomra Pipp,516987,Sporting Life,https://www.sportinglife.com/greyhounds/racecards/2026-09-19/hove/racecard/516987
2026-09-19,Hove,18:26,4,Third Generation,516987,Sporting Life,https://www.sportinglife.com/greyhounds/racecards/2026-09-19/hove/racecard/516987
2026-09-19,Hove,18:26,5,Dinner Billycat,516987,Sporting Life,https://www.sportinglife.com/greyhounds/racecards/2026-09-19/hove/racecard/516987
2026-09-19,Hove,18:46,1,Exotic Princess,516988,Sporting Life,https://www.sportinglife.com/greyhounds/racecards/2026-09-19/hove/racecard/516988
2026-09-19,Hove,18:46,2,Tommys Goodtime,516988,Sporting Life,https://www.sportinglife.com/greyhounds/racecards/2026-09-19/hove/racecard/516988
2026-09-19,Hove,18:46,3,Slick Mick,516988,Sporting Life,https://www.sportinglife.com/greyhounds/racecards/2026-09-19/hove/racecard/516988
2026-09-19,Hove,18:46,4,Au Revoir,516988,Sporting Life,https://www.sportinglife.com/greyhounds/racecards/2026-09-19/hove/racecard/516988
2026-09-19,Hove,18:46,5,Emers Dasha,516988,Sporting Life,https://www.sportinglife.com/greyhounds/racecards/2026-09-19/hove/racecard/516988
2026-09-19,Hove,18:46,6,Ballinabola Esme,516988,Sporting Life,https://www.sportinglife.com/greyhounds/racecards/2026-09-19/hove/racecard/516988
2026-09-19,Hove,19:06,1,Makeyamindup,516989,Sporting Life,https://www.sportinglife.com/greyhounds/racecards/2026-09-19/hove/racecard/516989
2026-09-19,Hove,19:06,2,Lets Go Yankees,516989,Sporting Life,https://www.sportinglife.com/greyhounds/racecards/2026-09-19/hove/racecard/516989
2026-09-19,Hove,19:06,3,Hypershock,516989,Sporting Life,https://www.sportinglife.com/greyhounds/racecards/2026-09-19/hove/racecard/516989
2026-09-19,Hove,19:06,4,Breakout Bullet,516989,Sporting Life,https://www.sportinglife.com/greyhounds/racecards/2026-09-19/hove/racecard/516989
2026-09-19,Hove,19:06,6,Curtin Raiser,516989,Sporting Life,https://www.sportinglife.com/greyhounds/racecards/2026-09-19/hove/racecard/516989
2026-09-19,Hove,19:26,1,Droopys String,516990,Sporting Life,https://www.sportinglife.com/greyhounds/racecards/2026-09-19/hove/racecard/516990
2026-09-19,Hove,19:26,2,Deadly Ruben,516990,Sporting Life,https://www.sportinglife.com/greyhounds/racecards/2026-09-19/hove/racecard/516990
2026-09-19,Hove,19:26,3,Cloheena Caelan,516990,Sporting Life,https://www.sportinglife.com/greyhounds/racecards/2026-09-19/hove/racecard/516990
2026-09-19,Hove,19:26,4,Brother Patrick,516990,Sporting Life,https://www.sportinglife.com/greyhounds/racecards/2026-09-19/hove/racecard/516990
2026-09-19,Hove,19:26,5,Jacktavern Lab,516990,Sporting Life,https://www.sportinglife.com/greyhounds/racecards/2026-09-19/hove/racecard/516990
2026-09-19,Hove,19:46,1,Mob De Souza,516991,Sporting Life,https://www.sportinglife.com/greyhounds/racecards/2026-09-19/hove/racecard/516991
2026-09-19,Hove,19:46,2,Spot On Tpol,516991,Sporting Life,https://www.sportinglife.com/greyhounds/racecards/2026-09-19/hove/racecard/516991
2026-09-19,Hove,19:46,3,Riambo Lily,516991,Sporting Life,https://www.sportinglife.com/greyhounds/racecards/2026-09-19/hove/racecard/516991
2026-09-19,Hove,19:46,4,Yougo First,516991,Sporting Life,https://www.sportinglife.com/greyhounds/racecards/2026-09-19/hove/racecard/516991
2026-09-19,Hove,19:46,5,Airlie Coogee,516991,Sporting Life,https://www.sportinglife.com/greyhounds/racecards/2026-09-19/hove/racecard/516991
2026-09-19,Hove,19:46,6,Southdowns Rose,516991,Sporting Life,https://www.sportinglife.com/greyhounds/racecards/2026-09-19/hove/racecard/516991
2026-09-19,Hove,20:06,1,Flushing Fiftys,516992,Sporting Life,https://www.sportinglife.com/greyhounds/racecards/2026-09-19/hove/racecard/516992
2026-09-19,Hove,20:06,2,Spot On Bud,516992,Sporting Life,https://www.sportinglife.com/greyhounds/racecards/2026-09-19/hove/racecard/516992
2026-09-19,Hove,20:06,3,Turbine Tilly,516992,Sporting Life,https://www.sportinglife.com/greyhounds/racecards/2026-09-19/hove/racecard/516992
2026-09-19,Hove,20:06,4,Westwood Max,516992,Sporting Life,https://www.sportinglife.com/greyhounds/racecards/2026-09-19/hove/racecard/516992
2026-09-19,Hove,20:06,5,Dawncourt Dolly,516992,Sporting Life,https://www.sportinglife.com/greyhounds/racecards/2026-09-19/hove/racecard/516992
2026-09-19,Hove,20:26,1,Move Over Eva,516993,Sporting Life,https://www.sportinglife.com/greyhounds/racecards/2026-09-19/hove/racecard/516993
2026-09-19,Hove,20:26,3,Kamikaze Cowgirl,516993,Sporting Life,https://www.sportinglife.com/greyhounds/racecards/2026-09-19/hove/racecard/516993
2026-09-19,Hove,20:26,4,Hello Maggie,516993,Sporting Life,https://www.sportinglife.com/greyhounds/racecards/2026-09-19/hove/racecard/516993
2026-09-19,Hove,20:26,5,Emers Dex,516993,Sporting Life,https://www.sportinglife.com/greyhounds/racecards/2026-09-19/hove/racecard/516993
2026-09-19,Hove,20:26,6,Guzzler,516993,Sporting Life,https://www.sportinglife.com/greyhounds/racecards/2026-09-19/hove/racecard/516993
2026-09-19,Hove,20:46,1,Never Let Go,516994,Sporting Life,https://www.sportinglife.com/greyhounds/racecards/2026-09-19/hove/racecard/516994
2026-09-19,Hove,20:46,2,Yougo Jenny,516994,Sporting Life,https://www.sportinglife.com/greyhounds/racecards/2026-09-19/hove/racecard/516994
2026-09-19,Hove,20:46,3,Sly Big Bird,516994,Sporting Life,https://www.sportinglife.com/greyhounds/racecards/2026-09-19/hove/racecard/516994
2026-09-19,Hove,20:46,4,Slingshot Coisty,516994,Sporting Life,https://www.sportinglife.com/greyhounds/racecards/2026-09-19/hove/racecard/516994
2026-09-19,Hove,20:46,5,Pips Gamble,516994,Sporting Life,https://www.sportinglife.com/greyhounds/racecards/2026-09-19/hove/racecard/516994
2026-09-19,Hove,21:06,1,Flojo,516995,Sporting Life,https://www.sportinglife.com/greyhounds/racecards/2026-09-19/hove/racecard/516995
2026-09-19,Hove,21:06,2,Coolmeen Moll,516995,Sporting Life,https://www.sportinglife.com/greyhounds/racecards/2026-09-19/hove/racecard/516995
2026-09-19,Hove,21:06,3,Selker Bay Daisy,516995,Sporting Life,https://www.sportinglife.com/greyhounds/racecards/2026-09-19/hove/racecard/516995
2026-09-19,Hove,21:06,4,Troy Smokin Joe,516995,Sporting Life,https://www.sportinglife.com/greyhounds/racecards/2026-09-19/hove/racecard/516995
2026-09-19,Hove,21:06,6,Kamikaze Daisy,516995,Sporting Life,https://www.sportinglife.com/greyhounds/racecards/2026-09-19/hove/racecard/516995
2026-09-19,Hove,21:26,1,Leras Gem,516996,Sporting Life,https://www.sportinglife.com/greyhounds/racecards/2026-09-19/hove/racecard/516996
2026-09-19,Hove,21:26,2,Kopreus,516996,Sporting Life,https://www.sportinglife.com/greyhounds/racecards/2026-09-19/hove/racecard/516996
2026-09-19,Hove,21:26,3,Signet Clo Clo,516996,Sporting Life,https://www.sportinglife.com/greyhounds/racecards/2026-09-19/hove/racecard/516996
2026-09-19,Hove,21:26,4,Broadfieldbullet,516996,Sporting Life,https://www.sportinglife.com/greyhounds/racecards/2026-09-19/hove/racecard/516996
2026-09-19,Hove,21:26,5,Ferryforth Zara,516996,Sporting Life,https://www.sportinglife.com/greyhounds/racecards/2026-09-19/hove/racecard/516996
2026-09-19,Hove,21:46,1,Jess Again,516997,Sporting Life,https://www.sportinglife.com/greyhounds/racecards/2026-09-19/hove/racecard/516997
2026-09-19,Hove,21:46,2,Backoftheline,516997,Sporting Life,https://www.sportinglife.com/greyhounds/racecards/2026-09-19/hove/racecard/516997
2026-09-19,Hove,21:46,3,Cloheena Del Boy,516997,Sporting Life,https://www.sportinglife.com/greyhounds/racecards/2026-09-19/hove/racecard/516997
2026-09-19,Hove,21:46,4,Shanahee Trevor,516997,Sporting Life,https://www.sportinglife.com/greyhounds/racecards/2026-09-19/hove/racecard/516997
2026-09-19,Hove,21:46,5,Millers Gem,516997,Sporting Life,https://www.sportinglife.com/greyhounds/racecards/2026-09-19/hove/racecard/516997
2026-09-19,Monmore,11:01,1,Seven Stars,516867,Sporting Life,https://www.sportinglife.com/greyhounds/racecards/2026-09-19/monmore/racecard/516867
2026-09-19,Monmore,11:01,2,Dashgrove Posh,516867,Sporting Life,https://www.sportinglife.com/greyhounds/racecards/2026-09-19/monmore/racecard/516867
2026-09-19,Monmore,11:01,3,Blue Woody,516867,Sporting Life,https://www.sportinglife.com/greyhounds/racecards/2026-09-19/monmore/racecard/516867
2026-09-19,Monmore,11:01,4,Bonita Moon,516867,Sporting Life,https://www.sportinglife.com/greyhounds/racecards/2026-09-19/monmore/racecard/516867
2026-09-19,Monmore,11:01,6,Yama King,516867,Sporting Life,https://www.sportinglife.com/greyhounds/racecards/2026-09-19/monmore/racecard/516867
2026-09-19,Monmore,11:18,1,Vixons Opaque,516868,Sporting Life,https://www.sportinglife.com/greyhounds/racecards/2026-09-19/monmore/racecard/516868
2026-09-19,Monmore,11:18,2,Transfer Aaliyah,516868,Sporting Life,https://www.sportinglife.com/greyhounds/racecards/2026-09-19/monmore/racecard/516868
2026-09-19,Monmore,11:18,3,Swift Jolly,516868,Sporting Life,https://www.sportinglife.com/greyhounds/racecards/2026-09-19/monmore/racecard/516868
2026-09-19,Monmore,11:18,4,Whyaye Dubai,516868,Sporting Life,https://www.sportinglife.com/greyhounds/racecards/2026-09-19/monmore/racecard/516868
2026-09-19,Monmore,11:18,6,Winterfield Bird,516868,Sporting Life,https://www.sportinglife.com/greyhounds/racecards/2026-09-19/monmore/racecard/516868
2026-09-19,Monmore,11:34,1,Confident Ruby,516869,Sporting Life,https://www.sportinglife.com/greyhounds/racecards/2026-09-19/monmore/racecard/516869
2026-09-19,Monmore,11:34,2,Flyaway Lizzie,516869,Sporting Life,https://www.sportinglife.com/greyhounds/racecards/2026-09-19/monmore/racecard/516869
2026-09-19,Monmore,11:34,3,Darver Spark,516869,Sporting Life,https://www.sportinglife.com/greyhounds/racecards/2026-09-19/monmore/racecard/516869
2026-09-19,Monmore,11:34,4,Afternoondelight,516869,Sporting Life,https://www.sportinglife.com/greyhounds/racecards/2026-09-19/monmore/racecard/516869
2026-09-19,Monmore,11:34,5,Green Road,516869,Sporting Life,https://www.sportinglife.com/greyhounds/racecards/2026-09-19/monmore/racecard/516869
2026-09-19,Monmore,11:52,1,Deelish Jerry,516870,Sporting Life,https://www.sportinglife.com/greyhounds/racecards/2026-09-19/monmore/racecard/516870
2026-09-19,Monmore,11:52,2,Pas Daly,516870,Sporting Life,https://www.sportinglife.com/greyhounds/racecards/2026-09-19/monmore/racecard/516870
2026-09-19,Monmore,11:52,3,Tommys Grace,516870,Sporting Life,https://www.sportinglife.com/greyhounds/racecards/2026-09-19/monmore/racecard/516870
2026-09-19,Monmore,11:52,4,Swift Flo,516870,Sporting Life,https://www.sportinglife.com/greyhounds/racecards/2026-09-19/monmore/racecard/516870
2026-09-19,Monmore,11:52,5,Aero Union,516870,Sporting Life,https://www.sportinglife.com/greyhounds/racecards/2026-09-19/monmore/racecard/516870
2026-09-19,Monmore,11:52,6,Winterfield Rosa,516870,Sporting Life,https://www.sportinglife.com/greyhounds/racecards/2026-09-19/monmore/racecard/516870
2026-09-19,Monmore,12:09,1,Stormy Bonito,516871,Sporting Life,https://www.sportinglife.com/greyhounds/racecards/2026-09-19/monmore/racecard/516871
2026-09-19,Monmore,12:09,2,Vixons Ariel,516871,Sporting Life,https://www.sportinglife.com/greyhounds/racecards/2026-09-19/monmore/racecard/516871
2026-09-19,Monmore,12:09,3,Swift Style,516871,Sporting Life,https://www.sportinglife.com/greyhounds/racecards/2026-09-19/monmore/racecard/516871
2026-09-19,Monmore,12:09,4,Tommys Prosecco,516871,Sporting Life,https://www.sportinglife.com/greyhounds/racecards/2026-09-19/monmore/racecard/516871
2026-09-19,Monmore,12:09,5,Winterfield Star,516871,Sporting Life,https://www.sportinglife.com/greyhounds/racecards/2026-09-19/monmore/racecard/516871
2026-09-19,Monmore,12:09,6,Aero Bassett,516871,Sporting Life,https://www.sportinglife.com/greyhounds/racecards/2026-09-19/monmore/racecard/516871
2026-09-19,Monmore,12:26,1,Return Fire,516872,Sporting Life,https://www.sportinglife.com/greyhounds/racecards/2026-09-19/monmore/racecard/516872
2026-09-19,Monmore,12:26,2,Tromora Finn,516872,Sporting Life,https://www.sportinglife.com/greyhounds/racecards/2026-09-19/monmore/racecard/516872
2026-09-19,Monmore,12:26,3,Emerald Vista,516872,Sporting Life,https://www.sportinglife.com/greyhounds/racecards/2026-09-19/monmore/racecard/516872
2026-09-19,Monmore,12:26,4,Vixons Mission,516872,Sporting Life,https://www.sportinglife.com/greyhounds/racecards/2026-09-19/monmore/racecard/516872
2026-09-19,Monmore,12:26,5,Elderberry Bingo,516872,Sporting Life,https://www.sportinglife.com/greyhounds/racecards/2026-09-19/monmore/racecard/516872
2026-09-19,Monmore,12:26,6,Titanium Annie,516872,Sporting Life,https://www.sportinglife.com/greyhounds/racecards/2026-09-19/monmore/racecard/516872
2026-09-19,Monmore,12:42,1,Tommys Magical,516873,Sporting Life,https://www.sportinglife.com/greyhounds/racecards/2026-09-19/monmore/racecard/516873
2026-09-19,Monmore,12:42,3,Meenagh Minsk,516873,Sporting Life,https://www.sportinglife.com/greyhounds/racecards/2026-09-19/monmore/racecard/516873
2026-09-19,Monmore,12:42,4,Newinn Magico,516873,Sporting Life,https://www.sportinglife.com/greyhounds/racecards/2026-09-19/monmore/racecard/516873
2026-09-19,Monmore,12:42,5,Ballymac Bardo,516873,Sporting Life,https://www.sportinglife.com/greyhounds/racecards/2026-09-19/monmore/racecard/516873
2026-09-19,Monmore,12:42,6,Hard Copy,516873,Sporting Life,https://www.sportinglife.com/greyhounds/racecards/2026-09-19/monmore/racecard/516873
2026-09-19,Monmore,12:59,1,Bogger Una,516874,Sporting Life,https://www.sportinglife.com/greyhounds/racecards/2026-09-19/monmore/racecard/516874
2026-09-19,Monmore,12:59,2,Aero Bang Bang,516874,Sporting Life,https://www.sportinglife.com/greyhounds/racecards/2026-09-19/monmore/racecard/516874
2026-09-19,Monmore,12:59,3,Pennylane Ya Ya,516874,Sporting Life,https://www.sportinglife.com/greyhounds/racecards/2026-09-19/monmore/racecard/516874
2026-09-19,Monmore,12:59,5,Thor Odinson,516874,Sporting Life,https://www.sportinglife.com/greyhounds/racecards/2026-09-19/monmore/racecard/516874
2026-09-19,Monmore,12:59,6,Longacres Ariel,516874,Sporting Life,https://www.sportinglife.com/greyhounds/racecards/2026-09-19/monmore/racecard/516874
2026-09-19,Monmore,13:17,1,Winterfield Jack,516875,Sporting Life,https://www.sportinglife.com/greyhounds/racecards/2026-09-19/monmore/racecard/516875
2026-09-19,Monmore,13:17,2,Bombay Lucky,516875,Sporting Life,https://www.sportinglife.com/greyhounds/racecards/2026-09-19/monmore/racecard/516875
2026-09-19,Monmore,13:17,3,Flyhigh Spinner,516875,Sporting Life,https://www.sportinglife.com/greyhounds/racecards/2026-09-19/monmore/racecard/516875
2026-09-19,Monmore,13:17,4,Roulette,516875,Sporting Life,https://www.sportinglife.com/greyhounds/racecards/2026-09-19/monmore/racecard/516875
2026-09-19,Monmore,13:17,5,Winterfield Rex,516875,Sporting Life,https://www.sportinglife.com/greyhounds/racecards/2026-09-19/monmore/racecard/516875
2026-09-19,Monmore,13:17,6,Elderberry Flash,516875,Sporting Life,https://www.sportinglife.com/greyhounds/racecards/2026-09-19/monmore/racecard/516875
2026-09-19,Monmore,13:33,1,Moorstown Brae,516876,Sporting Life,https://www.sportinglife.com/greyhounds/racecards/2026-09-19/monmore/racecard/516876
2026-09-19,Monmore,13:33,2,Aero Cindy,516876,Sporting Life,https://www.sportinglife.com/greyhounds/racecards/2026-09-19/monmore/racecard/516876
2026-09-19,Monmore,13:33,3,Cashed Irita,516876,Sporting Life,https://www.sportinglife.com/greyhounds/racecards/2026-09-19/monmore/racecard/516876
2026-09-19,Monmore,13:33,4,Longacres Bocko,516876,Sporting Life,https://www.sportinglife.com/greyhounds/racecards/2026-09-19/monmore/racecard/516876
2026-09-19,Monmore,13:33,5,Peace O Mind,516876,Sporting Life,https://www.sportinglife.com/greyhounds/racecards/2026-09-19/monmore/racecard/516876
2026-09-19,Monmore,13:33,6,Aurora Sky,516876,Sporting Life,https://www.sportinglife.com/greyhounds/racecards/2026-09-19/monmore/racecard/516876
2026-09-19,Monmore,13:51,1,Aero Euphoria,516877,Sporting Life,https://www.sportinglife.com/greyhounds/racecards/2026-09-19/monmore/racecard/516877
2026-09-19,Monmore,13:51,2,Nametab Orion,516877,Sporting Life,https://www.sportinglife.com/greyhounds/racecards/2026-09-19/monmore/racecard/516877
2026-09-19,Monmore,13:51,3,Anglesey Prince,516877,Sporting Life,https://www.sportinglife.com/greyhounds/racecards/2026-09-19/monmore/racecard/516877
2026-09-19,Monmore,13:51,4,Aero Benny,516877,Sporting Life,https://www.sportinglife.com/greyhounds/racecards/2026-09-19/monmore/racecard/516877
2026-09-19,Monmore,13:51,6,Foxy Loxy,516877,Sporting Life,https://www.sportinglife.com/greyhounds/racecards/2026-09-19/monmore/racecard/516877
2026-09-19,Monmore,14:07,1,Monument Valley,516878,Sporting Life,https://www.sportinglife.com/greyhounds/racecards/2026-09-19/monmore/racecard/516878
2026-09-19,Monmore,14:07,2,Bandit Poppy,516878,Sporting Life,https://www.sportinglife.com/greyhounds/racecards/2026-09-19/monmore/racecard/516878
2026-09-19,Monmore,14:07,3,Vixons Cruise,516878,Sporting Life,https://www.sportinglife.com/greyhounds/racecards/2026-09-19/monmore/racecard/516878
2026-09-19,Monmore,14:07,4,Kilara Jag,516878,Sporting Life,https://www.sportinglife.com/greyhounds/racecards/2026-09-19/monmore/racecard/516878
2026-09-19,Monmore,14:07,5,Tullymurry Otto,516878,Sporting Life,https://www.sportinglife.com/greyhounds/racecards/2026-09-19/monmore/racecard/516878
2026-09-19,Monmore,14:07,6,Spring Dancer,516878,Sporting Life,https://www.sportinglife.com/greyhounds/racecards/2026-09-19/monmore/racecard/516878
2026-09-19,Monmore,18:14,1,Heaven Reversed,516879,Sporting Life,https://www.sportinglife.com/greyhounds/racecards/2026-09-19/monmore/racecard/516879
2026-09-19,Monmore,18:14,2,Swift Jenkins,516879,Sporting Life,https://www.sportinglife.com/greyhounds/racecards/2026-09-19/monmore/racecard/516879
2026-09-19,Monmore,18:14,3,Good Gold,516879,Sporting Life,https://www.sportinglife.com/greyhounds/racecards/2026-09-19/monmore/racecard/516879
2026-09-19,Monmore,18:14,4,Priceless Buzz,516879,Sporting Life,https://www.sportinglife.com/greyhounds/racecards/2026-09-19/monmore/racecard/516879
2026-09-19,Monmore,18:14,6,Dapper Diamond,516879,Sporting Life,https://www.sportinglife.com/greyhounds/racecards/2026-09-19/monmore/racecard/516879
2026-09-19,Monmore,18:34,1,Swift Jane,516880,Sporting Life,https://www.sportinglife.com/greyhounds/racecards/2026-09-19/monmore/racecard/516880
2026-09-19,Monmore,18:34,2,Bluey Hills,516880,Sporting Life,https://www.sportinglife.com/greyhounds/racecards/2026-09-19/monmore/racecard/516880
2026-09-19,Monmore,18:34,3,Southwood Jake,516880,Sporting Life,https://www.sportinglife.com/greyhounds/racecards/2026-09-19/monmore/racecard/516880
2026-09-19,Monmore,18:34,4,Tally Ho Hill,516880,Sporting Life,https://www.sportinglife.com/greyhounds/racecards/2026-09-19/monmore/racecard/516880
2026-09-19,Monmore,18:34,5,Reefer Madness,516880,Sporting Life,https://www.sportinglife.com/greyhounds/racecards/2026-09-19/monmore/racecard/516880
2026-09-19,Monmore,18:34,6,Droopys Vanity,516880,Sporting Life,https://www.sportinglife.com/greyhounds/racecards/2026-09-19/monmore/racecard/516880
2026-09-19,Monmore,18:54,1,Longacres Boss,516881,Sporting Life,https://www.sportinglife.com/greyhounds/racecards/2026-09-19/monmore/racecard/516881
2026-09-19,Monmore,18:54,2,Mash Mad Bridie,516881,Sporting Life,https://www.sportinglife.com/greyhounds/racecards/2026-09-19/monmore/racecard/516881
2026-09-19,Monmore,18:54,3,Westway Freedom,516881,Sporting Life,https://www.sportinglife.com/greyhounds/racecards/2026-09-19/monmore/racecard/516881
2026-09-19,Monmore,18:54,5,Mr Brightside,516881,Sporting Life,https://www.sportinglife.com/greyhounds/racecards/2026-09-19/monmore/racecard/516881
2026-09-19,Monmore,18:54,6,Aero Cobra,516881,Sporting Life,https://www.sportinglife.com/greyhounds/racecards/2026-09-19/monmore/racecard/516881
2026-09-19,Monmore,19:14,1,Joes Luck,516882,Sporting Life,https://www.sportinglife.com/greyhounds/racecards/2026-09-19/monmore/racecard/516882
2026-09-19,Monmore,19:14,2,Union Rascal,516882,Sporting Life,https://www.sportinglife.com/greyhounds/racecards/2026-09-19/monmore/racecard/516882
2026-09-19,Monmore,19:14,5,Droopys Expected,516882,Sporting Life,https://www.sportinglife.com/greyhounds/racecards/2026-09-19/monmore/racecard/516882
2026-09-19,Monmore,19:14,6,Tullymurry Skies,516882,Sporting Life,https://www.sportinglife.com/greyhounds/racecards/2026-09-19/monmore/racecard/516882
2026-09-19,Monmore,19:34,1,Marinas Alamo,516883,Sporting Life,https://www.sportinglife.com/greyhounds/racecards/2026-09-19/monmore/racecard/516883
2026-09-19,Monmore,19:34,2,No Step Back,516883,Sporting Life,https://www.sportinglife.com/greyhounds/racecards/2026-09-19/monmore/racecard/516883
2026-09-19,Monmore,19:34,4,Takemawaytony,516883,Sporting Life,https://www.sportinglife.com/greyhounds/racecards/2026-09-19/monmore/racecard/516883
2026-09-19,Monmore,19:34,6,Moanteen Mimi,516883,Sporting Life,https://www.sportinglife.com/greyhounds/racecards/2026-09-19/monmore/racecard/516883
2026-09-19,Monmore,19:54,1,Dapper Danica,516884,Sporting Life,https://www.sportinglife.com/greyhounds/racecards/2026-09-19/monmore/racecard/516884
2026-09-19,Monmore,19:54,2,Swift Avid,516884,Sporting Life,https://www.sportinglife.com/greyhounds/racecards/2026-09-19/monmore/racecard/516884
2026-09-19,Monmore,19:54,3,Aero Leg It,516884,Sporting Life,https://www.sportinglife.com/greyhounds/racecards/2026-09-19/monmore/racecard/516884
2026-09-19,Monmore,19:54,4,Citadel Bob,516884,Sporting Life,https://www.sportinglife.com/greyhounds/racecards/2026-09-19/monmore/racecard/516884
2026-09-19,Monmore,19:54,6,Longacres Ella,516884,Sporting Life,https://www.sportinglife.com/greyhounds/racecards/2026-09-19/monmore/racecard/516884
2026-09-19,Monmore,20:14,1,Caldera Flow,516885,Sporting Life,https://www.sportinglife.com/greyhounds/racecards/2026-09-19/monmore/racecard/516885
2026-09-19,Monmore,20:14,2,Zenith Imminent,516885,Sporting Life,https://www.sportinglife.com/greyhounds/racecards/2026-09-19/monmore/racecard/516885
2026-09-19,Monmore,20:14,3,Aero Pepinillo,516885,Sporting Life,https://www.sportinglife.com/greyhounds/racecards/2026-09-19/monmore/racecard/516885
2026-09-19,Monmore,20:14,4,Bandit Paddy,516885,Sporting Life,https://www.sportinglife.com/greyhounds/racecards/2026-09-19/monmore/racecard/516885
2026-09-19,Monmore,20:14,5,Onceina Lifetime,516885,Sporting Life,https://www.sportinglife.com/greyhounds/racecards/2026-09-19/monmore/racecard/516885
2026-09-19,Monmore,20:14,6,Kingsholm Road,516885,Sporting Life,https://www.sportinglife.com/greyhounds/racecards/2026-09-19/monmore/racecard/516885
2026-09-19,Monmore,20:34,1,Dhustone Spud,516886,Sporting Life,https://www.sportinglife.com/greyhounds/racecards/2026-09-19/monmore/racecard/516886
2026-09-19,Monmore,20:34,2,Beatties Shine,516886,Sporting Life,https://www.sportinglife.com/greyhounds/racecards/2026-09-19/monmore/racecard/516886
2026-09-19,Monmore,20:34,3,Hollywell Cookie,516886,Sporting Life,https://www.sportinglife.com/greyhounds/racecards/2026-09-19/monmore/racecard/516886
2026-09-19,Monmore,20:34,4,Tullymurry India,516886,Sporting Life,https://www.sportinglife.com/greyhounds/racecards/2026-09-19/monmore/racecard/516886
2026-09-19,Monmore,20:34,5,Newinn Bachelor,516886,Sporting Life,https://www.sportinglife.com/greyhounds/racecards/2026-09-19/monmore/racecard/516886
2026-09-19,Monmore,20:34,6,Longacres Danny,516886,Sporting Life,https://www.sportinglife.com/greyhounds/racecards/2026-09-19/monmore/racecard/516886
2026-09-19,Monmore,20:54,1,Carrick Scholsey,516887,Sporting Life,https://www.sportinglife.com/greyhounds/racecards/2026-09-19/monmore/racecard/516887
2026-09-19,Monmore,20:54,2,Snazzy Honey,516887,Sporting Life,https://www.sportinglife.com/greyhounds/racecards/2026-09-19/monmore/racecard/516887
2026-09-19,Monmore,20:54,3,Innfield Fifi,516887,Sporting Life,https://www.sportinglife.com/greyhounds/racecards/2026-09-19/monmore/racecard/516887
2026-09-19,Monmore,20:54,4,Skylars Vision,516887,Sporting Life,https://www.sportinglife.com/greyhounds/racecards/2026-09-19/monmore/racecard/516887
2026-09-19,Monmore,20:54,5,Eternal Spirit,516887,Sporting Life,https://www.sportinglife.com/greyhounds/racecards/2026-09-19/monmore/racecard/516887
2026-09-19,Monmore,20:54,6,Timmys Hunter,516887,Sporting Life,https://www.sportinglife.com/greyhounds/racecards/2026-09-19/monmore/racecard/516887
2026-09-19,Monmore,21:14,1,Early Tiger,516888,Sporting Life,https://www.sportinglife.com/greyhounds/racecards/2026-09-19/monmore/racecard/516888
2026-09-19,Monmore,21:14,2,Adelinesfirstdog,516888,Sporting Life,https://www.sportinglife.com/greyhounds/racecards/2026-09-19/monmore/racecard/516888
2026-09-19,Monmore,21:14,3,Ballymac Dixie,516888,Sporting Life,https://www.sportinglife.com/greyhounds/racecards/2026-09-19/monmore/racecard/516888
2026-09-19,Monmore,21:14,4,Ballymac Odin,516888,Sporting Life,https://www.sportinglife.com/greyhounds/racecards/2026-09-19/monmore/racecard/516888
2026-09-19,Monmore,21:14,5,Holding Aero,516888,Sporting Life,https://www.sportinglife.com/greyhounds/racecards/2026-09-19/monmore/racecard/516888
2026-09-19,Monmore,21:34,2,Slick Sabre,516889,Sporting Life,https://www.sportinglife.com/greyhounds/racecards/2026-09-19/monmore/racecard/516889
2026-09-19,Monmore,21:34,3,Tullymurry Troy,516889,Sporting Life,https://www.sportinglife.com/greyhounds/racecards/2026-09-19/monmore/racecard/516889
2026-09-19,Monmore,21:34,4,Aero Noduff,516889,Sporting Life,https://www.sportinglife.com/greyhounds/racecards/2026-09-19/monmore/racecard/516889
2026-09-19,Monmore,21:34,5,Hitit Agendavy,516889,Sporting Life,https://www.sportinglife.com/greyhounds/racecards/2026-09-19/monmore/racecard/516889
2026-09-19,Monmore,21:50,1,Moss King,516890,Sporting Life,https://www.sportinglife.com/greyhounds/racecards/2026-09-19/monmore/racecard/516890
2026-09-19,Monmore,21:50,2,Blu Bert,516890,Sporting Life,https://www.sportinglife.com/greyhounds/racecards/2026-09-19/monmore/racecard/516890
2026-09-19,Monmore,21:50,3,Stonepark Delta,516890,Sporting Life,https://www.sportinglife.com/greyhounds/racecards/2026-09-19/monmore/racecard/516890
2026-09-19,Monmore,21:50,6,Greenmount Hawk,516890,Sporting Life,https://www.sportinglife.com/greyhounds/racecards/2026-09-19/monmore/racecard/516890
2026-09-19,Newcastle,14:28,1,Avenue Cove,516974,Sporting Life,https://www.sportinglife.com/greyhounds/racecards/2026-09-19/newcastle/racecard/516974
2026-09-19,Newcastle,14:28,2,Wanted Bocko,516974,Sporting Life,https://www.sportinglife.com/greyhounds/racecards/2026-09-19/newcastle/racecard/516974
2026-09-19,Newcastle,14:28,3,Millview Dake,516974,Sporting Life,https://www.sportinglife.com/greyhounds/racecards/2026-09-19/newcastle/racecard/516974
2026-09-19,Newcastle,14:28,4,Blackhouse Tom,516974,Sporting Life,https://www.sportinglife.com/greyhounds/racecards/2026-09-19/newcastle/racecard/516974
2026-09-19,Newcastle,14:28,5,Slingshot Clyde,516974,Sporting Life,https://www.sportinglife.com/greyhounds/racecards/2026-09-19/newcastle/racecard/516974
2026-09-19,Newcastle,14:48,2,Bramble Cat,516975,Sporting Life,https://www.sportinglife.com/greyhounds/racecards/2026-09-19/newcastle/racecard/516975
2026-09-19,Newcastle,14:48,3,Byebye Tonali,516975,Sporting Life,https://www.sportinglife.com/greyhounds/racecards/2026-09-19/newcastle/racecard/516975
2026-09-19,Newcastle,14:48,4,Texas Queen,516975,Sporting Life,https://www.sportinglife.com/greyhounds/racecards/2026-09-19/newcastle/racecard/516975
2026-09-19,Newcastle,14:48,5,Garren Zulu,516975,Sporting Life,https://www.sportinglife.com/greyhounds/racecards/2026-09-19/newcastle/racecard/516975
2026-09-19,Newcastle,14:48,6,Da Short Haul,516975,Sporting Life,https://www.sportinglife.com/greyhounds/racecards/2026-09-19/newcastle/racecard/516975
2026-09-19,Newcastle,15:08,1,Bramble Emerald,516976,Sporting Life,https://www.sportinglife.com/greyhounds/racecards/2026-09-19/newcastle/racecard/516976
2026-09-19,Newcastle,15:08,2,Sixsevensixseven,516976,Sporting Life,https://www.sportinglife.com/greyhounds/racecards/2026-09-19/newcastle/racecard/516976
2026-09-19,Newcastle,15:08,3,Mossend Dan,516976,Sporting Life,https://www.sportinglife.com/greyhounds/racecards/2026-09-19/newcastle/racecard/516976
2026-09-19,Newcastle,15:08,4,Droopys Renee,516976,Sporting Life,https://www.sportinglife.com/greyhounds/racecards/2026-09-19/newcastle/racecard/516976
2026-09-19,Newcastle,15:08,5,Eileens Larue,516976,Sporting Life,https://www.sportinglife.com/greyhounds/racecards/2026-09-19/newcastle/racecard/516976
2026-09-19,Newcastle,15:28,1,Ballymac Fearne,516977,Sporting Life,https://www.sportinglife.com/greyhounds/racecards/2026-09-19/newcastle/racecard/516977
2026-09-19,Newcastle,15:28,2,Wraysbury King,516977,Sporting Life,https://www.sportinglife.com/greyhounds/racecards/2026-09-19/newcastle/racecard/516977
2026-09-19,Newcastle,15:28,3,Emers Tyson,516977,Sporting Life,https://www.sportinglife.com/greyhounds/racecards/2026-09-19/newcastle/racecard/516977
2026-09-19,Newcastle,15:28,4,Proud One,516977,Sporting Life,https://www.sportinglife.com/greyhounds/racecards/2026-09-19/newcastle/racecard/516977
2026-09-19,Newcastle,15:28,5,Fabulous Lakota,516977,Sporting Life,https://www.sportinglife.com/greyhounds/racecards/2026-09-19/newcastle/racecard/516977
2026-09-19,Newcastle,15:28,6,Dryland Velvet,516977,Sporting Life,https://www.sportinglife.com/greyhounds/racecards/2026-09-19/newcastle/racecard/516977
2026-09-19,Newcastle,15:48,1,Fine By Me,516978,Sporting Life,https://www.sportinglife.com/greyhounds/racecards/2026-09-19/newcastle/racecard/516978
2026-09-19,Newcastle,15:48,2,Mad For Porter,516978,Sporting Life,https://www.sportinglife.com/greyhounds/racecards/2026-09-19/newcastle/racecard/516978
2026-09-19,Newcastle,15:48,3,Stormy Kira,516978,Sporting Life,https://www.sportinglife.com/greyhounds/racecards/2026-09-19/newcastle/racecard/516978
2026-09-19,Newcastle,15:48,4,Alnwick Megan,516978,Sporting Life,https://www.sportinglife.com/greyhounds/racecards/2026-09-19/newcastle/racecard/516978
2026-09-19,Newcastle,15:48,5,Chasing Aine,516978,Sporting Life,https://www.sportinglife.com/greyhounds/racecards/2026-09-19/newcastle/racecard/516978
2026-09-19,Newcastle,16:08,1,Brickkiln Bugsy,516979,Sporting Life,https://www.sportinglife.com/greyhounds/racecards/2026-09-19/newcastle/racecard/516979
2026-09-19,Newcastle,16:08,2,Quivers Haka,516979,Sporting Life,https://www.sportinglife.com/greyhounds/racecards/2026-09-19/newcastle/racecard/516979
2026-09-19,Newcastle,16:08,3,Blackhouse Sadie,516979,Sporting Life,https://www.sportinglife.com/greyhounds/racecards/2026-09-19/newcastle/racecard/516979
2026-09-19,Newcastle,16:08,4,Wraysbury Orchid,516979,Sporting Life,https://www.sportinglife.com/greyhounds/racecards/2026-09-19/newcastle/racecard/516979
2026-09-19,Newcastle,16:08,5,Inca Tailor,516979,Sporting Life,https://www.sportinglife.com/greyhounds/racecards/2026-09-19/newcastle/racecard/516979
2026-09-19,Newcastle,16:08,6,Fabulous Shona,516979,Sporting Life,https://www.sportinglife.com/greyhounds/racecards/2026-09-19/newcastle/racecard/516979
2026-09-19,Newcastle,16:28,1,Stormy Lisamarie,516980,Sporting Life,https://www.sportinglife.com/greyhounds/racecards/2026-09-19/newcastle/racecard/516980
2026-09-19,Newcastle,16:28,2,Canny Stunner,516980,Sporting Life,https://www.sportinglife.com/greyhounds/racecards/2026-09-19/newcastle/racecard/516980
2026-09-19,Newcastle,16:28,3,Blackhouse Bobby,516980,Sporting Life,https://www.sportinglife.com/greyhounds/racecards/2026-09-19/newcastle/racecard/516980
2026-09-19,Newcastle,16:28,4,Kerabellec Ella,516980,Sporting Life,https://www.sportinglife.com/greyhounds/racecards/2026-09-19/newcastle/racecard/516980
2026-09-19,Newcastle,16:28,5,Strictly Alijaz,516980,Sporting Life,https://www.sportinglife.com/greyhounds/racecards/2026-09-19/newcastle/racecard/516980
2026-09-19,Newcastle,16:28,6,Girl Of Exile,516980,Sporting Life,https://www.sportinglife.com/greyhounds/racecards/2026-09-19/newcastle/racecard/516980
2026-09-19,Newcastle,16:48,1,Hollyhill Ger,516981,Sporting Life,https://www.sportinglife.com/greyhounds/racecards/2026-09-19/newcastle/racecard/516981
2026-09-19,Newcastle,16:48,2,Blackhouse Silly,516981,Sporting Life,https://www.sportinglife.com/greyhounds/racecards/2026-09-19/newcastle/racecard/516981
2026-09-19,Newcastle,16:48,3,Alnwick Teeny,516981,Sporting Life,https://www.sportinglife.com/greyhounds/racecards/2026-09-19/newcastle/racecard/516981
2026-09-19,Newcastle,16:48,4,Freedom Layton,516981,Sporting Life,https://www.sportinglife.com/greyhounds/racecards/2026-09-19/newcastle/racecard/516981
2026-09-19,Newcastle,16:48,5,Slaneyside Boyne,516981,Sporting Life,https://www.sportinglife.com/greyhounds/racecards/2026-09-19/newcastle/racecard/516981
2026-09-19,Newcastle,16:48,6,Croia Agus Gwen,516981,Sporting Life,https://www.sportinglife.com/greyhounds/racecards/2026-09-19/newcastle/racecard/516981
2026-09-19,Newcastle,17:08,1,Mollys Aoibhe,516982,Sporting Life,https://www.sportinglife.com/greyhounds/racecards/2026-09-19/newcastle/racecard/516982
2026-09-19,Newcastle,17:08,2,In The Bunker,516982,Sporting Life,https://www.sportinglife.com/greyhounds/racecards/2026-09-19/newcastle/racecard/516982
2026-09-19,Newcastle,17:08,3,Mister Dipper,516982,Sporting Life,https://www.sportinglife.com/greyhounds/racecards/2026-09-19/newcastle/racecard/516982
2026-09-19,Newcastle,17:08,4,Droopys Seducer,516982,Sporting Life,https://www.sportinglife.com/greyhounds/racecards/2026-09-19/newcastle/racecard/516982
2026-09-19,Newcastle,17:08,5,Strictly Vito,516982,Sporting Life,https://www.sportinglife.com/greyhounds/racecards/2026-09-19/newcastle/racecard/516982
2026-09-19,Newcastle,17:08,6,Drombeg Olive,516982,Sporting Life,https://www.sportinglife.com/greyhounds/racecards/2026-09-19/newcastle/racecard/516982
2026-09-19,Newcastle,17:24,1,Wraysbury Queen,516983,Sporting Life,https://www.sportinglife.com/greyhounds/racecards/2026-09-19/newcastle/racecard/516983
2026-09-19,Newcastle,17:24,2,Brickkiln Matty,516983,Sporting Life,https://www.sportinglife.com/greyhounds/racecards/2026-09-19/newcastle/racecard/516983
2026-09-19,Newcastle,17:24,3,Blackhouseharley,516983,Sporting Life,https://www.sportinglife.com/greyhounds/racecards/2026-09-19/newcastle/racecard/516983
2026-09-19,Newcastle,17:24,4,Medusa,516983,Sporting Life,https://www.sportinglife.com/greyhounds/racecards/2026-09-19/newcastle/racecard/516983
2026-09-19,Newcastle,17:24,5,Clear Eyes,516983,Sporting Life,https://www.sportinglife.com/greyhounds/racecards/2026-09-19/newcastle/racecard/516983
2026-09-19,Newcastle,17:24,6,Romeo Elite,516983,Sporting Life,https://www.sportinglife.com/greyhounds/racecards/2026-09-19/newcastle/racecard/516983
2026-09-19,Newcastle,17:43,1,Tinnock Stellar,516984,Sporting Life,https://www.sportinglife.com/greyhounds/racecards/2026-09-19/newcastle/racecard/516984
2026-09-19,Newcastle,17:43,2,Vinegarhill Rhys,516984,Sporting Life,https://www.sportinglife.com/greyhounds/racecards/2026-09-19/newcastle/racecard/516984
2026-09-19,Newcastle,17:43,3,Alnwick Ava,516984,Sporting Life,https://www.sportinglife.com/greyhounds/racecards/2026-09-19/newcastle/racecard/516984
2026-09-19,Newcastle,17:43,4,Bramble Idris,516984,Sporting Life,https://www.sportinglife.com/greyhounds/racecards/2026-09-19/newcastle/racecard/516984
2026-09-19,Newcastle,17:43,5,Drumcrow Wanda,516984,Sporting Life,https://www.sportinglife.com/greyhounds/racecards/2026-09-19/newcastle/racecard/516984
2026-09-19,Newcastle,17:43,6,Droopys Blondie,516984,Sporting Life,https://www.sportinglife.com/greyhounds/racecards/2026-09-19/newcastle/racecard/516984
2026-09-19,Newcastle,18:01,1,Slingshot Lilly,516985,Sporting Life,https://www.sportinglife.com/greyhounds/racecards/2026-09-19/newcastle/racecard/516985
2026-09-19,Newcastle,18:01,2,Alnwick Helen,516985,Sporting Life,https://www.sportinglife.com/greyhounds/racecards/2026-09-19/newcastle/racecard/516985
2026-09-19,Newcastle,18:01,3,Isaks Onthe Kop,516985,Sporting Life,https://www.sportinglife.com/greyhounds/racecards/2026-09-19/newcastle/racecard/516985
2026-09-19,Newcastle,18:01,4,Under The Skin,516985,Sporting Life,https://www.sportinglife.com/greyhounds/racecards/2026-09-19/newcastle/racecard/516985
2026-09-19,Newcastle,18:01,5,Ballycoole Maggy,516985,Sporting Life,https://www.sportinglife.com/greyhounds/racecards/2026-09-19/newcastle/racecard/516985
2026-09-19,Romford,11:09,2,Noreason Amelia,517022,Sporting Life,https://www.sportinglife.com/greyhounds/racecards/2026-09-19/romford/racecard/517022
2026-09-19,Romford,11:09,3,Sparkling Millie,517022,Sporting Life,https://www.sportinglife.com/greyhounds/racecards/2026-09-19/romford/racecard/517022
2026-09-19,Romford,11:09,4,Old Fort Monaco,517022,Sporting Life,https://www.sportinglife.com/greyhounds/racecards/2026-09-19/romford/racecard/517022
2026-09-19,Romford,11:09,5,Informant,517022,Sporting Life,https://www.sportinglife.com/greyhounds/racecards/2026-09-19/romford/racecard/517022
2026-09-19,Romford,11:09,6,Moaning Dolly,517022,Sporting Life,https://www.sportinglife.com/greyhounds/racecards/2026-09-19/romford/racecard/517022
2026-09-19,Romford,11:27,1,Hollywood Lilly,517023,Sporting Life,https://www.sportinglife.com/greyhounds/racecards/2026-09-19/romford/racecard/517023
2026-09-19,Romford,11:27,2,Bensourboy,517023,Sporting Life,https://www.sportinglife.com/greyhounds/racecards/2026-09-19/romford/racecard/517023
2026-09-19,Romford,11:27,3,Yahoo Jimmy,517023,Sporting Life,https://www.sportinglife.com/greyhounds/racecards/2026-09-19/romford/racecard/517023
2026-09-19,Romford,11:27,4,Kingdom Monty,517023,Sporting Life,https://www.sportinglife.com/greyhounds/racecards/2026-09-19/romford/racecard/517023
2026-09-19,Romford,11:27,5,Da Young Lad,517023,Sporting Life,https://www.sportinglife.com/greyhounds/racecards/2026-09-19/romford/racecard/517023
2026-09-19,Romford,11:27,6,Swift Lorenzo,517023,Sporting Life,https://www.sportinglife.com/greyhounds/racecards/2026-09-19/romford/racecard/517023
2026-09-19,Romford,11:43,1,Burgess Sharon,517024,Sporting Life,https://www.sportinglife.com/greyhounds/racecards/2026-09-19/romford/racecard/517024
2026-09-19,Romford,11:43,2,Cosmic Blue,517024,Sporting Life,https://www.sportinglife.com/greyhounds/racecards/2026-09-19/romford/racecard/517024
2026-09-19,Romford,11:43,3,Abel Mabel,517024,Sporting Life,https://www.sportinglife.com/greyhounds/racecards/2026-09-19/romford/racecard/517024
2026-09-19,Romford,11:43,4,Jeopardy Venus,517024,Sporting Life,https://www.sportinglife.com/greyhounds/racecards/2026-09-19/romford/racecard/517024
2026-09-19,Romford,11:43,5,Swift Kelvin,517024,Sporting Life,https://www.sportinglife.com/greyhounds/racecards/2026-09-19/romford/racecard/517024
2026-09-19,Romford,11:43,6,Holding Suzie,517024,Sporting Life,https://www.sportinglife.com/greyhounds/racecards/2026-09-19/romford/racecard/517024
2026-09-19,Romford,12:01,1,Seomra Finn,517025,Sporting Life,https://www.sportinglife.com/greyhounds/racecards/2026-09-19/romford/racecard/517025
2026-09-19,Romford,12:01,2,My Agne,517025,Sporting Life,https://www.sportinglife.com/greyhounds/racecards/2026-09-19/romford/racecard/517025
2026-09-19,Romford,12:01,3,My Storm Libby,517025,Sporting Life,https://www.sportinglife.com/greyhounds/racecards/2026-09-19/romford/racecard/517025
2026-09-19,Romford,12:01,4,Jeopardy Heidi,517025,Sporting Life,https://www.sportinglife.com/greyhounds/racecards/2026-09-19/romford/racecard/517025
2026-09-19,Romford,12:01,5,Tommys Amber,517025,Sporting Life,https://www.sportinglife.com/greyhounds/racecards/2026-09-19/romford/racecard/517025
2026-09-19,Romford,12:18,1,Toems Jess,517026,Sporting Life,https://www.sportinglife.com/greyhounds/racecards/2026-09-19/romford/racecard/517026
2026-09-19,Romford,12:18,2,Mohican Honey,517026,Sporting Life,https://www.sportinglife.com/greyhounds/racecards/2026-09-19/romford/racecard/517026
2026-09-19,Romford,12:18,3,Drovers Romany,517026,Sporting Life,https://www.sportinglife.com/greyhounds/racecards/2026-09-19/romford/racecard/517026
2026-09-19,Romford,12:18,4,Ashwood Links,517026,Sporting Life,https://www.sportinglife.com/greyhounds/racecards/2026-09-19/romford/racecard/517026
2026-09-19,Romford,12:18,5,Surely Mad,517026,Sporting Life,https://www.sportinglife.com/greyhounds/racecards/2026-09-19/romford/racecard/517026
2026-09-19,Romford,12:18,6,Cowboy Terry,517026,Sporting Life,https://www.sportinglife.com/greyhounds/racecards/2026-09-19/romford/racecard/517026
2026-09-19,Romford,12:34,1,Whizzy Dipper,517027,Sporting Life,https://www.sportinglife.com/greyhounds/racecards/2026-09-19/romford/racecard/517027
2026-09-19,Romford,12:34,2,Miami Yeats,517027,Sporting Life,https://www.sportinglife.com/greyhounds/racecards/2026-09-19/romford/racecard/517027
2026-09-19,Romford,12:34,3,Lava Ace,517027,Sporting Life,https://www.sportinglife.com/greyhounds/racecards/2026-09-19/romford/racecard/517027
2026-09-19,Romford,12:34,4,Tip Top Bundee,517027,Sporting Life,https://www.sportinglife.com/greyhounds/racecards/2026-09-19/romford/racecard/517027
2026-09-19,Romford,12:34,5,Lollipop Lucy,517027,Sporting Life,https://www.sportinglife.com/greyhounds/racecards/2026-09-19/romford/racecard/517027
2026-09-19,Romford,12:51,1,Two Sterling,517028,Sporting Life,https://www.sportinglife.com/greyhounds/racecards/2026-09-19/romford/racecard/517028
2026-09-19,Romford,12:51,2,Swift Jasper,517028,Sporting Life,https://www.sportinglife.com/greyhounds/racecards/2026-09-19/romford/racecard/517028
2026-09-19,Romford,12:51,3,Patricias Gift,517028,Sporting Life,https://www.sportinglife.com/greyhounds/racecards/2026-09-19/romford/racecard/517028
2026-09-19,Romford,12:51,4,Oioi Savaloy,517028,Sporting Life,https://www.sportinglife.com/greyhounds/racecards/2026-09-19/romford/racecard/517028
2026-09-19,Romford,12:51,5,Yahoo Poppy,517028,Sporting Life,https://www.sportinglife.com/greyhounds/racecards/2026-09-19/romford/racecard/517028
2026-09-19,Romford,13:08,1,Aint Got No Cash,517029,Sporting Life,https://www.sportinglife.com/greyhounds/racecards/2026-09-19/romford/racecard/517029
2026-09-19,Romford,13:08,2,Orange Elizabeth,517029,Sporting Life,https://www.sportinglife.com/greyhounds/racecards/2026-09-19/romford/racecard/517029
2026-09-19,Romford,13:08,3,Snoopys Opal,517029,Sporting Life,https://www.sportinglife.com/greyhounds/racecards/2026-09-19/romford/racecard/517029
2026-09-19,Romford,13:08,4,Pupi Chulo,517029,Sporting Life,https://www.sportinglife.com/greyhounds/racecards/2026-09-19/romford/racecard/517029
2026-09-19,Romford,13:08,5,Tromora Lake,517029,Sporting Life,https://www.sportinglife.com/greyhounds/racecards/2026-09-19/romford/racecard/517029
2026-09-19,Romford,13:08,6,Hawkfield Kiki,517029,Sporting Life,https://www.sportinglife.com/greyhounds/racecards/2026-09-19/romford/racecard/517029
2026-09-19,Romford,13:26,1,Velvet Murillo,517030,Sporting Life,https://www.sportinglife.com/greyhounds/racecards/2026-09-19/romford/racecard/517030
2026-09-19,Romford,13:26,2,Speedy Zara,517030,Sporting Life,https://www.sportinglife.com/greyhounds/racecards/2026-09-19/romford/racecard/517030
2026-09-19,Romford,13:26,3,Woodcliff Tahiti,517030,Sporting Life,https://www.sportinglife.com/greyhounds/racecards/2026-09-19/romford/racecard/517030
2026-09-19,Romford,13:26,4,My Sweet Boy,517030,Sporting Life,https://www.sportinglife.com/greyhounds/racecards/2026-09-19/romford/racecard/517030
2026-09-19,Romford,13:26,5,Toems Bono,517030,Sporting Life,https://www.sportinglife.com/greyhounds/racecards/2026-09-19/romford/racecard/517030
2026-09-19,Romford,13:26,6,Orange Ryan,517030,Sporting Life,https://www.sportinglife.com/greyhounds/racecards/2026-09-19/romford/racecard/517030
2026-09-19,Romford,13:42,1,Lavan Jet,517031,Sporting Life,https://www.sportinglife.com/greyhounds/racecards/2026-09-19/romford/racecard/517031
2026-09-19,Romford,13:42,2,Ballymac Suntan,517031,Sporting Life,https://www.sportinglife.com/greyhounds/racecards/2026-09-19/romford/racecard/517031
2026-09-19,Romford,13:42,3,Roanna General,517031,Sporting Life,https://www.sportinglife.com/greyhounds/racecards/2026-09-19/romford/racecard/517031
2026-09-19,Romford,13:42,4,Da Honey Mil,517031,Sporting Life,https://www.sportinglife.com/greyhounds/racecards/2026-09-19/romford/racecard/517031
2026-09-19,Romford,13:42,5,Bombay Flash,517031,Sporting Life,https://www.sportinglife.com/greyhounds/racecards/2026-09-19/romford/racecard/517031
2026-09-19,Romford,13:42,6,Swifty Does It,517031,Sporting Life,https://www.sportinglife.com/greyhounds/racecards/2026-09-19/romford/racecard/517031
2026-09-19,Romford,13:59,1,Romantic Jade,517032,Sporting Life,https://www.sportinglife.com/greyhounds/racecards/2026-09-19/romford/racecard/517032
2026-09-19,Romford,13:59,2,Peteys Queen,517032,Sporting Life,https://www.sportinglife.com/greyhounds/racecards/2026-09-19/romford/racecard/517032
2026-09-19,Romford,13:59,3,Attykitt Lady,517032,Sporting Life,https://www.sportinglife.com/greyhounds/racecards/2026-09-19/romford/racecard/517032
2026-09-19,Romford,13:59,4,Kingdom Galaxy,517032,Sporting Life,https://www.sportinglife.com/greyhounds/racecards/2026-09-19/romford/racecard/517032
2026-09-19,Romford,13:59,5,Donegal Cian,517032,Sporting Life,https://www.sportinglife.com/greyhounds/racecards/2026-09-19/romford/racecard/517032
2026-09-19,Romford,13:59,6,Louises Summer,517032,Sporting Life,https://www.sportinglife.com/greyhounds/racecards/2026-09-19/romford/racecard/517032
2026-09-19,Romford,14:14,1,Holding Lizzy,517033,Sporting Life,https://www.sportinglife.com/greyhounds/racecards/2026-09-19/romford/racecard/517033
2026-09-19,Romford,14:14,2,Ritzy Rosie,517033,Sporting Life,https://www.sportinglife.com/greyhounds/racecards/2026-09-19/romford/racecard/517033
2026-09-19,Romford,14:14,3,Carlow Road,517033,Sporting Life,https://www.sportinglife.com/greyhounds/racecards/2026-09-19/romford/racecard/517033
2026-09-19,Romford,14:14,4,Distant Ciara,517033,Sporting Life,https://www.sportinglife.com/greyhounds/racecards/2026-09-19/romford/racecard/517033
2026-09-19,Romford,14:14,5,Underground Bell,517033,Sporting Life,https://www.sportinglife.com/greyhounds/racecards/2026-09-19/romford/racecard/517033
2026-09-19,Romford,14:14,6,Droopys Floorish,517033,Sporting Life,https://www.sportinglife.com/greyhounds/racecards/2026-09-19/romford/racecard/517033
2026-09-19,Romford,18:42,1,Sundance Sasha,517034,Sporting Life,https://www.sportinglife.com/greyhounds/racecards/2026-09-19/romford/racecard/517034
2026-09-19,Romford,18:42,2,April Fifteenth,517034,Sporting Life,https://www.sportinglife.com/greyhounds/racecards/2026-09-19/romford/racecard/517034
2026-09-19,Romford,18:42,3,Seomra Mint,517034,Sporting Life,https://www.sportinglife.com/greyhounds/racecards/2026-09-19/romford/racecard/517034
2026-09-19,Romford,18:42,4,Bubbly Blackbird,517034,Sporting Life,https://www.sportinglife.com/greyhounds/racecards/2026-09-19/romford/racecard/517034
2026-09-19,Romford,18:42,5,Artisan Dancer,517034,Sporting Life,https://www.sportinglife.com/greyhounds/racecards/2026-09-19/romford/racecard/517034
2026-09-19,Romford,18:42,6,Keefill Darwin,517034,Sporting Life,https://www.sportinglife.com/greyhounds/racecards/2026-09-19/romford/racecard/517034
2026-09-19,Romford,19:02,1,Abbeyside Comet,517035,Sporting Life,https://www.sportinglife.com/greyhounds/racecards/2026-09-19/romford/racecard/517035
2026-09-19,Romford,19:02,2,Didier Dogba,517035,Sporting Life,https://www.sportinglife.com/greyhounds/racecards/2026-09-19/romford/racecard/517035
2026-09-19,Romford,19:02,3,Long Parrott,517035,Sporting Life,https://www.sportinglife.com/greyhounds/racecards/2026-09-19/romford/racecard/517035
2026-09-19,Romford,19:02,4,Rosstemple Vivo,517035,Sporting Life,https://www.sportinglife.com/greyhounds/racecards/2026-09-19/romford/racecard/517035
2026-09-19,Romford,19:02,5,Bump N Run,517035,Sporting Life,https://www.sportinglife.com/greyhounds/racecards/2026-09-19/romford/racecard/517035
2026-09-19,Romford,19:02,6,Four Votes,517035,Sporting Life,https://www.sportinglife.com/greyhounds/racecards/2026-09-19/romford/racecard/517035
2026-09-19,Romford,19:22,1,Minnie Majestic,517036,Sporting Life,https://www.sportinglife.com/greyhounds/racecards/2026-09-19/romford/racecard/517036
2026-09-19,Romford,19:22,2,Whitehartwinter,517036,Sporting Life,https://www.sportinglife.com/greyhounds/racecards/2026-09-19/romford/racecard/517036
2026-09-19,Romford,19:22,3,Old Fort Jiver,517036,Sporting Life,https://www.sportinglife.com/greyhounds/racecards/2026-09-19/romford/racecard/517036
2026-09-19,Romford,19:22,4,Chelms Harry,517036,Sporting Life,https://www.sportinglife.com/greyhounds/racecards/2026-09-19/romford/racecard/517036
2026-09-19,Romford,19:22,5,Young Dotty,517036,Sporting Life,https://www.sportinglife.com/greyhounds/racecards/2026-09-19/romford/racecard/517036
2026-09-19,Romford,19:22,6,Crossfield Becca,517036,Sporting Life,https://www.sportinglife.com/greyhounds/racecards/2026-09-19/romford/racecard/517036
2026-09-19,Romford,19:42,2,Velvet Kaela,517037,Sporting Life,https://www.sportinglife.com/greyhounds/racecards/2026-09-19/romford/racecard/517037
2026-09-19,Romford,19:42,3,Rough Ronan,517037,Sporting Life,https://www.sportinglife.com/greyhounds/racecards/2026-09-19/romford/racecard/517037
2026-09-19,Romford,19:42,4,Garrys Lil Star,517037,Sporting Life,https://www.sportinglife.com/greyhounds/racecards/2026-09-19/romford/racecard/517037
2026-09-19,Romford,19:42,5,Ashbury Woody,517037,Sporting Life,https://www.sportinglife.com/greyhounds/racecards/2026-09-19/romford/racecard/517037
2026-09-19,Romford,19:42,6,Blazeaway Blue,517037,Sporting Life,https://www.sportinglife.com/greyhounds/racecards/2026-09-19/romford/racecard/517037
2026-09-19,Romford,20:02,1,Droopys Pedigree,517038,Sporting Life,https://www.sportinglife.com/greyhounds/racecards/2026-09-19/romford/racecard/517038
2026-09-19,Romford,20:02,2,My Sweet Gracie,517038,Sporting Life,https://www.sportinglife.com/greyhounds/racecards/2026-09-19/romford/racecard/517038
2026-09-19,Romford,20:02,3,Hawthorn Grange,517038,Sporting Life,https://www.sportinglife.com/greyhounds/racecards/2026-09-19/romford/racecard/517038
2026-09-19,Romford,20:02,4,Blackrose Venus,517038,Sporting Life,https://www.sportinglife.com/greyhounds/racecards/2026-09-19/romford/racecard/517038
2026-09-19,Romford,20:02,5,False Time,517038,Sporting Life,https://www.sportinglife.com/greyhounds/racecards/2026-09-19/romford/racecard/517038
2026-09-19,Romford,20:02,6,Clovass Spice,517038,Sporting Life,https://www.sportinglife.com/greyhounds/racecards/2026-09-19/romford/racecard/517038
2026-09-19,Romford,20:22,1,Navys Dolly,517039,Sporting Life,https://www.sportinglife.com/greyhounds/racecards/2026-09-19/romford/racecard/517039
2026-09-19,Romford,20:22,2,Ten Fold,517039,Sporting Life,https://www.sportinglife.com/greyhounds/racecards/2026-09-19/romford/racecard/517039
2026-09-19,Romford,20:22,3,Yahoo Bree,517039,Sporting Life,https://www.sportinglife.com/greyhounds/racecards/2026-09-19/romford/racecard/517039
2026-09-19,Romford,20:22,4,Jan Jan,517039,Sporting Life,https://www.sportinglife.com/greyhounds/racecards/2026-09-19/romford/racecard/517039
2026-09-19,Romford,20:22,5,Unmistakeable,517039,Sporting Life,https://www.sportinglife.com/greyhounds/racecards/2026-09-19/romford/racecard/517039
2026-09-19,Romford,20:42,2,Tip Top Katie,517040,Sporting Life,https://www.sportinglife.com/greyhounds/racecards/2026-09-19/romford/racecard/517040
2026-09-19,Romford,20:42,3,Noreason Jess,517040,Sporting Life,https://www.sportinglife.com/greyhounds/racecards/2026-09-19/romford/racecard/517040
2026-09-19,Romford,20:42,4,Underground Zeus,517040,Sporting Life,https://www.sportinglife.com/greyhounds/racecards/2026-09-19/romford/racecard/517040
2026-09-19,Romford,20:42,5,Flacos Flyer,517040,Sporting Life,https://www.sportinglife.com/greyhounds/racecards/2026-09-19/romford/racecard/517040
2026-09-19,Romford,20:42,6,Miami Hero,517040,Sporting Life,https://www.sportinglife.com/greyhounds/racecards/2026-09-19/romford/racecard/517040
2026-09-19,Romford,21:02,1,Gothic Doll,517041,Sporting Life,https://www.sportinglife.com/greyhounds/racecards/2026-09-19/romford/racecard/517041
2026-09-19,Romford,21:02,2,Aero Megan,517041,Sporting Life,https://www.sportinglife.com/greyhounds/racecards/2026-09-19/romford/racecard/517041
2026-09-19,Romford,21:02,3,Castillo Del Rey,517041,Sporting Life,https://www.sportinglife.com/greyhounds/racecards/2026-09-19/romford/racecard/517041
2026-09-19,Romford,21:02,4,Stormtrooper,517041,Sporting Life,https://www.sportinglife.com/greyhounds/racecards/2026-09-19/romford/racecard/517041
2026-09-19,Romford,21:02,5,Young Poppy,517041,Sporting Life,https://www.sportinglife.com/greyhounds/racecards/2026-09-19/romford/racecard/517041
2026-09-19,Romford,21:22,1,Hannipaul Lecter,517042,Sporting Life,https://www.sportinglife.com/greyhounds/racecards/2026-09-19/romford/racecard/517042
2026-09-19,Romford,21:22,2,Siennasbabyangel,517042,Sporting Life,https://www.sportinglife.com/greyhounds/racecards/2026-09-19/romford/racecard/517042
2026-09-19,Romford,21:22,3,My Little Olive,517042,Sporting Life,https://www.sportinglife.com/greyhounds/racecards/2026-09-19/romford/racecard/517042
2026-09-19,Romford,21:22,4,Distant Lilly,517042,Sporting Life,https://www.sportinglife.com/greyhounds/racecards/2026-09-19/romford/racecard/517042
2026-09-19,Romford,21:22,5,Trinity Hoffa,517042,Sporting Life,https://www.sportinglife.com/greyhounds/racecards/2026-09-19/romford/racecard/517042
2026-09-19,Romford,21:22,6,Trinity Bella,517042,Sporting Life,https://www.sportinglife.com/greyhounds/racecards/2026-09-19/romford/racecard/517042
2026-09-19,Romford,21:42,1,Easy Flossy,517043,Sporting Life,https://www.sportinglife.com/greyhounds/racecards/2026-09-19/romford/racecard/517043
2026-09-19,Romford,21:42,2,Eddies Star,517043,Sporting Life,https://www.sportinglife.com/greyhounds/racecards/2026-09-19/romford/racecard/517043
2026-09-19,Romford,21:42,3,Gothic Angel,517043,Sporting Life,https://www.sportinglife.com/greyhounds/racecards/2026-09-19/romford/racecard/517043
2026-09-19,Romford,21:42,4,Newtown Champ,517043,Sporting Life,https://www.sportinglife.com/greyhounds/racecards/2026-09-19/romford/racecard/517043
2026-09-19,Romford,21:42,5,Coolanga Junior,517043,Sporting Life,https://www.sportinglife.com/greyhounds/racecards/2026-09-19/romford/racecard/517043
2026-09-19,Romford,21:42,6,Big Time Roisin,517043,Sporting Life,https://www.sportinglife.com/greyhounds/racecards/2026-09-19/romford/racecard/517043
2026-09-19,Romford,22:02,1,Coolanga Diamond,517044,Sporting Life,https://www.sportinglife.com/greyhounds/racecards/2026-09-19/romford/racecard/517044
2026-09-19,Romford,22:02,2,Underground Debs,517044,Sporting Life,https://www.sportinglife.com/greyhounds/racecards/2026-09-19/romford/racecard/517044
2026-09-19,Romford,22:02,3,Brandywell Queen,517044,Sporting Life,https://www.sportinglife.com/greyhounds/racecards/2026-09-19/romford/racecard/517044
2026-09-19,Romford,22:02,4,Saleen Blaze,517044,Sporting Life,https://www.sportinglife.com/greyhounds/racecards/2026-09-19/romford/racecard/517044
2026-09-19,Romford,22:02,6,Mollycoddle,517044,Sporting Life,https://www.sportinglife.com/greyhounds/racecards/2026-09-19/romford/racecard/517044
2026-09-19,Romford,22:20,1,Cofam Bob,517045,Sporting Life,https://www.sportinglife.com/greyhounds/racecards/2026-09-19/romford/racecard/517045
2026-09-19,Romford,22:20,2,Romford Sheriff,517045,Sporting Life,https://www.sportinglife.com/greyhounds/racecards/2026-09-19/romford/racecard/517045
2026-09-19,Romford,22:20,3,Showgirl Lola,517045,Sporting Life,https://www.sportinglife.com/greyhounds/racecards/2026-09-19/romford/racecard/517045
2026-09-19,Romford,22:20,4,Wine It Friday,517045,Sporting Life,https://www.sportinglife.com/greyhounds/racecards/2026-09-19/romford/racecard/517045
2026-09-19,Romford,22:20,5,Blackrose Amy,517045,Sporting Life,https://www.sportinglife.com/greyhounds/racecards/2026-09-19/romford/racecard/517045
2026-09-19,Romford,22:20,6,Kilara Bijoux,517045,Sporting Life,https://www.sportinglife.com/greyhounds/racecards/2026-09-19/romford/racecard/517045
2026-09-19,Star Pelaw,18:04,1,Baby Cupcakes,517046,Sporting Life,https://www.sportinglife.com/greyhounds/racecards/2026-09-19/star-pelaw/racecard/517046
2026-09-19,Star Pelaw,18:04,2,Blackstone Senna,517046,Sporting Life,https://www.sportinglife.com/greyhounds/racecards/2026-09-19/star-pelaw/racecard/517046
2026-09-19,Star Pelaw,18:04,3,Mossend Jan,517046,Sporting Life,https://www.sportinglife.com/greyhounds/racecards/2026-09-19/star-pelaw/racecard/517046
2026-09-19,Star Pelaw,18:04,4,Glenbervie Wolf,517046,Sporting Life,https://www.sportinglife.com/greyhounds/racecards/2026-09-19/star-pelaw/racecard/517046
2026-09-19,Star Pelaw,18:04,5,Mitches Cocker,517046,Sporting Life,https://www.sportinglife.com/greyhounds/racecards/2026-09-19/star-pelaw/racecard/517046
2026-09-19,Star Pelaw,18:04,6,Untold Flare,517046,Sporting Life,https://www.sportinglife.com/greyhounds/racecards/2026-09-19/star-pelaw/racecard/517046
2026-09-19,Star Pelaw,18:21,1,Pappys Berry,517047,Sporting Life,https://www.sportinglife.com/greyhounds/racecards/2026-09-19/star-pelaw/racecard/517047
2026-09-19,Star Pelaw,18:21,2,The Other Chief,517047,Sporting Life,https://www.sportinglife.com/greyhounds/racecards/2026-09-19/star-pelaw/racecard/517047
2026-09-19,Star Pelaw,18:21,3,Rebel Eclipse,517047,Sporting Life,https://www.sportinglife.com/greyhounds/racecards/2026-09-19/star-pelaw/racecard/517047
2026-09-19,Star Pelaw,18:21,5,Epic Rebel,517047,Sporting Life,https://www.sportinglife.com/greyhounds/racecards/2026-09-19/star-pelaw/racecard/517047
2026-09-19,Star Pelaw,18:21,6,Snazzy Shelby,517047,Sporting Life,https://www.sportinglife.com/greyhounds/racecards/2026-09-19/star-pelaw/racecard/517047
2026-09-19,Star Pelaw,18:39,1,Droopys Graph,517048,Sporting Life,https://www.sportinglife.com/greyhounds/racecards/2026-09-19/star-pelaw/racecard/517048
2026-09-19,Star Pelaw,18:39,2,Ma Darlin,517048,Sporting Life,https://www.sportinglife.com/greyhounds/racecards/2026-09-19/star-pelaw/racecard/517048
2026-09-19,Star Pelaw,18:39,3,Ballymac Sargie,517048,Sporting Life,https://www.sportinglife.com/greyhounds/racecards/2026-09-19/star-pelaw/racecard/517048
2026-09-19,Star Pelaw,18:39,5,Keplar Venom,517048,Sporting Life,https://www.sportinglife.com/greyhounds/racecards/2026-09-19/star-pelaw/racecard/517048
2026-09-19,Star Pelaw,18:39,6,Fruity Beauty,517048,Sporting Life,https://www.sportinglife.com/greyhounds/racecards/2026-09-19/star-pelaw/racecard/517048
2026-09-19,Star Pelaw,18:56,1,Glory Bono,517049,Sporting Life,https://www.sportinglife.com/greyhounds/racecards/2026-09-19/star-pelaw/racecard/517049
2026-09-19,Star Pelaw,18:56,2,Rocking Skye,517049,Sporting Life,https://www.sportinglife.com/greyhounds/racecards/2026-09-19/star-pelaw/racecard/517049
2026-09-19,Star Pelaw,18:56,3,Caseys Gaston,517049,Sporting Life,https://www.sportinglife.com/greyhounds/racecards/2026-09-19/star-pelaw/racecard/517049
2026-09-19,Star Pelaw,18:56,4,Onyago Giorgio,517049,Sporting Life,https://www.sportinglife.com/greyhounds/racecards/2026-09-19/star-pelaw/racecard/517049
2026-09-19,Star Pelaw,18:56,6,Conscience,517049,Sporting Life,https://www.sportinglife.com/greyhounds/racecards/2026-09-19/star-pelaw/racecard/517049
2026-09-19,Star Pelaw,19:14,1,Aero Advocate,517050,Sporting Life,https://www.sportinglife.com/greyhounds/racecards/2026-09-19/star-pelaw/racecard/517050
2026-09-19,Star Pelaw,19:14,2,Reign Of Power,517050,Sporting Life,https://www.sportinglife.com/greyhounds/racecards/2026-09-19/star-pelaw/racecard/517050
2026-09-19,Star Pelaw,19:14,3,Hello Me Man,517050,Sporting Life,https://www.sportinglife.com/greyhounds/racecards/2026-09-19/star-pelaw/racecard/517050
2026-09-19,Star Pelaw,19:14,4,Punk Rock Rose,517050,Sporting Life,https://www.sportinglife.com/greyhounds/racecards/2026-09-19/star-pelaw/racecard/517050
2026-09-19,Star Pelaw,19:14,5,Droopys Cardi,517050,Sporting Life,https://www.sportinglife.com/greyhounds/racecards/2026-09-19/star-pelaw/racecard/517050
2026-09-19,Star Pelaw,19:14,6,Spy Master,517050,Sporting Life,https://www.sportinglife.com/greyhounds/racecards/2026-09-19/star-pelaw/racecard/517050
2026-09-19,Star Pelaw,19:31,1,Punk Rock Legend,517051,Sporting Life,https://www.sportinglife.com/greyhounds/racecards/2026-09-19/star-pelaw/racecard/517051
2026-09-19,Star Pelaw,19:31,2,Razldazl Barkley,517051,Sporting Life,https://www.sportinglife.com/greyhounds/racecards/2026-09-19/star-pelaw/racecard/517051
2026-09-19,Star Pelaw,19:31,4,Savanabetgoodwin,517051,Sporting Life,https://www.sportinglife.com/greyhounds/racecards/2026-09-19/star-pelaw/racecard/517051
2026-09-19,Star Pelaw,19:31,6,Imonlytwink,517051,Sporting Life,https://www.sportinglife.com/greyhounds/racecards/2026-09-19/star-pelaw/racecard/517051
2026-09-19,Star Pelaw,19:51,1,Tassie Trump,517052,Sporting Life,https://www.sportinglife.com/greyhounds/racecards/2026-09-19/star-pelaw/racecard/517052
2026-09-19,Star Pelaw,19:51,2,Broadway Reggie,517052,Sporting Life,https://www.sportinglife.com/greyhounds/racecards/2026-09-19/star-pelaw/racecard/517052
2026-09-19,Star Pelaw,19:51,3,Fabulous Martini,517052,Sporting Life,https://www.sportinglife.com/greyhounds/racecards/2026-09-19/star-pelaw/racecard/517052
2026-09-19,Star Pelaw,19:51,4,Clonlost Dexter,517052,Sporting Life,https://www.sportinglife.com/greyhounds/racecards/2026-09-19/star-pelaw/racecard/517052
2026-09-19,Star Pelaw,19:51,5,Fabulous Rosario,517052,Sporting Life,https://www.sportinglife.com/greyhounds/racecards/2026-09-19/star-pelaw/racecard/517052
2026-09-19,Star Pelaw,19:51,6,Trimmer Thunder,517052,Sporting Life,https://www.sportinglife.com/greyhounds/racecards/2026-09-19/star-pelaw/racecard/517052
2026-09-19,Star Pelaw,20:09,1,Mary Walloper,517053,Sporting Life,https://www.sportinglife.com/greyhounds/racecards/2026-09-19/star-pelaw/racecard/517053
2026-09-19,Star Pelaw,20:09,2,Stefans Shine,517053,Sporting Life,https://www.sportinglife.com/greyhounds/racecards/2026-09-19/star-pelaw/racecard/517053
2026-09-19,Star Pelaw,20:09,3,Maglass Bucks,517053,Sporting Life,https://www.sportinglife.com/greyhounds/racecards/2026-09-19/star-pelaw/racecard/517053
2026-09-19,Star Pelaw,20:09,4,Caister Kay,517053,Sporting Life,https://www.sportinglife.com/greyhounds/racecards/2026-09-19/star-pelaw/racecard/517053
2026-09-19,Star Pelaw,20:09,5,Velvet George,517053,Sporting Life,https://www.sportinglife.com/greyhounds/racecards/2026-09-19/star-pelaw/racecard/517053
2026-09-19,Star Pelaw,20:09,6,Bitzer Maloney,517053,Sporting Life,https://www.sportinglife.com/greyhounds/racecards/2026-09-19/star-pelaw/racecard/517053
2026-09-19,Star Pelaw,20:26,1,Popper Jon,517054,Sporting Life,https://www.sportinglife.com/greyhounds/racecards/2026-09-19/star-pelaw/racecard/517054
2026-09-19,Star Pelaw,20:26,2,Moanteen Pudding,517054,Sporting Life,https://www.sportinglife.com/greyhounds/racecards/2026-09-19/star-pelaw/racecard/517054
2026-09-19,Star Pelaw,20:26,3,Jaydee Baby,517054,Sporting Life,https://www.sportinglife.com/greyhounds/racecards/2026-09-19/star-pelaw/racecard/517054
2026-09-19,Star Pelaw,20:26,4,Quivers View,517054,Sporting Life,https://www.sportinglife.com/greyhounds/racecards/2026-09-19/star-pelaw/racecard/517054
2026-09-19,Star Pelaw,20:26,5,Affane Fox,517054,Sporting Life,https://www.sportinglife.com/greyhounds/racecards/2026-09-19/star-pelaw/racecard/517054
2026-09-19,Star Pelaw,20:43,1,Deelish Rapid,517055,Sporting Life,https://www.sportinglife.com/greyhounds/racecards/2026-09-19/star-pelaw/racecard/517055
2026-09-19,Star Pelaw,20:43,2,Francisco Bay,517055,Sporting Life,https://www.sportinglife.com/greyhounds/racecards/2026-09-19/star-pelaw/racecard/517055
2026-09-19,Star Pelaw,20:43,3,Mitches Marra,517055,Sporting Life,https://www.sportinglife.com/greyhounds/racecards/2026-09-19/star-pelaw/racecard/517055
2026-09-19,Star Pelaw,20:43,4,Drish Solar,517055,Sporting Life,https://www.sportinglife.com/greyhounds/racecards/2026-09-19/star-pelaw/racecard/517055
2026-09-19,Star Pelaw,20:43,5,Tromora Grace,517055,Sporting Life,https://www.sportinglife.com/greyhounds/racecards/2026-09-19/star-pelaw/racecard/517055
2026-09-19,Star Pelaw,20:43,6,Ainster Jim,517055,Sporting Life,https://www.sportinglife.com/greyhounds/racecards/2026-09-19/star-pelaw/racecard/517055
2026-09-19,Star Pelaw,21:01,1,Here Comes Bob,517056,Sporting Life,https://www.sportinglife.com/greyhounds/racecards/2026-09-19/star-pelaw/racecard/517056
2026-09-19,Star Pelaw,21:01,2,Romeo Torres,517056,Sporting Life,https://www.sportinglife.com/greyhounds/racecards/2026-09-19/star-pelaw/racecard/517056
2026-09-19,Star Pelaw,21:01,3,Dunquin Rory,517056,Sporting Life,https://www.sportinglife.com/greyhounds/racecards/2026-09-19/star-pelaw/racecard/517056
2026-09-19,Star Pelaw,21:01,4,Nicothebumblebee,517056,Sporting Life,https://www.sportinglife.com/greyhounds/racecards/2026-09-19/star-pelaw/racecard/517056
2026-09-19,Star Pelaw,21:01,5,Pothole Bob,517056,Sporting Life,https://www.sportinglife.com/greyhounds/racecards/2026-09-19/star-pelaw/racecard/517056
2026-09-19,Star Pelaw,21:01,6,Mossend Colton,517056,Sporting Life,https://www.sportinglife.com/greyhounds/racecards/2026-09-19/star-pelaw/racecard/517056
2026-09-19,Star Pelaw,21:18,1,Fruity Licious,517057,Sporting Life,https://www.sportinglife.com/greyhounds/racecards/2026-09-19/star-pelaw/racecard/517057
2026-09-19,Star Pelaw,21:18,2,Franklins Pace,517057,Sporting Life,https://www.sportinglife.com/greyhounds/racecards/2026-09-19/star-pelaw/racecard/517057
2026-09-19,Star Pelaw,21:18,4,Malibu Harry,517057,Sporting Life,https://www.sportinglife.com/greyhounds/racecards/2026-09-19/star-pelaw/racecard/517057
2026-09-19,Star Pelaw,21:18,5,Cowboy Diego,517057,Sporting Life,https://www.sportinglife.com/greyhounds/racecards/2026-09-19/star-pelaw/racecard/517057
2026-09-19,Star Pelaw,21:18,6,Loxleys Tommo,517057,Sporting Life,https://www.sportinglife.com/greyhounds/racecards/2026-09-19/star-pelaw/racecard/517057
2026-09-19,Star Pelaw,21:31,1,Vixons Cocktail,517058,Sporting Life,https://www.sportinglife.com/greyhounds/racecards/2026-09-19/star-pelaw/racecard/517058
2026-09-19,Star Pelaw,21:31,2,Moonveen Jemima,517058,Sporting Life,https://www.sportinglife.com/greyhounds/racecards/2026-09-19/star-pelaw/racecard/517058
2026-09-19,Star Pelaw,21:31,3,Meenagh Milan,517058,Sporting Life,https://www.sportinglife.com/greyhounds/racecards/2026-09-19/star-pelaw/racecard/517058
2026-09-19,Star Pelaw,21:31,4,Knockduff Don,517058,Sporting Life,https://www.sportinglife.com/greyhounds/racecards/2026-09-19/star-pelaw/racecard/517058
2026-09-19,Star Pelaw,21:31,5,Moonveen Dancer,517058,Sporting Life,https://www.sportinglife.com/greyhounds/racecards/2026-09-19/star-pelaw/racecard/517058
2026-09-19,Towcester,14:18,1,Dereks Champ,517010,Sporting Life,https://www.sportinglife.com/greyhounds/racecards/2026-09-19/towcester/racecard/517010
2026-09-19,Towcester,14:18,2,Westwood Jack,517010,Sporting Life,https://www.sportinglife.com/greyhounds/racecards/2026-09-19/towcester/racecard/517010
2026-09-19,Towcester,14:18,3,Freeway Faye,517010,Sporting Life,https://www.sportinglife.com/greyhounds/racecards/2026-09-19/towcester/racecard/517010
2026-09-19,Towcester,14:18,4,Eze,517010,Sporting Life,https://www.sportinglife.com/greyhounds/racecards/2026-09-19/towcester/racecard/517010
2026-09-19,Towcester,14:18,5,Five Alley Zena,517010,Sporting Life,https://www.sportinglife.com/greyhounds/racecards/2026-09-19/towcester/racecard/517010
2026-09-19,Towcester,14:18,6,Unknown Allie,517010,Sporting Life,https://www.sportinglife.com/greyhounds/racecards/2026-09-19/towcester/racecard/517010
2026-09-19,Towcester,14:38,1,Elite Jackie,517011,Sporting Life,https://www.sportinglife.com/greyhounds/racecards/2026-09-19/towcester/racecard/517011
2026-09-19,Towcester,14:38,2,Jazzy Be Bop,517011,Sporting Life,https://www.sportinglife.com/greyhounds/racecards/2026-09-19/towcester/racecard/517011
2026-09-19,Towcester,14:38,3,Lion King,517011,Sporting Life,https://www.sportinglife.com/greyhounds/racecards/2026-09-19/towcester/racecard/517011
2026-09-19,Towcester,14:38,4,Flitwick Girl,517011,Sporting Life,https://www.sportinglife.com/greyhounds/racecards/2026-09-19/towcester/racecard/517011
2026-09-19,Towcester,14:38,5,Dreamin Puccini,517011,Sporting Life,https://www.sportinglife.com/greyhounds/racecards/2026-09-19/towcester/racecard/517011
2026-09-19,Towcester,14:38,6,Makeit Dj,517011,Sporting Life,https://www.sportinglife.com/greyhounds/racecards/2026-09-19/towcester/racecard/517011
2026-09-19,Towcester,14:58,1,Dinton Fred,517012,Sporting Life,https://www.sportinglife.com/greyhounds/racecards/2026-09-19/towcester/racecard/517012
2026-09-19,Towcester,14:58,2,Trumpers Derek,517012,Sporting Life,https://www.sportinglife.com/greyhounds/racecards/2026-09-19/towcester/racecard/517012
2026-09-19,Towcester,14:58,3,Tromora Bonnie,517012,Sporting Life,https://www.sportinglife.com/greyhounds/racecards/2026-09-19/towcester/racecard/517012
2026-09-19,Towcester,14:58,4,Distant Dahlia,517012,Sporting Life,https://www.sportinglife.com/greyhounds/racecards/2026-09-19/towcester/racecard/517012
2026-09-19,Towcester,14:58,5,Flitwick Trigger,517012,Sporting Life,https://www.sportinglife.com/greyhounds/racecards/2026-09-19/towcester/racecard/517012
2026-09-19,Towcester,14:58,6,Ashway Marshy,517012,Sporting Life,https://www.sportinglife.com/greyhounds/racecards/2026-09-19/towcester/racecard/517012
2026-09-19,Towcester,15:18,1,Adamant Roxy,517013,Sporting Life,https://www.sportinglife.com/greyhounds/racecards/2026-09-19/towcester/racecard/517013
2026-09-19,Towcester,15:18,2,Jungles Ace,517013,Sporting Life,https://www.sportinglife.com/greyhounds/racecards/2026-09-19/towcester/racecard/517013
2026-09-19,Towcester,15:18,3,Darraghs Dream,517013,Sporting Life,https://www.sportinglife.com/greyhounds/racecards/2026-09-19/towcester/racecard/517013
2026-09-19,Towcester,15:18,4,Unlikely Nando,517013,Sporting Life,https://www.sportinglife.com/greyhounds/racecards/2026-09-19/towcester/racecard/517013
2026-09-19,Towcester,15:18,5,Passau,517013,Sporting Life,https://www.sportinglife.com/greyhounds/racecards/2026-09-19/towcester/racecard/517013
2026-09-19,Towcester,15:18,6,Deerland Flyer,517013,Sporting Life,https://www.sportinglife.com/greyhounds/racecards/2026-09-19/towcester/racecard/517013
2026-09-19,Towcester,15:38,1,Rowington Rascal,517014,Sporting Life,https://www.sportinglife.com/greyhounds/racecards/2026-09-19/towcester/racecard/517014
2026-09-19,Towcester,15:38,2,Choices Jess,517014,Sporting Life,https://www.sportinglife.com/greyhounds/racecards/2026-09-19/towcester/racecard/517014
2026-09-19,Towcester,15:38,3,Halli Young,517014,Sporting Life,https://www.sportinglife.com/greyhounds/racecards/2026-09-19/towcester/racecard/517014
2026-09-19,Towcester,15:38,4,Anything Strange,517014,Sporting Life,https://www.sportinglife.com/greyhounds/racecards/2026-09-19/towcester/racecard/517014
2026-09-19,Towcester,15:38,5,Vinegarhill Mist,517014,Sporting Life,https://www.sportinglife.com/greyhounds/racecards/2026-09-19/towcester/racecard/517014
2026-09-19,Towcester,15:38,6,St Edmunds Dan,517014,Sporting Life,https://www.sportinglife.com/greyhounds/racecards/2026-09-19/towcester/racecard/517014
2026-09-19,Towcester,15:58,1,Ballycowen Lil,517015,Sporting Life,https://www.sportinglife.com/greyhounds/racecards/2026-09-19/towcester/racecard/517015
2026-09-19,Towcester,15:58,2,Ivy Hill Maisy,517015,Sporting Life,https://www.sportinglife.com/greyhounds/racecards/2026-09-19/towcester/racecard/517015
2026-09-19,Towcester,15:58,3,Eagles Rest,517015,Sporting Life,https://www.sportinglife.com/greyhounds/racecards/2026-09-19/towcester/racecard/517015
2026-09-19,Towcester,15:58,4,Glencoe Queen,517015,Sporting Life,https://www.sportinglife.com/greyhounds/racecards/2026-09-19/towcester/racecard/517015
2026-09-19,Towcester,15:58,5,All Long,517015,Sporting Life,https://www.sportinglife.com/greyhounds/racecards/2026-09-19/towcester/racecard/517015
2026-09-19,Towcester,15:58,6,Stasi,517015,Sporting Life,https://www.sportinglife.com/greyhounds/racecards/2026-09-19/towcester/racecard/517015
2026-09-19,Towcester,16:18,1,Feathers Mcgraw,517016,Sporting Life,https://www.sportinglife.com/greyhounds/racecards/2026-09-19/towcester/racecard/517016
2026-09-19,Towcester,16:18,2,Brentfordpenguin,517016,Sporting Life,https://www.sportinglife.com/greyhounds/racecards/2026-09-19/towcester/racecard/517016
2026-09-19,Towcester,16:18,3,Dreamin Lennon,517016,Sporting Life,https://www.sportinglife.com/greyhounds/racecards/2026-09-19/towcester/racecard/517016
2026-09-19,Towcester,16:18,4,Catunda Faye,517016,Sporting Life,https://www.sportinglife.com/greyhounds/racecards/2026-09-19/towcester/racecard/517016
2026-09-19,Towcester,16:18,5,Ballymac Connery,517016,Sporting Life,https://www.sportinglife.com/greyhounds/racecards/2026-09-19/towcester/racecard/517016
2026-09-19,Towcester,16:18,6,Jazzy Soul,517016,Sporting Life,https://www.sportinglife.com/greyhounds/racecards/2026-09-19/towcester/racecard/517016
2026-09-19,Towcester,16:38,1,Megso Potty,517017,Sporting Life,https://www.sportinglife.com/greyhounds/racecards/2026-09-19/towcester/racecard/517017
2026-09-19,Towcester,16:38,2,Trapstyle Hope,517017,Sporting Life,https://www.sportinglife.com/greyhounds/racecards/2026-09-19/towcester/racecard/517017
2026-09-19,Towcester,16:38,3,Glenvale Jake,517017,Sporting Life,https://www.sportinglife.com/greyhounds/racecards/2026-09-19/towcester/racecard/517017
2026-09-19,Towcester,16:38,4,Rockstar Zoey,517017,Sporting Life,https://www.sportinglife.com/greyhounds/racecards/2026-09-19/towcester/racecard/517017
2026-09-19,Towcester,16:38,5,Maireads Duchess,517017,Sporting Life,https://www.sportinglife.com/greyhounds/racecards/2026-09-19/towcester/racecard/517017
2026-09-19,Towcester,16:38,6,Vivlinles,517017,Sporting Life,https://www.sportinglife.com/greyhounds/racecards/2026-09-19/towcester/racecard/517017
2026-09-19,Towcester,16:58,1,Sapphire Wolf,517018,Sporting Life,https://www.sportinglife.com/greyhounds/racecards/2026-09-19/towcester/racecard/517018
2026-09-19,Towcester,16:58,2,Scooby Gdynia,517018,Sporting Life,https://www.sportinglife.com/greyhounds/racecards/2026-09-19/towcester/racecard/517018
2026-09-19,Towcester,16:58,3,Hareofthebear,517018,Sporting Life,https://www.sportinglife.com/greyhounds/racecards/2026-09-19/towcester/racecard/517018
2026-09-19,Towcester,16:58,4,Ballyea Hope,517018,Sporting Life,https://www.sportinglife.com/greyhounds/racecards/2026-09-19/towcester/racecard/517018
2026-09-19,Towcester,16:58,5,Confey Story,517018,Sporting Life,https://www.sportinglife.com/greyhounds/racecards/2026-09-19/towcester/racecard/517018
2026-09-19,Towcester,16:58,6,Blue Sensation,517018,Sporting Life,https://www.sportinglife.com/greyhounds/racecards/2026-09-19/towcester/racecard/517018
2026-09-19,Towcester,17:18,1,Kingdom Sparkle,517019,Sporting Life,https://www.sportinglife.com/greyhounds/racecards/2026-09-19/towcester/racecard/517019
2026-09-19,Towcester,17:18,2,Railwayclub Bob,517019,Sporting Life,https://www.sportinglife.com/greyhounds/racecards/2026-09-19/towcester/racecard/517019
2026-09-19,Towcester,17:18,3,Ballyclearylinks,517019,Sporting Life,https://www.sportinglife.com/greyhounds/racecards/2026-09-19/towcester/racecard/517019
2026-09-19,Towcester,17:18,4,Makeit Rocko,517019,Sporting Life,https://www.sportinglife.com/greyhounds/racecards/2026-09-19/towcester/racecard/517019
2026-09-19,Towcester,17:18,6,Hitthelids Paulo,517019,Sporting Life,https://www.sportinglife.com/greyhounds/racecards/2026-09-19/towcester/racecard/517019
2026-09-19,Towcester,17:36,1,Ballymac Kenzie,517020,Sporting Life,https://www.sportinglife.com/greyhounds/racecards/2026-09-19/towcester/racecard/517020
2026-09-19,Towcester,17:36,2,Makeit Malachi,517020,Sporting Life,https://www.sportinglife.com/greyhounds/racecards/2026-09-19/towcester/racecard/517020
2026-09-19,Towcester,17:36,3,Sharp N Smart,517020,Sporting Life,https://www.sportinglife.com/greyhounds/racecards/2026-09-19/towcester/racecard/517020
2026-09-19,Towcester,17:36,4,Rosegarland Gina,517020,Sporting Life,https://www.sportinglife.com/greyhounds/racecards/2026-09-19/towcester/racecard/517020
2026-09-19,Towcester,17:36,5,Trapstyle Wee,517020,Sporting Life,https://www.sportinglife.com/greyhounds/racecards/2026-09-19/towcester/racecard/517020
2026-09-19,Towcester,17:36,6,Tolpuddleduchess,517020,Sporting Life,https://www.sportinglife.com/greyhounds/racecards/2026-09-19/towcester/racecard/517020
2026-09-19,Towcester,17:55,1,Haverhill Lass,517021,Sporting Life,https://www.sportinglife.com/greyhounds/racecards/2026-09-19/towcester/racecard/517021
2026-09-19,Towcester,17:55,2,Is This Wise,517021,Sporting Life,https://www.sportinglife.com/greyhounds/racecards/2026-09-19/towcester/racecard/517021
2026-09-19,Towcester,17:55,3,Signet Morgan,517021,Sporting Life,https://www.sportinglife.com/greyhounds/racecards/2026-09-19/towcester/racecard/517021
2026-09-19,Towcester,17:55,4,Ballymac Seomra,517021,Sporting Life,https://www.sportinglife.com/greyhounds/racecards/2026-09-19/towcester/racecard/517021
2026-09-19,Towcester,17:55,5,Adamant Finn,517021,Sporting Life,https://www.sportinglife.com/greyhounds/racecards/2026-09-19/towcester/racecard/517021
2026-09-19,Yarmouth,19:08,1,Rapido Wilson,516904,Sporting Life,https://www.sportinglife.com/greyhounds/racecards/2026-09-19/yarmouth/racecard/516904
2026-09-19,Yarmouth,19:08,2,Droppys Typical,516904,Sporting Life,https://www.sportinglife.com/greyhounds/racecards/2026-09-19/yarmouth/racecard/516904
2026-09-19,Yarmouth,19:08,3,Kilara Rolex,516904,Sporting Life,https://www.sportinglife.com/greyhounds/racecards/2026-09-19/yarmouth/racecard/516904
2026-09-19,Yarmouth,19:08,4,Hecrossedthesea,516904,Sporting Life,https://www.sportinglife.com/greyhounds/racecards/2026-09-19/yarmouth/racecard/516904
2026-09-19,Yarmouth,19:08,5,Radical Bear,516904,Sporting Life,https://www.sportinglife.com/greyhounds/racecards/2026-09-19/yarmouth/racecard/516904
2026-09-19,Yarmouth,19:25,2,Harlequin Brinn,516905,Sporting Life,https://www.sportinglife.com/greyhounds/racecards/2026-09-19/yarmouth/racecard/516905
2026-09-19,Yarmouth,19:25,3,Knockduff Dancer,516905,Sporting Life,https://www.sportinglife.com/greyhounds/racecards/2026-09-19/yarmouth/racecard/516905
2026-09-19,Yarmouth,19:25,4,Hunsdon Jimmy,516905,Sporting Life,https://www.sportinglife.com/greyhounds/racecards/2026-09-19/yarmouth/racecard/516905
2026-09-19,Yarmouth,19:25,5,Epic Fire,516905,Sporting Life,https://www.sportinglife.com/greyhounds/racecards/2026-09-19/yarmouth/racecard/516905
2026-09-19,Yarmouth,19:25,6,Swift Yes,516905,Sporting Life,https://www.sportinglife.com/greyhounds/racecards/2026-09-19/yarmouth/racecard/516905
2026-09-19,Yarmouth,19:41,1,Blackrosepopcorn,516906,Sporting Life,https://www.sportinglife.com/greyhounds/racecards/2026-09-19/yarmouth/racecard/516906
2026-09-19,Yarmouth,19:41,2,Ramblin Wild,516906,Sporting Life,https://www.sportinglife.com/greyhounds/racecards/2026-09-19/yarmouth/racecard/516906
2026-09-19,Yarmouth,19:41,3,Miss Titanic,516906,Sporting Life,https://www.sportinglife.com/greyhounds/racecards/2026-09-19/yarmouth/racecard/516906
2026-09-19,Yarmouth,19:41,4,Rapido Camilla,516906,Sporting Life,https://www.sportinglife.com/greyhounds/racecards/2026-09-19/yarmouth/racecard/516906
2026-09-19,Yarmouth,19:41,5,Hawkfield Garry,516906,Sporting Life,https://www.sportinglife.com/greyhounds/racecards/2026-09-19/yarmouth/racecard/516906
2026-09-19,Yarmouth,19:41,6,Value Added,516906,Sporting Life,https://www.sportinglife.com/greyhounds/racecards/2026-09-19/yarmouth/racecard/516906
2026-09-19,Yarmouth,19:59,1,Harlequin Manila,516907,Sporting Life,https://www.sportinglife.com/greyhounds/racecards/2026-09-19/yarmouth/racecard/516907
2026-09-19,Yarmouth,19:59,2,Angel Delight,516907,Sporting Life,https://www.sportinglife.com/greyhounds/racecards/2026-09-19/yarmouth/racecard/516907
2026-09-19,Yarmouth,19:59,3,Savana Magique,516907,Sporting Life,https://www.sportinglife.com/greyhounds/racecards/2026-09-19/yarmouth/racecard/516907
2026-09-19,Yarmouth,19:59,4,Cheery Girl,516907,Sporting Life,https://www.sportinglife.com/greyhounds/racecards/2026-09-19/yarmouth/racecard/516907
2026-09-19,Yarmouth,19:59,5,Blossomgirlbelle,516907,Sporting Life,https://www.sportinglife.com/greyhounds/racecards/2026-09-19/yarmouth/racecard/516907
2026-09-19,Yarmouth,20:17,2,Ardagio,516908,Sporting Life,https://www.sportinglife.com/greyhounds/racecards/2026-09-19/yarmouth/racecard/516908
2026-09-19,Yarmouth,20:17,3,Harlequin Swift,516908,Sporting Life,https://www.sportinglife.com/greyhounds/racecards/2026-09-19/yarmouth/racecard/516908
2026-09-19,Yarmouth,20:17,4,Savana Tango,516908,Sporting Life,https://www.sportinglife.com/greyhounds/racecards/2026-09-19/yarmouth/racecard/516908
2026-09-19,Yarmouth,20:17,5,Eddieslastchance,516908,Sporting Life,https://www.sportinglife.com/greyhounds/racecards/2026-09-19/yarmouth/racecard/516908
2026-09-19,Yarmouth,20:17,6,Savana Mist,516908,Sporting Life,https://www.sportinglife.com/greyhounds/racecards/2026-09-19/yarmouth/racecard/516908
2026-09-19,Yarmouth,20:37,1,Catunda Bo,516909,Sporting Life,https://www.sportinglife.com/greyhounds/racecards/2026-09-19/yarmouth/racecard/516909
2026-09-19,Yarmouth,20:37,2,Zoo Da Man,516909,Sporting Life,https://www.sportinglife.com/greyhounds/racecards/2026-09-19/yarmouth/racecard/516909
2026-09-19,Yarmouth,20:37,3,Bright Layla,516909,Sporting Life,https://www.sportinglife.com/greyhounds/racecards/2026-09-19/yarmouth/racecard/516909
2026-09-19,Yarmouth,20:37,5,A Simple Favour,516909,Sporting Life,https://www.sportinglife.com/greyhounds/racecards/2026-09-19/yarmouth/racecard/516909
2026-09-19,Yarmouth,20:37,6,Swift Engine,516909,Sporting Life,https://www.sportinglife.com/greyhounds/racecards/2026-09-19/yarmouth/racecard/516909
2026-09-19,Yarmouth,20:56,1,Two Slip Jigs,516910,Sporting Life,https://www.sportinglife.com/greyhounds/racecards/2026-09-19/yarmouth/racecard/516910
2026-09-19,Yarmouth,20:56,2,Savana Bo Peep,516910,Sporting Life,https://www.sportinglife.com/greyhounds/racecards/2026-09-19/yarmouth/racecard/516910
2026-09-19,Yarmouth,20:56,3,Strideaway Baby,516910,Sporting Life,https://www.sportinglife.com/greyhounds/racecards/2026-09-19/yarmouth/racecard/516910
2026-09-19,Yarmouth,20:56,4,Drombeg Lyra,516910,Sporting Life,https://www.sportinglife.com/greyhounds/racecards/2026-09-19/yarmouth/racecard/516910
2026-09-19,Yarmouth,20:56,5,Wishful Decko,516910,Sporting Life,https://www.sportinglife.com/greyhounds/racecards/2026-09-19/yarmouth/racecard/516910
2026-09-19,Yarmouth,21:14,2,Liberty Buck,516911,Sporting Life,https://www.sportinglife.com/greyhounds/racecards/2026-09-19/yarmouth/racecard/516911
2026-09-19,Yarmouth,21:14,3,Razzamatazz,516911,Sporting Life,https://www.sportinglife.com/greyhounds/racecards/2026-09-19/yarmouth/racecard/516911
2026-09-19,Yarmouth,21:14,4,Rules Dont Apply,516911,Sporting Life,https://www.sportinglife.com/greyhounds/racecards/2026-09-19/yarmouth/racecard/516911
2026-09-19,Yarmouth,21:14,5,American Aray,516911,Sporting Life,https://www.sportinglife.com/greyhounds/racecards/2026-09-19/yarmouth/racecard/516911
2026-09-19,Yarmouth,21:14,6,Solana Jet,516911,Sporting Life,https://www.sportinglife.com/greyhounds/racecards/2026-09-19/yarmouth/racecard/516911
2026-09-19,Yarmouth,21:32,1,Tyrone Snatch,516912,Sporting Life,https://www.sportinglife.com/greyhounds/racecards/2026-09-19/yarmouth/racecard/516912
2026-09-19,Yarmouth,21:32,2,Whisper Dolly,516912,Sporting Life,https://www.sportinglife.com/greyhounds/racecards/2026-09-19/yarmouth/racecard/516912
2026-09-19,Yarmouth,21:32,3,Champagne Zombie,516912,Sporting Life,https://www.sportinglife.com/greyhounds/racecards/2026-09-19/yarmouth/racecard/516912
2026-09-19,Yarmouth,21:32,4,Morning Delight,516912,Sporting Life,https://www.sportinglife.com/greyhounds/racecards/2026-09-19/yarmouth/racecard/516912
2026-09-19,Yarmouth,21:32,5,All About Glory,516912,Sporting Life,https://www.sportinglife.com/greyhounds/racecards/2026-09-19/yarmouth/racecard/516912
2026-09-19,Yarmouth,21:48,1,Faiths Memory,516913,Sporting Life,https://www.sportinglife.com/greyhounds/racecards/2026-09-19/yarmouth/racecard/516913
2026-09-19,Yarmouth,21:48,3,Thymelea Swift,516913,Sporting Life,https://www.sportinglife.com/greyhounds/racecards/2026-09-19/yarmouth/racecard/516913
2026-09-19,Yarmouth,21:48,4,Hunsdon Major,516913,Sporting Life,https://www.sportinglife.com/greyhounds/racecards/2026-09-19/yarmouth/racecard/516913
2026-09-19,Yarmouth,21:48,5,Harlequin Essex,516913,Sporting Life,https://www.sportinglife.com/greyhounds/racecards/2026-09-19/yarmouth/racecard/516913
2026-09-19,Yarmouth,21:48,6,Oh So Lucky,516913,Sporting Life,https://www.sportinglife.com/greyhounds/racecards/2026-09-19/yarmouth/racecard/516913
2026-09-19,Yarmouth,22:04,1,Harlequin Gambit,516914,Sporting Life,https://www.sportinglife.com/greyhounds/racecards/2026-09-19/yarmouth/racecard/516914
2026-09-19,Yarmouth,22:04,2,Glory Diamond,516914,Sporting Life,https://www.sportinglife.com/greyhounds/racecards/2026-09-19/yarmouth/racecard/516914
2026-09-19,Yarmouth,22:04,3,Clononeen Ana,516914,Sporting Life,https://www.sportinglife.com/greyhounds/racecards/2026-09-19/yarmouth/racecard/516914
2026-09-19,Yarmouth,22:04,4,Worth The Risk,516914,Sporting Life,https://www.sportinglife.com/greyhounds/racecards/2026-09-19/yarmouth/racecard/516914
2026-09-19,Yarmouth,22:04,6,Saleen Ace,516914,Sporting Life,https://www.sportinglife.com/greyhounds/racecards/2026-09-19/yarmouth/racecard/516914
2026-09-19,Yarmouth,22:22,1,Oldtrafford Girl,516915,Sporting Life,https://www.sportinglife.com/greyhounds/racecards/2026-09-19/yarmouth/racecard/516915
2026-09-19,Yarmouth,22:22,3,Magical Wolf,516915,Sporting Life,https://www.sportinglife.com/greyhounds/racecards/2026-09-19/yarmouth/racecard/516915
2026-09-19,Yarmouth,22:22,4,Mallogs Freddie,516915,Sporting Life,https://www.sportinglife.com/greyhounds/racecards/2026-09-19/yarmouth/racecard/516915
2026-09-19,Yarmouth,22:22,5,Frankton Ten,516915,Sporting Life,https://www.sportinglife.com/greyhounds/racecards/2026-09-19/yarmouth/racecard/516915
2026-09-19,Yarmouth,22:22,6,Kereight Fraud,516915,Sporting Life,https://www.sportinglife.com/greyhounds/racecards/2026-09-19/yarmouth/racecard/516915
