date,track,race_time,runner_number,dog_name,race_id,source,race_url
2026-08-29,Central Park,17:30,1,Insane Simone,514260,Sporting Life,https://www.sportinglife.com/greyhounds/racecards/2026-08-29/central-park/racecard/514260
2026-08-29,Central Park,17:30,2,Foxwood Zach,514260,Sporting Life,https://www.sportinglife.com/greyhounds/racecards/2026-08-29/central-park/racecard/514260
2026-08-29,Central Park,17:30,3,King Ringo,514260,Sporting Life,https://www.sportinglife.com/greyhounds/racecards/2026-08-29/central-park/racecard/514260
2026-08-29,Central Park,17:30,4,Westwood Gem,514260,Sporting Life,https://www.sportinglife.com/greyhounds/racecards/2026-08-29/central-park/racecard/514260
2026-08-29,Central Park,17:30,5,Notorious Sue,514260,Sporting Life,https://www.sportinglife.com/greyhounds/racecards/2026-08-29/central-park/racecard/514260
2026-08-29,Central Park,17:30,6,Barnora Kate,514260,Sporting Life,https://www.sportinglife.com/greyhounds/racecards/2026-08-29/central-park/racecard/514260
2026-08-29,Central Park,17:50,1,Francos Matt,514261,Sporting Life,https://www.sportinglife.com/greyhounds/racecards/2026-08-29/central-park/racecard/514261
2026-08-29,Central Park,17:50,3,Ima Rocket Fran,514261,Sporting Life,https://www.sportinglife.com/greyhounds/racecards/2026-08-29/central-park/racecard/514261
2026-08-29,Central Park,17:50,4,Crossbar,514261,Sporting Life,https://www.sportinglife.com/greyhounds/racecards/2026-08-29/central-park/racecard/514261
2026-08-29,Central Park,17:50,5,Rossa Annie,514261,Sporting Life,https://www.sportinglife.com/greyhounds/racecards/2026-08-29/central-park/racecard/514261
2026-08-29,Central Park,17:50,6,Ballydoyle Megan,514261,Sporting Life,https://www.sportinglife.com/greyhounds/racecards/2026-08-29/central-park/racecard/514261
2026-08-29,Central Park,18:10,1,Savana Sparky,514262,Sporting Life,https://www.sportinglife.com/greyhounds/racecards/2026-08-29/central-park/racecard/514262
2026-08-29,Central Park,18:10,2,Pulleen Misty,514262,Sporting Life,https://www.sportinglife.com/greyhounds/racecards/2026-08-29/central-park/racecard/514262
2026-08-29,Central Park,18:10,3,Harlequin Missy,514262,Sporting Life,https://www.sportinglife.com/greyhounds/racecards/2026-08-29/central-park/racecard/514262
2026-08-29,Central Park,18:10,4,Miss Puddy,514262,Sporting Life,https://www.sportinglife.com/greyhounds/racecards/2026-08-29/central-park/racecard/514262
2026-08-29,Central Park,18:10,5,One More Tune,514262,Sporting Life,https://www.sportinglife.com/greyhounds/racecards/2026-08-29/central-park/racecard/514262
2026-08-29,Central Park,18:10,6,Insane Gee Two,514262,Sporting Life,https://www.sportinglife.com/greyhounds/racecards/2026-08-29/central-park/racecard/514262
2026-08-29,Central Park,18:30,1,Devonshire Lad,514263,Sporting Life,https://www.sportinglife.com/greyhounds/racecards/2026-08-29/central-park/racecard/514263
2026-08-29,Central Park,18:30,2,Swift Factor,514263,Sporting Life,https://www.sportinglife.com/greyhounds/racecards/2026-08-29/central-park/racecard/514263
2026-08-29,Central Park,18:30,4,Windsor Times,514263,Sporting Life,https://www.sportinglife.com/greyhounds/racecards/2026-08-29/central-park/racecard/514263
2026-08-29,Central Park,18:30,5,Heygood Lookin,514263,Sporting Life,https://www.sportinglife.com/greyhounds/racecards/2026-08-29/central-park/racecard/514263
2026-08-29,Central Park,18:30,6,Windsor Beauty,514263,Sporting Life,https://www.sportinglife.com/greyhounds/racecards/2026-08-29/central-park/racecard/514263
2026-08-29,Central Park,18:50,1,Always Hoffa,514264,Sporting Life,https://www.sportinglife.com/greyhounds/racecards/2026-08-29/central-park/racecard/514264
2026-08-29,Central Park,18:50,2,Devonshire Lady,514264,Sporting Life,https://www.sportinglife.com/greyhounds/racecards/2026-08-29/central-park/racecard/514264
2026-08-29,Central Park,18:50,3,Snowdon Mel,514264,Sporting Life,https://www.sportinglife.com/greyhounds/racecards/2026-08-29/central-park/racecard/514264
2026-08-29,Central Park,18:50,4,Swift Bree,514264,Sporting Life,https://www.sportinglife.com/greyhounds/racecards/2026-08-29/central-park/racecard/514264
2026-08-29,Central Park,18:50,5,Glenhead Tom,514264,Sporting Life,https://www.sportinglife.com/greyhounds/racecards/2026-08-29/central-park/racecard/514264
2026-08-29,Central Park,18:50,6,Bluejig Jane,514264,Sporting Life,https://www.sportinglife.com/greyhounds/racecards/2026-08-29/central-park/racecard/514264
2026-08-29,Central Park,19:10,1,Woodys Banga,514265,Sporting Life,https://www.sportinglife.com/greyhounds/racecards/2026-08-29/central-park/racecard/514265
2026-08-29,Central Park,19:10,2,Insane Cuddles,514265,Sporting Life,https://www.sportinglife.com/greyhounds/racecards/2026-08-29/central-park/racecard/514265
2026-08-29,Central Park,19:10,3,Beach Holiday,514265,Sporting Life,https://www.sportinglife.com/greyhounds/racecards/2026-08-29/central-park/racecard/514265
2026-08-29,Central Park,19:10,4,Ivy Hill Ariel,514265,Sporting Life,https://www.sportinglife.com/greyhounds/racecards/2026-08-29/central-park/racecard/514265
2026-08-29,Central Park,19:10,5,Media Mogul,514265,Sporting Life,https://www.sportinglife.com/greyhounds/racecards/2026-08-29/central-park/racecard/514265
2026-08-29,Central Park,19:10,6,Bowes Hill News,514265,Sporting Life,https://www.sportinglife.com/greyhounds/racecards/2026-08-29/central-park/racecard/514265
2026-08-29,Central Park,19:30,1,Foxwood Christy,514266,Sporting Life,https://www.sportinglife.com/greyhounds/racecards/2026-08-29/central-park/racecard/514266
2026-08-29,Central Park,19:30,2,Catch My Girl,514266,Sporting Life,https://www.sportinglife.com/greyhounds/racecards/2026-08-29/central-park/racecard/514266
2026-08-29,Central Park,19:30,3,Deelish Beauty,514266,Sporting Life,https://www.sportinglife.com/greyhounds/racecards/2026-08-29/central-park/racecard/514266
2026-08-29,Central Park,19:30,4,Samba Blaze,514266,Sporting Life,https://www.sportinglife.com/greyhounds/racecards/2026-08-29/central-park/racecard/514266
2026-08-29,Central Park,19:30,5,Wicky Podge,514266,Sporting Life,https://www.sportinglife.com/greyhounds/racecards/2026-08-29/central-park/racecard/514266
2026-08-29,Central Park,19:30,6,Sonnys Lou Lou,514266,Sporting Life,https://www.sportinglife.com/greyhounds/racecards/2026-08-29/central-park/racecard/514266
2026-08-29,Central Park,19:50,1,Deelish Lady,514267,Sporting Life,https://www.sportinglife.com/greyhounds/racecards/2026-08-29/central-park/racecard/514267
2026-08-29,Central Park,19:50,2,Headford Fiona,514267,Sporting Life,https://www.sportinglife.com/greyhounds/racecards/2026-08-29/central-park/racecard/514267
2026-08-29,Central Park,19:50,3,Yassoo Gee One,514267,Sporting Life,https://www.sportinglife.com/greyhounds/racecards/2026-08-29/central-park/racecard/514267
2026-08-29,Central Park,19:50,4,Martindale Lad,514267,Sporting Life,https://www.sportinglife.com/greyhounds/racecards/2026-08-29/central-park/racecard/514267
2026-08-29,Central Park,19:50,5,Slaneyside Swade,514267,Sporting Life,https://www.sportinglife.com/greyhounds/racecards/2026-08-29/central-park/racecard/514267
2026-08-29,Central Park,19:50,6,Sehnsa Legend,514267,Sporting Life,https://www.sportinglife.com/greyhounds/racecards/2026-08-29/central-park/racecard/514267
2026-08-29,Central Park,20:10,1,Highview Levi,514268,Sporting Life,https://www.sportinglife.com/greyhounds/racecards/2026-08-29/central-park/racecard/514268
2026-08-29,Central Park,20:10,2,Westwood Bill,514268,Sporting Life,https://www.sportinglife.com/greyhounds/racecards/2026-08-29/central-park/racecard/514268
2026-08-29,Central Park,20:10,3,Westwood Betty,514268,Sporting Life,https://www.sportinglife.com/greyhounds/racecards/2026-08-29/central-park/racecard/514268
2026-08-29,Central Park,20:10,4,Alright Tallent,514268,Sporting Life,https://www.sportinglife.com/greyhounds/racecards/2026-08-29/central-park/racecard/514268
2026-08-29,Central Park,20:10,5,Front Amara,514268,Sporting Life,https://www.sportinglife.com/greyhounds/racecards/2026-08-29/central-park/racecard/514268
2026-08-29,Central Park,20:10,6,Zari Mahoonagh,514268,Sporting Life,https://www.sportinglife.com/greyhounds/racecards/2026-08-29/central-park/racecard/514268
2026-08-29,Central Park,20:30,1,Havana Jetstream,514269,Sporting Life,https://www.sportinglife.com/greyhounds/racecards/2026-08-29/central-park/racecard/514269
2026-08-29,Central Park,20:30,2,Speedy Simone,514269,Sporting Life,https://www.sportinglife.com/greyhounds/racecards/2026-08-29/central-park/racecard/514269
2026-08-29,Central Park,20:30,3,Insane Mariela,514269,Sporting Life,https://www.sportinglife.com/greyhounds/racecards/2026-08-29/central-park/racecard/514269
2026-08-29,Central Park,20:30,4,Tassie Ted,514269,Sporting Life,https://www.sportinglife.com/greyhounds/racecards/2026-08-29/central-park/racecard/514269
2026-08-29,Central Park,20:30,5,Emers Dex,514269,Sporting Life,https://www.sportinglife.com/greyhounds/racecards/2026-08-29/central-park/racecard/514269
2026-08-29,Central Park,20:30,6,Swift Ice Cream,514269,Sporting Life,https://www.sportinglife.com/greyhounds/racecards/2026-08-29/central-park/racecard/514269
2026-08-29,Central Park,20:50,1,Beach Bar,514270,Sporting Life,https://www.sportinglife.com/greyhounds/racecards/2026-08-29/central-park/racecard/514270
2026-08-29,Central Park,20:50,2,Ballyhimikin Joe,514270,Sporting Life,https://www.sportinglife.com/greyhounds/racecards/2026-08-29/central-park/racecard/514270
2026-08-29,Central Park,20:50,3,Roseville Chic,514270,Sporting Life,https://www.sportinglife.com/greyhounds/racecards/2026-08-29/central-park/racecard/514270
2026-08-29,Central Park,20:50,5,Mongys Grace,514270,Sporting Life,https://www.sportinglife.com/greyhounds/racecards/2026-08-29/central-park/racecard/514270
2026-08-29,Central Park,20:50,6,Charity,514270,Sporting Life,https://www.sportinglife.com/greyhounds/racecards/2026-08-29/central-park/racecard/514270
2026-08-29,Central Park,21:10,1,Dark Madam,514271,Sporting Life,https://www.sportinglife.com/greyhounds/racecards/2026-08-29/central-park/racecard/514271
2026-08-29,Central Park,21:10,2,Brinkleys Betty,514271,Sporting Life,https://www.sportinglife.com/greyhounds/racecards/2026-08-29/central-park/racecard/514271
2026-08-29,Central Park,21:10,3,Shes A Gooner,514271,Sporting Life,https://www.sportinglife.com/greyhounds/racecards/2026-08-29/central-park/racecard/514271
2026-08-29,Central Park,21:10,4,Headford Lily,514271,Sporting Life,https://www.sportinglife.com/greyhounds/racecards/2026-08-29/central-park/racecard/514271
2026-08-29,Central Park,21:10,5,Coloured Magic,514271,Sporting Life,https://www.sportinglife.com/greyhounds/racecards/2026-08-29/central-park/racecard/514271
2026-08-29,Central Park,21:10,6,Jumpstart Sarah,514271,Sporting Life,https://www.sportinglife.com/greyhounds/racecards/2026-08-29/central-park/racecard/514271
2026-08-29,Central Park,21:30,1,Alright Bullet,514272,Sporting Life,https://www.sportinglife.com/greyhounds/racecards/2026-08-29/central-park/racecard/514272
2026-08-29,Central Park,21:30,2,Westwood Shay,514272,Sporting Life,https://www.sportinglife.com/greyhounds/racecards/2026-08-29/central-park/racecard/514272
2026-08-29,Central Park,21:30,3,Patriot Game,514272,Sporting Life,https://www.sportinglife.com/greyhounds/racecards/2026-08-29/central-park/racecard/514272
2026-08-29,Central Park,21:30,4,Front Polo,514272,Sporting Life,https://www.sportinglife.com/greyhounds/racecards/2026-08-29/central-park/racecard/514272
2026-08-29,Central Park,21:30,5,Moving Force,514272,Sporting Life,https://www.sportinglife.com/greyhounds/racecards/2026-08-29/central-park/racecard/514272
2026-08-29,Central Park,21:30,6,Droopys Samara,514272,Sporting Life,https://www.sportinglife.com/greyhounds/racecards/2026-08-29/central-park/racecard/514272
2026-08-29,Doncaster,10:32,1,Cockneys Gals,514122,Sporting Life,https://www.sportinglife.com/greyhounds/racecards/2026-08-29/doncaster/racecard/514122
2026-08-29,Doncaster,10:32,2,Leahs Pat,514122,Sporting Life,https://www.sportinglife.com/greyhounds/racecards/2026-08-29/doncaster/racecard/514122
2026-08-29,Doncaster,10:32,3,Zero To Hero,514122,Sporting Life,https://www.sportinglife.com/greyhounds/racecards/2026-08-29/doncaster/racecard/514122
2026-08-29,Doncaster,10:32,4,Ballyrobin Liz,514122,Sporting Life,https://www.sportinglife.com/greyhounds/racecards/2026-08-29/doncaster/racecard/514122
2026-08-29,Doncaster,10:32,5,Cockneys Cracker,514122,Sporting Life,https://www.sportinglife.com/greyhounds/racecards/2026-08-29/doncaster/racecard/514122
2026-08-29,Doncaster,10:48,1,Azeman,514123,Sporting Life,https://www.sportinglife.com/greyhounds/racecards/2026-08-29/doncaster/racecard/514123
2026-08-29,Doncaster,10:48,2,Hawthorn Speed,514123,Sporting Life,https://www.sportinglife.com/greyhounds/racecards/2026-08-29/doncaster/racecard/514123
2026-08-29,Doncaster,10:48,4,Time Bandit,514123,Sporting Life,https://www.sportinglife.com/greyhounds/racecards/2026-08-29/doncaster/racecard/514123
2026-08-29,Doncaster,10:48,5,Shackelton Ace,514123,Sporting Life,https://www.sportinglife.com/greyhounds/racecards/2026-08-29/doncaster/racecard/514123
2026-08-29,Doncaster,10:48,6,Hes Got Style,514123,Sporting Life,https://www.sportinglife.com/greyhounds/racecards/2026-08-29/doncaster/racecard/514123
2026-08-29,Doncaster,11:04,1,Maybe Sydney,514124,Sporting Life,https://www.sportinglife.com/greyhounds/racecards/2026-08-29/doncaster/racecard/514124
2026-08-29,Doncaster,11:04,2,Vinegarhill Kurn,514124,Sporting Life,https://www.sportinglife.com/greyhounds/racecards/2026-08-29/doncaster/racecard/514124
2026-08-29,Doncaster,11:04,3,Millabbey Kitty,514124,Sporting Life,https://www.sportinglife.com/greyhounds/racecards/2026-08-29/doncaster/racecard/514124
2026-08-29,Doncaster,11:04,4,Vinegarhill Cash,514124,Sporting Life,https://www.sportinglife.com/greyhounds/racecards/2026-08-29/doncaster/racecard/514124
2026-08-29,Doncaster,11:04,5,Grouchos Smasher,514124,Sporting Life,https://www.sportinglife.com/greyhounds/racecards/2026-08-29/doncaster/racecard/514124
2026-08-29,Doncaster,11:04,6,Redbrick Cantona,514124,Sporting Life,https://www.sportinglife.com/greyhounds/racecards/2026-08-29/doncaster/racecard/514124
2026-08-29,Doncaster,11:21,1,Pulleen Princess,514125,Sporting Life,https://www.sportinglife.com/greyhounds/racecards/2026-08-29/doncaster/racecard/514125
2026-08-29,Doncaster,11:21,2,Stoney Bono,514125,Sporting Life,https://www.sportinglife.com/greyhounds/racecards/2026-08-29/doncaster/racecard/514125
2026-08-29,Doncaster,11:21,3,Real Gone Kid,514125,Sporting Life,https://www.sportinglife.com/greyhounds/racecards/2026-08-29/doncaster/racecard/514125
2026-08-29,Doncaster,11:21,4,Daleroad Dasher,514125,Sporting Life,https://www.sportinglife.com/greyhounds/racecards/2026-08-29/doncaster/racecard/514125
2026-08-29,Doncaster,11:21,5,Redbrick Milner,514125,Sporting Life,https://www.sportinglife.com/greyhounds/racecards/2026-08-29/doncaster/racecard/514125
2026-08-29,Doncaster,11:38,2,Grouchos Ivy,514126,Sporting Life,https://www.sportinglife.com/greyhounds/racecards/2026-08-29/doncaster/racecard/514126
2026-08-29,Doncaster,11:38,3,Grouchos Links,514126,Sporting Life,https://www.sportinglife.com/greyhounds/racecards/2026-08-29/doncaster/racecard/514126
2026-08-29,Doncaster,11:38,4,Easy Find,514126,Sporting Life,https://www.sportinglife.com/greyhounds/racecards/2026-08-29/doncaster/racecard/514126
2026-08-29,Doncaster,11:38,5,Boughtinmulcahys,514126,Sporting Life,https://www.sportinglife.com/greyhounds/racecards/2026-08-29/doncaster/racecard/514126
2026-08-29,Doncaster,11:38,6,Jazza Belle,514126,Sporting Life,https://www.sportinglife.com/greyhounds/racecards/2026-08-29/doncaster/racecard/514126
2026-08-29,Doncaster,11:54,1,Water Diviner,514127,Sporting Life,https://www.sportinglife.com/greyhounds/racecards/2026-08-29/doncaster/racecard/514127
2026-08-29,Doncaster,11:54,2,Approaching Dawn,514127,Sporting Life,https://www.sportinglife.com/greyhounds/racecards/2026-08-29/doncaster/racecard/514127
2026-08-29,Doncaster,11:54,3,Gethoffame,514127,Sporting Life,https://www.sportinglife.com/greyhounds/racecards/2026-08-29/doncaster/racecard/514127
2026-08-29,Doncaster,11:54,4,Slaine Luna,514127,Sporting Life,https://www.sportinglife.com/greyhounds/racecards/2026-08-29/doncaster/racecard/514127
2026-08-29,Doncaster,11:54,5,Millhouse Ian,514127,Sporting Life,https://www.sportinglife.com/greyhounds/racecards/2026-08-29/doncaster/racecard/514127
2026-08-29,Doncaster,12:12,1,Redbrick Rose,514128,Sporting Life,https://www.sportinglife.com/greyhounds/racecards/2026-08-29/doncaster/racecard/514128
2026-08-29,Doncaster,12:12,2,Hasty Sam,514128,Sporting Life,https://www.sportinglife.com/greyhounds/racecards/2026-08-29/doncaster/racecard/514128
2026-08-29,Doncaster,12:12,3,Flosses Mcqueen,514128,Sporting Life,https://www.sportinglife.com/greyhounds/racecards/2026-08-29/doncaster/racecard/514128
2026-08-29,Doncaster,12:12,4,Glitter Cooky,514128,Sporting Life,https://www.sportinglife.com/greyhounds/racecards/2026-08-29/doncaster/racecard/514128
2026-08-29,Doncaster,12:12,5,Royal Flush,514128,Sporting Life,https://www.sportinglife.com/greyhounds/racecards/2026-08-29/doncaster/racecard/514128
2026-08-29,Doncaster,12:12,6,Footfield Nala,514128,Sporting Life,https://www.sportinglife.com/greyhounds/racecards/2026-08-29/doncaster/racecard/514128
2026-08-29,Doncaster,12:29,1,Fast And Fierce,514129,Sporting Life,https://www.sportinglife.com/greyhounds/racecards/2026-08-29/doncaster/racecard/514129
2026-08-29,Doncaster,12:29,2,Are You Sure,514129,Sporting Life,https://www.sportinglife.com/greyhounds/racecards/2026-08-29/doncaster/racecard/514129
2026-08-29,Doncaster,12:29,4,Millhouse Len,514129,Sporting Life,https://www.sportinglife.com/greyhounds/racecards/2026-08-29/doncaster/racecard/514129
2026-08-29,Doncaster,12:29,5,Stoneparkfortune,514129,Sporting Life,https://www.sportinglife.com/greyhounds/racecards/2026-08-29/doncaster/racecard/514129
2026-08-29,Doncaster,12:29,6,Flosses Prada,514129,Sporting Life,https://www.sportinglife.com/greyhounds/racecards/2026-08-29/doncaster/racecard/514129
2026-08-29,Doncaster,18:11,1,Droopys Zaria,514130,Sporting Life,https://www.sportinglife.com/greyhounds/racecards/2026-08-29/doncaster/racecard/514130
2026-08-29,Doncaster,18:11,2,Skeard Noah,514130,Sporting Life,https://www.sportinglife.com/greyhounds/racecards/2026-08-29/doncaster/racecard/514130
2026-08-29,Doncaster,18:11,3,Swift You,514130,Sporting Life,https://www.sportinglife.com/greyhounds/racecards/2026-08-29/doncaster/racecard/514130
2026-08-29,Doncaster,18:11,4,Ballymac Panzara,514130,Sporting Life,https://www.sportinglife.com/greyhounds/racecards/2026-08-29/doncaster/racecard/514130
2026-08-29,Doncaster,18:11,5,Cockneys Crafty,514130,Sporting Life,https://www.sportinglife.com/greyhounds/racecards/2026-08-29/doncaster/racecard/514130
2026-08-29,Doncaster,18:11,6,Mossend Hawk,514130,Sporting Life,https://www.sportinglife.com/greyhounds/racecards/2026-08-29/doncaster/racecard/514130
2026-08-29,Doncaster,18:29,1,Keefill Indy,514131,Sporting Life,https://www.sportinglife.com/greyhounds/racecards/2026-08-29/doncaster/racecard/514131
2026-08-29,Doncaster,18:29,2,Drumdoit Fern,514131,Sporting Life,https://www.sportinglife.com/greyhounds/racecards/2026-08-29/doncaster/racecard/514131
2026-08-29,Doncaster,18:29,3,Keefill Bingo,514131,Sporting Life,https://www.sportinglife.com/greyhounds/racecards/2026-08-29/doncaster/racecard/514131
2026-08-29,Doncaster,18:29,4,Skidrow Luna,514131,Sporting Life,https://www.sportinglife.com/greyhounds/racecards/2026-08-29/doncaster/racecard/514131
2026-08-29,Doncaster,18:29,5,Java Kate,514131,Sporting Life,https://www.sportinglife.com/greyhounds/racecards/2026-08-29/doncaster/racecard/514131
2026-08-29,Doncaster,18:46,1,Jimmys Chew,514132,Sporting Life,https://www.sportinglife.com/greyhounds/racecards/2026-08-29/doncaster/racecard/514132
2026-08-29,Doncaster,18:46,2,Jays Pippin,514132,Sporting Life,https://www.sportinglife.com/greyhounds/racecards/2026-08-29/doncaster/racecard/514132
2026-08-29,Doncaster,18:46,4,Coonough Scobie,514132,Sporting Life,https://www.sportinglife.com/greyhounds/racecards/2026-08-29/doncaster/racecard/514132
2026-08-29,Doncaster,18:46,5,Favourite Rogue,514132,Sporting Life,https://www.sportinglife.com/greyhounds/racecards/2026-08-29/doncaster/racecard/514132
2026-08-29,Doncaster,18:46,6,Grovenor Mona,514132,Sporting Life,https://www.sportinglife.com/greyhounds/racecards/2026-08-29/doncaster/racecard/514132
2026-08-29,Doncaster,19:04,1,What A Storm,514133,Sporting Life,https://www.sportinglife.com/greyhounds/racecards/2026-08-29/doncaster/racecard/514133
2026-08-29,Doncaster,19:04,2,Trumpers Tucci,514133,Sporting Life,https://www.sportinglife.com/greyhounds/racecards/2026-08-29/doncaster/racecard/514133
2026-08-29,Doncaster,19:04,3,Old Fort Lakota,514133,Sporting Life,https://www.sportinglife.com/greyhounds/racecards/2026-08-29/doncaster/racecard/514133
2026-08-29,Doncaster,19:04,4,Kender,514133,Sporting Life,https://www.sportinglife.com/greyhounds/racecards/2026-08-29/doncaster/racecard/514133
2026-08-29,Doncaster,19:04,5,Notawordsaid,514133,Sporting Life,https://www.sportinglife.com/greyhounds/racecards/2026-08-29/doncaster/racecard/514133
2026-08-29,Doncaster,19:24,1,Grovenor Eevee,514134,Sporting Life,https://www.sportinglife.com/greyhounds/racecards/2026-08-29/doncaster/racecard/514134
2026-08-29,Doncaster,19:24,2,Trumpers Bobcat,514134,Sporting Life,https://www.sportinglife.com/greyhounds/racecards/2026-08-29/doncaster/racecard/514134
2026-08-29,Doncaster,19:24,3,Keefill Sequoia,514134,Sporting Life,https://www.sportinglife.com/greyhounds/racecards/2026-08-29/doncaster/racecard/514134
2026-08-29,Doncaster,19:24,4,Crafty Hopscotch,514134,Sporting Life,https://www.sportinglife.com/greyhounds/racecards/2026-08-29/doncaster/racecard/514134
2026-08-29,Doncaster,19:24,5,Rockmount Bob,514134,Sporting Life,https://www.sportinglife.com/greyhounds/racecards/2026-08-29/doncaster/racecard/514134
2026-08-29,Doncaster,19:42,1,Grovenor Sophie,514135,Sporting Life,https://www.sportinglife.com/greyhounds/racecards/2026-08-29/doncaster/racecard/514135
2026-08-29,Doncaster,19:42,2,Tromora Cross,514135,Sporting Life,https://www.sportinglife.com/greyhounds/racecards/2026-08-29/doncaster/racecard/514135
2026-08-29,Doncaster,19:42,3,Jella,514135,Sporting Life,https://www.sportinglife.com/greyhounds/racecards/2026-08-29/doncaster/racecard/514135
2026-08-29,Doncaster,19:42,4,Abigails Cian,514135,Sporting Life,https://www.sportinglife.com/greyhounds/racecards/2026-08-29/doncaster/racecard/514135
2026-08-29,Doncaster,19:42,5,Butlers Lane,514135,Sporting Life,https://www.sportinglife.com/greyhounds/racecards/2026-08-29/doncaster/racecard/514135
2026-08-29,Doncaster,19:58,1,Rebel Eclipse,514136,Sporting Life,https://www.sportinglife.com/greyhounds/racecards/2026-08-29/doncaster/racecard/514136
2026-08-29,Doncaster,19:58,2,Ballymac Loe,514136,Sporting Life,https://www.sportinglife.com/greyhounds/racecards/2026-08-29/doncaster/racecard/514136
2026-08-29,Doncaster,19:58,3,Grovenor Lynx,514136,Sporting Life,https://www.sportinglife.com/greyhounds/racecards/2026-08-29/doncaster/racecard/514136
2026-08-29,Doncaster,19:58,4,Rosshill Storm,514136,Sporting Life,https://www.sportinglife.com/greyhounds/racecards/2026-08-29/doncaster/racecard/514136
2026-08-29,Doncaster,19:58,5,Aghaburren Lucas,514136,Sporting Life,https://www.sportinglife.com/greyhounds/racecards/2026-08-29/doncaster/racecard/514136
2026-08-29,Doncaster,19:58,6,Parkview Tommy,514136,Sporting Life,https://www.sportinglife.com/greyhounds/racecards/2026-08-29/doncaster/racecard/514136
2026-08-29,Doncaster,20:16,1,Ballymac Lucia,514137,Sporting Life,https://www.sportinglife.com/greyhounds/racecards/2026-08-29/doncaster/racecard/514137
2026-08-29,Doncaster,20:16,2,Charming Delight,514137,Sporting Life,https://www.sportinglife.com/greyhounds/racecards/2026-08-29/doncaster/racecard/514137
2026-08-29,Doncaster,20:16,3,Fourpenny Gift,514137,Sporting Life,https://www.sportinglife.com/greyhounds/racecards/2026-08-29/doncaster/racecard/514137
2026-08-29,Doncaster,20:16,4,Ivy Hill Stella,514137,Sporting Life,https://www.sportinglife.com/greyhounds/racecards/2026-08-29/doncaster/racecard/514137
2026-08-29,Doncaster,20:16,5,Clongeel Goody,514137,Sporting Life,https://www.sportinglife.com/greyhounds/racecards/2026-08-29/doncaster/racecard/514137
2026-08-29,Doncaster,20:16,6,Magical Harper,514137,Sporting Life,https://www.sportinglife.com/greyhounds/racecards/2026-08-29/doncaster/racecard/514137
2026-08-29,Doncaster,20:34,1,Vale Speedy,514138,Sporting Life,https://www.sportinglife.com/greyhounds/racecards/2026-08-29/doncaster/racecard/514138
2026-08-29,Doncaster,20:34,2,Westway Sailor,514138,Sporting Life,https://www.sportinglife.com/greyhounds/racecards/2026-08-29/doncaster/racecard/514138
2026-08-29,Doncaster,20:34,3,Good Hormuz,514138,Sporting Life,https://www.sportinglife.com/greyhounds/racecards/2026-08-29/doncaster/racecard/514138
2026-08-29,Doncaster,20:34,4,Mossend Magic,514138,Sporting Life,https://www.sportinglife.com/greyhounds/racecards/2026-08-29/doncaster/racecard/514138
2026-08-29,Doncaster,20:34,5,Senahel Scorpion,514138,Sporting Life,https://www.sportinglife.com/greyhounds/racecards/2026-08-29/doncaster/racecard/514138
2026-08-29,Doncaster,20:34,6,Stellas Incharge,514138,Sporting Life,https://www.sportinglife.com/greyhounds/racecards/2026-08-29/doncaster/racecard/514138
2026-08-29,Doncaster,20:52,1,Cascabel,514139,Sporting Life,https://www.sportinglife.com/greyhounds/racecards/2026-08-29/doncaster/racecard/514139
2026-08-29,Doncaster,20:52,2,The Other Chief,514139,Sporting Life,https://www.sportinglife.com/greyhounds/racecards/2026-08-29/doncaster/racecard/514139
2026-08-29,Doncaster,20:52,3,Ballymac Lawless,514139,Sporting Life,https://www.sportinglife.com/greyhounds/racecards/2026-08-29/doncaster/racecard/514139
2026-08-29,Doncaster,20:52,4,Grumpy Kevin,514139,Sporting Life,https://www.sportinglife.com/greyhounds/racecards/2026-08-29/doncaster/racecard/514139
2026-08-29,Doncaster,20:52,5,Thurlesbeg Lexy,514139,Sporting Life,https://www.sportinglife.com/greyhounds/racecards/2026-08-29/doncaster/racecard/514139
2026-08-29,Doncaster,20:52,6,Carrick Cantona,514139,Sporting Life,https://www.sportinglife.com/greyhounds/racecards/2026-08-29/doncaster/racecard/514139
2026-08-29,Doncaster,21:09,1,Skyfall Mini,514140,Sporting Life,https://www.sportinglife.com/greyhounds/racecards/2026-08-29/doncaster/racecard/514140
2026-08-29,Doncaster,21:09,2,Superb Morning,514140,Sporting Life,https://www.sportinglife.com/greyhounds/racecards/2026-08-29/doncaster/racecard/514140
2026-08-29,Doncaster,21:09,4,Carakeel Express,514140,Sporting Life,https://www.sportinglife.com/greyhounds/racecards/2026-08-29/doncaster/racecard/514140
2026-08-29,Doncaster,21:09,5,Grumpy Jacko,514140,Sporting Life,https://www.sportinglife.com/greyhounds/racecards/2026-08-29/doncaster/racecard/514140
2026-08-29,Doncaster,21:09,6,Aghaburren Luna,514140,Sporting Life,https://www.sportinglife.com/greyhounds/racecards/2026-08-29/doncaster/racecard/514140
2026-08-29,Doncaster,21:26,1,Quill Quids,514141,Sporting Life,https://www.sportinglife.com/greyhounds/racecards/2026-08-29/doncaster/racecard/514141
2026-08-29,Doncaster,21:26,3,Grumpy Frankie,514141,Sporting Life,https://www.sportinglife.com/greyhounds/racecards/2026-08-29/doncaster/racecard/514141
2026-08-29,Doncaster,21:26,4,Magical Supreme,514141,Sporting Life,https://www.sportinglife.com/greyhounds/racecards/2026-08-29/doncaster/racecard/514141
2026-08-29,Doncaster,21:26,5,Epic Rebel,514141,Sporting Life,https://www.sportinglife.com/greyhounds/racecards/2026-08-29/doncaster/racecard/514141
2026-08-29,Doncaster,21:26,6,Annadown Debbie,514141,Sporting Life,https://www.sportinglife.com/greyhounds/racecards/2026-08-29/doncaster/racecard/514141
2026-08-29,Dunstall Park,18:20,1,Swift Helena,514110,Sporting Life,https://www.sportinglife.com/greyhounds/racecards/2026-08-29/dunstall-park/racecard/514110
2026-08-29,Dunstall Park,18:20,2,Vahbelle,514110,Sporting Life,https://www.sportinglife.com/greyhounds/racecards/2026-08-29/dunstall-park/racecard/514110
2026-08-29,Dunstall Park,18:20,3,Skyfall Khan,514110,Sporting Life,https://www.sportinglife.com/greyhounds/racecards/2026-08-29/dunstall-park/racecard/514110
2026-08-29,Dunstall Park,18:20,4,Droopys Poker,514110,Sporting Life,https://www.sportinglife.com/greyhounds/racecards/2026-08-29/dunstall-park/racecard/514110
2026-08-29,Dunstall Park,18:20,5,Hows That,514110,Sporting Life,https://www.sportinglife.com/greyhounds/racecards/2026-08-29/dunstall-park/racecard/514110
2026-08-29,Dunstall Park,18:20,6,Da Mighty Man,514110,Sporting Life,https://www.sportinglife.com/greyhounds/racecards/2026-08-29/dunstall-park/racecard/514110
2026-08-29,Dunstall Park,18:38,1,Moulton Kathleen,514111,Sporting Life,https://www.sportinglife.com/greyhounds/racecards/2026-08-29/dunstall-park/racecard/514111
2026-08-29,Dunstall Park,18:38,2,Tooreen Rose,514111,Sporting Life,https://www.sportinglife.com/greyhounds/racecards/2026-08-29/dunstall-park/racecard/514111
2026-08-29,Dunstall Park,18:38,3,Droopys Rhona,514111,Sporting Life,https://www.sportinglife.com/greyhounds/racecards/2026-08-29/dunstall-park/racecard/514111
2026-08-29,Dunstall Park,18:38,4,Zip Away,514111,Sporting Life,https://www.sportinglife.com/greyhounds/racecards/2026-08-29/dunstall-park/racecard/514111
2026-08-29,Dunstall Park,18:38,5,Lets Go Girl,514111,Sporting Life,https://www.sportinglife.com/greyhounds/racecards/2026-08-29/dunstall-park/racecard/514111
2026-08-29,Dunstall Park,18:58,1,Strideon Clara,514112,Sporting Life,https://www.sportinglife.com/greyhounds/racecards/2026-08-29/dunstall-park/racecard/514112
2026-08-29,Dunstall Park,18:58,2,Ballymac Blanco,514112,Sporting Life,https://www.sportinglife.com/greyhounds/racecards/2026-08-29/dunstall-park/racecard/514112
2026-08-29,Dunstall Park,18:58,3,Copney Queen,514112,Sporting Life,https://www.sportinglife.com/greyhounds/racecards/2026-08-29/dunstall-park/racecard/514112
2026-08-29,Dunstall Park,18:58,4,Santas Tornado,514112,Sporting Life,https://www.sportinglife.com/greyhounds/racecards/2026-08-29/dunstall-park/racecard/514112
2026-08-29,Dunstall Park,18:58,5,Millbank Burner,514112,Sporting Life,https://www.sportinglife.com/greyhounds/racecards/2026-08-29/dunstall-park/racecard/514112
2026-08-29,Dunstall Park,18:58,6,Laughil Larry,514112,Sporting Life,https://www.sportinglife.com/greyhounds/racecards/2026-08-29/dunstall-park/racecard/514112
2026-08-29,Dunstall Park,19:18,2,Underground Navy,514113,Sporting Life,https://www.sportinglife.com/greyhounds/racecards/2026-08-29/dunstall-park/racecard/514113
2026-08-29,Dunstall Park,19:18,3,Newinn Jolie,514113,Sporting Life,https://www.sportinglife.com/greyhounds/racecards/2026-08-29/dunstall-park/racecard/514113
2026-08-29,Dunstall Park,19:18,4,Venetian Mick,514113,Sporting Life,https://www.sportinglife.com/greyhounds/racecards/2026-08-29/dunstall-park/racecard/514113
2026-08-29,Dunstall Park,19:18,5,Seomra Ophelia,514113,Sporting Life,https://www.sportinglife.com/greyhounds/racecards/2026-08-29/dunstall-park/racecard/514113
2026-08-29,Dunstall Park,19:18,6,Resonate,514113,Sporting Life,https://www.sportinglife.com/greyhounds/racecards/2026-08-29/dunstall-park/racecard/514113
2026-08-29,Dunstall Park,19:38,1,Teejays Buddy,514114,Sporting Life,https://www.sportinglife.com/greyhounds/racecards/2026-08-29/dunstall-park/racecard/514114
2026-08-29,Dunstall Park,19:38,2,Headford Dane,514114,Sporting Life,https://www.sportinglife.com/greyhounds/racecards/2026-08-29/dunstall-park/racecard/514114
2026-08-29,Dunstall Park,19:38,3,Signet Nayla,514114,Sporting Life,https://www.sportinglife.com/greyhounds/racecards/2026-08-29/dunstall-park/racecard/514114
2026-08-29,Dunstall Park,19:38,4,Stellas Smartie,514114,Sporting Life,https://www.sportinglife.com/greyhounds/racecards/2026-08-29/dunstall-park/racecard/514114
2026-08-29,Dunstall Park,19:38,5,Holding Blaze,514114,Sporting Life,https://www.sportinglife.com/greyhounds/racecards/2026-08-29/dunstall-park/racecard/514114
2026-08-29,Dunstall Park,19:38,6,Advantage Rule,514114,Sporting Life,https://www.sportinglife.com/greyhounds/racecards/2026-08-29/dunstall-park/racecard/514114
2026-08-29,Dunstall Park,19:58,1,Crack On Sam,514115,Sporting Life,https://www.sportinglife.com/greyhounds/racecards/2026-08-29/dunstall-park/racecard/514115
2026-08-29,Dunstall Park,19:58,2,Taffy Wrexham,514115,Sporting Life,https://www.sportinglife.com/greyhounds/racecards/2026-08-29/dunstall-park/racecard/514115
2026-08-29,Dunstall Park,19:58,3,Wingates Woody,514115,Sporting Life,https://www.sportinglife.com/greyhounds/racecards/2026-08-29/dunstall-park/racecard/514115
2026-08-29,Dunstall Park,19:58,4,Camp Seanie,514115,Sporting Life,https://www.sportinglife.com/greyhounds/racecards/2026-08-29/dunstall-park/racecard/514115
2026-08-29,Dunstall Park,19:58,5,Moyar Mo,514115,Sporting Life,https://www.sportinglife.com/greyhounds/racecards/2026-08-29/dunstall-park/racecard/514115
2026-08-29,Dunstall Park,19:58,6,Zaconey Maximus,514115,Sporting Life,https://www.sportinglife.com/greyhounds/racecards/2026-08-29/dunstall-park/racecard/514115
2026-08-29,Dunstall Park,20:18,1,Flyhigh Star,514116,Sporting Life,https://www.sportinglife.com/greyhounds/racecards/2026-08-29/dunstall-park/racecard/514116
2026-08-29,Dunstall Park,20:18,2,Blazeaway Jorge,514116,Sporting Life,https://www.sportinglife.com/greyhounds/racecards/2026-08-29/dunstall-park/racecard/514116
2026-08-29,Dunstall Park,20:18,3,Blazeaway Drip,514116,Sporting Life,https://www.sportinglife.com/greyhounds/racecards/2026-08-29/dunstall-park/racecard/514116
2026-08-29,Dunstall Park,20:18,4,Drombeg Abby,514116,Sporting Life,https://www.sportinglife.com/greyhounds/racecards/2026-08-29/dunstall-park/racecard/514116
2026-08-29,Dunstall Park,20:18,5,Shockwave Salina,514116,Sporting Life,https://www.sportinglife.com/greyhounds/racecards/2026-08-29/dunstall-park/racecard/514116
2026-08-29,Dunstall Park,20:18,6,Noels Wizard,514116,Sporting Life,https://www.sportinglife.com/greyhounds/racecards/2026-08-29/dunstall-park/racecard/514116
2026-08-29,Dunstall Park,20:38,1,Canya Yesican,514117,Sporting Life,https://www.sportinglife.com/greyhounds/racecards/2026-08-29/dunstall-park/racecard/514117
2026-08-29,Dunstall Park,20:38,2,Mercia Artemis,514117,Sporting Life,https://www.sportinglife.com/greyhounds/racecards/2026-08-29/dunstall-park/racecard/514117
2026-08-29,Dunstall Park,20:38,3,Undo,514117,Sporting Life,https://www.sportinglife.com/greyhounds/racecards/2026-08-29/dunstall-park/racecard/514117
2026-08-29,Dunstall Park,20:38,4,Noels Quest,514117,Sporting Life,https://www.sportinglife.com/greyhounds/racecards/2026-08-29/dunstall-park/racecard/514117
2026-08-29,Dunstall Park,20:38,5,Shes Got Style,514117,Sporting Life,https://www.sportinglife.com/greyhounds/racecards/2026-08-29/dunstall-park/racecard/514117
2026-08-29,Dunstall Park,20:38,6,Tea And Toast,514117,Sporting Life,https://www.sportinglife.com/greyhounds/racecards/2026-08-29/dunstall-park/racecard/514117
2026-08-29,Dunstall Park,20:58,1,Deelish Kobe,514118,Sporting Life,https://www.sportinglife.com/greyhounds/racecards/2026-08-29/dunstall-park/racecard/514118
2026-08-29,Dunstall Park,20:58,2,Dark Dreamer,514118,Sporting Life,https://www.sportinglife.com/greyhounds/racecards/2026-08-29/dunstall-park/racecard/514118
2026-08-29,Dunstall Park,20:58,3,Moyar Princess,514118,Sporting Life,https://www.sportinglife.com/greyhounds/racecards/2026-08-29/dunstall-park/racecard/514118
2026-08-29,Dunstall Park,20:58,4,Ceejay Sparkle,514118,Sporting Life,https://www.sportinglife.com/greyhounds/racecards/2026-08-29/dunstall-park/racecard/514118
2026-08-29,Dunstall Park,20:58,6,Seomra Harriet,514118,Sporting Life,https://www.sportinglife.com/greyhounds/racecards/2026-08-29/dunstall-park/racecard/514118
2026-08-29,Dunstall Park,21:18,1,Signet Delight,514119,Sporting Life,https://www.sportinglife.com/greyhounds/racecards/2026-08-29/dunstall-park/racecard/514119
2026-08-29,Dunstall Park,21:18,2,Wingates Elsa,514119,Sporting Life,https://www.sportinglife.com/greyhounds/racecards/2026-08-29/dunstall-park/racecard/514119
2026-08-29,Dunstall Park,21:18,3,Swift Zebu,514119,Sporting Life,https://www.sportinglife.com/greyhounds/racecards/2026-08-29/dunstall-park/racecard/514119
2026-08-29,Dunstall Park,21:18,4,Flowerpot Bingo,514119,Sporting Life,https://www.sportinglife.com/greyhounds/racecards/2026-08-29/dunstall-park/racecard/514119
2026-08-29,Dunstall Park,21:18,5,Society Paddy,514119,Sporting Life,https://www.sportinglife.com/greyhounds/racecards/2026-08-29/dunstall-park/racecard/514119
2026-08-29,Dunstall Park,21:18,6,Amys Star,514119,Sporting Life,https://www.sportinglife.com/greyhounds/racecards/2026-08-29/dunstall-park/racecard/514119
2026-08-29,Dunstall Park,21:38,1,Sky Blue Jeff,514120,Sporting Life,https://www.sportinglife.com/greyhounds/racecards/2026-08-29/dunstall-park/racecard/514120
2026-08-29,Dunstall Park,21:38,2,Wonka,514120,Sporting Life,https://www.sportinglife.com/greyhounds/racecards/2026-08-29/dunstall-park/racecard/514120
2026-08-29,Dunstall Park,21:38,3,Racecourse Pat,514120,Sporting Life,https://www.sportinglife.com/greyhounds/racecards/2026-08-29/dunstall-park/racecard/514120
2026-08-29,Dunstall Park,21:38,4,Bullseye Bob,514120,Sporting Life,https://www.sportinglife.com/greyhounds/racecards/2026-08-29/dunstall-park/racecard/514120
2026-08-29,Dunstall Park,21:38,5,Lemon Rogue,514120,Sporting Life,https://www.sportinglife.com/greyhounds/racecards/2026-08-29/dunstall-park/racecard/514120
2026-08-29,Dunstall Park,21:38,6,Noduff Golf,514120,Sporting Life,https://www.sportinglife.com/greyhounds/racecards/2026-08-29/dunstall-park/racecard/514120
2026-08-29,Dunstall Park,21:54,1,She Can Dance,514121,Sporting Life,https://www.sportinglife.com/greyhounds/racecards/2026-08-29/dunstall-park/racecard/514121
2026-08-29,Dunstall Park,21:54,2,Shortwood Cloud,514121,Sporting Life,https://www.sportinglife.com/greyhounds/racecards/2026-08-29/dunstall-park/racecard/514121
2026-08-29,Dunstall Park,21:54,3,Woolleys Wonder,514121,Sporting Life,https://www.sportinglife.com/greyhounds/racecards/2026-08-29/dunstall-park/racecard/514121
2026-08-29,Dunstall Park,21:54,4,Pennys Mawu,514121,Sporting Life,https://www.sportinglife.com/greyhounds/racecards/2026-08-29/dunstall-park/racecard/514121
2026-08-29,Dunstall Park,21:54,5,Flyhigh Bully,514121,Sporting Life,https://www.sportinglife.com/greyhounds/racecards/2026-08-29/dunstall-park/racecard/514121
2026-08-29,Dunstall Park,21:54,6,Lynnia Rose,514121,Sporting Life,https://www.sportinglife.com/greyhounds/racecards/2026-08-29/dunstall-park/racecard/514121
2026-08-29,Hove,18:06,1,Flushing Fiftys,514273,Sporting Life,https://www.sportinglife.com/greyhounds/racecards/2026-08-29/hove/racecard/514273
2026-08-29,Hove,18:06,2,Aeschylus,514273,Sporting Life,https://www.sportinglife.com/greyhounds/racecards/2026-08-29/hove/racecard/514273
2026-08-29,Hove,18:06,3,Killeacle Kobe,514273,Sporting Life,https://www.sportinglife.com/greyhounds/racecards/2026-08-29/hove/racecard/514273
2026-08-29,Hove,18:06,4,Uptown Lass,514273,Sporting Life,https://www.sportinglife.com/greyhounds/racecards/2026-08-29/hove/racecard/514273
2026-08-29,Hove,18:06,5,Adachi Freddie,514273,Sporting Life,https://www.sportinglife.com/greyhounds/racecards/2026-08-29/hove/racecard/514273
2026-08-29,Hove,18:26,1,Droopys Invent,514274,Sporting Life,https://www.sportinglife.com/greyhounds/racecards/2026-08-29/hove/racecard/514274
2026-08-29,Hove,18:26,2,Ower Cracker,514274,Sporting Life,https://www.sportinglife.com/greyhounds/racecards/2026-08-29/hove/racecard/514274
2026-08-29,Hove,18:26,3,Ballydoyle Toby,514274,Sporting Life,https://www.sportinglife.com/greyhounds/racecards/2026-08-29/hove/racecard/514274
2026-08-29,Hove,18:26,5,Fastlane Blu,514274,Sporting Life,https://www.sportinglife.com/greyhounds/racecards/2026-08-29/hove/racecard/514274
2026-08-29,Hove,18:26,6,Clona Kody,514274,Sporting Life,https://www.sportinglife.com/greyhounds/racecards/2026-08-29/hove/racecard/514274
2026-08-29,Hove,18:46,1,Tommys Goodtime,514275,Sporting Life,https://www.sportinglife.com/greyhounds/racecards/2026-08-29/hove/racecard/514275
2026-08-29,Hove,18:46,2,Backoftheline,514275,Sporting Life,https://www.sportinglife.com/greyhounds/racecards/2026-08-29/hove/racecard/514275
2026-08-29,Hove,18:46,3,Wee Miss Badger,514275,Sporting Life,https://www.sportinglife.com/greyhounds/racecards/2026-08-29/hove/racecard/514275
2026-08-29,Hove,18:46,4,Cloheena Del Boy,514275,Sporting Life,https://www.sportinglife.com/greyhounds/racecards/2026-08-29/hove/racecard/514275
2026-08-29,Hove,18:46,5,Emers Dasha,514275,Sporting Life,https://www.sportinglife.com/greyhounds/racecards/2026-08-29/hove/racecard/514275
2026-08-29,Hove,18:46,6,Bu Han Tag,514275,Sporting Life,https://www.sportinglife.com/greyhounds/racecards/2026-08-29/hove/racecard/514275
2026-08-29,Hove,19:06,1,Coppice Zaya,514276,Sporting Life,https://www.sportinglife.com/greyhounds/racecards/2026-08-29/hove/racecard/514276
2026-08-29,Hove,19:06,2,Burrow Lightyear,514276,Sporting Life,https://www.sportinglife.com/greyhounds/racecards/2026-08-29/hove/racecard/514276
2026-08-29,Hove,19:06,3,Silverhill Ducky,514276,Sporting Life,https://www.sportinglife.com/greyhounds/racecards/2026-08-29/hove/racecard/514276
2026-08-29,Hove,19:06,4,Nofliesonus,514276,Sporting Life,https://www.sportinglife.com/greyhounds/racecards/2026-08-29/hove/racecard/514276
2026-08-29,Hove,19:06,6,Short Blue,514276,Sporting Life,https://www.sportinglife.com/greyhounds/racecards/2026-08-29/hove/racecard/514276
2026-08-29,Hove,19:26,1,Deadly Ruben,514277,Sporting Life,https://www.sportinglife.com/greyhounds/racecards/2026-08-29/hove/racecard/514277
2026-08-29,Hove,19:26,2,Zenith Aslan,514277,Sporting Life,https://www.sportinglife.com/greyhounds/racecards/2026-08-29/hove/racecard/514277
2026-08-29,Hove,19:26,3,Brideside Belle,514277,Sporting Life,https://www.sportinglife.com/greyhounds/racecards/2026-08-29/hove/racecard/514277
2026-08-29,Hove,19:26,4,Clonkeen Jim,514277,Sporting Life,https://www.sportinglife.com/greyhounds/racecards/2026-08-29/hove/racecard/514277
2026-08-29,Hove,19:26,5,Ballyhimikin Lad,514277,Sporting Life,https://www.sportinglife.com/greyhounds/racecards/2026-08-29/hove/racecard/514277
2026-08-29,Hove,19:26,6,Seomra Benji,514277,Sporting Life,https://www.sportinglife.com/greyhounds/racecards/2026-08-29/hove/racecard/514277
2026-08-29,Hove,19:46,1,Yougo Jessie,514278,Sporting Life,https://www.sportinglife.com/greyhounds/racecards/2026-08-29/hove/racecard/514278
2026-08-29,Hove,19:46,2,Southafrikka,514278,Sporting Life,https://www.sportinglife.com/greyhounds/racecards/2026-08-29/hove/racecard/514278
2026-08-29,Hove,19:46,3,Coolavanny Sissy,514278,Sporting Life,https://www.sportinglife.com/greyhounds/racecards/2026-08-29/hove/racecard/514278
2026-08-29,Hove,19:46,4,Swap Around,514278,Sporting Life,https://www.sportinglife.com/greyhounds/racecards/2026-08-29/hove/racecard/514278
2026-08-29,Hove,19:46,5,Tell On Olivia,514278,Sporting Life,https://www.sportinglife.com/greyhounds/racecards/2026-08-29/hove/racecard/514278
2026-08-29,Hove,19:46,6,Millers Gem,514278,Sporting Life,https://www.sportinglife.com/greyhounds/racecards/2026-08-29/hove/racecard/514278
2026-08-29,Hove,20:06,1,First Chosen,514279,Sporting Life,https://www.sportinglife.com/greyhounds/racecards/2026-08-29/hove/racecard/514279
2026-08-29,Hove,20:06,2,Kopreus,514279,Sporting Life,https://www.sportinglife.com/greyhounds/racecards/2026-08-29/hove/racecard/514279
2026-08-29,Hove,20:06,3,Clairkeith Jnela,514279,Sporting Life,https://www.sportinglife.com/greyhounds/racecards/2026-08-29/hove/racecard/514279
2026-08-29,Hove,20:06,4,Coppice Denver,514279,Sporting Life,https://www.sportinglife.com/greyhounds/racecards/2026-08-29/hove/racecard/514279
2026-08-29,Hove,20:06,6,Forever Tender,514279,Sporting Life,https://www.sportinglife.com/greyhounds/racecards/2026-08-29/hove/racecard/514279
2026-08-29,Hove,20:26,1,Burrows Dilemma,514280,Sporting Life,https://www.sportinglife.com/greyhounds/racecards/2026-08-29/hove/racecard/514280
2026-08-29,Hove,20:26,2,Straight Shot,514280,Sporting Life,https://www.sportinglife.com/greyhounds/racecards/2026-08-29/hove/racecard/514280
2026-08-29,Hove,20:26,4,Kevinsfort Away,514280,Sporting Life,https://www.sportinglife.com/greyhounds/racecards/2026-08-29/hove/racecard/514280
2026-08-29,Hove,20:26,5,Playit Cool Trig,514280,Sporting Life,https://www.sportinglife.com/greyhounds/racecards/2026-08-29/hove/racecard/514280
2026-08-29,Hove,20:26,6,Westwood Jet,514280,Sporting Life,https://www.sportinglife.com/greyhounds/racecards/2026-08-29/hove/racecard/514280
2026-08-29,Hove,20:46,1,Annie Eva Afta,514281,Sporting Life,https://www.sportinglife.com/greyhounds/racecards/2026-08-29/hove/racecard/514281
2026-08-29,Hove,20:46,2,Fauna Rae,514281,Sporting Life,https://www.sportinglife.com/greyhounds/racecards/2026-08-29/hove/racecard/514281
2026-08-29,Hove,20:46,3,Fwesh Julie Rose,514281,Sporting Life,https://www.sportinglife.com/greyhounds/racecards/2026-08-29/hove/racecard/514281
2026-08-29,Hove,20:46,4,Roanna Lily,514281,Sporting Life,https://www.sportinglife.com/greyhounds/racecards/2026-08-29/hove/racecard/514281
2026-08-29,Hove,20:46,5,Yougo First,514281,Sporting Life,https://www.sportinglife.com/greyhounds/racecards/2026-08-29/hove/racecard/514281
2026-08-29,Hove,21:06,2,Millbank Buster,514282,Sporting Life,https://www.sportinglife.com/greyhounds/racecards/2026-08-29/hove/racecard/514282
2026-08-29,Hove,21:06,3,Bound By Belief,514282,Sporting Life,https://www.sportinglife.com/greyhounds/racecards/2026-08-29/hove/racecard/514282
2026-08-29,Hove,21:06,4,Titanic Mason,514282,Sporting Life,https://www.sportinglife.com/greyhounds/racecards/2026-08-29/hove/racecard/514282
2026-08-29,Hove,21:06,5,Move Over Harry,514282,Sporting Life,https://www.sportinglife.com/greyhounds/racecards/2026-08-29/hove/racecard/514282
2026-08-29,Hove,21:06,6,Mavis Minger,514282,Sporting Life,https://www.sportinglife.com/greyhounds/racecards/2026-08-29/hove/racecard/514282
2026-08-29,Hove,21:26,1,Beaming Carly,514283,Sporting Life,https://www.sportinglife.com/greyhounds/racecards/2026-08-29/hove/racecard/514283
2026-08-29,Hove,21:26,2,Moody Rudy,514283,Sporting Life,https://www.sportinglife.com/greyhounds/racecards/2026-08-29/hove/racecard/514283
2026-08-29,Hove,21:26,3,Rebel California,514283,Sporting Life,https://www.sportinglife.com/greyhounds/racecards/2026-08-29/hove/racecard/514283
2026-08-29,Hove,21:26,5,Brother Patrick,514283,Sporting Life,https://www.sportinglife.com/greyhounds/racecards/2026-08-29/hove/racecard/514283
2026-08-29,Hove,21:26,6,Zenith Duke,514283,Sporting Life,https://www.sportinglife.com/greyhounds/racecards/2026-08-29/hove/racecard/514283
2026-08-29,Hove,21:46,1,Azura Star,514284,Sporting Life,https://www.sportinglife.com/greyhounds/racecards/2026-08-29/hove/racecard/514284
2026-08-29,Hove,21:46,2,Radical Kylian,514284,Sporting Life,https://www.sportinglife.com/greyhounds/racecards/2026-08-29/hove/racecard/514284
2026-08-29,Hove,21:46,3,Conscientious,514284,Sporting Life,https://www.sportinglife.com/greyhounds/racecards/2026-08-29/hove/racecard/514284
2026-08-29,Hove,21:46,4,Signet Clo Clo,514284,Sporting Life,https://www.sportinglife.com/greyhounds/racecards/2026-08-29/hove/racecard/514284
2026-08-29,Hove,21:46,5,Lupi Lopez,514284,Sporting Life,https://www.sportinglife.com/greyhounds/racecards/2026-08-29/hove/racecard/514284
2026-08-29,Monmore,11:01,1,Whisky Time,514162,Sporting Life,https://www.sportinglife.com/greyhounds/racecards/2026-08-29/monmore/racecard/514162
2026-08-29,Monmore,11:01,2,Only On Bale,514162,Sporting Life,https://www.sportinglife.com/greyhounds/racecards/2026-08-29/monmore/racecard/514162
2026-08-29,Monmore,11:01,3,Vixons Amore,514162,Sporting Life,https://www.sportinglife.com/greyhounds/racecards/2026-08-29/monmore/racecard/514162
2026-08-29,Monmore,11:01,4,Final Episode,514162,Sporting Life,https://www.sportinglife.com/greyhounds/racecards/2026-08-29/monmore/racecard/514162
2026-08-29,Monmore,11:01,5,Winterfield Star,514162,Sporting Life,https://www.sportinglife.com/greyhounds/racecards/2026-08-29/monmore/racecard/514162
2026-08-29,Monmore,11:01,6,Bealtaine,514162,Sporting Life,https://www.sportinglife.com/greyhounds/racecards/2026-08-29/monmore/racecard/514162
2026-08-29,Monmore,11:18,1,Hello Youngfella,514163,Sporting Life,https://www.sportinglife.com/greyhounds/racecards/2026-08-29/monmore/racecard/514163
2026-08-29,Monmore,11:18,2,Milestone Penny,514163,Sporting Life,https://www.sportinglife.com/greyhounds/racecards/2026-08-29/monmore/racecard/514163
2026-08-29,Monmore,11:18,3,Sugar Gold,514163,Sporting Life,https://www.sportinglife.com/greyhounds/racecards/2026-08-29/monmore/racecard/514163
2026-08-29,Monmore,11:18,4,Winterfield Bear,514163,Sporting Life,https://www.sportinglife.com/greyhounds/racecards/2026-08-29/monmore/racecard/514163
2026-08-29,Monmore,11:18,5,Aero Penda,514163,Sporting Life,https://www.sportinglife.com/greyhounds/racecards/2026-08-29/monmore/racecard/514163
2026-08-29,Monmore,11:18,6,Swoop Swoop,514163,Sporting Life,https://www.sportinglife.com/greyhounds/racecards/2026-08-29/monmore/racecard/514163
2026-08-29,Monmore,11:34,1,Shes Back,514164,Sporting Life,https://www.sportinglife.com/greyhounds/racecards/2026-08-29/monmore/racecard/514164
2026-08-29,Monmore,11:34,2,Winterfield Nina,514164,Sporting Life,https://www.sportinglife.com/greyhounds/racecards/2026-08-29/monmore/racecard/514164
2026-08-29,Monmore,11:34,3,Southwood Jake,514164,Sporting Life,https://www.sportinglife.com/greyhounds/racecards/2026-08-29/monmore/racecard/514164
2026-08-29,Monmore,11:34,4,Droopys Nibble,514164,Sporting Life,https://www.sportinglife.com/greyhounds/racecards/2026-08-29/monmore/racecard/514164
2026-08-29,Monmore,11:34,5,Aces Choice,514164,Sporting Life,https://www.sportinglife.com/greyhounds/racecards/2026-08-29/monmore/racecard/514164
2026-08-29,Monmore,11:34,6,Aero Maisie,514164,Sporting Life,https://www.sportinglife.com/greyhounds/racecards/2026-08-29/monmore/racecard/514164
2026-08-29,Monmore,11:52,1,Joes Luck,514165,Sporting Life,https://www.sportinglife.com/greyhounds/racecards/2026-08-29/monmore/racecard/514165
2026-08-29,Monmore,11:52,2,Whisky Elsa,514165,Sporting Life,https://www.sportinglife.com/greyhounds/racecards/2026-08-29/monmore/racecard/514165
2026-08-29,Monmore,11:52,4,Catchem Flawless,514165,Sporting Life,https://www.sportinglife.com/greyhounds/racecards/2026-08-29/monmore/racecard/514165
2026-08-29,Monmore,11:52,5,Droopys Melon,514165,Sporting Life,https://www.sportinglife.com/greyhounds/racecards/2026-08-29/monmore/racecard/514165
2026-08-29,Monmore,11:52,6,Kilwest Beauty,514165,Sporting Life,https://www.sportinglife.com/greyhounds/racecards/2026-08-29/monmore/racecard/514165
2026-08-29,Monmore,12:09,1,Confident Ruby,514166,Sporting Life,https://www.sportinglife.com/greyhounds/racecards/2026-08-29/monmore/racecard/514166
2026-08-29,Monmore,12:09,2,Sugar Rose,514166,Sporting Life,https://www.sportinglife.com/greyhounds/racecards/2026-08-29/monmore/racecard/514166
2026-08-29,Monmore,12:09,3,Cashed Irita,514166,Sporting Life,https://www.sportinglife.com/greyhounds/racecards/2026-08-29/monmore/racecard/514166
2026-08-29,Monmore,12:09,4,Westway Freedom,514166,Sporting Life,https://www.sportinglife.com/greyhounds/racecards/2026-08-29/monmore/racecard/514166
2026-08-29,Monmore,12:09,5,Chuckies Angel,514166,Sporting Life,https://www.sportinglife.com/greyhounds/racecards/2026-08-29/monmore/racecard/514166
2026-08-29,Monmore,12:09,6,Angleseyparadise,514166,Sporting Life,https://www.sportinglife.com/greyhounds/racecards/2026-08-29/monmore/racecard/514166
2026-08-29,Monmore,12:26,1,Bounceback Bucks,514167,Sporting Life,https://www.sportinglife.com/greyhounds/racecards/2026-08-29/monmore/racecard/514167
2026-08-29,Monmore,12:26,2,Sugar Girl Katie,514167,Sporting Life,https://www.sportinglife.com/greyhounds/racecards/2026-08-29/monmore/racecard/514167
2026-08-29,Monmore,12:26,3,Bogger Una,514167,Sporting Life,https://www.sportinglife.com/greyhounds/racecards/2026-08-29/monmore/racecard/514167
2026-08-29,Monmore,12:26,4,Aero Deploy,514167,Sporting Life,https://www.sportinglife.com/greyhounds/racecards/2026-08-29/monmore/racecard/514167
2026-08-29,Monmore,12:26,5,Aero Vigil,514167,Sporting Life,https://www.sportinglife.com/greyhounds/racecards/2026-08-29/monmore/racecard/514167
2026-08-29,Monmore,12:26,6,Swift Eaglestone,514167,Sporting Life,https://www.sportinglife.com/greyhounds/racecards/2026-08-29/monmore/racecard/514167
2026-08-29,Monmore,12:42,1,Hollywell Cookie,514168,Sporting Life,https://www.sportinglife.com/greyhounds/racecards/2026-08-29/monmore/racecard/514168
2026-08-29,Monmore,12:42,2,Nametab Orion,514168,Sporting Life,https://www.sportinglife.com/greyhounds/racecards/2026-08-29/monmore/racecard/514168
2026-08-29,Monmore,12:42,3,Noduff Alpha,514168,Sporting Life,https://www.sportinglife.com/greyhounds/racecards/2026-08-29/monmore/racecard/514168
2026-08-29,Monmore,12:42,4,Beatties Lena,514168,Sporting Life,https://www.sportinglife.com/greyhounds/racecards/2026-08-29/monmore/racecard/514168
2026-08-29,Monmore,12:42,5,Sadele,514168,Sporting Life,https://www.sportinglife.com/greyhounds/racecards/2026-08-29/monmore/racecard/514168
2026-08-29,Monmore,12:42,6,Mr Brightside,514168,Sporting Life,https://www.sportinglife.com/greyhounds/racecards/2026-08-29/monmore/racecard/514168
2026-08-29,Monmore,12:59,1,Hitthelids Lolly,514169,Sporting Life,https://www.sportinglife.com/greyhounds/racecards/2026-08-29/monmore/racecard/514169
2026-08-29,Monmore,12:59,2,Darver Spark,514169,Sporting Life,https://www.sportinglife.com/greyhounds/racecards/2026-08-29/monmore/racecard/514169
2026-08-29,Monmore,12:59,3,Kilwest Barney,514169,Sporting Life,https://www.sportinglife.com/greyhounds/racecards/2026-08-29/monmore/racecard/514169
2026-08-29,Monmore,12:59,4,Derrymoyle Blue,514169,Sporting Life,https://www.sportinglife.com/greyhounds/racecards/2026-08-29/monmore/racecard/514169
2026-08-29,Monmore,12:59,5,Brynoffa Posh,514169,Sporting Life,https://www.sportinglife.com/greyhounds/racecards/2026-08-29/monmore/racecard/514169
2026-08-29,Monmore,12:59,6,Dunquin Brendan,514169,Sporting Life,https://www.sportinglife.com/greyhounds/racecards/2026-08-29/monmore/racecard/514169
2026-08-29,Monmore,13:17,1,Knockroe Emma,514170,Sporting Life,https://www.sportinglife.com/greyhounds/racecards/2026-08-29/monmore/racecard/514170
2026-08-29,Monmore,13:17,2,Moorstown Brae,514170,Sporting Life,https://www.sportinglife.com/greyhounds/racecards/2026-08-29/monmore/racecard/514170
2026-08-29,Monmore,13:17,3,Dunstein,514170,Sporting Life,https://www.sportinglife.com/greyhounds/racecards/2026-08-29/monmore/racecard/514170
2026-08-29,Monmore,13:17,4,Amka Raven,514170,Sporting Life,https://www.sportinglife.com/greyhounds/racecards/2026-08-29/monmore/racecard/514170
2026-08-29,Monmore,13:17,5,Tromora Spice,514170,Sporting Life,https://www.sportinglife.com/greyhounds/racecards/2026-08-29/monmore/racecard/514170
2026-08-29,Monmore,13:17,6,Winterfield Bird,514170,Sporting Life,https://www.sportinglife.com/greyhounds/racecards/2026-08-29/monmore/racecard/514170
2026-08-29,Monmore,13:33,1,Winterfield Jack,514171,Sporting Life,https://www.sportinglife.com/greyhounds/racecards/2026-08-29/monmore/racecard/514171
2026-08-29,Monmore,13:33,2,Ballymac Babe,514171,Sporting Life,https://www.sportinglife.com/greyhounds/racecards/2026-08-29/monmore/racecard/514171
2026-08-29,Monmore,13:33,3,Aero Annoy,514171,Sporting Life,https://www.sportinglife.com/greyhounds/racecards/2026-08-29/monmore/racecard/514171
2026-08-29,Monmore,13:33,4,Roulette,514171,Sporting Life,https://www.sportinglife.com/greyhounds/racecards/2026-08-29/monmore/racecard/514171
2026-08-29,Monmore,13:33,5,Tommys Snowman,514171,Sporting Life,https://www.sportinglife.com/greyhounds/racecards/2026-08-29/monmore/racecard/514171
2026-08-29,Monmore,13:33,6,Elderberry Flash,514171,Sporting Life,https://www.sportinglife.com/greyhounds/racecards/2026-08-29/monmore/racecard/514171
2026-08-29,Monmore,13:51,1,Heaven Reversed,514172,Sporting Life,https://www.sportinglife.com/greyhounds/racecards/2026-08-29/monmore/racecard/514172
2026-08-29,Monmore,13:51,2,Aero Candy,514172,Sporting Life,https://www.sportinglife.com/greyhounds/racecards/2026-08-29/monmore/racecard/514172
2026-08-29,Monmore,13:51,3,Rinn Soileir,514172,Sporting Life,https://www.sportinglife.com/greyhounds/racecards/2026-08-29/monmore/racecard/514172
2026-08-29,Monmore,13:51,4,Bangon Erika,514172,Sporting Life,https://www.sportinglife.com/greyhounds/racecards/2026-08-29/monmore/racecard/514172
2026-08-29,Monmore,13:51,6,Peace O Mind,514172,Sporting Life,https://www.sportinglife.com/greyhounds/racecards/2026-08-29/monmore/racecard/514172
2026-08-29,Monmore,14:07,1,Newinn Rocky,514173,Sporting Life,https://www.sportinglife.com/greyhounds/racecards/2026-08-29/monmore/racecard/514173
2026-08-29,Monmore,14:07,2,Whelan,514173,Sporting Life,https://www.sportinglife.com/greyhounds/racecards/2026-08-29/monmore/racecard/514173
2026-08-29,Monmore,14:07,3,Mucky Signet,514173,Sporting Life,https://www.sportinglife.com/greyhounds/racecards/2026-08-29/monmore/racecard/514173
2026-08-29,Monmore,14:07,4,Seven Brent,514173,Sporting Life,https://www.sportinglife.com/greyhounds/racecards/2026-08-29/monmore/racecard/514173
2026-08-29,Monmore,14:07,5,Aero Whisper,514173,Sporting Life,https://www.sportinglife.com/greyhounds/racecards/2026-08-29/monmore/racecard/514173
2026-08-29,Monmore,14:07,6,Elderberry Bingo,514173,Sporting Life,https://www.sportinglife.com/greyhounds/racecards/2026-08-29/monmore/racecard/514173
2026-08-29,Monmore,18:14,1,Kilwest Diva,514174,Sporting Life,https://www.sportinglife.com/greyhounds/racecards/2026-08-29/monmore/racecard/514174
2026-08-29,Monmore,18:14,2,Union Rascal,514174,Sporting Life,https://www.sportinglife.com/greyhounds/racecards/2026-08-29/monmore/racecard/514174
2026-08-29,Monmore,18:14,3,Painters Rory,514174,Sporting Life,https://www.sportinglife.com/greyhounds/racecards/2026-08-29/monmore/racecard/514174
2026-08-29,Monmore,18:14,4,Meenagh Minsk,514174,Sporting Life,https://www.sportinglife.com/greyhounds/racecards/2026-08-29/monmore/racecard/514174
2026-08-29,Monmore,18:14,5,Aero Replace,514174,Sporting Life,https://www.sportinglife.com/greyhounds/racecards/2026-08-29/monmore/racecard/514174
2026-08-29,Monmore,18:14,6,Longacres Boycie,514174,Sporting Life,https://www.sportinglife.com/greyhounds/racecards/2026-08-29/monmore/racecard/514174
2026-08-29,Monmore,18:34,1,Caldera Flow,514175,Sporting Life,https://www.sportinglife.com/greyhounds/racecards/2026-08-29/monmore/racecard/514175
2026-08-29,Monmore,18:34,2,Aero Boris,514175,Sporting Life,https://www.sportinglife.com/greyhounds/racecards/2026-08-29/monmore/racecard/514175
2026-08-29,Monmore,18:34,3,Chasing Rachel,514175,Sporting Life,https://www.sportinglife.com/greyhounds/racecards/2026-08-29/monmore/racecard/514175
2026-08-29,Monmore,18:34,4,Eternal Spirit,514175,Sporting Life,https://www.sportinglife.com/greyhounds/racecards/2026-08-29/monmore/racecard/514175
2026-08-29,Monmore,18:34,5,Ragdoll Rosie,514175,Sporting Life,https://www.sportinglife.com/greyhounds/racecards/2026-08-29/monmore/racecard/514175
2026-08-29,Monmore,18:34,6,Kingsholm Road,514175,Sporting Life,https://www.sportinglife.com/greyhounds/racecards/2026-08-29/monmore/racecard/514175
2026-08-29,Monmore,18:54,1,Longacres Cash,514176,Sporting Life,https://www.sportinglife.com/greyhounds/racecards/2026-08-29/monmore/racecard/514176
2026-08-29,Monmore,18:54,2,Starmount Herbie,514176,Sporting Life,https://www.sportinglife.com/greyhounds/racecards/2026-08-29/monmore/racecard/514176
2026-08-29,Monmore,18:54,3,Aero Ella,514176,Sporting Life,https://www.sportinglife.com/greyhounds/racecards/2026-08-29/monmore/racecard/514176
2026-08-29,Monmore,18:54,4,Winterfield Rain,514176,Sporting Life,https://www.sportinglife.com/greyhounds/racecards/2026-08-29/monmore/racecard/514176
2026-08-29,Monmore,18:54,6,Sugar Girl Dotty,514176,Sporting Life,https://www.sportinglife.com/greyhounds/racecards/2026-08-29/monmore/racecard/514176
2026-08-29,Monmore,19:14,1,Bogger Cash,514177,Sporting Life,https://www.sportinglife.com/greyhounds/racecards/2026-08-29/monmore/racecard/514177
2026-08-29,Monmore,19:14,2,Aero Pepinillo,514177,Sporting Life,https://www.sportinglife.com/greyhounds/racecards/2026-08-29/monmore/racecard/514177
2026-08-29,Monmore,19:14,3,Wilma Rudolph,514177,Sporting Life,https://www.sportinglife.com/greyhounds/racecards/2026-08-29/monmore/racecard/514177
2026-08-29,Monmore,19:14,4,Bandit Paddy,514177,Sporting Life,https://www.sportinglife.com/greyhounds/racecards/2026-08-29/monmore/racecard/514177
2026-08-29,Monmore,19:14,5,Onceina Lifetime,514177,Sporting Life,https://www.sportinglife.com/greyhounds/racecards/2026-08-29/monmore/racecard/514177
2026-08-29,Monmore,19:14,6,Timmys Hunter,514177,Sporting Life,https://www.sportinglife.com/greyhounds/racecards/2026-08-29/monmore/racecard/514177
2026-08-29,Monmore,19:34,1,Vixons Opaque,514178,Sporting Life,https://www.sportinglife.com/greyhounds/racecards/2026-08-29/monmore/racecard/514178
2026-08-29,Monmore,19:34,2,Jimmy Shoe Shine,514178,Sporting Life,https://www.sportinglife.com/greyhounds/racecards/2026-08-29/monmore/racecard/514178
2026-08-29,Monmore,19:34,3,Longacres Doctor,514178,Sporting Life,https://www.sportinglife.com/greyhounds/racecards/2026-08-29/monmore/racecard/514178
2026-08-29,Monmore,19:34,4,Velvet Neymar,514178,Sporting Life,https://www.sportinglife.com/greyhounds/racecards/2026-08-29/monmore/racecard/514178
2026-08-29,Monmore,19:34,5,Newinn Magico,514178,Sporting Life,https://www.sportinglife.com/greyhounds/racecards/2026-08-29/monmore/racecard/514178
2026-08-29,Monmore,19:34,6,Reefer Madness,514178,Sporting Life,https://www.sportinglife.com/greyhounds/racecards/2026-08-29/monmore/racecard/514178
2026-08-29,Monmore,19:54,1,Bodie,514179,Sporting Life,https://www.sportinglife.com/greyhounds/racecards/2026-08-29/monmore/racecard/514179
2026-08-29,Monmore,19:54,2,Cashin Nell,514179,Sporting Life,https://www.sportinglife.com/greyhounds/racecards/2026-08-29/monmore/racecard/514179
2026-08-29,Monmore,19:54,3,Moanteen Hatton,514179,Sporting Life,https://www.sportinglife.com/greyhounds/racecards/2026-08-29/monmore/racecard/514179
2026-08-29,Monmore,19:54,4,Tromora Force,514179,Sporting Life,https://www.sportinglife.com/greyhounds/racecards/2026-08-29/monmore/racecard/514179
2026-08-29,Monmore,19:54,5,Deal For Two,514179,Sporting Life,https://www.sportinglife.com/greyhounds/racecards/2026-08-29/monmore/racecard/514179
2026-08-29,Monmore,19:54,6,Whisky Hunter,514179,Sporting Life,https://www.sportinglife.com/greyhounds/racecards/2026-08-29/monmore/racecard/514179
2026-08-29,Monmore,20:14,1,Sugar King,514180,Sporting Life,https://www.sportinglife.com/greyhounds/racecards/2026-08-29/monmore/racecard/514180
2026-08-29,Monmore,20:14,2,Makeit Rocko,514180,Sporting Life,https://www.sportinglife.com/greyhounds/racecards/2026-08-29/monmore/racecard/514180
2026-08-29,Monmore,20:14,3,Moss King,514180,Sporting Life,https://www.sportinglife.com/greyhounds/racecards/2026-08-29/monmore/racecard/514180
2026-08-29,Monmore,20:14,4,Datona Vamoose,514180,Sporting Life,https://www.sportinglife.com/greyhounds/racecards/2026-08-29/monmore/racecard/514180
2026-08-29,Monmore,20:14,5,Beatties Bliss,514180,Sporting Life,https://www.sportinglife.com/greyhounds/racecards/2026-08-29/monmore/racecard/514180
2026-08-29,Monmore,20:14,6,Greenmount Hawk,514180,Sporting Life,https://www.sportinglife.com/greyhounds/racecards/2026-08-29/monmore/racecard/514180
2026-08-29,Monmore,20:34,1,Quivers Blondie,514181,Sporting Life,https://www.sportinglife.com/greyhounds/racecards/2026-08-29/monmore/racecard/514181
2026-08-29,Monmore,20:34,2,No Step Back,514181,Sporting Life,https://www.sportinglife.com/greyhounds/racecards/2026-08-29/monmore/racecard/514181
2026-08-29,Monmore,20:34,3,Longacres Danny,514181,Sporting Life,https://www.sportinglife.com/greyhounds/racecards/2026-08-29/monmore/racecard/514181
2026-08-29,Monmore,20:34,4,Drive On Signet,514181,Sporting Life,https://www.sportinglife.com/greyhounds/racecards/2026-08-29/monmore/racecard/514181
2026-08-29,Monmore,20:34,5,Bogger Rapid,514181,Sporting Life,https://www.sportinglife.com/greyhounds/racecards/2026-08-29/monmore/racecard/514181
2026-08-29,Monmore,20:34,6,Foxy Loxy,514181,Sporting Life,https://www.sportinglife.com/greyhounds/racecards/2026-08-29/monmore/racecard/514181
2026-08-29,Monmore,20:54,1,Mon Amis,514182,Sporting Life,https://www.sportinglife.com/greyhounds/racecards/2026-08-29/monmore/racecard/514182
2026-08-29,Monmore,20:54,2,Arthur Portion,514182,Sporting Life,https://www.sportinglife.com/greyhounds/racecards/2026-08-29/monmore/racecard/514182
2026-08-29,Monmore,20:54,3,Ballymac Odin,514182,Sporting Life,https://www.sportinglife.com/greyhounds/racecards/2026-08-29/monmore/racecard/514182
2026-08-29,Monmore,20:54,4,Droopys Extragud,514182,Sporting Life,https://www.sportinglife.com/greyhounds/racecards/2026-08-29/monmore/racecard/514182
2026-08-29,Monmore,20:54,5,Whyaye Mister,514182,Sporting Life,https://www.sportinglife.com/greyhounds/racecards/2026-08-29/monmore/racecard/514182
2026-08-29,Monmore,20:54,6,Wise Tournament,514182,Sporting Life,https://www.sportinglife.com/greyhounds/racecards/2026-08-29/monmore/racecard/514182
2026-08-29,Monmore,21:14,1,Glasheen Eagle,514183,Sporting Life,https://www.sportinglife.com/greyhounds/racecards/2026-08-29/monmore/racecard/514183
2026-08-29,Monmore,21:14,2,Outa The Clouds,514183,Sporting Life,https://www.sportinglife.com/greyhounds/racecards/2026-08-29/monmore/racecard/514183
2026-08-29,Monmore,21:14,3,Aero Luther,514183,Sporting Life,https://www.sportinglife.com/greyhounds/racecards/2026-08-29/monmore/racecard/514183
2026-08-29,Monmore,21:14,4,Arthur Itus,514183,Sporting Life,https://www.sportinglife.com/greyhounds/racecards/2026-08-29/monmore/racecard/514183
2026-08-29,Monmore,21:14,5,Wanfourtoeknee,514183,Sporting Life,https://www.sportinglife.com/greyhounds/racecards/2026-08-29/monmore/racecard/514183
2026-08-29,Monmore,21:14,6,Ruinthelonggame,514183,Sporting Life,https://www.sportinglife.com/greyhounds/racecards/2026-08-29/monmore/racecard/514183
2026-08-29,Monmore,21:34,1,Kick On Archie,514184,Sporting Life,https://www.sportinglife.com/greyhounds/racecards/2026-08-29/monmore/racecard/514184
2026-08-29,Monmore,21:34,2,Rallying Cash,514184,Sporting Life,https://www.sportinglife.com/greyhounds/racecards/2026-08-29/monmore/racecard/514184
2026-08-29,Monmore,21:34,3,Droopys Stat,514184,Sporting Life,https://www.sportinglife.com/greyhounds/racecards/2026-08-29/monmore/racecard/514184
2026-08-29,Monmore,21:34,4,Magical Hawk,514184,Sporting Life,https://www.sportinglife.com/greyhounds/racecards/2026-08-29/monmore/racecard/514184
2026-08-29,Monmore,21:34,5,Magical Keith,514184,Sporting Life,https://www.sportinglife.com/greyhounds/racecards/2026-08-29/monmore/racecard/514184
2026-08-29,Monmore,21:34,6,Quivers Rafa,514184,Sporting Life,https://www.sportinglife.com/greyhounds/racecards/2026-08-29/monmore/racecard/514184
2026-08-29,Monmore,21:50,1,Zenith Imminent,514185,Sporting Life,https://www.sportinglife.com/greyhounds/racecards/2026-08-29/monmore/racecard/514185
2026-08-29,Monmore,21:50,2,Makeit River,514185,Sporting Life,https://www.sportinglife.com/greyhounds/racecards/2026-08-29/monmore/racecard/514185
2026-08-29,Monmore,21:50,3,Snazzy Honey,514185,Sporting Life,https://www.sportinglife.com/greyhounds/racecards/2026-08-29/monmore/racecard/514185
2026-08-29,Monmore,21:50,4,Sheep Dip Jim,514185,Sporting Life,https://www.sportinglife.com/greyhounds/racecards/2026-08-29/monmore/racecard/514185
2026-08-29,Monmore,21:50,5,Vic Rattlehead,514185,Sporting Life,https://www.sportinglife.com/greyhounds/racecards/2026-08-29/monmore/racecard/514185
2026-08-29,Monmore,21:50,6,Aero Hope,514185,Sporting Life,https://www.sportinglife.com/greyhounds/racecards/2026-08-29/monmore/racecard/514185
2026-08-29,Newcastle,14:28,1,Stormy Lisamarie,514210,Sporting Life,https://www.sportinglife.com/greyhounds/racecards/2026-08-29/newcastle/racecard/514210
2026-08-29,Newcastle,14:28,2,Wanted Bocko,514210,Sporting Life,https://www.sportinglife.com/greyhounds/racecards/2026-08-29/newcastle/racecard/514210
2026-08-29,Newcastle,14:28,3,Mossend Dan,514210,Sporting Life,https://www.sportinglife.com/greyhounds/racecards/2026-08-29/newcastle/racecard/514210
2026-08-29,Newcastle,14:28,4,Slaneyside Boyne,514210,Sporting Life,https://www.sportinglife.com/greyhounds/racecards/2026-08-29/newcastle/racecard/514210
2026-08-29,Newcastle,14:28,5,Slingshot Clyde,514210,Sporting Life,https://www.sportinglife.com/greyhounds/racecards/2026-08-29/newcastle/racecard/514210
2026-08-29,Newcastle,14:28,6,Clerical Error,514210,Sporting Life,https://www.sportinglife.com/greyhounds/racecards/2026-08-29/newcastle/racecard/514210
2026-08-29,Newcastle,14:48,1,Ballymac Neems,514211,Sporting Life,https://www.sportinglife.com/greyhounds/racecards/2026-08-29/newcastle/racecard/514211
2026-08-29,Newcastle,14:48,2,Atlantas Blu,514211,Sporting Life,https://www.sportinglife.com/greyhounds/racecards/2026-08-29/newcastle/racecard/514211
2026-08-29,Newcastle,14:48,3,Solway Leo,514211,Sporting Life,https://www.sportinglife.com/greyhounds/racecards/2026-08-29/newcastle/racecard/514211
2026-08-29,Newcastle,14:48,4,Putya Foot Down,514211,Sporting Life,https://www.sportinglife.com/greyhounds/racecards/2026-08-29/newcastle/racecard/514211
2026-08-29,Newcastle,14:48,5,Four Over,514211,Sporting Life,https://www.sportinglife.com/greyhounds/racecards/2026-08-29/newcastle/racecard/514211
2026-08-29,Newcastle,15:08,1,Onlyinthejockey,514212,Sporting Life,https://www.sportinglife.com/greyhounds/racecards/2026-08-29/newcastle/racecard/514212
2026-08-29,Newcastle,15:08,2,Abbeyside Enda,514212,Sporting Life,https://www.sportinglife.com/greyhounds/racecards/2026-08-29/newcastle/racecard/514212
2026-08-29,Newcastle,15:08,3,Rolo Genie,514212,Sporting Life,https://www.sportinglife.com/greyhounds/racecards/2026-08-29/newcastle/racecard/514212
2026-08-29,Newcastle,15:08,4,Moanteen Webby,514212,Sporting Life,https://www.sportinglife.com/greyhounds/racecards/2026-08-29/newcastle/racecard/514212
2026-08-29,Newcastle,15:08,6,Frankies Winner,514212,Sporting Life,https://www.sportinglife.com/greyhounds/racecards/2026-08-29/newcastle/racecard/514212
2026-08-29,Newcastle,15:28,1,Fine By Me,514213,Sporting Life,https://www.sportinglife.com/greyhounds/racecards/2026-08-29/newcastle/racecard/514213
2026-08-29,Newcastle,15:28,2,Iraolas The Boss,514213,Sporting Life,https://www.sportinglife.com/greyhounds/racecards/2026-08-29/newcastle/racecard/514213
2026-08-29,Newcastle,15:28,3,Blackhouse Bobby,514213,Sporting Life,https://www.sportinglife.com/greyhounds/racecards/2026-08-29/newcastle/racecard/514213
2026-08-29,Newcastle,15:28,4,Solway Breeze,514213,Sporting Life,https://www.sportinglife.com/greyhounds/racecards/2026-08-29/newcastle/racecard/514213
2026-08-29,Newcastle,15:28,5,Alnwick Tornado,514213,Sporting Life,https://www.sportinglife.com/greyhounds/racecards/2026-08-29/newcastle/racecard/514213
2026-08-29,Newcastle,15:28,6,Droopys Hanora,514213,Sporting Life,https://www.sportinglife.com/greyhounds/racecards/2026-08-29/newcastle/racecard/514213
2026-08-29,Newcastle,15:48,1,Woe Colette,514214,Sporting Life,https://www.sportinglife.com/greyhounds/racecards/2026-08-29/newcastle/racecard/514214
2026-08-29,Newcastle,15:48,2,Coopers Richie,514214,Sporting Life,https://www.sportinglife.com/greyhounds/racecards/2026-08-29/newcastle/racecard/514214
2026-08-29,Newcastle,15:48,3,Millview Dake,514214,Sporting Life,https://www.sportinglife.com/greyhounds/racecards/2026-08-29/newcastle/racecard/514214
2026-08-29,Newcastle,15:48,4,Alnwick Haws,514214,Sporting Life,https://www.sportinglife.com/greyhounds/racecards/2026-08-29/newcastle/racecard/514214
2026-08-29,Newcastle,15:48,5,Chasing Aine,514214,Sporting Life,https://www.sportinglife.com/greyhounds/racecards/2026-08-29/newcastle/racecard/514214
2026-08-29,Newcastle,15:48,6,Girl Of Exile,514214,Sporting Life,https://www.sportinglife.com/greyhounds/racecards/2026-08-29/newcastle/racecard/514214
2026-08-29,Newcastle,16:08,1,Alnwick Brooke,514215,Sporting Life,https://www.sportinglife.com/greyhounds/racecards/2026-08-29/newcastle/racecard/514215
2026-08-29,Newcastle,16:08,2,Killeacle Amy,514215,Sporting Life,https://www.sportinglife.com/greyhounds/racecards/2026-08-29/newcastle/racecard/514215
2026-08-29,Newcastle,16:08,3,Strictly Alexis,514215,Sporting Life,https://www.sportinglife.com/greyhounds/racecards/2026-08-29/newcastle/racecard/514215
2026-08-29,Newcastle,16:08,4,Left Unread,514215,Sporting Life,https://www.sportinglife.com/greyhounds/racecards/2026-08-29/newcastle/racecard/514215
2026-08-29,Newcastle,16:08,5,Drumcrow Wanda,514215,Sporting Life,https://www.sportinglife.com/greyhounds/racecards/2026-08-29/newcastle/racecard/514215
2026-08-29,Newcastle,16:08,6,Fruity Sprite,514215,Sporting Life,https://www.sportinglife.com/greyhounds/racecards/2026-08-29/newcastle/racecard/514215
2026-08-29,Newcastle,16:28,1,Brickkiln Bugsy,514216,Sporting Life,https://www.sportinglife.com/greyhounds/racecards/2026-08-29/newcastle/racecard/514216
2026-08-29,Newcastle,16:28,2,Drumnafern Blaze,514216,Sporting Life,https://www.sportinglife.com/greyhounds/racecards/2026-08-29/newcastle/racecard/514216
2026-08-29,Newcastle,16:28,3,Wraysbury Poppy,514216,Sporting Life,https://www.sportinglife.com/greyhounds/racecards/2026-08-29/newcastle/racecard/514216
2026-08-29,Newcastle,16:28,4,Solway Ruby,514216,Sporting Life,https://www.sportinglife.com/greyhounds/racecards/2026-08-29/newcastle/racecard/514216
2026-08-29,Newcastle,16:28,5,Dakotas Renae,514216,Sporting Life,https://www.sportinglife.com/greyhounds/racecards/2026-08-29/newcastle/racecard/514216
2026-08-29,Newcastle,16:28,6,Alnwick Wizard,514216,Sporting Life,https://www.sportinglife.com/greyhounds/racecards/2026-08-29/newcastle/racecard/514216
2026-08-29,Newcastle,16:48,1,Blackhouse Bolt,514217,Sporting Life,https://www.sportinglife.com/greyhounds/racecards/2026-08-29/newcastle/racecard/514217
2026-08-29,Newcastle,16:48,2,Emers Tyson,514217,Sporting Life,https://www.sportinglife.com/greyhounds/racecards/2026-08-29/newcastle/racecard/514217
2026-08-29,Newcastle,16:48,3,Alnwick Helen,514217,Sporting Life,https://www.sportinglife.com/greyhounds/racecards/2026-08-29/newcastle/racecard/514217
2026-08-29,Newcastle,16:48,4,Tetra Cruising,514217,Sporting Life,https://www.sportinglife.com/greyhounds/racecards/2026-08-29/newcastle/racecard/514217
2026-08-29,Newcastle,16:48,5,Fabulous Kimiko,514217,Sporting Life,https://www.sportinglife.com/greyhounds/racecards/2026-08-29/newcastle/racecard/514217
2026-08-29,Newcastle,16:48,6,Love The Dogs,514217,Sporting Life,https://www.sportinglife.com/greyhounds/racecards/2026-08-29/newcastle/racecard/514217
2026-08-29,Newcastle,17:08,1,Shorten The Tale,514218,Sporting Life,https://www.sportinglife.com/greyhounds/racecards/2026-08-29/newcastle/racecard/514218
2026-08-29,Newcastle,17:08,2,Mollys Aoibhe,514218,Sporting Life,https://www.sportinglife.com/greyhounds/racecards/2026-08-29/newcastle/racecard/514218
2026-08-29,Newcastle,17:08,3,Droopys Turf,514218,Sporting Life,https://www.sportinglife.com/greyhounds/racecards/2026-08-29/newcastle/racecard/514218
2026-08-29,Newcastle,17:08,4,Mister Dipper,514218,Sporting Life,https://www.sportinglife.com/greyhounds/racecards/2026-08-29/newcastle/racecard/514218
2026-08-29,Newcastle,17:08,5,Anglesey Flight,514218,Sporting Life,https://www.sportinglife.com/greyhounds/racecards/2026-08-29/newcastle/racecard/514218
2026-08-29,Newcastle,17:08,6,Alnwick Tina,514218,Sporting Life,https://www.sportinglife.com/greyhounds/racecards/2026-08-29/newcastle/racecard/514218
2026-08-29,Newcastle,17:24,1,Ballymac Fearne,514219,Sporting Life,https://www.sportinglife.com/greyhounds/racecards/2026-08-29/newcastle/racecard/514219
2026-08-29,Newcastle,17:24,2,Puckane Light,514219,Sporting Life,https://www.sportinglife.com/greyhounds/racecards/2026-08-29/newcastle/racecard/514219
2026-08-29,Newcastle,17:24,3,Alnwick Kenny,514219,Sporting Life,https://www.sportinglife.com/greyhounds/racecards/2026-08-29/newcastle/racecard/514219
2026-08-29,Newcastle,17:24,4,Hollyhill Ger,514219,Sporting Life,https://www.sportinglife.com/greyhounds/racecards/2026-08-29/newcastle/racecard/514219
2026-08-29,Newcastle,17:24,5,Wraysbury King,514219,Sporting Life,https://www.sportinglife.com/greyhounds/racecards/2026-08-29/newcastle/racecard/514219
2026-08-29,Newcastle,17:24,6,Texas Ranger,514219,Sporting Life,https://www.sportinglife.com/greyhounds/racecards/2026-08-29/newcastle/racecard/514219
2026-08-29,Newcastle,17:43,1,Mongys Sapphire,514220,Sporting Life,https://www.sportinglife.com/greyhounds/racecards/2026-08-29/newcastle/racecard/514220
2026-08-29,Newcastle,17:43,2,Amtheone,514220,Sporting Life,https://www.sportinglife.com/greyhounds/racecards/2026-08-29/newcastle/racecard/514220
2026-08-29,Newcastle,17:43,3,A Bit Of Trudy,514220,Sporting Life,https://www.sportinglife.com/greyhounds/racecards/2026-08-29/newcastle/racecard/514220
2026-08-29,Newcastle,17:43,4,Howay Suarez,514220,Sporting Life,https://www.sportinglife.com/greyhounds/racecards/2026-08-29/newcastle/racecard/514220
2026-08-29,Newcastle,17:43,5,Deelish Diva,514220,Sporting Life,https://www.sportinglife.com/greyhounds/racecards/2026-08-29/newcastle/racecard/514220
2026-08-29,Newcastle,17:43,6,Hazelhill Blue,514220,Sporting Life,https://www.sportinglife.com/greyhounds/racecards/2026-08-29/newcastle/racecard/514220
2026-08-29,Newcastle,18:01,1,Ngumohaaa,514221,Sporting Life,https://www.sportinglife.com/greyhounds/racecards/2026-08-29/newcastle/racecard/514221
2026-08-29,Newcastle,18:01,2,Alnwick Queen,514221,Sporting Life,https://www.sportinglife.com/greyhounds/racecards/2026-08-29/newcastle/racecard/514221
2026-08-29,Newcastle,18:01,3,Blackhouse Sadie,514221,Sporting Life,https://www.sportinglife.com/greyhounds/racecards/2026-08-29/newcastle/racecard/514221
2026-08-29,Newcastle,18:01,4,Abit Of Layton,514221,Sporting Life,https://www.sportinglife.com/greyhounds/racecards/2026-08-29/newcastle/racecard/514221
2026-08-29,Newcastle,18:01,5,Ballycoole Maggy,514221,Sporting Life,https://www.sportinglife.com/greyhounds/racecards/2026-08-29/newcastle/racecard/514221
2026-08-29,Newcastle,18:01,6,Drombeg Nova,514221,Sporting Life,https://www.sportinglife.com/greyhounds/racecards/2026-08-29/newcastle/racecard/514221
2026-08-29,Romford,11:09,1,Sundance Sasha,514236,Sporting Life,https://www.sportinglife.com/greyhounds/racecards/2026-08-29/romford/racecard/514236
2026-08-29,Romford,11:09,2,Duggies Memory,514236,Sporting Life,https://www.sportinglife.com/greyhounds/racecards/2026-08-29/romford/racecard/514236
2026-08-29,Romford,11:09,3,Bubbly Cinders,514236,Sporting Life,https://www.sportinglife.com/greyhounds/racecards/2026-08-29/romford/racecard/514236
2026-08-29,Romford,11:09,4,Carlow Road,514236,Sporting Life,https://www.sportinglife.com/greyhounds/racecards/2026-08-29/romford/racecard/514236
2026-08-29,Romford,11:09,5,Seomra Miska,514236,Sporting Life,https://www.sportinglife.com/greyhounds/racecards/2026-08-29/romford/racecard/514236
2026-08-29,Romford,11:27,1,Young Kerry,514237,Sporting Life,https://www.sportinglife.com/greyhounds/racecards/2026-08-29/romford/racecard/514237
2026-08-29,Romford,11:27,2,Peteys Queen,514237,Sporting Life,https://www.sportinglife.com/greyhounds/racecards/2026-08-29/romford/racecard/514237
2026-08-29,Romford,11:27,3,Hollywood Hustle,514237,Sporting Life,https://www.sportinglife.com/greyhounds/racecards/2026-08-29/romford/racecard/514237
2026-08-29,Romford,11:27,4,Run Away Terry,514237,Sporting Life,https://www.sportinglife.com/greyhounds/racecards/2026-08-29/romford/racecard/514237
2026-08-29,Romford,11:27,6,Rangey Lady,514237,Sporting Life,https://www.sportinglife.com/greyhounds/racecards/2026-08-29/romford/racecard/514237
2026-08-29,Romford,11:43,1,Aero Sasha,514238,Sporting Life,https://www.sportinglife.com/greyhounds/racecards/2026-08-29/romford/racecard/514238
2026-08-29,Romford,11:43,2,Ritzy Rosie,514238,Sporting Life,https://www.sportinglife.com/greyhounds/racecards/2026-08-29/romford/racecard/514238
2026-08-29,Romford,11:43,3,Brandywell Queen,514238,Sporting Life,https://www.sportinglife.com/greyhounds/racecards/2026-08-29/romford/racecard/514238
2026-08-29,Romford,11:43,4,Jeopardy Venus,514238,Sporting Life,https://www.sportinglife.com/greyhounds/racecards/2026-08-29/romford/racecard/514238
2026-08-29,Romford,11:43,5,Swift Kelvin,514238,Sporting Life,https://www.sportinglife.com/greyhounds/racecards/2026-08-29/romford/racecard/514238
2026-08-29,Romford,11:43,6,Blue Shine,514238,Sporting Life,https://www.sportinglife.com/greyhounds/racecards/2026-08-29/romford/racecard/514238
2026-08-29,Romford,12:01,2,Bacon Hotpot,514239,Sporting Life,https://www.sportinglife.com/greyhounds/racecards/2026-08-29/romford/racecard/514239
2026-08-29,Romford,12:01,3,Pretty Boy Roy,514239,Sporting Life,https://www.sportinglife.com/greyhounds/racecards/2026-08-29/romford/racecard/514239
2026-08-29,Romford,12:01,4,Swift Official,514239,Sporting Life,https://www.sportinglife.com/greyhounds/racecards/2026-08-29/romford/racecard/514239
2026-08-29,Romford,12:01,5,Ashbury Woody,514239,Sporting Life,https://www.sportinglife.com/greyhounds/racecards/2026-08-29/romford/racecard/514239
2026-08-29,Romford,12:01,6,Colrose Diva,514239,Sporting Life,https://www.sportinglife.com/greyhounds/racecards/2026-08-29/romford/racecard/514239
2026-08-29,Romford,12:18,1,Burgess Sharon,514240,Sporting Life,https://www.sportinglife.com/greyhounds/racecards/2026-08-29/romford/racecard/514240
2026-08-29,Romford,12:18,2,Mohican Honey,514240,Sporting Life,https://www.sportinglife.com/greyhounds/racecards/2026-08-29/romford/racecard/514240
2026-08-29,Romford,12:18,3,Jeopardy Hunter,514240,Sporting Life,https://www.sportinglife.com/greyhounds/racecards/2026-08-29/romford/racecard/514240
2026-08-29,Romford,12:18,4,El Regreso,514240,Sporting Life,https://www.sportinglife.com/greyhounds/racecards/2026-08-29/romford/racecard/514240
2026-08-29,Romford,12:18,5,False Time,514240,Sporting Life,https://www.sportinglife.com/greyhounds/racecards/2026-08-29/romford/racecard/514240
2026-08-29,Romford,12:18,6,Moaning Dolly,514240,Sporting Life,https://www.sportinglife.com/greyhounds/racecards/2026-08-29/romford/racecard/514240
2026-08-29,Romford,12:34,1,Lightfoot Jamie,514241,Sporting Life,https://www.sportinglife.com/greyhounds/racecards/2026-08-29/romford/racecard/514241
2026-08-29,Romford,12:34,2,Bretons Boy,514241,Sporting Life,https://www.sportinglife.com/greyhounds/racecards/2026-08-29/romford/racecard/514241
2026-08-29,Romford,12:34,3,Ten Fold,514241,Sporting Life,https://www.sportinglife.com/greyhounds/racecards/2026-08-29/romford/racecard/514241
2026-08-29,Romford,12:34,4,Roanna General,514241,Sporting Life,https://www.sportinglife.com/greyhounds/racecards/2026-08-29/romford/racecard/514241
2026-08-29,Romford,12:34,5,Express Tag,514241,Sporting Life,https://www.sportinglife.com/greyhounds/racecards/2026-08-29/romford/racecard/514241
2026-08-29,Romford,12:51,1,Toems Jess,514242,Sporting Life,https://www.sportinglife.com/greyhounds/racecards/2026-08-29/romford/racecard/514242
2026-08-29,Romford,12:51,3,Sophies Diamond,514242,Sporting Life,https://www.sportinglife.com/greyhounds/racecards/2026-08-29/romford/racecard/514242
2026-08-29,Romford,12:51,4,Catunda Steph,514242,Sporting Life,https://www.sportinglife.com/greyhounds/racecards/2026-08-29/romford/racecard/514242
2026-08-29,Romford,12:51,5,Dontkidakidder,514242,Sporting Life,https://www.sportinglife.com/greyhounds/racecards/2026-08-29/romford/racecard/514242
2026-08-29,Romford,12:51,6,Distant Diana,514242,Sporting Life,https://www.sportinglife.com/greyhounds/racecards/2026-08-29/romford/racecard/514242
2026-08-29,Romford,13:08,2,Links Viper,514243,Sporting Life,https://www.sportinglife.com/greyhounds/racecards/2026-08-29/romford/racecard/514243
2026-08-29,Romford,13:08,3,Raha Jayjay,514243,Sporting Life,https://www.sportinglife.com/greyhounds/racecards/2026-08-29/romford/racecard/514243
2026-08-29,Romford,13:08,4,Bombay Flash,514243,Sporting Life,https://www.sportinglife.com/greyhounds/racecards/2026-08-29/romford/racecard/514243
2026-08-29,Romford,13:08,5,Headford Eimear,514243,Sporting Life,https://www.sportinglife.com/greyhounds/racecards/2026-08-29/romford/racecard/514243
2026-08-29,Romford,13:08,6,Swifty Does It,514243,Sporting Life,https://www.sportinglife.com/greyhounds/racecards/2026-08-29/romford/racecard/514243
2026-08-29,Romford,13:26,1,Inclement Shelby,514244,Sporting Life,https://www.sportinglife.com/greyhounds/racecards/2026-08-29/romford/racecard/514244
2026-08-29,Romford,13:26,2,Itsur View,514244,Sporting Life,https://www.sportinglife.com/greyhounds/racecards/2026-08-29/romford/racecard/514244
2026-08-29,Romford,13:26,3,Chiltern Queen,514244,Sporting Life,https://www.sportinglife.com/greyhounds/racecards/2026-08-29/romford/racecard/514244
2026-08-29,Romford,13:26,4,Silvertown Blues,514244,Sporting Life,https://www.sportinglife.com/greyhounds/racecards/2026-08-29/romford/racecard/514244
2026-08-29,Romford,13:26,5,Roxys Ruth,514244,Sporting Life,https://www.sportinglife.com/greyhounds/racecards/2026-08-29/romford/racecard/514244
2026-08-29,Romford,13:42,1,Velvet Murillo,514245,Sporting Life,https://www.sportinglife.com/greyhounds/racecards/2026-08-29/romford/racecard/514245
2026-08-29,Romford,13:42,2,Smashing Major,514245,Sporting Life,https://www.sportinglife.com/greyhounds/racecards/2026-08-29/romford/racecard/514245
2026-08-29,Romford,13:42,3,Attykitt Lady,514245,Sporting Life,https://www.sportinglife.com/greyhounds/racecards/2026-08-29/romford/racecard/514245
2026-08-29,Romford,13:42,4,Good Destiny,514245,Sporting Life,https://www.sportinglife.com/greyhounds/racecards/2026-08-29/romford/racecard/514245
2026-08-29,Romford,13:42,5,Kingdom Tilly,514245,Sporting Life,https://www.sportinglife.com/greyhounds/racecards/2026-08-29/romford/racecard/514245
2026-08-29,Romford,13:59,1,Allowdale Chloe,514246,Sporting Life,https://www.sportinglife.com/greyhounds/racecards/2026-08-29/romford/racecard/514246
2026-08-29,Romford,13:59,2,Didier Dogba,514246,Sporting Life,https://www.sportinglife.com/greyhounds/racecards/2026-08-29/romford/racecard/514246
2026-08-29,Romford,13:59,3,Kinielty Rosie,514246,Sporting Life,https://www.sportinglife.com/greyhounds/racecards/2026-08-29/romford/racecard/514246
2026-08-29,Romford,13:59,4,Amelias Tag,514246,Sporting Life,https://www.sportinglife.com/greyhounds/racecards/2026-08-29/romford/racecard/514246
2026-08-29,Romford,13:59,5,Lollipop Lucy,514246,Sporting Life,https://www.sportinglife.com/greyhounds/racecards/2026-08-29/romford/racecard/514246
2026-08-29,Romford,13:59,6,Orange Ryan,514246,Sporting Life,https://www.sportinglife.com/greyhounds/racecards/2026-08-29/romford/racecard/514246
2026-08-29,Romford,14:14,1,Lego,514247,Sporting Life,https://www.sportinglife.com/greyhounds/racecards/2026-08-29/romford/racecard/514247
2026-08-29,Romford,14:14,2,Droopys Maybe,514247,Sporting Life,https://www.sportinglife.com/greyhounds/racecards/2026-08-29/romford/racecard/514247
2026-08-29,Romford,14:14,3,Distant Milo,514247,Sporting Life,https://www.sportinglife.com/greyhounds/racecards/2026-08-29/romford/racecard/514247
2026-08-29,Romford,14:14,4,Rondatortoise,514247,Sporting Life,https://www.sportinglife.com/greyhounds/racecards/2026-08-29/romford/racecard/514247
2026-08-29,Romford,14:14,5,Yahoo Poppy,514247,Sporting Life,https://www.sportinglife.com/greyhounds/racecards/2026-08-29/romford/racecard/514247
2026-08-29,Romford,18:42,1,Young Sienna,514248,Sporting Life,https://www.sportinglife.com/greyhounds/racecards/2026-08-29/romford/racecard/514248
2026-08-29,Romford,18:42,2,Navys Dolly,514248,Sporting Life,https://www.sportinglife.com/greyhounds/racecards/2026-08-29/romford/racecard/514248
2026-08-29,Romford,18:42,3,Slipalong Ace,514248,Sporting Life,https://www.sportinglife.com/greyhounds/racecards/2026-08-29/romford/racecard/514248
2026-08-29,Romford,18:42,4,Knockdrinna Lass,514248,Sporting Life,https://www.sportinglife.com/greyhounds/racecards/2026-08-29/romford/racecard/514248
2026-08-29,Romford,18:42,6,Langston Lucky,514248,Sporting Life,https://www.sportinglife.com/greyhounds/racecards/2026-08-29/romford/racecard/514248
2026-08-29,Romford,19:02,1,Lemming Panna,514249,Sporting Life,https://www.sportinglife.com/greyhounds/racecards/2026-08-29/romford/racecard/514249
2026-08-29,Romford,19:02,2,Romford Sheriff,514249,Sporting Life,https://www.sportinglife.com/greyhounds/racecards/2026-08-29/romford/racecard/514249
2026-08-29,Romford,19:02,3,Rough Ronan,514249,Sporting Life,https://www.sportinglife.com/greyhounds/racecards/2026-08-29/romford/racecard/514249
2026-08-29,Romford,19:02,4,Largeandincharge,514249,Sporting Life,https://www.sportinglife.com/greyhounds/racecards/2026-08-29/romford/racecard/514249
2026-08-29,Romford,19:02,5,Chelms Jack,514249,Sporting Life,https://www.sportinglife.com/greyhounds/racecards/2026-08-29/romford/racecard/514249
2026-08-29,Romford,19:22,2,Showgirl Lola,514250,Sporting Life,https://www.sportinglife.com/greyhounds/racecards/2026-08-29/romford/racecard/514250
2026-08-29,Romford,19:22,3,Tip Top Bundee,514250,Sporting Life,https://www.sportinglife.com/greyhounds/racecards/2026-08-29/romford/racecard/514250
2026-08-29,Romford,19:22,4,Underground Syd,514250,Sporting Life,https://www.sportinglife.com/greyhounds/racecards/2026-08-29/romford/racecard/514250
2026-08-29,Romford,19:22,5,Sporting Aduri,514250,Sporting Life,https://www.sportinglife.com/greyhounds/racecards/2026-08-29/romford/racecard/514250
2026-08-29,Romford,19:22,6,Droopys Cassia,514250,Sporting Life,https://www.sportinglife.com/greyhounds/racecards/2026-08-29/romford/racecard/514250
2026-08-29,Romford,19:42,1,Cofam Bob,514251,Sporting Life,https://www.sportinglife.com/greyhounds/racecards/2026-08-29/romford/racecard/514251
2026-08-29,Romford,19:42,2,Blackrose Gus,514251,Sporting Life,https://www.sportinglife.com/greyhounds/racecards/2026-08-29/romford/racecard/514251
2026-08-29,Romford,19:42,3,Distant Lilly,514251,Sporting Life,https://www.sportinglife.com/greyhounds/racecards/2026-08-29/romford/racecard/514251
2026-08-29,Romford,19:42,4,Dinos Yogi,514251,Sporting Life,https://www.sportinglife.com/greyhounds/racecards/2026-08-29/romford/racecard/514251
2026-08-29,Romford,19:42,5,Artisan Dancer,514251,Sporting Life,https://www.sportinglife.com/greyhounds/racecards/2026-08-29/romford/racecard/514251
2026-08-29,Romford,20:02,1,Pantone Alley,514252,Sporting Life,https://www.sportinglife.com/greyhounds/racecards/2026-08-29/romford/racecard/514252
2026-08-29,Romford,20:02,3,Sparkling Millie,514252,Sporting Life,https://www.sportinglife.com/greyhounds/racecards/2026-08-29/romford/racecard/514252
2026-08-29,Romford,20:02,4,Informant,514252,Sporting Life,https://www.sportinglife.com/greyhounds/racecards/2026-08-29/romford/racecard/514252
2026-08-29,Romford,20:02,5,Clovass Spice,514252,Sporting Life,https://www.sportinglife.com/greyhounds/racecards/2026-08-29/romford/racecard/514252
2026-08-29,Romford,20:02,6,Crossfield Becca,514252,Sporting Life,https://www.sportinglife.com/greyhounds/racecards/2026-08-29/romford/racecard/514252
2026-08-29,Romford,20:22,2,Tip Top Pinky,514253,Sporting Life,https://www.sportinglife.com/greyhounds/racecards/2026-08-29/romford/racecard/514253
2026-08-29,Romford,20:22,3,Underground Debs,514253,Sporting Life,https://www.sportinglife.com/greyhounds/racecards/2026-08-29/romford/racecard/514253
2026-08-29,Romford,20:22,4,Swift Accomplish,514253,Sporting Life,https://www.sportinglife.com/greyhounds/racecards/2026-08-29/romford/racecard/514253
2026-08-29,Romford,20:22,5,Flacos Flyer,514253,Sporting Life,https://www.sportinglife.com/greyhounds/racecards/2026-08-29/romford/racecard/514253
2026-08-29,Romford,20:22,6,Mollycoddle,514253,Sporting Life,https://www.sportinglife.com/greyhounds/racecards/2026-08-29/romford/racecard/514253
2026-08-29,Romford,20:42,1,Aint Got No Cash,514254,Sporting Life,https://www.sportinglife.com/greyhounds/racecards/2026-08-29/romford/racecard/514254
2026-08-29,Romford,20:42,2,Droopys Pedigree,514254,Sporting Life,https://www.sportinglife.com/greyhounds/racecards/2026-08-29/romford/racecard/514254
2026-08-29,Romford,20:42,3,Snoopys Ren,514254,Sporting Life,https://www.sportinglife.com/greyhounds/racecards/2026-08-29/romford/racecard/514254
2026-08-29,Romford,20:42,4,Blackrose Venus,514254,Sporting Life,https://www.sportinglife.com/greyhounds/racecards/2026-08-29/romford/racecard/514254
2026-08-29,Romford,20:42,5,Catunda Nemo,514254,Sporting Life,https://www.sportinglife.com/greyhounds/racecards/2026-08-29/romford/racecard/514254
2026-08-29,Romford,20:42,6,Holding Suzie,514254,Sporting Life,https://www.sportinglife.com/greyhounds/racecards/2026-08-29/romford/racecard/514254
2026-08-29,Romford,21:02,1,Olwinn Seen It,514255,Sporting Life,https://www.sportinglife.com/greyhounds/racecards/2026-08-29/romford/racecard/514255
2026-08-29,Romford,21:02,2,Rural Bluey,514255,Sporting Life,https://www.sportinglife.com/greyhounds/racecards/2026-08-29/romford/racecard/514255
2026-08-29,Romford,21:02,3,Ballybreen Holly,514255,Sporting Life,https://www.sportinglife.com/greyhounds/racecards/2026-08-29/romford/racecard/514255
2026-08-29,Romford,21:02,4,My Sweet Boy,514255,Sporting Life,https://www.sportinglife.com/greyhounds/racecards/2026-08-29/romford/racecard/514255
2026-08-29,Romford,21:02,5,You Kidding Me,514255,Sporting Life,https://www.sportinglife.com/greyhounds/racecards/2026-08-29/romford/racecard/514255
2026-08-29,Romford,21:02,6,Winning Combo,514255,Sporting Life,https://www.sportinglife.com/greyhounds/racecards/2026-08-29/romford/racecard/514255
2026-08-29,Romford,21:22,1,Fionns Rafa,514256,Sporting Life,https://www.sportinglife.com/greyhounds/racecards/2026-08-29/romford/racecard/514256
2026-08-29,Romford,21:22,2,Ricos Diamond,514256,Sporting Life,https://www.sportinglife.com/greyhounds/racecards/2026-08-29/romford/racecard/514256
2026-08-29,Romford,21:22,3,Jacktavern Taz,514256,Sporting Life,https://www.sportinglife.com/greyhounds/racecards/2026-08-29/romford/racecard/514256
2026-08-29,Romford,21:22,4,Silver Sands,514256,Sporting Life,https://www.sportinglife.com/greyhounds/racecards/2026-08-29/romford/racecard/514256
2026-08-29,Romford,21:22,6,Harrys Bluey,514256,Sporting Life,https://www.sportinglife.com/greyhounds/racecards/2026-08-29/romford/racecard/514256
2026-08-29,Romford,21:42,1,Cosmic Blue,514257,Sporting Life,https://www.sportinglife.com/greyhounds/racecards/2026-08-29/romford/racecard/514257
2026-08-29,Romford,21:42,2,Thirtyapop,514257,Sporting Life,https://www.sportinglife.com/greyhounds/racecards/2026-08-29/romford/racecard/514257
2026-08-29,Romford,21:42,3,Old Fort Jiver,514257,Sporting Life,https://www.sportinglife.com/greyhounds/racecards/2026-08-29/romford/racecard/514257
2026-08-29,Romford,21:42,4,Old Fort Monaco,514257,Sporting Life,https://www.sportinglife.com/greyhounds/racecards/2026-08-29/romford/racecard/514257
2026-08-29,Romford,21:42,6,Droopys Floorish,514257,Sporting Life,https://www.sportinglife.com/greyhounds/racecards/2026-08-29/romford/racecard/514257
2026-08-29,Romford,22:02,1,Pin Point,514258,Sporting Life,https://www.sportinglife.com/greyhounds/racecards/2026-08-29/romford/racecard/514258
2026-08-29,Romford,22:02,2,Bubbly Babs,514258,Sporting Life,https://www.sportinglife.com/greyhounds/racecards/2026-08-29/romford/racecard/514258
2026-08-29,Romford,22:02,3,Highway Bobby,514258,Sporting Life,https://www.sportinglife.com/greyhounds/racecards/2026-08-29/romford/racecard/514258
2026-08-29,Romford,22:02,4,Tiermana Scott,514258,Sporting Life,https://www.sportinglife.com/greyhounds/racecards/2026-08-29/romford/racecard/514258
2026-08-29,Romford,22:02,6,Four Votes,514258,Sporting Life,https://www.sportinglife.com/greyhounds/racecards/2026-08-29/romford/racecard/514258
2026-08-29,Romford,22:20,2,Bensourboy,514259,Sporting Life,https://www.sportinglife.com/greyhounds/racecards/2026-08-29/romford/racecard/514259
2026-08-29,Romford,22:20,3,Underground Zeus,514259,Sporting Life,https://www.sportinglife.com/greyhounds/racecards/2026-08-29/romford/racecard/514259
2026-08-29,Romford,22:20,4,My Last Dog,514259,Sporting Life,https://www.sportinglife.com/greyhounds/racecards/2026-08-29/romford/racecard/514259
2026-08-29,Romford,22:20,5,Surely Mad,514259,Sporting Life,https://www.sportinglife.com/greyhounds/racecards/2026-08-29/romford/racecard/514259
2026-08-29,Romford,22:20,6,Clasheen Dior,514259,Sporting Life,https://www.sportinglife.com/greyhounds/racecards/2026-08-29/romford/racecard/514259
2026-08-29,Sheffield,19:30,1,Freedom Layla,514102,Sporting Life,https://www.sportinglife.com/greyhounds/racecards/2026-08-29/sheffield/racecard/514102
2026-08-29,Sheffield,19:30,2,Bombay Bingo,514102,Sporting Life,https://www.sportinglife.com/greyhounds/racecards/2026-08-29/sheffield/racecard/514102
2026-08-29,Sheffield,19:30,3,Sudoky Ourora,514102,Sporting Life,https://www.sportinglife.com/greyhounds/racecards/2026-08-29/sheffield/racecard/514102
2026-08-29,Sheffield,19:30,4,Nametab Sirius,514102,Sporting Life,https://www.sportinglife.com/greyhounds/racecards/2026-08-29/sheffield/racecard/514102
2026-08-29,Sheffield,19:30,5,Teasys Pet,514102,Sporting Life,https://www.sportinglife.com/greyhounds/racecards/2026-08-29/sheffield/racecard/514102
2026-08-29,Sheffield,19:47,1,Veronicasfantasy,514103,Sporting Life,https://www.sportinglife.com/greyhounds/racecards/2026-08-29/sheffield/racecard/514103
2026-08-29,Sheffield,19:47,2,Oglala Ondo,514103,Sporting Life,https://www.sportinglife.com/greyhounds/racecards/2026-08-29/sheffield/racecard/514103
2026-08-29,Sheffield,19:47,4,Antepost Bet,514103,Sporting Life,https://www.sportinglife.com/greyhounds/racecards/2026-08-29/sheffield/racecard/514103
2026-08-29,Sheffield,19:47,5,Knock Zaya,514103,Sporting Life,https://www.sportinglife.com/greyhounds/racecards/2026-08-29/sheffield/racecard/514103
2026-08-29,Sheffield,19:47,6,Diamond Santa,514103,Sporting Life,https://www.sportinglife.com/greyhounds/racecards/2026-08-29/sheffield/racecard/514103
2026-08-29,Sheffield,20:04,2,Elegant Joey,514104,Sporting Life,https://www.sportinglife.com/greyhounds/racecards/2026-08-29/sheffield/racecard/514104
2026-08-29,Sheffield,20:04,3,Krak On Katie,514104,Sporting Life,https://www.sportinglife.com/greyhounds/racecards/2026-08-29/sheffield/racecard/514104
2026-08-29,Sheffield,20:04,4,Ticket Back,514104,Sporting Life,https://www.sportinglife.com/greyhounds/racecards/2026-08-29/sheffield/racecard/514104
2026-08-29,Sheffield,20:04,5,Gizmo Alpha,514104,Sporting Life,https://www.sportinglife.com/greyhounds/racecards/2026-08-29/sheffield/racecard/514104
2026-08-29,Sheffield,20:21,1,Tatti Gamble,514105,Sporting Life,https://www.sportinglife.com/greyhounds/racecards/2026-08-29/sheffield/racecard/514105
2026-08-29,Sheffield,20:21,2,Newinn Polly,514105,Sporting Life,https://www.sportinglife.com/greyhounds/racecards/2026-08-29/sheffield/racecard/514105
2026-08-29,Sheffield,20:21,4,Kilgarran Holly,514105,Sporting Life,https://www.sportinglife.com/greyhounds/racecards/2026-08-29/sheffield/racecard/514105
2026-08-29,Sheffield,20:21,5,Windgap Frost,514105,Sporting Life,https://www.sportinglife.com/greyhounds/racecards/2026-08-29/sheffield/racecard/514105
2026-08-29,Sheffield,20:21,6,Notsofastteddy,514105,Sporting Life,https://www.sportinglife.com/greyhounds/racecards/2026-08-29/sheffield/racecard/514105
2026-08-29,Sheffield,20:38,1,Cavies Chloe,514106,Sporting Life,https://www.sportinglife.com/greyhounds/racecards/2026-08-29/sheffield/racecard/514106
2026-08-29,Sheffield,20:38,2,Crokers Emma,514106,Sporting Life,https://www.sportinglife.com/greyhounds/racecards/2026-08-29/sheffield/racecard/514106
2026-08-29,Sheffield,20:38,3,Killeacle Cher,514106,Sporting Life,https://www.sportinglife.com/greyhounds/racecards/2026-08-29/sheffield/racecard/514106
2026-08-29,Sheffield,20:38,4,Cavies Orla,514106,Sporting Life,https://www.sportinglife.com/greyhounds/racecards/2026-08-29/sheffield/racecard/514106
2026-08-29,Sheffield,20:38,6,Supa Mizzy,514106,Sporting Life,https://www.sportinglife.com/greyhounds/racecards/2026-08-29/sheffield/racecard/514106
2026-08-29,Sheffield,20:55,1,Chiltern Dreams,514107,Sporting Life,https://www.sportinglife.com/greyhounds/racecards/2026-08-29/sheffield/racecard/514107
2026-08-29,Sheffield,20:55,2,Cloondarone Ken,514107,Sporting Life,https://www.sportinglife.com/greyhounds/racecards/2026-08-29/sheffield/racecard/514107
2026-08-29,Sheffield,20:55,3,Dromrich Penny,514107,Sporting Life,https://www.sportinglife.com/greyhounds/racecards/2026-08-29/sheffield/racecard/514107
2026-08-29,Sheffield,20:55,6,Catunda Sniper,514107,Sporting Life,https://www.sportinglife.com/greyhounds/racecards/2026-08-29/sheffield/racecard/514107
2026-08-29,Sheffield,21:12,1,Anglesey Herring,514108,Sporting Life,https://www.sportinglife.com/greyhounds/racecards/2026-08-29/sheffield/racecard/514108
2026-08-29,Sheffield,21:12,3,Coleridge Waves,514108,Sporting Life,https://www.sportinglife.com/greyhounds/racecards/2026-08-29/sheffield/racecard/514108
2026-08-29,Sheffield,21:12,4,Anglesey Tesia,514108,Sporting Life,https://www.sportinglife.com/greyhounds/racecards/2026-08-29/sheffield/racecard/514108
2026-08-29,Sheffield,21:12,5,Cloondarone Sham,514108,Sporting Life,https://www.sportinglife.com/greyhounds/racecards/2026-08-29/sheffield/racecard/514108
2026-08-29,Sheffield,21:12,6,Moanteen Cobra,514108,Sporting Life,https://www.sportinglife.com/greyhounds/racecards/2026-08-29/sheffield/racecard/514108
2026-08-29,Sheffield,21:29,1,Ballyboss Emily,514109,Sporting Life,https://www.sportinglife.com/greyhounds/racecards/2026-08-29/sheffield/racecard/514109
2026-08-29,Sheffield,21:29,3,Cavies Tricia,514109,Sporting Life,https://www.sportinglife.com/greyhounds/racecards/2026-08-29/sheffield/racecard/514109
2026-08-29,Sheffield,21:29,4,Helicopter Wilma,514109,Sporting Life,https://www.sportinglife.com/greyhounds/racecards/2026-08-29/sheffield/racecard/514109
2026-08-29,Sheffield,21:29,5,Troubled Water,514109,Sporting Life,https://www.sportinglife.com/greyhounds/racecards/2026-08-29/sheffield/racecard/514109
2026-08-29,Sheffield,21:29,6,Conlig Boy,514109,Sporting Life,https://www.sportinglife.com/greyhounds/racecards/2026-08-29/sheffield/racecard/514109
2026-08-29,Star Pelaw,17:29,1,Baby Cupcakes,514309,Sporting Life,https://www.sportinglife.com/greyhounds/racecards/2026-08-29/star-pelaw/racecard/514309
2026-08-29,Star Pelaw,17:29,2,Deelish Rapid,514309,Sporting Life,https://www.sportinglife.com/greyhounds/racecards/2026-08-29/star-pelaw/racecard/514309
2026-08-29,Star Pelaw,17:29,3,Hello Me Man,514309,Sporting Life,https://www.sportinglife.com/greyhounds/racecards/2026-08-29/star-pelaw/racecard/514309
2026-08-29,Star Pelaw,17:29,5,Tromora Zara,514309,Sporting Life,https://www.sportinglife.com/greyhounds/racecards/2026-08-29/star-pelaw/racecard/514309
2026-08-29,Star Pelaw,17:29,6,Ainster Jim,514309,Sporting Life,https://www.sportinglife.com/greyhounds/racecards/2026-08-29/star-pelaw/racecard/514309
2026-08-29,Star Pelaw,17:47,2,Westwood Jack,514310,Sporting Life,https://www.sportinglife.com/greyhounds/racecards/2026-08-29/star-pelaw/racecard/514310
2026-08-29,Star Pelaw,17:47,3,Razldazl Paloma,514310,Sporting Life,https://www.sportinglife.com/greyhounds/racecards/2026-08-29/star-pelaw/racecard/514310
2026-08-29,Star Pelaw,17:47,4,Slingshot Franky,514310,Sporting Life,https://www.sportinglife.com/greyhounds/racecards/2026-08-29/star-pelaw/racecard/514310
2026-08-29,Star Pelaw,17:47,5,Fabulous Spell,514310,Sporting Life,https://www.sportinglife.com/greyhounds/racecards/2026-08-29/star-pelaw/racecard/514310
2026-08-29,Star Pelaw,17:47,6,Razldazl Royco,514310,Sporting Life,https://www.sportinglife.com/greyhounds/racecards/2026-08-29/star-pelaw/racecard/514310
2026-08-29,Star Pelaw,18:04,1,Droopys Graph,514311,Sporting Life,https://www.sportinglife.com/greyhounds/racecards/2026-08-29/star-pelaw/racecard/514311
2026-08-29,Star Pelaw,18:04,2,Pappys Berry,514311,Sporting Life,https://www.sportinglife.com/greyhounds/racecards/2026-08-29/star-pelaw/racecard/514311
2026-08-29,Star Pelaw,18:04,3,Slippy Debra,514311,Sporting Life,https://www.sportinglife.com/greyhounds/racecards/2026-08-29/star-pelaw/racecard/514311
2026-08-29,Star Pelaw,18:04,5,Punkrock Mercury,514311,Sporting Life,https://www.sportinglife.com/greyhounds/racecards/2026-08-29/star-pelaw/racecard/514311
2026-08-29,Star Pelaw,18:04,6,Trapstyle Tee,514311,Sporting Life,https://www.sportinglife.com/greyhounds/racecards/2026-08-29/star-pelaw/racecard/514311
2026-08-29,Star Pelaw,18:21,1,Punk Rock Willow,514312,Sporting Life,https://www.sportinglife.com/greyhounds/racecards/2026-08-29/star-pelaw/racecard/514312
2026-08-29,Star Pelaw,18:21,2,Trapstyle Grumpy,514312,Sporting Life,https://www.sportinglife.com/greyhounds/racecards/2026-08-29/star-pelaw/racecard/514312
2026-08-29,Star Pelaw,18:21,3,Razldazl Tully,514312,Sporting Life,https://www.sportinglife.com/greyhounds/racecards/2026-08-29/star-pelaw/racecard/514312
2026-08-29,Star Pelaw,18:21,4,Cloheena Bully,514312,Sporting Life,https://www.sportinglife.com/greyhounds/racecards/2026-08-29/star-pelaw/racecard/514312
2026-08-29,Star Pelaw,18:21,5,Mossend Colton,514312,Sporting Life,https://www.sportinglife.com/greyhounds/racecards/2026-08-29/star-pelaw/racecard/514312
2026-08-29,Star Pelaw,18:21,6,Safe Vision,514312,Sporting Life,https://www.sportinglife.com/greyhounds/racecards/2026-08-29/star-pelaw/racecard/514312
2026-08-29,Star Pelaw,18:39,1,Whitty Remark,514313,Sporting Life,https://www.sportinglife.com/greyhounds/racecards/2026-08-29/star-pelaw/racecard/514313
2026-08-29,Star Pelaw,18:39,2,Glenhead Grace,514313,Sporting Life,https://www.sportinglife.com/greyhounds/racecards/2026-08-29/star-pelaw/racecard/514313
2026-08-29,Star Pelaw,18:39,3,Bogger Cutie,514313,Sporting Life,https://www.sportinglife.com/greyhounds/racecards/2026-08-29/star-pelaw/racecard/514313
2026-08-29,Star Pelaw,18:39,4,Dairyland Amelia,514313,Sporting Life,https://www.sportinglife.com/greyhounds/racecards/2026-08-29/star-pelaw/racecard/514313
2026-08-29,Star Pelaw,18:39,5,Catunda Leo,514313,Sporting Life,https://www.sportinglife.com/greyhounds/racecards/2026-08-29/star-pelaw/racecard/514313
2026-08-29,Star Pelaw,18:39,6,Untold Flare,514313,Sporting Life,https://www.sportinglife.com/greyhounds/racecards/2026-08-29/star-pelaw/racecard/514313
2026-08-29,Star Pelaw,18:56,1,Razldazl Barkley,514314,Sporting Life,https://www.sportinglife.com/greyhounds/racecards/2026-08-29/star-pelaw/racecard/514314
2026-08-29,Star Pelaw,18:56,3,Cloheena Rodney,514314,Sporting Life,https://www.sportinglife.com/greyhounds/racecards/2026-08-29/star-pelaw/racecard/514314
2026-08-29,Star Pelaw,18:56,4,Droopys Verdict,514314,Sporting Life,https://www.sportinglife.com/greyhounds/racecards/2026-08-29/star-pelaw/racecard/514314
2026-08-29,Star Pelaw,18:56,5,Imonlytwink,514314,Sporting Life,https://www.sportinglife.com/greyhounds/racecards/2026-08-29/star-pelaw/racecard/514314
2026-08-29,Star Pelaw,18:56,6,Luminous Busty,514314,Sporting Life,https://www.sportinglife.com/greyhounds/racecards/2026-08-29/star-pelaw/racecard/514314
2026-08-29,Star Pelaw,19:14,1,Keeperhill Ei Ei,514315,Sporting Life,https://www.sportinglife.com/greyhounds/racecards/2026-08-29/star-pelaw/racecard/514315
2026-08-29,Star Pelaw,19:14,3,Caseys Dylan,514315,Sporting Life,https://www.sportinglife.com/greyhounds/racecards/2026-08-29/star-pelaw/racecard/514315
2026-08-29,Star Pelaw,19:14,4,Mitches Marra,514315,Sporting Life,https://www.sportinglife.com/greyhounds/racecards/2026-08-29/star-pelaw/racecard/514315
2026-08-29,Star Pelaw,19:14,5,Moonveen Dancer,514315,Sporting Life,https://www.sportinglife.com/greyhounds/racecards/2026-08-29/star-pelaw/racecard/514315
2026-08-29,Star Pelaw,19:14,6,Glenbowen Coogee,514315,Sporting Life,https://www.sportinglife.com/greyhounds/racecards/2026-08-29/star-pelaw/racecard/514315
2026-08-29,Star Pelaw,19:31,1,Tally Ho Swift,514316,Sporting Life,https://www.sportinglife.com/greyhounds/racecards/2026-08-29/star-pelaw/racecard/514316
2026-08-29,Star Pelaw,19:31,2,Tromora Meg,514316,Sporting Life,https://www.sportinglife.com/greyhounds/racecards/2026-08-29/star-pelaw/racecard/514316
2026-08-29,Star Pelaw,19:31,4,Jacktavern Remi,514316,Sporting Life,https://www.sportinglife.com/greyhounds/racecards/2026-08-29/star-pelaw/racecard/514316
2026-08-29,Star Pelaw,19:31,5,Santas Bugatti,514316,Sporting Life,https://www.sportinglife.com/greyhounds/racecards/2026-08-29/star-pelaw/racecard/514316
2026-08-29,Star Pelaw,19:31,6,Laylas Legend,514316,Sporting Life,https://www.sportinglife.com/greyhounds/racecards/2026-08-29/star-pelaw/racecard/514316
2026-08-29,Star Pelaw,19:51,1,Ivy Hill Maisy,514317,Sporting Life,https://www.sportinglife.com/greyhounds/racecards/2026-08-29/star-pelaw/racecard/514317
2026-08-29,Star Pelaw,19:51,3,Witton Gucci,514317,Sporting Life,https://www.sportinglife.com/greyhounds/racecards/2026-08-29/star-pelaw/racecard/514317
2026-08-29,Star Pelaw,19:51,5,Spy Master,514317,Sporting Life,https://www.sportinglife.com/greyhounds/racecards/2026-08-29/star-pelaw/racecard/514317
2026-08-29,Star Pelaw,19:51,6,Fruity Beauty,514317,Sporting Life,https://www.sportinglife.com/greyhounds/racecards/2026-08-29/star-pelaw/racecard/514317
2026-08-29,Star Pelaw,20:09,1,Mary Walloper,514318,Sporting Life,https://www.sportinglife.com/greyhounds/racecards/2026-08-29/star-pelaw/racecard/514318
2026-08-29,Star Pelaw,20:09,2,Vixons Cocktail,514318,Sporting Life,https://www.sportinglife.com/greyhounds/racecards/2026-08-29/star-pelaw/racecard/514318
2026-08-29,Star Pelaw,20:09,3,Clonlost Dexter,514318,Sporting Life,https://www.sportinglife.com/greyhounds/racecards/2026-08-29/star-pelaw/racecard/514318
2026-08-29,Star Pelaw,20:09,4,Trapstyle Spud,514318,Sporting Life,https://www.sportinglife.com/greyhounds/racecards/2026-08-29/star-pelaw/racecard/514318
2026-08-29,Star Pelaw,20:09,5,Maglass Bucks,514318,Sporting Life,https://www.sportinglife.com/greyhounds/racecards/2026-08-29/star-pelaw/racecard/514318
2026-08-29,Star Pelaw,20:09,6,Marymount Joy,514318,Sporting Life,https://www.sportinglife.com/greyhounds/racecards/2026-08-29/star-pelaw/racecard/514318
2026-08-29,Star Pelaw,20:26,1,Listen Rascal,514319,Sporting Life,https://www.sportinglife.com/greyhounds/racecards/2026-08-29/star-pelaw/racecard/514319
2026-08-29,Star Pelaw,20:26,2,Bandit Emily,514319,Sporting Life,https://www.sportinglife.com/greyhounds/racecards/2026-08-29/star-pelaw/racecard/514319
2026-08-29,Star Pelaw,20:26,3,Caseys Jarod,514319,Sporting Life,https://www.sportinglife.com/greyhounds/racecards/2026-08-29/star-pelaw/racecard/514319
2026-08-29,Star Pelaw,20:26,4,Knockduff Don,514319,Sporting Life,https://www.sportinglife.com/greyhounds/racecards/2026-08-29/star-pelaw/racecard/514319
2026-08-29,Star Pelaw,20:26,5,Glenhead Sam,514319,Sporting Life,https://www.sportinglife.com/greyhounds/racecards/2026-08-29/star-pelaw/racecard/514319
2026-08-29,Star Pelaw,20:26,6,Plagiarism,514319,Sporting Life,https://www.sportinglife.com/greyhounds/racecards/2026-08-29/star-pelaw/racecard/514319
2026-08-29,Star Pelaw,20:43,1,Mossend Tom,514320,Sporting Life,https://www.sportinglife.com/greyhounds/racecards/2026-08-29/star-pelaw/racecard/514320
2026-08-29,Star Pelaw,20:43,2,Trapstyle Happy,514320,Sporting Life,https://www.sportinglife.com/greyhounds/racecards/2026-08-29/star-pelaw/racecard/514320
2026-08-29,Star Pelaw,20:43,3,Elite Jackie,514320,Sporting Life,https://www.sportinglife.com/greyhounds/racecards/2026-08-29/star-pelaw/racecard/514320
2026-08-29,Star Pelaw,20:43,4,Fruity Aye Aye,514320,Sporting Life,https://www.sportinglife.com/greyhounds/racecards/2026-08-29/star-pelaw/racecard/514320
2026-08-29,Star Pelaw,20:43,5,Fruity Minty,514320,Sporting Life,https://www.sportinglife.com/greyhounds/racecards/2026-08-29/star-pelaw/racecard/514320
2026-08-29,Star Pelaw,20:43,6,Mitches Cocker,514320,Sporting Life,https://www.sportinglife.com/greyhounds/racecards/2026-08-29/star-pelaw/racecard/514320
2026-08-29,Star Pelaw,21:01,1,Popper Jon,514321,Sporting Life,https://www.sportinglife.com/greyhounds/racecards/2026-08-29/star-pelaw/racecard/514321
2026-08-29,Star Pelaw,21:01,2,Ballymac Kind,514321,Sporting Life,https://www.sportinglife.com/greyhounds/racecards/2026-08-29/star-pelaw/racecard/514321
2026-08-29,Star Pelaw,21:01,3,Funky Noodle,514321,Sporting Life,https://www.sportinglife.com/greyhounds/racecards/2026-08-29/star-pelaw/racecard/514321
2026-08-29,Star Pelaw,21:01,4,Coolavannydelboy,514321,Sporting Life,https://www.sportinglife.com/greyhounds/racecards/2026-08-29/star-pelaw/racecard/514321
2026-08-29,Star Pelaw,21:01,5,Tromora Grace,514321,Sporting Life,https://www.sportinglife.com/greyhounds/racecards/2026-08-29/star-pelaw/racecard/514321
2026-08-29,Star Pelaw,21:18,1,Popper Joe,514322,Sporting Life,https://www.sportinglife.com/greyhounds/racecards/2026-08-29/star-pelaw/racecard/514322
2026-08-29,Star Pelaw,21:18,2,Dunquin Rory,514322,Sporting Life,https://www.sportinglife.com/greyhounds/racecards/2026-08-29/star-pelaw/racecard/514322
2026-08-29,Star Pelaw,21:18,3,Pothole Bob,514322,Sporting Life,https://www.sportinglife.com/greyhounds/racecards/2026-08-29/star-pelaw/racecard/514322
2026-08-29,Star Pelaw,21:18,4,Sunnyside Gurkha,514322,Sporting Life,https://www.sportinglife.com/greyhounds/racecards/2026-08-29/star-pelaw/racecard/514322
2026-08-29,Star Pelaw,21:18,6,Brinkleys Louis,514322,Sporting Life,https://www.sportinglife.com/greyhounds/racecards/2026-08-29/star-pelaw/racecard/514322
2026-08-29,Star Pelaw,21:31,1,Millroad Rain,514323,Sporting Life,https://www.sportinglife.com/greyhounds/racecards/2026-08-29/star-pelaw/racecard/514323
2026-08-29,Star Pelaw,21:31,2,Killieford Anton,514323,Sporting Life,https://www.sportinglife.com/greyhounds/racecards/2026-08-29/star-pelaw/racecard/514323
2026-08-29,Star Pelaw,21:31,3,Second Addition,514323,Sporting Life,https://www.sportinglife.com/greyhounds/racecards/2026-08-29/star-pelaw/racecard/514323
2026-08-29,Star Pelaw,21:31,4,Dairyland Shan,514323,Sporting Life,https://www.sportinglife.com/greyhounds/racecards/2026-08-29/star-pelaw/racecard/514323
2026-08-29,Star Pelaw,21:31,5,Glenbowen Mabel,514323,Sporting Life,https://www.sportinglife.com/greyhounds/racecards/2026-08-29/star-pelaw/racecard/514323
2026-08-29,Star Pelaw,21:31,6,Springside Hoffa,514323,Sporting Life,https://www.sportinglife.com/greyhounds/racecards/2026-08-29/star-pelaw/racecard/514323
2026-08-29,Towcester,14:18,1,Hitthelids Mateo,514297,Sporting Life,https://www.sportinglife.com/greyhounds/racecards/2026-08-29/towcester/racecard/514297
2026-08-29,Towcester,14:18,2,Fabulous Martina,514297,Sporting Life,https://www.sportinglife.com/greyhounds/racecards/2026-08-29/towcester/racecard/514297
2026-08-29,Towcester,14:18,3,Freeway Zac,514297,Sporting Life,https://www.sportinglife.com/greyhounds/racecards/2026-08-29/towcester/racecard/514297
2026-08-29,Towcester,14:18,4,Hareofthebear,514297,Sporting Life,https://www.sportinglife.com/greyhounds/racecards/2026-08-29/towcester/racecard/514297
2026-08-29,Towcester,14:18,5,Lamorna Marley,514297,Sporting Life,https://www.sportinglife.com/greyhounds/racecards/2026-08-29/towcester/racecard/514297
2026-08-29,Towcester,14:18,6,Trapstyle Wee,514297,Sporting Life,https://www.sportinglife.com/greyhounds/racecards/2026-08-29/towcester/racecard/514297
2026-08-29,Towcester,14:38,1,Makeit Valentino,514298,Sporting Life,https://www.sportinglife.com/greyhounds/racecards/2026-08-29/towcester/racecard/514298
2026-08-29,Towcester,14:38,2,Swift Flourish,514298,Sporting Life,https://www.sportinglife.com/greyhounds/racecards/2026-08-29/towcester/racecard/514298
2026-08-29,Towcester,14:38,4,The Rising Sun,514298,Sporting Life,https://www.sportinglife.com/greyhounds/racecards/2026-08-29/towcester/racecard/514298
2026-08-29,Towcester,14:38,5,Hoxton Star,514298,Sporting Life,https://www.sportinglife.com/greyhounds/racecards/2026-08-29/towcester/racecard/514298
2026-08-29,Towcester,14:38,6,Unknown Fever,514298,Sporting Life,https://www.sportinglife.com/greyhounds/racecards/2026-08-29/towcester/racecard/514298
2026-08-29,Towcester,14:58,1,Coppice Aries,514299,Sporting Life,https://www.sportinglife.com/greyhounds/racecards/2026-08-29/towcester/racecard/514299
2026-08-29,Towcester,14:58,2,Salthill Joker,514299,Sporting Life,https://www.sportinglife.com/greyhounds/racecards/2026-08-29/towcester/racecard/514299
2026-08-29,Towcester,14:58,3,Freeway Faye,514299,Sporting Life,https://www.sportinglife.com/greyhounds/racecards/2026-08-29/towcester/racecard/514299
2026-08-29,Towcester,14:58,4,Ballymac Pallas,514299,Sporting Life,https://www.sportinglife.com/greyhounds/racecards/2026-08-29/towcester/racecard/514299
2026-08-29,Towcester,14:58,5,Essjay Robin,514299,Sporting Life,https://www.sportinglife.com/greyhounds/racecards/2026-08-29/towcester/racecard/514299
2026-08-29,Towcester,15:18,1,Ernie Webb Mate,514300,Sporting Life,https://www.sportinglife.com/greyhounds/racecards/2026-08-29/towcester/racecard/514300
2026-08-29,Towcester,15:18,2,Flickering Belle,514300,Sporting Life,https://www.sportinglife.com/greyhounds/racecards/2026-08-29/towcester/racecard/514300
2026-08-29,Towcester,15:18,3,Ballyclearylinks,514300,Sporting Life,https://www.sportinglife.com/greyhounds/racecards/2026-08-29/towcester/racecard/514300
2026-08-29,Towcester,15:18,4,Eagles Rest,514300,Sporting Life,https://www.sportinglife.com/greyhounds/racecards/2026-08-29/towcester/racecard/514300
2026-08-29,Towcester,15:18,5,Flitwick Trigger,514300,Sporting Life,https://www.sportinglife.com/greyhounds/racecards/2026-08-29/towcester/racecard/514300
2026-08-29,Towcester,15:38,1,Makeit Goofy,514301,Sporting Life,https://www.sportinglife.com/greyhounds/racecards/2026-08-29/towcester/racecard/514301
2026-08-29,Towcester,15:38,2,Choices Range,514301,Sporting Life,https://www.sportinglife.com/greyhounds/racecards/2026-08-29/towcester/racecard/514301
2026-08-29,Towcester,15:38,4,Moolah,514301,Sporting Life,https://www.sportinglife.com/greyhounds/racecards/2026-08-29/towcester/racecard/514301
2026-08-29,Towcester,15:38,5,St Edmunds Steve,514301,Sporting Life,https://www.sportinglife.com/greyhounds/racecards/2026-08-29/towcester/racecard/514301
2026-08-29,Towcester,15:38,6,Hitthelids Paulo,514301,Sporting Life,https://www.sportinglife.com/greyhounds/racecards/2026-08-29/towcester/racecard/514301
2026-08-29,Towcester,15:58,1,Ballycowen Lil,514302,Sporting Life,https://www.sportinglife.com/greyhounds/racecards/2026-08-29/towcester/racecard/514302
2026-08-29,Towcester,15:58,2,Fabulous Trick,514302,Sporting Life,https://www.sportinglife.com/greyhounds/racecards/2026-08-29/towcester/racecard/514302
2026-08-29,Towcester,15:58,3,Ballymac Loca,514302,Sporting Life,https://www.sportinglife.com/greyhounds/racecards/2026-08-29/towcester/racecard/514302
2026-08-29,Towcester,15:58,5,All Long,514302,Sporting Life,https://www.sportinglife.com/greyhounds/racecards/2026-08-29/towcester/racecard/514302
2026-08-29,Towcester,15:58,6,Ivy Hill Willow,514302,Sporting Life,https://www.sportinglife.com/greyhounds/racecards/2026-08-29/towcester/racecard/514302
2026-08-29,Towcester,16:18,1,Trapstyle Faith,514303,Sporting Life,https://www.sportinglife.com/greyhounds/racecards/2026-08-29/towcester/racecard/514303
2026-08-29,Towcester,16:18,2,Trapstyle Bunny,514303,Sporting Life,https://www.sportinglife.com/greyhounds/racecards/2026-08-29/towcester/racecard/514303
2026-08-29,Towcester,16:18,3,Sharp N Smart,514303,Sporting Life,https://www.sportinglife.com/greyhounds/racecards/2026-08-29/towcester/racecard/514303
2026-08-29,Towcester,16:18,4,Halli Young,514303,Sporting Life,https://www.sportinglife.com/greyhounds/racecards/2026-08-29/towcester/racecard/514303
2026-08-29,Towcester,16:18,5,Onthemissinglist,514303,Sporting Life,https://www.sportinglife.com/greyhounds/racecards/2026-08-29/towcester/racecard/514303
2026-08-29,Towcester,16:18,6,Chadwell Pest,514303,Sporting Life,https://www.sportinglife.com/greyhounds/racecards/2026-08-29/towcester/racecard/514303
2026-08-29,Towcester,16:38,1,Roanna Sharp,514304,Sporting Life,https://www.sportinglife.com/greyhounds/racecards/2026-08-29/towcester/racecard/514304
2026-08-29,Towcester,16:38,2,Mulveys Champ,514304,Sporting Life,https://www.sportinglife.com/greyhounds/racecards/2026-08-29/towcester/racecard/514304
2026-08-29,Towcester,16:38,3,Cul Na Braithre,514304,Sporting Life,https://www.sportinglife.com/greyhounds/racecards/2026-08-29/towcester/racecard/514304
2026-08-29,Towcester,16:38,4,Happy Jet,514304,Sporting Life,https://www.sportinglife.com/greyhounds/racecards/2026-08-29/towcester/racecard/514304
2026-08-29,Towcester,16:38,5,Ballymac Connery,514304,Sporting Life,https://www.sportinglife.com/greyhounds/racecards/2026-08-29/towcester/racecard/514304
2026-08-29,Towcester,16:58,1,Unknown Jive,514305,Sporting Life,https://www.sportinglife.com/greyhounds/racecards/2026-08-29/towcester/racecard/514305
2026-08-29,Towcester,16:58,2,Freyas Tiger,514305,Sporting Life,https://www.sportinglife.com/greyhounds/racecards/2026-08-29/towcester/racecard/514305
2026-08-29,Towcester,16:58,4,Confey Story,514305,Sporting Life,https://www.sportinglife.com/greyhounds/racecards/2026-08-29/towcester/racecard/514305
2026-08-29,Towcester,16:58,5,Blue Sensation,514305,Sporting Life,https://www.sportinglife.com/greyhounds/racecards/2026-08-29/towcester/racecard/514305
2026-08-29,Towcester,16:58,6,Trapstyle Sneezy,514305,Sporting Life,https://www.sportinglife.com/greyhounds/racecards/2026-08-29/towcester/racecard/514305
2026-08-29,Towcester,17:18,1,Romeo Big Shot,514306,Sporting Life,https://www.sportinglife.com/greyhounds/racecards/2026-08-29/towcester/racecard/514306
2026-08-29,Towcester,17:18,2,Romantic Bingo,514306,Sporting Life,https://www.sportinglife.com/greyhounds/racecards/2026-08-29/towcester/racecard/514306
2026-08-29,Towcester,17:18,3,Lion King,514306,Sporting Life,https://www.sportinglife.com/greyhounds/racecards/2026-08-29/towcester/racecard/514306
2026-08-29,Towcester,17:18,4,Flitwick Girl,514306,Sporting Life,https://www.sportinglife.com/greyhounds/racecards/2026-08-29/towcester/racecard/514306
2026-08-29,Towcester,17:18,6,Foulkscourtstorm,514306,Sporting Life,https://www.sportinglife.com/greyhounds/racecards/2026-08-29/towcester/racecard/514306
2026-08-29,Towcester,17:36,1,Trumpers Derek,514307,Sporting Life,https://www.sportinglife.com/greyhounds/racecards/2026-08-29/towcester/racecard/514307
2026-08-29,Towcester,17:36,3,Eagles Dream,514307,Sporting Life,https://www.sportinglife.com/greyhounds/racecards/2026-08-29/towcester/racecard/514307
2026-08-29,Towcester,17:36,4,Kranky Paddy,514307,Sporting Life,https://www.sportinglife.com/greyhounds/racecards/2026-08-29/towcester/racecard/514307
2026-08-29,Towcester,17:36,5,Dairyland Jimmy,514307,Sporting Life,https://www.sportinglife.com/greyhounds/racecards/2026-08-29/towcester/racecard/514307
2026-08-29,Towcester,17:36,6,Ballymac Andre,514307,Sporting Life,https://www.sportinglife.com/greyhounds/racecards/2026-08-29/towcester/racecard/514307
2026-08-29,Towcester,17:55,1,Trapstylebashful,514308,Sporting Life,https://www.sportinglife.com/greyhounds/racecards/2026-08-29/towcester/racecard/514308
2026-08-29,Towcester,17:55,2,Zebedee Aye,514308,Sporting Life,https://www.sportinglife.com/greyhounds/racecards/2026-08-29/towcester/racecard/514308
2026-08-29,Towcester,17:55,3,Droopys Mikayla,514308,Sporting Life,https://www.sportinglife.com/greyhounds/racecards/2026-08-29/towcester/racecard/514308
2026-08-29,Towcester,17:55,4,Scala Rocket,514308,Sporting Life,https://www.sportinglife.com/greyhounds/racecards/2026-08-29/towcester/racecard/514308
2026-08-29,Towcester,17:55,5,Eagles Kraken,514308,Sporting Life,https://www.sportinglife.com/greyhounds/racecards/2026-08-29/towcester/racecard/514308
2026-08-29,Towcester,17:55,6,Flitwick Del Boy,514308,Sporting Life,https://www.sportinglife.com/greyhounds/racecards/2026-08-29/towcester/racecard/514308
2026-08-29,Yarmouth,19:08,1,Aayamza Dreamer,514198,Sporting Life,https://www.sportinglife.com/greyhounds/racecards/2026-08-29/yarmouth/racecard/514198
2026-08-29,Yarmouth,19:08,2,Blackrose Tina,514198,Sporting Life,https://www.sportinglife.com/greyhounds/racecards/2026-08-29/yarmouth/racecard/514198
2026-08-29,Yarmouth,19:08,3,Fashionably Late,514198,Sporting Life,https://www.sportinglife.com/greyhounds/racecards/2026-08-29/yarmouth/racecard/514198
2026-08-29,Yarmouth,19:08,4,Bankrobber,514198,Sporting Life,https://www.sportinglife.com/greyhounds/racecards/2026-08-29/yarmouth/racecard/514198
2026-08-29,Yarmouth,19:08,5,Frankton Grange,514198,Sporting Life,https://www.sportinglife.com/greyhounds/racecards/2026-08-29/yarmouth/racecard/514198
2026-08-29,Yarmouth,19:25,1,Gundy,514199,Sporting Life,https://www.sportinglife.com/greyhounds/racecards/2026-08-29/yarmouth/racecard/514199
2026-08-29,Yarmouth,19:25,2,Tyrone Snatch,514199,Sporting Life,https://www.sportinglife.com/greyhounds/racecards/2026-08-29/yarmouth/racecard/514199
2026-08-29,Yarmouth,19:25,3,Stormy Neymar,514199,Sporting Life,https://www.sportinglife.com/greyhounds/racecards/2026-08-29/yarmouth/racecard/514199
2026-08-29,Yarmouth,19:25,4,All About Glory,514199,Sporting Life,https://www.sportinglife.com/greyhounds/racecards/2026-08-29/yarmouth/racecard/514199
2026-08-29,Yarmouth,19:25,5,Dick Turpin,514199,Sporting Life,https://www.sportinglife.com/greyhounds/racecards/2026-08-29/yarmouth/racecard/514199
2026-08-29,Yarmouth,19:41,1,Seeyouatlake,514200,Sporting Life,https://www.sportinglife.com/greyhounds/racecards/2026-08-29/yarmouth/racecard/514200
2026-08-29,Yarmouth,19:41,2,Hecrossedthesea,514200,Sporting Life,https://www.sportinglife.com/greyhounds/racecards/2026-08-29/yarmouth/racecard/514200
2026-08-29,Yarmouth,19:41,3,Droopys Mamie,514200,Sporting Life,https://www.sportinglife.com/greyhounds/racecards/2026-08-29/yarmouth/racecard/514200
2026-08-29,Yarmouth,19:41,5,Lady Wright,514200,Sporting Life,https://www.sportinglife.com/greyhounds/racecards/2026-08-29/yarmouth/racecard/514200
2026-08-29,Yarmouth,19:41,6,Frankton Ten,514200,Sporting Life,https://www.sportinglife.com/greyhounds/racecards/2026-08-29/yarmouth/racecard/514200
2026-08-29,Yarmouth,19:59,2,Isthatmyfella,514201,Sporting Life,https://www.sportinglife.com/greyhounds/racecards/2026-08-29/yarmouth/racecard/514201
2026-08-29,Yarmouth,19:59,3,Cosmic Maggie,514201,Sporting Life,https://www.sportinglife.com/greyhounds/racecards/2026-08-29/yarmouth/racecard/514201
2026-08-29,Yarmouth,19:59,4,Adamant Erin,514201,Sporting Life,https://www.sportinglife.com/greyhounds/racecards/2026-08-29/yarmouth/racecard/514201
2026-08-29,Yarmouth,19:59,5,Royal Hotshot,514201,Sporting Life,https://www.sportinglife.com/greyhounds/racecards/2026-08-29/yarmouth/racecard/514201
2026-08-29,Yarmouth,19:59,6,Swift Depot,514201,Sporting Life,https://www.sportinglife.com/greyhounds/racecards/2026-08-29/yarmouth/racecard/514201
2026-08-29,Yarmouth,20:17,1,Bluejig Tank,514202,Sporting Life,https://www.sportinglife.com/greyhounds/racecards/2026-08-29/yarmouth/racecard/514202
2026-08-29,Yarmouth,20:17,2,Galinism,514202,Sporting Life,https://www.sportinglife.com/greyhounds/racecards/2026-08-29/yarmouth/racecard/514202
2026-08-29,Yarmouth,20:17,3,Miss Titanic,514202,Sporting Life,https://www.sportinglife.com/greyhounds/racecards/2026-08-29/yarmouth/racecard/514202
2026-08-29,Yarmouth,20:17,4,Knockduff Dancer,514202,Sporting Life,https://www.sportinglife.com/greyhounds/racecards/2026-08-29/yarmouth/racecard/514202
2026-08-29,Yarmouth,20:17,5,Epic Fire,514202,Sporting Life,https://www.sportinglife.com/greyhounds/racecards/2026-08-29/yarmouth/racecard/514202
2026-08-29,Yarmouth,20:37,1,Two Slip Jigs,514203,Sporting Life,https://www.sportinglife.com/greyhounds/racecards/2026-08-29/yarmouth/racecard/514203
2026-08-29,Yarmouth,20:37,2,Savana Bo Peep,514203,Sporting Life,https://www.sportinglife.com/greyhounds/racecards/2026-08-29/yarmouth/racecard/514203
2026-08-29,Yarmouth,20:37,3,Blackrose Blue,514203,Sporting Life,https://www.sportinglife.com/greyhounds/racecards/2026-08-29/yarmouth/racecard/514203
2026-08-29,Yarmouth,20:37,4,Bonzer Bono,514203,Sporting Life,https://www.sportinglife.com/greyhounds/racecards/2026-08-29/yarmouth/racecard/514203
2026-08-29,Yarmouth,20:37,5,Emers Honeybee,514203,Sporting Life,https://www.sportinglife.com/greyhounds/racecards/2026-08-29/yarmouth/racecard/514203
2026-08-29,Yarmouth,20:56,1,Faiths Memory,514204,Sporting Life,https://www.sportinglife.com/greyhounds/racecards/2026-08-29/yarmouth/racecard/514204
2026-08-29,Yarmouth,20:56,2,Billy And Bob,514204,Sporting Life,https://www.sportinglife.com/greyhounds/racecards/2026-08-29/yarmouth/racecard/514204
2026-08-29,Yarmouth,20:56,3,Fastnet Ranger,514204,Sporting Life,https://www.sportinglife.com/greyhounds/racecards/2026-08-29/yarmouth/racecard/514204
2026-08-29,Yarmouth,20:56,4,Yummy Yummy,514204,Sporting Life,https://www.sportinglife.com/greyhounds/racecards/2026-08-29/yarmouth/racecard/514204
2026-08-29,Yarmouth,20:56,6,Mystical Otis,514204,Sporting Life,https://www.sportinglife.com/greyhounds/racecards/2026-08-29/yarmouth/racecard/514204
2026-08-29,Yarmouth,21:14,1,Bombay Magnetism,514205,Sporting Life,https://www.sportinglife.com/greyhounds/racecards/2026-08-29/yarmouth/racecard/514205
2026-08-29,Yarmouth,21:14,2,Curraleigh Rose,514205,Sporting Life,https://www.sportinglife.com/greyhounds/racecards/2026-08-29/yarmouth/racecard/514205
2026-08-29,Yarmouth,21:14,4,Radical Bear,514205,Sporting Life,https://www.sportinglife.com/greyhounds/racecards/2026-08-29/yarmouth/racecard/514205
2026-08-29,Yarmouth,21:14,5,Cryptography,514205,Sporting Life,https://www.sportinglife.com/greyhounds/racecards/2026-08-29/yarmouth/racecard/514205
2026-08-29,Yarmouth,21:14,6,Heflewanocean,514205,Sporting Life,https://www.sportinglife.com/greyhounds/racecards/2026-08-29/yarmouth/racecard/514205
2026-08-29,Yarmouth,21:32,1,Getaway Car,514206,Sporting Life,https://www.sportinglife.com/greyhounds/racecards/2026-08-29/yarmouth/racecard/514206
2026-08-29,Yarmouth,21:32,2,Rapido Wilson,514206,Sporting Life,https://www.sportinglife.com/greyhounds/racecards/2026-08-29/yarmouth/racecard/514206
2026-08-29,Yarmouth,21:32,3,Worth The Risk,514206,Sporting Life,https://www.sportinglife.com/greyhounds/racecards/2026-08-29/yarmouth/racecard/514206
2026-08-29,Yarmouth,21:32,4,Table Talk,514206,Sporting Life,https://www.sportinglife.com/greyhounds/racecards/2026-08-29/yarmouth/racecard/514206
2026-08-29,Yarmouth,21:32,5,Crypto Only Mate,514206,Sporting Life,https://www.sportinglife.com/greyhounds/racecards/2026-08-29/yarmouth/racecard/514206
2026-08-29,Yarmouth,21:48,1,After Work,514207,Sporting Life,https://www.sportinglife.com/greyhounds/racecards/2026-08-29/yarmouth/racecard/514207
2026-08-29,Yarmouth,21:48,2,Champagne Zombie,514207,Sporting Life,https://www.sportinglife.com/greyhounds/racecards/2026-08-29/yarmouth/racecard/514207
2026-08-29,Yarmouth,21:48,3,Strideaway Gra,514207,Sporting Life,https://www.sportinglife.com/greyhounds/racecards/2026-08-29/yarmouth/racecard/514207
2026-08-29,Yarmouth,21:48,4,Rules Dont Apply,514207,Sporting Life,https://www.sportinglife.com/greyhounds/racecards/2026-08-29/yarmouth/racecard/514207
2026-08-29,Yarmouth,21:48,6,Location,514207,Sporting Life,https://www.sportinglife.com/greyhounds/racecards/2026-08-29/yarmouth/racecard/514207
2026-08-29,Yarmouth,22:04,2,Lilac Lady,514208,Sporting Life,https://www.sportinglife.com/greyhounds/racecards/2026-08-29/yarmouth/racecard/514208
2026-08-29,Yarmouth,22:04,3,Swift Jordana,514208,Sporting Life,https://www.sportinglife.com/greyhounds/racecards/2026-08-29/yarmouth/racecard/514208
2026-08-29,Yarmouth,22:04,4,Mallogs Freddie,514208,Sporting Life,https://www.sportinglife.com/greyhounds/racecards/2026-08-29/yarmouth/racecard/514208
2026-08-29,Yarmouth,22:04,5,Solid Luna,514208,Sporting Life,https://www.sportinglife.com/greyhounds/racecards/2026-08-29/yarmouth/racecard/514208
2026-08-29,Yarmouth,22:04,6,A Simple Favour,514208,Sporting Life,https://www.sportinglife.com/greyhounds/racecards/2026-08-29/yarmouth/racecard/514208
2026-08-29,Yarmouth,22:22,1,Old Rival,514209,Sporting Life,https://www.sportinglife.com/greyhounds/racecards/2026-08-29/yarmouth/racecard/514209
2026-08-29,Yarmouth,22:22,2,Clononeen Ana,514209,Sporting Life,https://www.sportinglife.com/greyhounds/racecards/2026-08-29/yarmouth/racecard/514209
2026-08-29,Yarmouth,22:22,3,Oldtrafford Girl,514209,Sporting Life,https://www.sportinglife.com/greyhounds/racecards/2026-08-29/yarmouth/racecard/514209
2026-08-29,Yarmouth,22:22,4,Magical Wolf,514209,Sporting Life,https://www.sportinglife.com/greyhounds/racecards/2026-08-29/yarmouth/racecard/514209
2026-08-29,Yarmouth,22:22,6,Value Added,514209,Sporting Life,https://www.sportinglife.com/greyhounds/racecards/2026-08-29/yarmouth/racecard/514209
