date,track,race_time,runner_number,dog_name,race_id,source,race_url
2026-08-20,Central Park,14:23,1,Happy Place,512994,Sporting Life,https://www.sportinglife.com/greyhounds/racecards/2026-08-20/central-park/racecard/512994
2026-08-20,Central Park,14:23,2,Da Lynx Effect,512994,Sporting Life,https://www.sportinglife.com/greyhounds/racecards/2026-08-20/central-park/racecard/512994
2026-08-20,Central Park,14:23,3,Eire Eddie,512994,Sporting Life,https://www.sportinglife.com/greyhounds/racecards/2026-08-20/central-park/racecard/512994
2026-08-20,Central Park,14:23,4,Frainey Towbar,512994,Sporting Life,https://www.sportinglife.com/greyhounds/racecards/2026-08-20/central-park/racecard/512994
2026-08-20,Central Park,14:23,5,Baggios Diva,512994,Sporting Life,https://www.sportinglife.com/greyhounds/racecards/2026-08-20/central-park/racecard/512994
2026-08-20,Central Park,14:23,6,Front Risk,512994,Sporting Life,https://www.sportinglife.com/greyhounds/racecards/2026-08-20/central-park/racecard/512994
2026-08-20,Central Park,14:41,1,Best Miney,512995,Sporting Life,https://www.sportinglife.com/greyhounds/racecards/2026-08-20/central-park/racecard/512995
2026-08-20,Central Park,14:41,2,Insane Drum,512995,Sporting Life,https://www.sportinglife.com/greyhounds/racecards/2026-08-20/central-park/racecard/512995
2026-08-20,Central Park,14:41,3,Ardera Jake,512995,Sporting Life,https://www.sportinglife.com/greyhounds/racecards/2026-08-20/central-park/racecard/512995
2026-08-20,Central Park,14:41,4,Waikiki Stone,512995,Sporting Life,https://www.sportinglife.com/greyhounds/racecards/2026-08-20/central-park/racecard/512995
2026-08-20,Central Park,14:41,5,Knockroe Lucy,512995,Sporting Life,https://www.sportinglife.com/greyhounds/racecards/2026-08-20/central-park/racecard/512995
2026-08-20,Central Park,15:01,1,Barnfield Lola,512996,Sporting Life,https://www.sportinglife.com/greyhounds/racecards/2026-08-20/central-park/racecard/512996
2026-08-20,Central Park,15:01,2,Rushmoor Mags,512996,Sporting Life,https://www.sportinglife.com/greyhounds/racecards/2026-08-20/central-park/racecard/512996
2026-08-20,Central Park,15:01,3,Speedy Uso,512996,Sporting Life,https://www.sportinglife.com/greyhounds/racecards/2026-08-20/central-park/racecard/512996
2026-08-20,Central Park,15:01,4,Dunbolg Express,512996,Sporting Life,https://www.sportinglife.com/greyhounds/racecards/2026-08-20/central-park/racecard/512996
2026-08-20,Central Park,15:01,5,Lindas Rocket,512996,Sporting Life,https://www.sportinglife.com/greyhounds/racecards/2026-08-20/central-park/racecard/512996
2026-08-20,Central Park,15:01,6,Hollyoak Talia,512996,Sporting Life,https://www.sportinglife.com/greyhounds/racecards/2026-08-20/central-park/racecard/512996
2026-08-20,Central Park,15:19,1,Lets Go Lucie,512997,Sporting Life,https://www.sportinglife.com/greyhounds/racecards/2026-08-20/central-park/racecard/512997
2026-08-20,Central Park,15:19,2,Epic Princess,512997,Sporting Life,https://www.sportinglife.com/greyhounds/racecards/2026-08-20/central-park/racecard/512997
2026-08-20,Central Park,15:19,3,Snowdon Mel,512997,Sporting Life,https://www.sportinglife.com/greyhounds/racecards/2026-08-20/central-park/racecard/512997
2026-08-20,Central Park,15:19,5,Swift United,512997,Sporting Life,https://www.sportinglife.com/greyhounds/racecards/2026-08-20/central-park/racecard/512997
2026-08-20,Central Park,15:19,6,King Iggy,512997,Sporting Life,https://www.sportinglife.com/greyhounds/racecards/2026-08-20/central-park/racecard/512997
2026-08-20,Central Park,15:38,1,Freda My Blondie,512998,Sporting Life,https://www.sportinglife.com/greyhounds/racecards/2026-08-20/central-park/racecard/512998
2026-08-20,Central Park,15:38,3,Kajoruns Bert,512998,Sporting Life,https://www.sportinglife.com/greyhounds/racecards/2026-08-20/central-park/racecard/512998
2026-08-20,Central Park,15:38,4,Classic Orla,512998,Sporting Life,https://www.sportinglife.com/greyhounds/racecards/2026-08-20/central-park/racecard/512998
2026-08-20,Central Park,15:38,5,Montana Lady,512998,Sporting Life,https://www.sportinglife.com/greyhounds/racecards/2026-08-20/central-park/racecard/512998
2026-08-20,Central Park,15:38,6,Insane Ness,512998,Sporting Life,https://www.sportinglife.com/greyhounds/racecards/2026-08-20/central-park/racecard/512998
2026-08-20,Central Park,15:57,1,Harlequin Flick,512999,Sporting Life,https://www.sportinglife.com/greyhounds/racecards/2026-08-20/central-park/racecard/512999
2026-08-20,Central Park,15:57,2,Pulleen Misty,512999,Sporting Life,https://www.sportinglife.com/greyhounds/racecards/2026-08-20/central-park/racecard/512999
2026-08-20,Central Park,15:57,3,Miami Eagle,512999,Sporting Life,https://www.sportinglife.com/greyhounds/racecards/2026-08-20/central-park/racecard/512999
2026-08-20,Central Park,15:57,4,Shadow Warrior,512999,Sporting Life,https://www.sportinglife.com/greyhounds/racecards/2026-08-20/central-park/racecard/512999
2026-08-20,Central Park,15:57,5,Peakys Doll,512999,Sporting Life,https://www.sportinglife.com/greyhounds/racecards/2026-08-20/central-park/racecard/512999
2026-08-20,Central Park,16:16,1,Insane Bear,513000,Sporting Life,https://www.sportinglife.com/greyhounds/racecards/2026-08-20/central-park/racecard/513000
2026-08-20,Central Park,16:16,2,Winnet The Pooh,513000,Sporting Life,https://www.sportinglife.com/greyhounds/racecards/2026-08-20/central-park/racecard/513000
2026-08-20,Central Park,16:16,3,Footfield Betsy,513000,Sporting Life,https://www.sportinglife.com/greyhounds/racecards/2026-08-20/central-park/racecard/513000
2026-08-20,Central Park,16:16,4,Da Prophet,513000,Sporting Life,https://www.sportinglife.com/greyhounds/racecards/2026-08-20/central-park/racecard/513000
2026-08-20,Central Park,16:16,5,Only If,513000,Sporting Life,https://www.sportinglife.com/greyhounds/racecards/2026-08-20/central-park/racecard/513000
2026-08-20,Central Park,16:16,6,Hollyoak Dally,513000,Sporting Life,https://www.sportinglife.com/greyhounds/racecards/2026-08-20/central-park/racecard/513000
2026-08-20,Central Park,16:34,1,Turbulent Teddy,513001,Sporting Life,https://www.sportinglife.com/greyhounds/racecards/2026-08-20/central-park/racecard/513001
2026-08-20,Central Park,16:34,3,Hollyoak Prince,513001,Sporting Life,https://www.sportinglife.com/greyhounds/racecards/2026-08-20/central-park/racecard/513001
2026-08-20,Central Park,16:34,4,Franco Devon,513001,Sporting Life,https://www.sportinglife.com/greyhounds/racecards/2026-08-20/central-park/racecard/513001
2026-08-20,Central Park,16:34,5,Lemon Maxine,513001,Sporting Life,https://www.sportinglife.com/greyhounds/racecards/2026-08-20/central-park/racecard/513001
2026-08-20,Central Park,16:34,6,Springwood June,513001,Sporting Life,https://www.sportinglife.com/greyhounds/racecards/2026-08-20/central-park/racecard/513001
2026-08-20,Central Park,16:53,1,Westwood Gracie,513002,Sporting Life,https://www.sportinglife.com/greyhounds/racecards/2026-08-20/central-park/racecard/513002
2026-08-20,Central Park,16:53,2,Montana Jazz,513002,Sporting Life,https://www.sportinglife.com/greyhounds/racecards/2026-08-20/central-park/racecard/513002
2026-08-20,Central Park,16:53,3,Super Trick,513002,Sporting Life,https://www.sportinglife.com/greyhounds/racecards/2026-08-20/central-park/racecard/513002
2026-08-20,Central Park,16:53,4,Millbank Jasmine,513002,Sporting Life,https://www.sportinglife.com/greyhounds/racecards/2026-08-20/central-park/racecard/513002
2026-08-20,Central Park,16:53,5,Earls Rosie,513002,Sporting Life,https://www.sportinglife.com/greyhounds/racecards/2026-08-20/central-park/racecard/513002
2026-08-20,Central Park,16:53,6,Financial Ruin,513002,Sporting Life,https://www.sportinglife.com/greyhounds/racecards/2026-08-20/central-park/racecard/513002
2026-08-20,Central Park,17:12,1,Insane Simone,513003,Sporting Life,https://www.sportinglife.com/greyhounds/racecards/2026-08-20/central-park/racecard/513003
2026-08-20,Central Park,17:12,2,Beach Bar,513003,Sporting Life,https://www.sportinglife.com/greyhounds/racecards/2026-08-20/central-park/racecard/513003
2026-08-20,Central Park,17:12,3,Poppadom Tom,513003,Sporting Life,https://www.sportinglife.com/greyhounds/racecards/2026-08-20/central-park/racecard/513003
2026-08-20,Central Park,17:12,5,Swift Quail,513003,Sporting Life,https://www.sportinglife.com/greyhounds/racecards/2026-08-20/central-park/racecard/513003
2026-08-20,Central Park,17:12,6,Zari Mahoonagh,513003,Sporting Life,https://www.sportinglife.com/greyhounds/racecards/2026-08-20/central-park/racecard/513003
2026-08-20,Central Park,17:31,1,Savana Pluto,513004,Sporting Life,https://www.sportinglife.com/greyhounds/racecards/2026-08-20/central-park/racecard/513004
2026-08-20,Central Park,17:31,2,Hilight Rose,513004,Sporting Life,https://www.sportinglife.com/greyhounds/racecards/2026-08-20/central-park/racecard/513004
2026-08-20,Central Park,17:31,4,Scary Moll Dolls,513004,Sporting Life,https://www.sportinglife.com/greyhounds/racecards/2026-08-20/central-park/racecard/513004
2026-08-20,Central Park,17:31,5,Laughil Dan,513004,Sporting Life,https://www.sportinglife.com/greyhounds/racecards/2026-08-20/central-park/racecard/513004
2026-08-20,Central Park,17:31,6,Quivers Amaze,513004,Sporting Life,https://www.sportinglife.com/greyhounds/racecards/2026-08-20/central-park/racecard/513004
2026-08-20,Central Park,17:49,1,Socrates Smiled,513005,Sporting Life,https://www.sportinglife.com/greyhounds/racecards/2026-08-20/central-park/racecard/513005
2026-08-20,Central Park,17:49,2,Abbodabbo Emma,513005,Sporting Life,https://www.sportinglife.com/greyhounds/racecards/2026-08-20/central-park/racecard/513005
2026-08-20,Central Park,17:49,3,Relevance,513005,Sporting Life,https://www.sportinglife.com/greyhounds/racecards/2026-08-20/central-park/racecard/513005
2026-08-20,Central Park,17:49,4,Da Ballerina,513005,Sporting Life,https://www.sportinglife.com/greyhounds/racecards/2026-08-20/central-park/racecard/513005
2026-08-20,Central Park,17:49,5,Harlequin Missy,513005,Sporting Life,https://www.sportinglife.com/greyhounds/racecards/2026-08-20/central-park/racecard/513005
2026-08-20,Dunstall Park,14:29,1,Deecee Dusty,513030,Sporting Life,https://www.sportinglife.com/greyhounds/racecards/2026-08-20/dunstall-park/racecard/513030
2026-08-20,Dunstall Park,14:29,2,Kelseys Angel,513030,Sporting Life,https://www.sportinglife.com/greyhounds/racecards/2026-08-20/dunstall-park/racecard/513030
2026-08-20,Dunstall Park,14:29,3,Mercia Freya,513030,Sporting Life,https://www.sportinglife.com/greyhounds/racecards/2026-08-20/dunstall-park/racecard/513030
2026-08-20,Dunstall Park,14:29,4,Coillbhui Boxer,513030,Sporting Life,https://www.sportinglife.com/greyhounds/racecards/2026-08-20/dunstall-park/racecard/513030
2026-08-20,Dunstall Park,14:29,5,Work Mate,513030,Sporting Life,https://www.sportinglife.com/greyhounds/racecards/2026-08-20/dunstall-park/racecard/513030
2026-08-20,Dunstall Park,14:29,6,Society Paddy,513030,Sporting Life,https://www.sportinglife.com/greyhounds/racecards/2026-08-20/dunstall-park/racecard/513030
2026-08-20,Dunstall Park,14:48,1,Mercia Brida,513031,Sporting Life,https://www.sportinglife.com/greyhounds/racecards/2026-08-20/dunstall-park/racecard/513031
2026-08-20,Dunstall Park,14:48,2,Swift Emery,513031,Sporting Life,https://www.sportinglife.com/greyhounds/racecards/2026-08-20/dunstall-park/racecard/513031
2026-08-20,Dunstall Park,14:48,3,Brosna Pine,513031,Sporting Life,https://www.sportinglife.com/greyhounds/racecards/2026-08-20/dunstall-park/racecard/513031
2026-08-20,Dunstall Park,14:48,4,Barnagrane Dream,513031,Sporting Life,https://www.sportinglife.com/greyhounds/racecards/2026-08-20/dunstall-park/racecard/513031
2026-08-20,Dunstall Park,14:48,5,Keplar Danzig,513031,Sporting Life,https://www.sportinglife.com/greyhounds/racecards/2026-08-20/dunstall-park/racecard/513031
2026-08-20,Dunstall Park,14:48,6,Colliers Flight,513031,Sporting Life,https://www.sportinglife.com/greyhounds/racecards/2026-08-20/dunstall-park/racecard/513031
2026-08-20,Dunstall Park,15:07,1,Headford Babs,513032,Sporting Life,https://www.sportinglife.com/greyhounds/racecards/2026-08-20/dunstall-park/racecard/513032
2026-08-20,Dunstall Park,15:07,3,Timahoe Rocky,513032,Sporting Life,https://www.sportinglife.com/greyhounds/racecards/2026-08-20/dunstall-park/racecard/513032
2026-08-20,Dunstall Park,15:07,4,Ceejay Sparkle,513032,Sporting Life,https://www.sportinglife.com/greyhounds/racecards/2026-08-20/dunstall-park/racecard/513032
2026-08-20,Dunstall Park,15:07,5,Hows That,513032,Sporting Life,https://www.sportinglife.com/greyhounds/racecards/2026-08-20/dunstall-park/racecard/513032
2026-08-20,Dunstall Park,15:07,6,Seomra Harriet,513032,Sporting Life,https://www.sportinglife.com/greyhounds/racecards/2026-08-20/dunstall-park/racecard/513032
2026-08-20,Dunstall Park,15:26,1,Lynnia Queen,513033,Sporting Life,https://www.sportinglife.com/greyhounds/racecards/2026-08-20/dunstall-park/racecard/513033
2026-08-20,Dunstall Park,15:26,2,Lynnia Da Devil,513033,Sporting Life,https://www.sportinglife.com/greyhounds/racecards/2026-08-20/dunstall-park/racecard/513033
2026-08-20,Dunstall Park,15:26,3,Heathmill Nidge,513033,Sporting Life,https://www.sportinglife.com/greyhounds/racecards/2026-08-20/dunstall-park/racecard/513033
2026-08-20,Dunstall Park,15:26,4,False Warrior,513033,Sporting Life,https://www.sportinglife.com/greyhounds/racecards/2026-08-20/dunstall-park/racecard/513033
2026-08-20,Dunstall Park,15:26,5,Eyrehill Samson,513033,Sporting Life,https://www.sportinglife.com/greyhounds/racecards/2026-08-20/dunstall-park/racecard/513033
2026-08-20,Dunstall Park,15:26,6,Kingdom Bucks,513033,Sporting Life,https://www.sportinglife.com/greyhounds/racecards/2026-08-20/dunstall-park/racecard/513033
2026-08-20,Dunstall Park,15:44,1,Headford Sonny,513034,Sporting Life,https://www.sportinglife.com/greyhounds/racecards/2026-08-20/dunstall-park/racecard/513034
2026-08-20,Dunstall Park,15:44,2,Kash Ching,513034,Sporting Life,https://www.sportinglife.com/greyhounds/racecards/2026-08-20/dunstall-park/racecard/513034
2026-08-20,Dunstall Park,15:44,3,Miss Milo,513034,Sporting Life,https://www.sportinglife.com/greyhounds/racecards/2026-08-20/dunstall-park/racecard/513034
2026-08-20,Dunstall Park,15:44,4,Elsies Champ,513034,Sporting Life,https://www.sportinglife.com/greyhounds/racecards/2026-08-20/dunstall-park/racecard/513034
2026-08-20,Dunstall Park,15:44,5,Heatseeker,513034,Sporting Life,https://www.sportinglife.com/greyhounds/racecards/2026-08-20/dunstall-park/racecard/513034
2026-08-20,Dunstall Park,15:44,6,Moulton Mickey,513034,Sporting Life,https://www.sportinglife.com/greyhounds/racecards/2026-08-20/dunstall-park/racecard/513034
2026-08-20,Dunstall Park,16:03,1,Dark Dreamer,513035,Sporting Life,https://www.sportinglife.com/greyhounds/racecards/2026-08-20/dunstall-park/racecard/513035
2026-08-20,Dunstall Park,16:03,2,Burrows Petal,513035,Sporting Life,https://www.sportinglife.com/greyhounds/racecards/2026-08-20/dunstall-park/racecard/513035
2026-08-20,Dunstall Park,16:03,3,Sister Grace,513035,Sporting Life,https://www.sportinglife.com/greyhounds/racecards/2026-08-20/dunstall-park/racecard/513035
2026-08-20,Dunstall Park,16:03,4,Swift Zilch,513035,Sporting Life,https://www.sportinglife.com/greyhounds/racecards/2026-08-20/dunstall-park/racecard/513035
2026-08-20,Dunstall Park,16:03,5,Colliers Run,513035,Sporting Life,https://www.sportinglife.com/greyhounds/racecards/2026-08-20/dunstall-park/racecard/513035
2026-08-20,Dunstall Park,16:22,1,Mercia Stiorra,513036,Sporting Life,https://www.sportinglife.com/greyhounds/racecards/2026-08-20/dunstall-park/racecard/513036
2026-08-20,Dunstall Park,16:22,2,Roanna Dizzy,513036,Sporting Life,https://www.sportinglife.com/greyhounds/racecards/2026-08-20/dunstall-park/racecard/513036
2026-08-20,Dunstall Park,16:22,3,Crokers Ella,513036,Sporting Life,https://www.sportinglife.com/greyhounds/racecards/2026-08-20/dunstall-park/racecard/513036
2026-08-20,Dunstall Park,16:22,4,Flyhigh Pebbles,513036,Sporting Life,https://www.sportinglife.com/greyhounds/racecards/2026-08-20/dunstall-park/racecard/513036
2026-08-20,Dunstall Park,16:22,5,Ballinulty Cas,513036,Sporting Life,https://www.sportinglife.com/greyhounds/racecards/2026-08-20/dunstall-park/racecard/513036
2026-08-20,Dunstall Park,16:22,6,Ballymac Arbac,513036,Sporting Life,https://www.sportinglife.com/greyhounds/racecards/2026-08-20/dunstall-park/racecard/513036
2026-08-20,Dunstall Park,16:41,1,Cloughtaney Chaz,513037,Sporting Life,https://www.sportinglife.com/greyhounds/racecards/2026-08-20/dunstall-park/racecard/513037
2026-08-20,Dunstall Park,16:41,2,Brosna Height,513037,Sporting Life,https://www.sportinglife.com/greyhounds/racecards/2026-08-20/dunstall-park/racecard/513037
2026-08-20,Dunstall Park,16:41,3,Shortwood Model,513037,Sporting Life,https://www.sportinglife.com/greyhounds/racecards/2026-08-20/dunstall-park/racecard/513037
2026-08-20,Dunstall Park,16:41,4,Showemyourtail,513037,Sporting Life,https://www.sportinglife.com/greyhounds/racecards/2026-08-20/dunstall-park/racecard/513037
2026-08-20,Dunstall Park,16:41,5,Cross Keys Vixon,513037,Sporting Life,https://www.sportinglife.com/greyhounds/racecards/2026-08-20/dunstall-park/racecard/513037
2026-08-20,Dunstall Park,16:41,6,Shuffle The Deck,513037,Sporting Life,https://www.sportinglife.com/greyhounds/racecards/2026-08-20/dunstall-park/racecard/513037
2026-08-20,Dunstall Park,16:59,1,Detroit Sonny,513038,Sporting Life,https://www.sportinglife.com/greyhounds/racecards/2026-08-20/dunstall-park/racecard/513038
2026-08-20,Dunstall Park,16:59,2,Taffy Sarrug,513038,Sporting Life,https://www.sportinglife.com/greyhounds/racecards/2026-08-20/dunstall-park/racecard/513038
2026-08-20,Dunstall Park,16:59,3,Camp Seanie,513038,Sporting Life,https://www.sportinglife.com/greyhounds/racecards/2026-08-20/dunstall-park/racecard/513038
2026-08-20,Dunstall Park,16:59,4,Rockmount Junior,513038,Sporting Life,https://www.sportinglife.com/greyhounds/racecards/2026-08-20/dunstall-park/racecard/513038
2026-08-20,Dunstall Park,16:59,5,Final Frontier,513038,Sporting Life,https://www.sportinglife.com/greyhounds/racecards/2026-08-20/dunstall-park/racecard/513038
2026-08-20,Dunstall Park,17:18,1,Maddies Lass,513039,Sporting Life,https://www.sportinglife.com/greyhounds/racecards/2026-08-20/dunstall-park/racecard/513039
2026-08-20,Dunstall Park,17:18,2,Flyhigh Birdseye,513039,Sporting Life,https://www.sportinglife.com/greyhounds/racecards/2026-08-20/dunstall-park/racecard/513039
2026-08-20,Dunstall Park,17:18,3,Flowerpot Bingo,513039,Sporting Life,https://www.sportinglife.com/greyhounds/racecards/2026-08-20/dunstall-park/racecard/513039
2026-08-20,Dunstall Park,17:18,4,Magical Sonny,513039,Sporting Life,https://www.sportinglife.com/greyhounds/racecards/2026-08-20/dunstall-park/racecard/513039
2026-08-20,Dunstall Park,17:18,5,Easy Magico,513039,Sporting Life,https://www.sportinglife.com/greyhounds/racecards/2026-08-20/dunstall-park/racecard/513039
2026-08-20,Dunstall Park,17:18,6,Kerrylane King,513039,Sporting Life,https://www.sportinglife.com/greyhounds/racecards/2026-08-20/dunstall-park/racecard/513039
2026-08-20,Dunstall Park,17:37,1,Deelish Kobe,513040,Sporting Life,https://www.sportinglife.com/greyhounds/racecards/2026-08-20/dunstall-park/racecard/513040
2026-08-20,Dunstall Park,17:37,2,Moanteen Ruby,513040,Sporting Life,https://www.sportinglife.com/greyhounds/racecards/2026-08-20/dunstall-park/racecard/513040
2026-08-20,Dunstall Park,17:37,3,Kizia Star,513040,Sporting Life,https://www.sportinglife.com/greyhounds/racecards/2026-08-20/dunstall-park/racecard/513040
2026-08-20,Dunstall Park,17:37,4,Popstar Rose,513040,Sporting Life,https://www.sportinglife.com/greyhounds/racecards/2026-08-20/dunstall-park/racecard/513040
2026-08-20,Dunstall Park,17:37,5,Final Furlong,513040,Sporting Life,https://www.sportinglife.com/greyhounds/racecards/2026-08-20/dunstall-park/racecard/513040
2026-08-20,Dunstall Park,17:37,6,Mossend Jack,513040,Sporting Life,https://www.sportinglife.com/greyhounds/racecards/2026-08-20/dunstall-park/racecard/513040
2026-08-20,Dunstall Park,17:56,1,Skin Fade,513041,Sporting Life,https://www.sportinglife.com/greyhounds/racecards/2026-08-20/dunstall-park/racecard/513041
2026-08-20,Dunstall Park,17:56,2,Wonka,513041,Sporting Life,https://www.sportinglife.com/greyhounds/racecards/2026-08-20/dunstall-park/racecard/513041
2026-08-20,Dunstall Park,17:56,3,Swift Yellow,513041,Sporting Life,https://www.sportinglife.com/greyhounds/racecards/2026-08-20/dunstall-park/racecard/513041
2026-08-20,Dunstall Park,17:56,4,Bullseye Bob,513041,Sporting Life,https://www.sportinglife.com/greyhounds/racecards/2026-08-20/dunstall-park/racecard/513041
2026-08-20,Dunstall Park,17:56,5,Shirt,513041,Sporting Life,https://www.sportinglife.com/greyhounds/racecards/2026-08-20/dunstall-park/racecard/513041
2026-08-20,Dunstall Park,17:56,6,Tea And Toast,513041,Sporting Life,https://www.sportinglife.com/greyhounds/racecards/2026-08-20/dunstall-park/racecard/513041
2026-08-20,Hove,18:08,1,Beachy Bullet,512958,Sporting Life,https://www.sportinglife.com/greyhounds/racecards/2026-08-20/hove/racecard/512958
2026-08-20,Hove,18:08,2,Magical Kirsty,512958,Sporting Life,https://www.sportinglife.com/greyhounds/racecards/2026-08-20/hove/racecard/512958
2026-08-20,Hove,18:08,3,Clairkeith Candy,512958,Sporting Life,https://www.sportinglife.com/greyhounds/racecards/2026-08-20/hove/racecard/512958
2026-08-20,Hove,18:08,4,Unlock The Ace,512958,Sporting Life,https://www.sportinglife.com/greyhounds/racecards/2026-08-20/hove/racecard/512958
2026-08-20,Hove,18:08,5,Cloheena Caelan,512958,Sporting Life,https://www.sportinglife.com/greyhounds/racecards/2026-08-20/hove/racecard/512958
2026-08-20,Hove,18:08,6,Gingers Shadow,512958,Sporting Life,https://www.sportinglife.com/greyhounds/racecards/2026-08-20/hove/racecard/512958
2026-08-20,Hove,18:26,1,Millbank Buster,512959,Sporting Life,https://www.sportinglife.com/greyhounds/racecards/2026-08-20/hove/racecard/512959
2026-08-20,Hove,18:26,2,Avarua Lake,512959,Sporting Life,https://www.sportinglife.com/greyhounds/racecards/2026-08-20/hove/racecard/512959
2026-08-20,Hove,18:26,4,Sunnyside Ted,512959,Sporting Life,https://www.sportinglife.com/greyhounds/racecards/2026-08-20/hove/racecard/512959
2026-08-20,Hove,18:26,5,Cecil Deville,512959,Sporting Life,https://www.sportinglife.com/greyhounds/racecards/2026-08-20/hove/racecard/512959
2026-08-20,Hove,18:26,6,Slaneyside Swade,512959,Sporting Life,https://www.sportinglife.com/greyhounds/racecards/2026-08-20/hove/racecard/512959
2026-08-20,Hove,18:42,1,Burrows Titan,512960,Sporting Life,https://www.sportinglife.com/greyhounds/racecards/2026-08-20/hove/racecard/512960
2026-08-20,Hove,18:42,2,Carrigoon Milo,512960,Sporting Life,https://www.sportinglife.com/greyhounds/racecards/2026-08-20/hove/racecard/512960
2026-08-20,Hove,18:42,3,Clairkeith Lainy,512960,Sporting Life,https://www.sportinglife.com/greyhounds/racecards/2026-08-20/hove/racecard/512960
2026-08-20,Hove,18:42,5,Rebel California,512960,Sporting Life,https://www.sportinglife.com/greyhounds/racecards/2026-08-20/hove/racecard/512960
2026-08-20,Hove,18:42,6,Untold Ariary,512960,Sporting Life,https://www.sportinglife.com/greyhounds/racecards/2026-08-20/hove/racecard/512960
2026-08-20,Hove,18:59,1,Broadway Lord,512961,Sporting Life,https://www.sportinglife.com/greyhounds/racecards/2026-08-20/hove/racecard/512961
2026-08-20,Hove,18:59,2,Sussex Cyclone,512961,Sporting Life,https://www.sportinglife.com/greyhounds/racecards/2026-08-20/hove/racecard/512961
2026-08-20,Hove,18:59,3,Ballydoyle Eile,512961,Sporting Life,https://www.sportinglife.com/greyhounds/racecards/2026-08-20/hove/racecard/512961
2026-08-20,Hove,18:59,4,Zenith Sultan,512961,Sporting Life,https://www.sportinglife.com/greyhounds/racecards/2026-08-20/hove/racecard/512961
2026-08-20,Hove,18:59,6,Behemoth,512961,Sporting Life,https://www.sportinglife.com/greyhounds/racecards/2026-08-20/hove/racecard/512961
2026-08-20,Hove,19:16,1,Slaneyside Ross,512962,Sporting Life,https://www.sportinglife.com/greyhounds/racecards/2026-08-20/hove/racecard/512962
2026-08-20,Hove,19:16,2,Shes High,512962,Sporting Life,https://www.sportinglife.com/greyhounds/racecards/2026-08-20/hove/racecard/512962
2026-08-20,Hove,19:16,3,Alright Bullet,512962,Sporting Life,https://www.sportinglife.com/greyhounds/racecards/2026-08-20/hove/racecard/512962
2026-08-20,Hove,19:16,4,Pawsome Bullet,512962,Sporting Life,https://www.sportinglife.com/greyhounds/racecards/2026-08-20/hove/racecard/512962
2026-08-20,Hove,19:16,5,Breffni Una,512962,Sporting Life,https://www.sportinglife.com/greyhounds/racecards/2026-08-20/hove/racecard/512962
2026-08-20,Hove,19:16,6,Slippy Des,512962,Sporting Life,https://www.sportinglife.com/greyhounds/racecards/2026-08-20/hove/racecard/512962
2026-08-20,Hove,19:33,1,Westwood Shay,512963,Sporting Life,https://www.sportinglife.com/greyhounds/racecards/2026-08-20/hove/racecard/512963
2026-08-20,Hove,19:33,2,Clairekeith Mary,512963,Sporting Life,https://www.sportinglife.com/greyhounds/racecards/2026-08-20/hove/racecard/512963
2026-08-20,Hove,19:33,3,Bonus Bullet,512963,Sporting Life,https://www.sportinglife.com/greyhounds/racecards/2026-08-20/hove/racecard/512963
2026-08-20,Hove,19:33,4,Smokestack Saxon,512963,Sporting Life,https://www.sportinglife.com/greyhounds/racecards/2026-08-20/hove/racecard/512963
2026-08-20,Hove,19:33,6,Bluey Bullet,512963,Sporting Life,https://www.sportinglife.com/greyhounds/racecards/2026-08-20/hove/racecard/512963
2026-08-20,Hove,19:49,1,Droopys Sense,512964,Sporting Life,https://www.sportinglife.com/greyhounds/racecards/2026-08-20/hove/racecard/512964
2026-08-20,Hove,19:49,2,Epic Poppy,512964,Sporting Life,https://www.sportinglife.com/greyhounds/racecards/2026-08-20/hove/racecard/512964
2026-08-20,Hove,19:49,3,Coppeen Cert,512964,Sporting Life,https://www.sportinglife.com/greyhounds/racecards/2026-08-20/hove/racecard/512964
2026-08-20,Hove,19:49,4,Ballydoyle Swift,512964,Sporting Life,https://www.sportinglife.com/greyhounds/racecards/2026-08-20/hove/racecard/512964
2026-08-20,Hove,19:49,5,Cloheena Blueboy,512964,Sporting Life,https://www.sportinglife.com/greyhounds/racecards/2026-08-20/hove/racecard/512964
2026-08-20,Hove,19:49,6,Signet Force,512964,Sporting Life,https://www.sportinglife.com/greyhounds/racecards/2026-08-20/hove/racecard/512964
2026-08-20,Hove,20:07,1,Shes One Eighty,512965,Sporting Life,https://www.sportinglife.com/greyhounds/racecards/2026-08-20/hove/racecard/512965
2026-08-20,Hove,20:07,2,Isabellas Bullet,512965,Sporting Life,https://www.sportinglife.com/greyhounds/racecards/2026-08-20/hove/racecard/512965
2026-08-20,Hove,20:07,3,Tedushi Master,512965,Sporting Life,https://www.sportinglife.com/greyhounds/racecards/2026-08-20/hove/racecard/512965
2026-08-20,Hove,20:07,4,Outdoor Corona,512965,Sporting Life,https://www.sportinglife.com/greyhounds/racecards/2026-08-20/hove/racecard/512965
2026-08-20,Hove,20:07,5,Kevinsfort Away,512965,Sporting Life,https://www.sportinglife.com/greyhounds/racecards/2026-08-20/hove/racecard/512965
2026-08-20,Hove,20:07,6,Glenrock King,512965,Sporting Life,https://www.sportinglife.com/greyhounds/racecards/2026-08-20/hove/racecard/512965
2026-08-20,Hove,20:24,1,Brunch Pal,512966,Sporting Life,https://www.sportinglife.com/greyhounds/racecards/2026-08-20/hove/racecard/512966
2026-08-20,Hove,20:24,2,Venetian Jock,512966,Sporting Life,https://www.sportinglife.com/greyhounds/racecards/2026-08-20/hove/racecard/512966
2026-08-20,Hove,20:24,3,Burrows Fizz,512966,Sporting Life,https://www.sportinglife.com/greyhounds/racecards/2026-08-20/hove/racecard/512966
2026-08-20,Hove,20:24,4,Jacktavern Chief,512966,Sporting Life,https://www.sportinglife.com/greyhounds/racecards/2026-08-20/hove/racecard/512966
2026-08-20,Hove,20:24,5,Moving Force,512966,Sporting Life,https://www.sportinglife.com/greyhounds/racecards/2026-08-20/hove/racecard/512966
2026-08-20,Hove,20:24,6,Alright Arthur,512966,Sporting Life,https://www.sportinglife.com/greyhounds/racecards/2026-08-20/hove/racecard/512966
2026-08-20,Hove,20:41,1,Blackstone Harry,512967,Sporting Life,https://www.sportinglife.com/greyhounds/racecards/2026-08-20/hove/racecard/512967
2026-08-20,Hove,20:41,2,Sussex Villan,512967,Sporting Life,https://www.sportinglife.com/greyhounds/racecards/2026-08-20/hove/racecard/512967
2026-08-20,Hove,20:41,3,Bella Bullet,512967,Sporting Life,https://www.sportinglife.com/greyhounds/racecards/2026-08-20/hove/racecard/512967
2026-08-20,Hove,20:41,4,Minstrels Five,512967,Sporting Life,https://www.sportinglife.com/greyhounds/racecards/2026-08-20/hove/racecard/512967
2026-08-20,Hove,20:41,5,Clonkeen Jim,512967,Sporting Life,https://www.sportinglife.com/greyhounds/racecards/2026-08-20/hove/racecard/512967
2026-08-20,Hove,20:41,6,Seomra Hachi,512967,Sporting Life,https://www.sportinglife.com/greyhounds/racecards/2026-08-20/hove/racecard/512967
2026-08-20,Hove,20:59,1,Gingers Ada,512968,Sporting Life,https://www.sportinglife.com/greyhounds/racecards/2026-08-20/hove/racecard/512968
2026-08-20,Hove,20:59,2,Sheer Haze,512968,Sporting Life,https://www.sportinglife.com/greyhounds/racecards/2026-08-20/hove/racecard/512968
2026-08-20,Hove,20:59,3,Brulee Bullet,512968,Sporting Life,https://www.sportinglife.com/greyhounds/racecards/2026-08-20/hove/racecard/512968
2026-08-20,Hove,20:59,4,Burrows Nova,512968,Sporting Life,https://www.sportinglife.com/greyhounds/racecards/2026-08-20/hove/racecard/512968
2026-08-20,Hove,20:59,5,Tedushi Ted,512968,Sporting Life,https://www.sportinglife.com/greyhounds/racecards/2026-08-20/hove/racecard/512968
2026-08-20,Hove,20:59,6,Brief Display,512968,Sporting Life,https://www.sportinglife.com/greyhounds/racecards/2026-08-20/hove/racecard/512968
2026-08-20,Hove,21:16,1,Jackpot Blue,512969,Sporting Life,https://www.sportinglife.com/greyhounds/racecards/2026-08-20/hove/racecard/512969
2026-08-20,Hove,21:16,2,Ballydoyle Toby,512969,Sporting Life,https://www.sportinglife.com/greyhounds/racecards/2026-08-20/hove/racecard/512969
2026-08-20,Hove,21:16,3,Droopys Invent,512969,Sporting Life,https://www.sportinglife.com/greyhounds/racecards/2026-08-20/hove/racecard/512969
2026-08-20,Hove,21:16,4,Rapido Benji,512969,Sporting Life,https://www.sportinglife.com/greyhounds/racecards/2026-08-20/hove/racecard/512969
2026-08-20,Hove,21:16,6,Zenith Duke,512969,Sporting Life,https://www.sportinglife.com/greyhounds/racecards/2026-08-20/hove/racecard/512969
2026-08-20,Kinsley,11:14,1,Treanmanagh Ruby,512946,Sporting Life,https://www.sportinglife.com/greyhounds/racecards/2026-08-20/kinsley/racecard/512946
2026-08-20,Kinsley,11:14,2,Caras Silverlady,512946,Sporting Life,https://www.sportinglife.com/greyhounds/racecards/2026-08-20/kinsley/racecard/512946
2026-08-20,Kinsley,11:14,3,Grumpy Dizzy,512946,Sporting Life,https://www.sportinglife.com/greyhounds/racecards/2026-08-20/kinsley/racecard/512946
2026-08-20,Kinsley,11:14,4,Knotmor Blake,512946,Sporting Life,https://www.sportinglife.com/greyhounds/racecards/2026-08-20/kinsley/racecard/512946
2026-08-20,Kinsley,11:14,5,Madam Tiger,512946,Sporting Life,https://www.sportinglife.com/greyhounds/racecards/2026-08-20/kinsley/racecard/512946
2026-08-20,Kinsley,11:14,6,Scullys Eddie,512946,Sporting Life,https://www.sportinglife.com/greyhounds/racecards/2026-08-20/kinsley/racecard/512946
2026-08-20,Kinsley,11:30,1,Swift Remi,512947,Sporting Life,https://www.sportinglife.com/greyhounds/racecards/2026-08-20/kinsley/racecard/512947
2026-08-20,Kinsley,11:30,2,Ninja Berkley,512947,Sporting Life,https://www.sportinglife.com/greyhounds/racecards/2026-08-20/kinsley/racecard/512947
2026-08-20,Kinsley,11:30,3,Castlerock Cash,512947,Sporting Life,https://www.sportinglife.com/greyhounds/racecards/2026-08-20/kinsley/racecard/512947
2026-08-20,Kinsley,11:30,4,Grumpy Walter,512947,Sporting Life,https://www.sportinglife.com/greyhounds/racecards/2026-08-20/kinsley/racecard/512947
2026-08-20,Kinsley,11:30,5,Grumpy Pip,512947,Sporting Life,https://www.sportinglife.com/greyhounds/racecards/2026-08-20/kinsley/racecard/512947
2026-08-20,Kinsley,11:30,6,Bellmore Ozzy,512947,Sporting Life,https://www.sportinglife.com/greyhounds/racecards/2026-08-20/kinsley/racecard/512947
2026-08-20,Kinsley,11:46,1,Urgent Call,512948,Sporting Life,https://www.sportinglife.com/greyhounds/racecards/2026-08-20/kinsley/racecard/512948
2026-08-20,Kinsley,11:46,2,Lamia,512948,Sporting Life,https://www.sportinglife.com/greyhounds/racecards/2026-08-20/kinsley/racecard/512948
2026-08-20,Kinsley,11:46,3,Ballymac Beau,512948,Sporting Life,https://www.sportinglife.com/greyhounds/racecards/2026-08-20/kinsley/racecard/512948
2026-08-20,Kinsley,11:46,4,Lantern Bright,512948,Sporting Life,https://www.sportinglife.com/greyhounds/racecards/2026-08-20/kinsley/racecard/512948
2026-08-20,Kinsley,11:46,5,Hazelgrove Raven,512948,Sporting Life,https://www.sportinglife.com/greyhounds/racecards/2026-08-20/kinsley/racecard/512948
2026-08-20,Kinsley,11:46,6,Swift Paulina,512948,Sporting Life,https://www.sportinglife.com/greyhounds/racecards/2026-08-20/kinsley/racecard/512948
2026-08-20,Kinsley,12:03,1,Costly Chips,512949,Sporting Life,https://www.sportinglife.com/greyhounds/racecards/2026-08-20/kinsley/racecard/512949
2026-08-20,Kinsley,12:03,2,Jaguar Buick,512949,Sporting Life,https://www.sportinglife.com/greyhounds/racecards/2026-08-20/kinsley/racecard/512949
2026-08-20,Kinsley,12:03,3,Shady Della,512949,Sporting Life,https://www.sportinglife.com/greyhounds/racecards/2026-08-20/kinsley/racecard/512949
2026-08-20,Kinsley,12:03,4,Jennyontheblock,512949,Sporting Life,https://www.sportinglife.com/greyhounds/racecards/2026-08-20/kinsley/racecard/512949
2026-08-20,Kinsley,12:03,5,Rockstar Kenny,512949,Sporting Life,https://www.sportinglife.com/greyhounds/racecards/2026-08-20/kinsley/racecard/512949
2026-08-20,Kinsley,12:03,6,Black Albatross,512949,Sporting Life,https://www.sportinglife.com/greyhounds/racecards/2026-08-20/kinsley/racecard/512949
2026-08-20,Kinsley,12:20,1,Treamanagh Star,512950,Sporting Life,https://www.sportinglife.com/greyhounds/racecards/2026-08-20/kinsley/racecard/512950
2026-08-20,Kinsley,12:20,2,Cagey Betty,512950,Sporting Life,https://www.sportinglife.com/greyhounds/racecards/2026-08-20/kinsley/racecard/512950
2026-08-20,Kinsley,12:20,3,Hazelgrove Petra,512950,Sporting Life,https://www.sportinglife.com/greyhounds/racecards/2026-08-20/kinsley/racecard/512950
2026-08-20,Kinsley,12:20,4,Clay Kimey,512950,Sporting Life,https://www.sportinglife.com/greyhounds/racecards/2026-08-20/kinsley/racecard/512950
2026-08-20,Kinsley,12:20,5,Coolavanny Nano,512950,Sporting Life,https://www.sportinglife.com/greyhounds/racecards/2026-08-20/kinsley/racecard/512950
2026-08-20,Kinsley,12:37,1,Critical Katie,512951,Sporting Life,https://www.sportinglife.com/greyhounds/racecards/2026-08-20/kinsley/racecard/512951
2026-08-20,Kinsley,12:37,2,Deecee Kara,512951,Sporting Life,https://www.sportinglife.com/greyhounds/racecards/2026-08-20/kinsley/racecard/512951
2026-08-20,Kinsley,12:37,3,Daring Moaner,512951,Sporting Life,https://www.sportinglife.com/greyhounds/racecards/2026-08-20/kinsley/racecard/512951
2026-08-20,Kinsley,12:37,4,Deecee Gracie,512951,Sporting Life,https://www.sportinglife.com/greyhounds/racecards/2026-08-20/kinsley/racecard/512951
2026-08-20,Kinsley,12:37,5,Lightfoot Elle,512951,Sporting Life,https://www.sportinglife.com/greyhounds/racecards/2026-08-20/kinsley/racecard/512951
2026-08-20,Kinsley,12:37,6,Ballymac Alyssa,512951,Sporting Life,https://www.sportinglife.com/greyhounds/racecards/2026-08-20/kinsley/racecard/512951
2026-08-20,Kinsley,12:53,1,Pomba Flo,512952,Sporting Life,https://www.sportinglife.com/greyhounds/racecards/2026-08-20/kinsley/racecard/512952
2026-08-20,Kinsley,12:53,2,Knotmor Signet,512952,Sporting Life,https://www.sportinglife.com/greyhounds/racecards/2026-08-20/kinsley/racecard/512952
2026-08-20,Kinsley,12:53,3,Holborn Betty,512952,Sporting Life,https://www.sportinglife.com/greyhounds/racecards/2026-08-20/kinsley/racecard/512952
2026-08-20,Kinsley,12:53,4,Grantstown Road,512952,Sporting Life,https://www.sportinglife.com/greyhounds/racecards/2026-08-20/kinsley/racecard/512952
2026-08-20,Kinsley,12:53,5,Da Man Joey,512952,Sporting Life,https://www.sportinglife.com/greyhounds/racecards/2026-08-20/kinsley/racecard/512952
2026-08-20,Kinsley,12:53,6,Raise The Beat,512952,Sporting Life,https://www.sportinglife.com/greyhounds/racecards/2026-08-20/kinsley/racecard/512952
2026-08-20,Kinsley,13:11,1,Tommys Messi,512953,Sporting Life,https://www.sportinglife.com/greyhounds/racecards/2026-08-20/kinsley/racecard/512953
2026-08-20,Kinsley,13:11,2,Glenbrookdiamond,512953,Sporting Life,https://www.sportinglife.com/greyhounds/racecards/2026-08-20/kinsley/racecard/512953
2026-08-20,Kinsley,13:11,3,Marcianos Punch,512953,Sporting Life,https://www.sportinglife.com/greyhounds/racecards/2026-08-20/kinsley/racecard/512953
2026-08-20,Kinsley,13:11,4,Drombeg Dolly,512953,Sporting Life,https://www.sportinglife.com/greyhounds/racecards/2026-08-20/kinsley/racecard/512953
2026-08-20,Kinsley,13:11,5,Grumpy Frankie,512953,Sporting Life,https://www.sportinglife.com/greyhounds/racecards/2026-08-20/kinsley/racecard/512953
2026-08-20,Kinsley,13:11,6,Swift Ecology,512953,Sporting Life,https://www.sportinglife.com/greyhounds/racecards/2026-08-20/kinsley/racecard/512953
2026-08-20,Kinsley,13:26,1,Grumpy Adagio,512954,Sporting Life,https://www.sportinglife.com/greyhounds/racecards/2026-08-20/kinsley/racecard/512954
2026-08-20,Kinsley,13:26,2,Russian Doctor,512954,Sporting Life,https://www.sportinglife.com/greyhounds/racecards/2026-08-20/kinsley/racecard/512954
2026-08-20,Kinsley,13:26,3,Southwind Twirl,512954,Sporting Life,https://www.sportinglife.com/greyhounds/racecards/2026-08-20/kinsley/racecard/512954
2026-08-20,Kinsley,13:26,4,Coolpeach Sarah,512954,Sporting Life,https://www.sportinglife.com/greyhounds/racecards/2026-08-20/kinsley/racecard/512954
2026-08-20,Kinsley,13:26,5,Hello Lady,512954,Sporting Life,https://www.sportinglife.com/greyhounds/racecards/2026-08-20/kinsley/racecard/512954
2026-08-20,Kinsley,13:26,6,Swift Hooley,512954,Sporting Life,https://www.sportinglife.com/greyhounds/racecards/2026-08-20/kinsley/racecard/512954
2026-08-20,Kinsley,13:41,1,Tonagha Chancer,512955,Sporting Life,https://www.sportinglife.com/greyhounds/racecards/2026-08-20/kinsley/racecard/512955
2026-08-20,Kinsley,13:41,2,Call Me Swift,512955,Sporting Life,https://www.sportinglife.com/greyhounds/racecards/2026-08-20/kinsley/racecard/512955
2026-08-20,Kinsley,13:41,3,Romantic Ben,512955,Sporting Life,https://www.sportinglife.com/greyhounds/racecards/2026-08-20/kinsley/racecard/512955
2026-08-20,Kinsley,13:41,4,Grumpy Edith,512955,Sporting Life,https://www.sportinglife.com/greyhounds/racecards/2026-08-20/kinsley/racecard/512955
2026-08-20,Kinsley,13:41,5,Cactus Closedown,512955,Sporting Life,https://www.sportinglife.com/greyhounds/racecards/2026-08-20/kinsley/racecard/512955
2026-08-20,Kinsley,13:41,6,Clay Twister,512955,Sporting Life,https://www.sportinglife.com/greyhounds/racecards/2026-08-20/kinsley/racecard/512955
2026-08-20,Kinsley,13:58,1,Hazelgrove Flash,512956,Sporting Life,https://www.sportinglife.com/greyhounds/racecards/2026-08-20/kinsley/racecard/512956
2026-08-20,Kinsley,13:58,2,Baybush Rush,512956,Sporting Life,https://www.sportinglife.com/greyhounds/racecards/2026-08-20/kinsley/racecard/512956
2026-08-20,Kinsley,13:58,3,Star Strand,512956,Sporting Life,https://www.sportinglife.com/greyhounds/racecards/2026-08-20/kinsley/racecard/512956
2026-08-20,Kinsley,13:58,4,Zaconey Venus,512956,Sporting Life,https://www.sportinglife.com/greyhounds/racecards/2026-08-20/kinsley/racecard/512956
2026-08-20,Kinsley,13:58,5,Monbeg Shark,512956,Sporting Life,https://www.sportinglife.com/greyhounds/racecards/2026-08-20/kinsley/racecard/512956
2026-08-20,Kinsley,14:14,1,Golan Zoe,512957,Sporting Life,https://www.sportinglife.com/greyhounds/racecards/2026-08-20/kinsley/racecard/512957
2026-08-20,Kinsley,14:14,2,Thats So True,512957,Sporting Life,https://www.sportinglife.com/greyhounds/racecards/2026-08-20/kinsley/racecard/512957
2026-08-20,Kinsley,14:14,3,Golan Hazel,512957,Sporting Life,https://www.sportinglife.com/greyhounds/racecards/2026-08-20/kinsley/racecard/512957
2026-08-20,Kinsley,14:14,4,Autumn Renegade,512957,Sporting Life,https://www.sportinglife.com/greyhounds/racecards/2026-08-20/kinsley/racecard/512957
2026-08-20,Kinsley,14:14,5,Mandeville Mist,512957,Sporting Life,https://www.sportinglife.com/greyhounds/racecards/2026-08-20/kinsley/racecard/512957
2026-08-20,Kinsley,14:14,6,Scotrath Kiki,512957,Sporting Life,https://www.sportinglife.com/greyhounds/racecards/2026-08-20/kinsley/racecard/512957
2026-08-20,Monmore,18:14,1,Heaven Reversed,512970,Sporting Life,https://www.sportinglife.com/greyhounds/racecards/2026-08-20/monmore/racecard/512970
2026-08-20,Monmore,18:14,2,Good Gold,512970,Sporting Life,https://www.sportinglife.com/greyhounds/racecards/2026-08-20/monmore/racecard/512970
2026-08-20,Monmore,18:14,4,Aero Mockery,512970,Sporting Life,https://www.sportinglife.com/greyhounds/racecards/2026-08-20/monmore/racecard/512970
2026-08-20,Monmore,18:14,5,Getup Me Ava,512970,Sporting Life,https://www.sportinglife.com/greyhounds/racecards/2026-08-20/monmore/racecard/512970
2026-08-20,Monmore,18:14,6,Do Gooder,512970,Sporting Life,https://www.sportinglife.com/greyhounds/racecards/2026-08-20/monmore/racecard/512970
2026-08-20,Monmore,18:31,1,Knockroe Emma,512971,Sporting Life,https://www.sportinglife.com/greyhounds/racecards/2026-08-20/monmore/racecard/512971
2026-08-20,Monmore,18:31,2,Sugar Rose,512971,Sporting Life,https://www.sportinglife.com/greyhounds/racecards/2026-08-20/monmore/racecard/512971
2026-08-20,Monmore,18:31,4,All About Alice,512971,Sporting Life,https://www.sportinglife.com/greyhounds/racecards/2026-08-20/monmore/racecard/512971
2026-08-20,Monmore,18:31,5,Longacres Fee,512971,Sporting Life,https://www.sportinglife.com/greyhounds/racecards/2026-08-20/monmore/racecard/512971
2026-08-20,Monmore,18:31,6,Chuckies Angel,512971,Sporting Life,https://www.sportinglife.com/greyhounds/racecards/2026-08-20/monmore/racecard/512971
2026-08-20,Monmore,18:48,1,Vixons Opaque,512972,Sporting Life,https://www.sportinglife.com/greyhounds/racecards/2026-08-20/monmore/racecard/512972
2026-08-20,Monmore,18:48,2,Moorstown Brae,512972,Sporting Life,https://www.sportinglife.com/greyhounds/racecards/2026-08-20/monmore/racecard/512972
2026-08-20,Monmore,18:48,3,Inca Darling,512972,Sporting Life,https://www.sportinglife.com/greyhounds/racecards/2026-08-20/monmore/racecard/512972
2026-08-20,Monmore,18:48,4,Westway Freedom,512972,Sporting Life,https://www.sportinglife.com/greyhounds/racecards/2026-08-20/monmore/racecard/512972
2026-08-20,Monmore,18:48,6,Tiree,512972,Sporting Life,https://www.sportinglife.com/greyhounds/racecards/2026-08-20/monmore/racecard/512972
2026-08-20,Monmore,19:06,1,Aero Bamboo,512973,Sporting Life,https://www.sportinglife.com/greyhounds/racecards/2026-08-20/monmore/racecard/512973
2026-08-20,Monmore,19:06,2,Catunda Apollo,512973,Sporting Life,https://www.sportinglife.com/greyhounds/racecards/2026-08-20/monmore/racecard/512973
2026-08-20,Monmore,19:06,4,Gulf Breeze,512973,Sporting Life,https://www.sportinglife.com/greyhounds/racecards/2026-08-20/monmore/racecard/512973
2026-08-20,Monmore,19:06,5,Tullymurry Otto,512973,Sporting Life,https://www.sportinglife.com/greyhounds/racecards/2026-08-20/monmore/racecard/512973
2026-08-20,Monmore,19:06,6,Swift Ramona,512973,Sporting Life,https://www.sportinglife.com/greyhounds/racecards/2026-08-20/monmore/racecard/512973
2026-08-20,Monmore,19:22,1,Anglesey Rebel,512974,Sporting Life,https://www.sportinglife.com/greyhounds/racecards/2026-08-20/monmore/racecard/512974
2026-08-20,Monmore,19:22,2,Marlhill Queenie,512974,Sporting Life,https://www.sportinglife.com/greyhounds/racecards/2026-08-20/monmore/racecard/512974
2026-08-20,Monmore,19:22,3,Union Rascal,512974,Sporting Life,https://www.sportinglife.com/greyhounds/racecards/2026-08-20/monmore/racecard/512974
2026-08-20,Monmore,19:22,4,Aero Walsh,512974,Sporting Life,https://www.sportinglife.com/greyhounds/racecards/2026-08-20/monmore/racecard/512974
2026-08-20,Monmore,19:22,6,Ballymac Prada,512974,Sporting Life,https://www.sportinglife.com/greyhounds/racecards/2026-08-20/monmore/racecard/512974
2026-08-20,Monmore,19:39,1,Aero Bluebell,512975,Sporting Life,https://www.sportinglife.com/greyhounds/racecards/2026-08-20/monmore/racecard/512975
2026-08-20,Monmore,19:39,2,Only On Bale,512975,Sporting Life,https://www.sportinglife.com/greyhounds/racecards/2026-08-20/monmore/racecard/512975
2026-08-20,Monmore,19:39,3,Yama Witch,512975,Sporting Life,https://www.sportinglife.com/greyhounds/racecards/2026-08-20/monmore/racecard/512975
2026-08-20,Monmore,19:39,4,Coologue Molly,512975,Sporting Life,https://www.sportinglife.com/greyhounds/racecards/2026-08-20/monmore/racecard/512975
2026-08-20,Monmore,19:39,6,Soap Box Surfer,512975,Sporting Life,https://www.sportinglife.com/greyhounds/racecards/2026-08-20/monmore/racecard/512975
2026-08-20,Monmore,19:56,1,Bridefort Lady,512976,Sporting Life,https://www.sportinglife.com/greyhounds/racecards/2026-08-20/monmore/racecard/512976
2026-08-20,Monmore,19:56,2,Goldstar Michael,512976,Sporting Life,https://www.sportinglife.com/greyhounds/racecards/2026-08-20/monmore/racecard/512976
2026-08-20,Monmore,19:56,3,Datona Vamoose,512976,Sporting Life,https://www.sportinglife.com/greyhounds/racecards/2026-08-20/monmore/racecard/512976
2026-08-20,Monmore,19:56,4,Good Maverick,512976,Sporting Life,https://www.sportinglife.com/greyhounds/racecards/2026-08-20/monmore/racecard/512976
2026-08-20,Monmore,19:56,5,Jaykay Fury,512976,Sporting Life,https://www.sportinglife.com/greyhounds/racecards/2026-08-20/monmore/racecard/512976
2026-08-20,Monmore,20:13,1,Fourpenny Jill,512977,Sporting Life,https://www.sportinglife.com/greyhounds/racecards/2026-08-20/monmore/racecard/512977
2026-08-20,Monmore,20:13,2,Casino Brody,512977,Sporting Life,https://www.sportinglife.com/greyhounds/racecards/2026-08-20/monmore/racecard/512977
2026-08-20,Monmore,20:13,3,Vixons Vanilla,512977,Sporting Life,https://www.sportinglife.com/greyhounds/racecards/2026-08-20/monmore/racecard/512977
2026-08-20,Monmore,20:13,4,Beatties Lena,512977,Sporting Life,https://www.sportinglife.com/greyhounds/racecards/2026-08-20/monmore/racecard/512977
2026-08-20,Monmore,20:13,5,Youre Gone,512977,Sporting Life,https://www.sportinglife.com/greyhounds/racecards/2026-08-20/monmore/racecard/512977
2026-08-20,Monmore,20:13,6,Titanium Annie,512977,Sporting Life,https://www.sportinglife.com/greyhounds/racecards/2026-08-20/monmore/racecard/512977
2026-08-20,Monmore,20:31,1,Newinn Georgia,512978,Sporting Life,https://www.sportinglife.com/greyhounds/racecards/2026-08-20/monmore/racecard/512978
2026-08-20,Monmore,20:31,2,Born Goddess,512978,Sporting Life,https://www.sportinglife.com/greyhounds/racecards/2026-08-20/monmore/racecard/512978
2026-08-20,Monmore,20:31,3,Vixons Mission,512978,Sporting Life,https://www.sportinglife.com/greyhounds/racecards/2026-08-20/monmore/racecard/512978
2026-08-20,Monmore,20:31,4,Kilara Jag,512978,Sporting Life,https://www.sportinglife.com/greyhounds/racecards/2026-08-20/monmore/racecard/512978
2026-08-20,Monmore,20:31,5,Small Hours,512978,Sporting Life,https://www.sportinglife.com/greyhounds/racecards/2026-08-20/monmore/racecard/512978
2026-08-20,Monmore,20:31,6,Pennys Shadow,512978,Sporting Life,https://www.sportinglife.com/greyhounds/racecards/2026-08-20/monmore/racecard/512978
2026-08-20,Monmore,20:47,1,Yama Nightmare,512979,Sporting Life,https://www.sportinglife.com/greyhounds/racecards/2026-08-20/monmore/racecard/512979
2026-08-20,Monmore,20:47,2,Florican Gem,512979,Sporting Life,https://www.sportinglife.com/greyhounds/racecards/2026-08-20/monmore/racecard/512979
2026-08-20,Monmore,20:47,3,Remarkable Force,512979,Sporting Life,https://www.sportinglife.com/greyhounds/racecards/2026-08-20/monmore/racecard/512979
2026-08-20,Monmore,20:47,5,Bang On Bonnie,512979,Sporting Life,https://www.sportinglife.com/greyhounds/racecards/2026-08-20/monmore/racecard/512979
2026-08-20,Monmore,20:47,6,Aero Superstar,512979,Sporting Life,https://www.sportinglife.com/greyhounds/racecards/2026-08-20/monmore/racecard/512979
2026-08-20,Monmore,21:04,1,Dashgrove Posh,512980,Sporting Life,https://www.sportinglife.com/greyhounds/racecards/2026-08-20/monmore/racecard/512980
2026-08-20,Monmore,21:04,2,Sugar Sherbut,512980,Sporting Life,https://www.sportinglife.com/greyhounds/racecards/2026-08-20/monmore/racecard/512980
2026-08-20,Monmore,21:04,3,Remorseful Day,512980,Sporting Life,https://www.sportinglife.com/greyhounds/racecards/2026-08-20/monmore/racecard/512980
2026-08-20,Monmore,21:04,4,Tommys Grace,512980,Sporting Life,https://www.sportinglife.com/greyhounds/racecards/2026-08-20/monmore/racecard/512980
2026-08-20,Monmore,21:04,5,Aero Annoy,512980,Sporting Life,https://www.sportinglife.com/greyhounds/racecards/2026-08-20/monmore/racecard/512980
2026-08-20,Monmore,21:04,6,Tommys Snowman,512980,Sporting Life,https://www.sportinglife.com/greyhounds/racecards/2026-08-20/monmore/racecard/512980
2026-08-20,Monmore,21:23,1,Tommys Target,512981,Sporting Life,https://www.sportinglife.com/greyhounds/racecards/2026-08-20/monmore/racecard/512981
2026-08-20,Monmore,21:23,2,Kilwest Diva,512981,Sporting Life,https://www.sportinglife.com/greyhounds/racecards/2026-08-20/monmore/racecard/512981
2026-08-20,Monmore,21:23,4,Hitit Agendavy,512981,Sporting Life,https://www.sportinglife.com/greyhounds/racecards/2026-08-20/monmore/racecard/512981
2026-08-20,Monmore,21:23,6,Missy Jackell,512981,Sporting Life,https://www.sportinglife.com/greyhounds/racecards/2026-08-20/monmore/racecard/512981
2026-08-20,Newcastle,18:37,2,Canny Striker,513018,Sporting Life,https://www.sportinglife.com/greyhounds/racecards/2026-08-20/newcastle/racecard/513018
2026-08-20,Newcastle,18:37,3,Vinegarhill Rhys,513018,Sporting Life,https://www.sportinglife.com/greyhounds/racecards/2026-08-20/newcastle/racecard/513018
2026-08-20,Newcastle,18:37,4,Tetra Cruising,513018,Sporting Life,https://www.sportinglife.com/greyhounds/racecards/2026-08-20/newcastle/racecard/513018
2026-08-20,Newcastle,18:37,5,Wipe The Slate,513018,Sporting Life,https://www.sportinglife.com/greyhounds/racecards/2026-08-20/newcastle/racecard/513018
2026-08-20,Newcastle,18:37,6,Safe Vision,513018,Sporting Life,https://www.sportinglife.com/greyhounds/racecards/2026-08-20/newcastle/racecard/513018
2026-08-20,Newcastle,18:53,1,Charlies Topshot,513019,Sporting Life,https://www.sportinglife.com/greyhounds/racecards/2026-08-20/newcastle/racecard/513019
2026-08-20,Newcastle,18:53,2,A Bit Of Maur,513019,Sporting Life,https://www.sportinglife.com/greyhounds/racecards/2026-08-20/newcastle/racecard/513019
2026-08-20,Newcastle,18:53,3,A Bit Of Megan,513019,Sporting Life,https://www.sportinglife.com/greyhounds/racecards/2026-08-20/newcastle/racecard/513019
2026-08-20,Newcastle,18:53,4,Slingshot Major,513019,Sporting Life,https://www.sportinglife.com/greyhounds/racecards/2026-08-20/newcastle/racecard/513019
2026-08-20,Newcastle,18:53,6,Indelible Mark,513019,Sporting Life,https://www.sportinglife.com/greyhounds/racecards/2026-08-20/newcastle/racecard/513019
2026-08-20,Newcastle,19:11,1,Wraysbury Ace,513020,Sporting Life,https://www.sportinglife.com/greyhounds/racecards/2026-08-20/newcastle/racecard/513020
2026-08-20,Newcastle,19:11,2,Senahel Jet,513020,Sporting Life,https://www.sportinglife.com/greyhounds/racecards/2026-08-20/newcastle/racecard/513020
2026-08-20,Newcastle,19:11,3,Romeo Dutch,513020,Sporting Life,https://www.sportinglife.com/greyhounds/racecards/2026-08-20/newcastle/racecard/513020
2026-08-20,Newcastle,19:11,4,Slinky Dog Dash,513020,Sporting Life,https://www.sportinglife.com/greyhounds/racecards/2026-08-20/newcastle/racecard/513020
2026-08-20,Newcastle,19:11,5,Five Ofa Kind,513020,Sporting Life,https://www.sportinglife.com/greyhounds/racecards/2026-08-20/newcastle/racecard/513020
2026-08-20,Newcastle,19:11,6,Toddys Panther,513020,Sporting Life,https://www.sportinglife.com/greyhounds/racecards/2026-08-20/newcastle/racecard/513020
2026-08-20,Newcastle,19:27,1,Blackhouse Lewi,513021,Sporting Life,https://www.sportinglife.com/greyhounds/racecards/2026-08-20/newcastle/racecard/513021
2026-08-20,Newcastle,19:27,2,Elusivenomore,513021,Sporting Life,https://www.sportinglife.com/greyhounds/racecards/2026-08-20/newcastle/racecard/513021
2026-08-20,Newcastle,19:27,3,Slingshot Louie,513021,Sporting Life,https://www.sportinglife.com/greyhounds/racecards/2026-08-20/newcastle/racecard/513021
2026-08-20,Newcastle,19:27,4,Pressure Tie,513021,Sporting Life,https://www.sportinglife.com/greyhounds/racecards/2026-08-20/newcastle/racecard/513021
2026-08-20,Newcastle,19:27,5,Brunssum Bubble,513021,Sporting Life,https://www.sportinglife.com/greyhounds/racecards/2026-08-20/newcastle/racecard/513021
2026-08-20,Newcastle,19:44,1,Droopys Sort,513022,Sporting Life,https://www.sportinglife.com/greyhounds/racecards/2026-08-20/newcastle/racecard/513022
2026-08-20,Newcastle,19:44,2,Ballymac Sargie,513022,Sporting Life,https://www.sportinglife.com/greyhounds/racecards/2026-08-20/newcastle/racecard/513022
2026-08-20,Newcastle,19:44,3,Howay Tonali,513022,Sporting Life,https://www.sportinglife.com/greyhounds/racecards/2026-08-20/newcastle/racecard/513022
2026-08-20,Newcastle,19:44,4,Slingshot Blue,513022,Sporting Life,https://www.sportinglife.com/greyhounds/racecards/2026-08-20/newcastle/racecard/513022
2026-08-20,Newcastle,19:44,6,Zenith Mikmacker,513022,Sporting Life,https://www.sportinglife.com/greyhounds/racecards/2026-08-20/newcastle/racecard/513022
2026-08-20,Newcastle,20:01,1,Bonnie Sues Luck,513023,Sporting Life,https://www.sportinglife.com/greyhounds/racecards/2026-08-20/newcastle/racecard/513023
2026-08-20,Newcastle,20:01,2,Drombeg Angel,513023,Sporting Life,https://www.sportinglife.com/greyhounds/racecards/2026-08-20/newcastle/racecard/513023
2026-08-20,Newcastle,20:01,3,Fabulous Kira,513023,Sporting Life,https://www.sportinglife.com/greyhounds/racecards/2026-08-20/newcastle/racecard/513023
2026-08-20,Newcastle,20:01,4,Fabulous Adriana,513023,Sporting Life,https://www.sportinglife.com/greyhounds/racecards/2026-08-20/newcastle/racecard/513023
2026-08-20,Newcastle,20:01,5,Fabulous Leona,513023,Sporting Life,https://www.sportinglife.com/greyhounds/racecards/2026-08-20/newcastle/racecard/513023
2026-08-20,Newcastle,20:01,6,Taylor The Best,513023,Sporting Life,https://www.sportinglife.com/greyhounds/racecards/2026-08-20/newcastle/racecard/513023
2026-08-20,Newcastle,20:19,1,Bluebell Teddy,513024,Sporting Life,https://www.sportinglife.com/greyhounds/racecards/2026-08-20/newcastle/racecard/513024
2026-08-20,Newcastle,20:19,2,Coppice Saphire,513024,Sporting Life,https://www.sportinglife.com/greyhounds/racecards/2026-08-20/newcastle/racecard/513024
2026-08-20,Newcastle,20:19,3,Slingshot Leeona,513024,Sporting Life,https://www.sportinglife.com/greyhounds/racecards/2026-08-20/newcastle/racecard/513024
2026-08-20,Newcastle,20:19,4,Elegant Shadow,513024,Sporting Life,https://www.sportinglife.com/greyhounds/racecards/2026-08-20/newcastle/racecard/513024
2026-08-20,Newcastle,20:19,5,Fabulous Kimiko,513024,Sporting Life,https://www.sportinglife.com/greyhounds/racecards/2026-08-20/newcastle/racecard/513024
2026-08-20,Newcastle,20:19,6,Fabulous Harmony,513024,Sporting Life,https://www.sportinglife.com/greyhounds/racecards/2026-08-20/newcastle/racecard/513024
2026-08-20,Newcastle,20:36,1,Skye The Boss,513025,Sporting Life,https://www.sportinglife.com/greyhounds/racecards/2026-08-20/newcastle/racecard/513025
2026-08-20,Newcastle,20:36,2,Fabulous Myoki,513025,Sporting Life,https://www.sportinglife.com/greyhounds/racecards/2026-08-20/newcastle/racecard/513025
2026-08-20,Newcastle,20:36,3,Elena The Best,513025,Sporting Life,https://www.sportinglife.com/greyhounds/racecards/2026-08-20/newcastle/racecard/513025
2026-08-20,Newcastle,20:36,4,Blackhouse Jean,513025,Sporting Life,https://www.sportinglife.com/greyhounds/racecards/2026-08-20/newcastle/racecard/513025
2026-08-20,Newcastle,20:36,5,Romeo Elite,513025,Sporting Life,https://www.sportinglife.com/greyhounds/racecards/2026-08-20/newcastle/racecard/513025
2026-08-20,Newcastle,20:36,6,Grouchos Hawk,513025,Sporting Life,https://www.sportinglife.com/greyhounds/racecards/2026-08-20/newcastle/racecard/513025
2026-08-20,Newcastle,20:54,1,Ballymac Neems,513026,Sporting Life,https://www.sportinglife.com/greyhounds/racecards/2026-08-20/newcastle/racecard/513026
2026-08-20,Newcastle,20:54,2,Carrabbas,513026,Sporting Life,https://www.sportinglife.com/greyhounds/racecards/2026-08-20/newcastle/racecard/513026
2026-08-20,Newcastle,20:54,3,Croia Agus Gwen,513026,Sporting Life,https://www.sportinglife.com/greyhounds/racecards/2026-08-20/newcastle/racecard/513026
2026-08-20,Newcastle,20:54,4,Jacktavern Zoe,513026,Sporting Life,https://www.sportinglife.com/greyhounds/racecards/2026-08-20/newcastle/racecard/513026
2026-08-20,Newcastle,20:54,6,Da Short Haul,513026,Sporting Life,https://www.sportinglife.com/greyhounds/racecards/2026-08-20/newcastle/racecard/513026
2026-08-20,Newcastle,21:11,1,Strictly Motsi,513027,Sporting Life,https://www.sportinglife.com/greyhounds/racecards/2026-08-20/newcastle/racecard/513027
2026-08-20,Newcastle,21:11,2,Chips Ahoy,513027,Sporting Life,https://www.sportinglife.com/greyhounds/racecards/2026-08-20/newcastle/racecard/513027
2026-08-20,Newcastle,21:11,3,A Bit Of Theo,513027,Sporting Life,https://www.sportinglife.com/greyhounds/racecards/2026-08-20/newcastle/racecard/513027
2026-08-20,Newcastle,21:11,4,Iraolas The Boss,513027,Sporting Life,https://www.sportinglife.com/greyhounds/racecards/2026-08-20/newcastle/racecard/513027
2026-08-20,Newcastle,21:11,5,Clear Eyes,513027,Sporting Life,https://www.sportinglife.com/greyhounds/racecards/2026-08-20/newcastle/racecard/513027
2026-08-20,Newcastle,21:11,6,A Bit Of Betty,513027,Sporting Life,https://www.sportinglife.com/greyhounds/racecards/2026-08-20/newcastle/racecard/513027
2026-08-20,Newcastle,21:28,1,Bramble Paulina,513028,Sporting Life,https://www.sportinglife.com/greyhounds/racecards/2026-08-20/newcastle/racecard/513028
2026-08-20,Newcastle,21:28,2,Avenue Cove,513028,Sporting Life,https://www.sportinglife.com/greyhounds/racecards/2026-08-20/newcastle/racecard/513028
2026-08-20,Newcastle,21:28,3,Slingshot Forth,513028,Sporting Life,https://www.sportinglife.com/greyhounds/racecards/2026-08-20/newcastle/racecard/513028
2026-08-20,Newcastle,21:28,4,Ballinderry Faye,513028,Sporting Life,https://www.sportinglife.com/greyhounds/racecards/2026-08-20/newcastle/racecard/513028
2026-08-20,Newcastle,21:28,5,A Bit Of Ebony,513028,Sporting Life,https://www.sportinglife.com/greyhounds/racecards/2026-08-20/newcastle/racecard/513028
2026-08-20,Newcastle,21:28,6,Canny Smokey,513028,Sporting Life,https://www.sportinglife.com/greyhounds/racecards/2026-08-20/newcastle/racecard/513028
2026-08-20,Newcastle,21:46,1,Blackhouse Love,513029,Sporting Life,https://www.sportinglife.com/greyhounds/racecards/2026-08-20/newcastle/racecard/513029
2026-08-20,Newcastle,21:46,2,Bramble Angel,513029,Sporting Life,https://www.sportinglife.com/greyhounds/racecards/2026-08-20/newcastle/racecard/513029
2026-08-20,Newcastle,21:46,3,Szoboszlai,513029,Sporting Life,https://www.sportinglife.com/greyhounds/racecards/2026-08-20/newcastle/racecard/513029
2026-08-20,Newcastle,21:46,4,Munoz Onthe Kop,513029,Sporting Life,https://www.sportinglife.com/greyhounds/racecards/2026-08-20/newcastle/racecard/513029
2026-08-20,Newcastle,21:46,5,Burrow Nitro,513029,Sporting Life,https://www.sportinglife.com/greyhounds/racecards/2026-08-20/newcastle/racecard/513029
2026-08-20,Newcastle,21:46,6,Crokers Mimi,513029,Sporting Life,https://www.sportinglife.com/greyhounds/racecards/2026-08-20/newcastle/racecard/513029
2026-08-20,Nottingham,11:25,1,Bellmore Queen,512935,Sporting Life,https://www.sportinglife.com/greyhounds/racecards/2026-08-20/nottingham/racecard/512935
2026-08-20,Nottingham,11:25,2,Bonos Brother,512935,Sporting Life,https://www.sportinglife.com/greyhounds/racecards/2026-08-20/nottingham/racecard/512935
2026-08-20,Nottingham,11:25,3,Mongys Tiger,512935,Sporting Life,https://www.sportinglife.com/greyhounds/racecards/2026-08-20/nottingham/racecard/512935
2026-08-20,Nottingham,11:25,4,Skyfall Orna,512935,Sporting Life,https://www.sportinglife.com/greyhounds/racecards/2026-08-20/nottingham/racecard/512935
2026-08-20,Nottingham,11:25,5,Hollyhill Bullet,512935,Sporting Life,https://www.sportinglife.com/greyhounds/racecards/2026-08-20/nottingham/racecard/512935
2026-08-20,Nottingham,11:25,6,Frederico,512935,Sporting Life,https://www.sportinglife.com/greyhounds/racecards/2026-08-20/nottingham/racecard/512935
2026-08-20,Nottingham,11:41,1,Brocquy,512936,Sporting Life,https://www.sportinglife.com/greyhounds/racecards/2026-08-20/nottingham/racecard/512936
2026-08-20,Nottingham,11:41,2,Black River,512936,Sporting Life,https://www.sportinglife.com/greyhounds/racecards/2026-08-20/nottingham/racecard/512936
2026-08-20,Nottingham,11:41,3,Honour Beckham,512936,Sporting Life,https://www.sportinglife.com/greyhounds/racecards/2026-08-20/nottingham/racecard/512936
2026-08-20,Nottingham,11:41,4,Blae No Play,512936,Sporting Life,https://www.sportinglife.com/greyhounds/racecards/2026-08-20/nottingham/racecard/512936
2026-08-20,Nottingham,11:41,5,Cairo,512936,Sporting Life,https://www.sportinglife.com/greyhounds/racecards/2026-08-20/nottingham/racecard/512936
2026-08-20,Nottingham,11:41,6,Borna Malina,512936,Sporting Life,https://www.sportinglife.com/greyhounds/racecards/2026-08-20/nottingham/racecard/512936
2026-08-20,Nottingham,11:58,1,Wolf Goggins,512937,Sporting Life,https://www.sportinglife.com/greyhounds/racecards/2026-08-20/nottingham/racecard/512937
2026-08-20,Nottingham,11:58,2,Harlequin Breeze,512937,Sporting Life,https://www.sportinglife.com/greyhounds/racecards/2026-08-20/nottingham/racecard/512937
2026-08-20,Nottingham,11:58,3,Longacres Smoke,512937,Sporting Life,https://www.sportinglife.com/greyhounds/racecards/2026-08-20/nottingham/racecard/512937
2026-08-20,Nottingham,11:58,4,Keefill Beth,512937,Sporting Life,https://www.sportinglife.com/greyhounds/racecards/2026-08-20/nottingham/racecard/512937
2026-08-20,Nottingham,11:58,5,Fercullen Champ,512937,Sporting Life,https://www.sportinglife.com/greyhounds/racecards/2026-08-20/nottingham/racecard/512937
2026-08-20,Nottingham,11:58,6,Hitthebottleneil,512937,Sporting Life,https://www.sportinglife.com/greyhounds/racecards/2026-08-20/nottingham/racecard/512937
2026-08-20,Nottingham,12:14,1,Sharben Umbreon,512938,Sporting Life,https://www.sportinglife.com/greyhounds/racecards/2026-08-20/nottingham/racecard/512938
2026-08-20,Nottingham,12:14,2,Keefill Everest,512938,Sporting Life,https://www.sportinglife.com/greyhounds/racecards/2026-08-20/nottingham/racecard/512938
2026-08-20,Nottingham,12:14,3,Doubtful Diamond,512938,Sporting Life,https://www.sportinglife.com/greyhounds/racecards/2026-08-20/nottingham/racecard/512938
2026-08-20,Nottingham,12:14,4,Mid Tipp Maggie,512938,Sporting Life,https://www.sportinglife.com/greyhounds/racecards/2026-08-20/nottingham/racecard/512938
2026-08-20,Nottingham,12:14,5,Pipkin,512938,Sporting Life,https://www.sportinglife.com/greyhounds/racecards/2026-08-20/nottingham/racecard/512938
2026-08-20,Nottingham,12:14,6,Honour Boomerang,512938,Sporting Life,https://www.sportinglife.com/greyhounds/racecards/2026-08-20/nottingham/racecard/512938
2026-08-20,Nottingham,12:31,1,Sudoky Zoom,512939,Sporting Life,https://www.sportinglife.com/greyhounds/racecards/2026-08-20/nottingham/racecard/512939
2026-08-20,Nottingham,12:31,2,Honour Tequila,512939,Sporting Life,https://www.sportinglife.com/greyhounds/racecards/2026-08-20/nottingham/racecard/512939
2026-08-20,Nottingham,12:31,3,Ryder Ripple,512939,Sporting Life,https://www.sportinglife.com/greyhounds/racecards/2026-08-20/nottingham/racecard/512939
2026-08-20,Nottingham,12:31,4,Keefill Amelia,512939,Sporting Life,https://www.sportinglife.com/greyhounds/racecards/2026-08-20/nottingham/racecard/512939
2026-08-20,Nottingham,12:31,5,Westfield Sorrel,512939,Sporting Life,https://www.sportinglife.com/greyhounds/racecards/2026-08-20/nottingham/racecard/512939
2026-08-20,Nottingham,12:31,6,Westfield Betty,512939,Sporting Life,https://www.sportinglife.com/greyhounds/racecards/2026-08-20/nottingham/racecard/512939
2026-08-20,Nottingham,12:48,1,Bonnet Lily,512940,Sporting Life,https://www.sportinglife.com/greyhounds/racecards/2026-08-20/nottingham/racecard/512940
2026-08-20,Nottingham,12:48,2,Demba Bark,512940,Sporting Life,https://www.sportinglife.com/greyhounds/racecards/2026-08-20/nottingham/racecard/512940
2026-08-20,Nottingham,12:48,3,Legsintheair,512940,Sporting Life,https://www.sportinglife.com/greyhounds/racecards/2026-08-20/nottingham/racecard/512940
2026-08-20,Nottingham,12:48,4,Ballinabola Mona,512940,Sporting Life,https://www.sportinglife.com/greyhounds/racecards/2026-08-20/nottingham/racecard/512940
2026-08-20,Nottingham,12:48,5,Kylenoe Stan,512940,Sporting Life,https://www.sportinglife.com/greyhounds/racecards/2026-08-20/nottingham/racecard/512940
2026-08-20,Nottingham,13:06,1,Honour Flyer,512941,Sporting Life,https://www.sportinglife.com/greyhounds/racecards/2026-08-20/nottingham/racecard/512941
2026-08-20,Nottingham,13:06,2,Monbeg Bella,512941,Sporting Life,https://www.sportinglife.com/greyhounds/racecards/2026-08-20/nottingham/racecard/512941
2026-08-20,Nottingham,13:06,3,Mossrich Sally,512941,Sporting Life,https://www.sportinglife.com/greyhounds/racecards/2026-08-20/nottingham/racecard/512941
2026-08-20,Nottingham,13:06,4,Noteworthy,512941,Sporting Life,https://www.sportinglife.com/greyhounds/racecards/2026-08-20/nottingham/racecard/512941
2026-08-20,Nottingham,13:06,5,Vair Little Legs,512941,Sporting Life,https://www.sportinglife.com/greyhounds/racecards/2026-08-20/nottingham/racecard/512941
2026-08-20,Nottingham,13:21,1,Spruce Blaze,512942,Sporting Life,https://www.sportinglife.com/greyhounds/racecards/2026-08-20/nottingham/racecard/512942
2026-08-20,Nottingham,13:21,2,Honour Janice,512942,Sporting Life,https://www.sportinglife.com/greyhounds/racecards/2026-08-20/nottingham/racecard/512942
2026-08-20,Nottingham,13:21,3,Rogerthedodge,512942,Sporting Life,https://www.sportinglife.com/greyhounds/racecards/2026-08-20/nottingham/racecard/512942
2026-08-20,Nottingham,13:21,4,Mon Visage,512942,Sporting Life,https://www.sportinglife.com/greyhounds/racecards/2026-08-20/nottingham/racecard/512942
2026-08-20,Nottingham,13:21,5,Wolf Flare,512942,Sporting Life,https://www.sportinglife.com/greyhounds/racecards/2026-08-20/nottingham/racecard/512942
2026-08-20,Nottingham,13:21,6,Kellies Jewel,512942,Sporting Life,https://www.sportinglife.com/greyhounds/racecards/2026-08-20/nottingham/racecard/512942
2026-08-20,Nottingham,13:36,1,Baby Arc,512943,Sporting Life,https://www.sportinglife.com/greyhounds/racecards/2026-08-20/nottingham/racecard/512943
2026-08-20,Nottingham,13:36,2,Honour Messi,512943,Sporting Life,https://www.sportinglife.com/greyhounds/racecards/2026-08-20/nottingham/racecard/512943
2026-08-20,Nottingham,13:36,3,Chasing Niamh,512943,Sporting Life,https://www.sportinglife.com/greyhounds/racecards/2026-08-20/nottingham/racecard/512943
2026-08-20,Nottingham,13:36,4,Overtaker,512943,Sporting Life,https://www.sportinglife.com/greyhounds/racecards/2026-08-20/nottingham/racecard/512943
2026-08-20,Nottingham,13:36,5,Spot The Loony,512943,Sporting Life,https://www.sportinglife.com/greyhounds/racecards/2026-08-20/nottingham/racecard/512943
2026-08-20,Nottingham,13:36,6,Saleen Swan,512943,Sporting Life,https://www.sportinglife.com/greyhounds/racecards/2026-08-20/nottingham/racecard/512943
2026-08-20,Nottingham,13:52,2,Petite Pippa,512944,Sporting Life,https://www.sportinglife.com/greyhounds/racecards/2026-08-20/nottingham/racecard/512944
2026-08-20,Nottingham,13:52,3,Nidderdaleautumn,512944,Sporting Life,https://www.sportinglife.com/greyhounds/racecards/2026-08-20/nottingham/racecard/512944
2026-08-20,Nottingham,13:52,4,Yoguartpotjohn,512944,Sporting Life,https://www.sportinglife.com/greyhounds/racecards/2026-08-20/nottingham/racecard/512944
2026-08-20,Nottingham,13:52,5,Wolf Midnight,512944,Sporting Life,https://www.sportinglife.com/greyhounds/racecards/2026-08-20/nottingham/racecard/512944
2026-08-20,Nottingham,13:52,6,Wolf Dawn,512944,Sporting Life,https://www.sportinglife.com/greyhounds/racecards/2026-08-20/nottingham/racecard/512944
2026-08-20,Nottingham,14:09,1,Romantic Rosie,512945,Sporting Life,https://www.sportinglife.com/greyhounds/racecards/2026-08-20/nottingham/racecard/512945
2026-08-20,Nottingham,14:09,2,Honour Precious,512945,Sporting Life,https://www.sportinglife.com/greyhounds/racecards/2026-08-20/nottingham/racecard/512945
2026-08-20,Nottingham,14:09,3,Unlikely Tom,512945,Sporting Life,https://www.sportinglife.com/greyhounds/racecards/2026-08-20/nottingham/racecard/512945
2026-08-20,Nottingham,14:09,4,Loco Les,512945,Sporting Life,https://www.sportinglife.com/greyhounds/racecards/2026-08-20/nottingham/racecard/512945
2026-08-20,Nottingham,14:09,5,Alien Emma,512945,Sporting Life,https://www.sportinglife.com/greyhounds/racecards/2026-08-20/nottingham/racecard/512945
2026-08-20,Nottingham,14:09,6,Antigua Goose,512945,Sporting Life,https://www.sportinglife.com/greyhounds/racecards/2026-08-20/nottingham/racecard/512945
2026-08-20,Sheffield,11:03,1,Gurtnacrehy Rhys,512982,Sporting Life,https://www.sportinglife.com/greyhounds/racecards/2026-08-20/sheffield/racecard/512982
2026-08-20,Sheffield,11:03,3,Frantic Friday,512982,Sporting Life,https://www.sportinglife.com/greyhounds/racecards/2026-08-20/sheffield/racecard/512982
2026-08-20,Sheffield,11:03,4,Troubled Water,512982,Sporting Life,https://www.sportinglife.com/greyhounds/racecards/2026-08-20/sheffield/racecard/512982
2026-08-20,Sheffield,11:03,5,Acomb Billy,512982,Sporting Life,https://www.sportinglife.com/greyhounds/racecards/2026-08-20/sheffield/racecard/512982
2026-08-20,Sheffield,11:03,6,Swift Step,512982,Sporting Life,https://www.sportinglife.com/greyhounds/racecards/2026-08-20/sheffield/racecard/512982
2026-08-20,Sheffield,11:19,1,Kellsboro Jess,512983,Sporting Life,https://www.sportinglife.com/greyhounds/racecards/2026-08-20/sheffield/racecard/512983
2026-08-20,Sheffield,11:19,3,Finnery Wendy,512983,Sporting Life,https://www.sportinglife.com/greyhounds/racecards/2026-08-20/sheffield/racecard/512983
2026-08-20,Sheffield,11:19,4,Killeacle Cher,512983,Sporting Life,https://www.sportinglife.com/greyhounds/racecards/2026-08-20/sheffield/racecard/512983
2026-08-20,Sheffield,11:19,5,Acomb Mo,512983,Sporting Life,https://www.sportinglife.com/greyhounds/racecards/2026-08-20/sheffield/racecard/512983
2026-08-20,Sheffield,11:19,6,Caremone Lady,512983,Sporting Life,https://www.sportinglife.com/greyhounds/racecards/2026-08-20/sheffield/racecard/512983
2026-08-20,Sheffield,11:36,1,Clonbrien Robin,512984,Sporting Life,https://www.sportinglife.com/greyhounds/racecards/2026-08-20/sheffield/racecard/512984
2026-08-20,Sheffield,11:36,2,Hillend Korda,512984,Sporting Life,https://www.sportinglife.com/greyhounds/racecards/2026-08-20/sheffield/racecard/512984
2026-08-20,Sheffield,11:36,3,Allowdale Bingo,512984,Sporting Life,https://www.sportinglife.com/greyhounds/racecards/2026-08-20/sheffield/racecard/512984
2026-08-20,Sheffield,11:36,5,Apollo Youngblud,512984,Sporting Life,https://www.sportinglife.com/greyhounds/racecards/2026-08-20/sheffield/racecard/512984
2026-08-20,Sheffield,11:36,6,Acomb Olga,512984,Sporting Life,https://www.sportinglife.com/greyhounds/racecards/2026-08-20/sheffield/racecard/512984
2026-08-20,Sheffield,11:52,1,Critical Anja,512985,Sporting Life,https://www.sportinglife.com/greyhounds/racecards/2026-08-20/sheffield/racecard/512985
2026-08-20,Sheffield,11:52,3,Lexis Dunganon,512985,Sporting Life,https://www.sportinglife.com/greyhounds/racecards/2026-08-20/sheffield/racecard/512985
2026-08-20,Sheffield,11:52,4,Anglesey Tesia,512985,Sporting Life,https://www.sportinglife.com/greyhounds/racecards/2026-08-20/sheffield/racecard/512985
2026-08-20,Sheffield,11:52,5,Cloondarone Sham,512985,Sporting Life,https://www.sportinglife.com/greyhounds/racecards/2026-08-20/sheffield/racecard/512985
2026-08-20,Sheffield,11:52,6,Vinnies Star,512985,Sporting Life,https://www.sportinglife.com/greyhounds/racecards/2026-08-20/sheffield/racecard/512985
2026-08-20,Sheffield,12:09,1,Tatti Gamble,512986,Sporting Life,https://www.sportinglife.com/greyhounds/racecards/2026-08-20/sheffield/racecard/512986
2026-08-20,Sheffield,12:09,2,Olwinn Win,512986,Sporting Life,https://www.sportinglife.com/greyhounds/racecards/2026-08-20/sheffield/racecard/512986
2026-08-20,Sheffield,12:09,3,Ardrahan Aldante,512986,Sporting Life,https://www.sportinglife.com/greyhounds/racecards/2026-08-20/sheffield/racecard/512986
2026-08-20,Sheffield,12:09,4,Fawn Lantern,512986,Sporting Life,https://www.sportinglife.com/greyhounds/racecards/2026-08-20/sheffield/racecard/512986
2026-08-20,Sheffield,12:09,6,Easy Next One,512986,Sporting Life,https://www.sportinglife.com/greyhounds/racecards/2026-08-20/sheffield/racecard/512986
2026-08-20,Sheffield,12:26,1,Mossend Magic,512987,Sporting Life,https://www.sportinglife.com/greyhounds/racecards/2026-08-20/sheffield/racecard/512987
2026-08-20,Sheffield,12:26,2,Westway Sailor,512987,Sporting Life,https://www.sportinglife.com/greyhounds/racecards/2026-08-20/sheffield/racecard/512987
2026-08-20,Sheffield,12:26,3,Letter Magic,512987,Sporting Life,https://www.sportinglife.com/greyhounds/racecards/2026-08-20/sheffield/racecard/512987
2026-08-20,Sheffield,12:26,4,Tricky Wiggles,512987,Sporting Life,https://www.sportinglife.com/greyhounds/racecards/2026-08-20/sheffield/racecard/512987
2026-08-20,Sheffield,12:26,6,Pass The Buck,512987,Sporting Life,https://www.sportinglife.com/greyhounds/racecards/2026-08-20/sheffield/racecard/512987
2026-08-20,Sheffield,12:42,1,Footfield Dollar,512988,Sporting Life,https://www.sportinglife.com/greyhounds/racecards/2026-08-20/sheffield/racecard/512988
2026-08-20,Sheffield,12:42,2,Trickys Simba,512988,Sporting Life,https://www.sportinglife.com/greyhounds/racecards/2026-08-20/sheffield/racecard/512988
2026-08-20,Sheffield,12:42,4,Drumdoit Juniper,512988,Sporting Life,https://www.sportinglife.com/greyhounds/racecards/2026-08-20/sheffield/racecard/512988
2026-08-20,Sheffield,12:42,5,Ballymac Price,512988,Sporting Life,https://www.sportinglife.com/greyhounds/racecards/2026-08-20/sheffield/racecard/512988
2026-08-20,Sheffield,12:42,6,Bartlemy Soldier,512988,Sporting Life,https://www.sportinglife.com/greyhounds/racecards/2026-08-20/sheffield/racecard/512988
2026-08-20,Sheffield,12:59,1,Gwladys Queen,512989,Sporting Life,https://www.sportinglife.com/greyhounds/racecards/2026-08-20/sheffield/racecard/512989
2026-08-20,Sheffield,12:59,2,La Flor,512989,Sporting Life,https://www.sportinglife.com/greyhounds/racecards/2026-08-20/sheffield/racecard/512989
2026-08-20,Sheffield,12:59,3,Swift Uni,512989,Sporting Life,https://www.sportinglife.com/greyhounds/racecards/2026-08-20/sheffield/racecard/512989
2026-08-20,Sheffield,12:59,4,Drumdoit Bono,512989,Sporting Life,https://www.sportinglife.com/greyhounds/racecards/2026-08-20/sheffield/racecard/512989
2026-08-20,Sheffield,12:59,5,Nametab Sirius,512989,Sporting Life,https://www.sportinglife.com/greyhounds/racecards/2026-08-20/sheffield/racecard/512989
2026-08-20,Sheffield,13:16,1,Constant Coco,512990,Sporting Life,https://www.sportinglife.com/greyhounds/racecards/2026-08-20/sheffield/racecard/512990
2026-08-20,Sheffield,13:16,2,Tip Top Peaky,512990,Sporting Life,https://www.sportinglife.com/greyhounds/racecards/2026-08-20/sheffield/racecard/512990
2026-08-20,Sheffield,13:16,3,Rastafari Ruby,512990,Sporting Life,https://www.sportinglife.com/greyhounds/racecards/2026-08-20/sheffield/racecard/512990
2026-08-20,Sheffield,13:16,4,Emers Lola,512990,Sporting Life,https://www.sportinglife.com/greyhounds/racecards/2026-08-20/sheffield/racecard/512990
2026-08-20,Sheffield,13:16,5,Trickys Nala,512990,Sporting Life,https://www.sportinglife.com/greyhounds/racecards/2026-08-20/sheffield/racecard/512990
2026-08-20,Sheffield,13:16,6,Acomb Blossom,512990,Sporting Life,https://www.sportinglife.com/greyhounds/racecards/2026-08-20/sheffield/racecard/512990
2026-08-20,Sheffield,13:31,1,Do The Catch,512991,Sporting Life,https://www.sportinglife.com/greyhounds/racecards/2026-08-20/sheffield/racecard/512991
2026-08-20,Sheffield,13:31,2,Thornfield Love,512991,Sporting Life,https://www.sportinglife.com/greyhounds/racecards/2026-08-20/sheffield/racecard/512991
2026-08-20,Sheffield,13:31,3,Keplar Banshee,512991,Sporting Life,https://www.sportinglife.com/greyhounds/racecards/2026-08-20/sheffield/racecard/512991
2026-08-20,Sheffield,13:31,4,Feora Cora,512991,Sporting Life,https://www.sportinglife.com/greyhounds/racecards/2026-08-20/sheffield/racecard/512991
2026-08-20,Sheffield,13:31,5,Dixies Majestic,512991,Sporting Life,https://www.sportinglife.com/greyhounds/racecards/2026-08-20/sheffield/racecard/512991
2026-08-20,Sheffield,13:31,6,Tumbledown,512991,Sporting Life,https://www.sportinglife.com/greyhounds/racecards/2026-08-20/sheffield/racecard/512991
2026-08-20,Sheffield,13:46,1,Antepost Bet,512992,Sporting Life,https://www.sportinglife.com/greyhounds/racecards/2026-08-20/sheffield/racecard/512992
2026-08-20,Sheffield,13:46,2,Fearsome Dancer,512992,Sporting Life,https://www.sportinglife.com/greyhounds/racecards/2026-08-20/sheffield/racecard/512992
2026-08-20,Sheffield,13:46,3,Swift Agenda,512992,Sporting Life,https://www.sportinglife.com/greyhounds/racecards/2026-08-20/sheffield/racecard/512992
2026-08-20,Sheffield,13:46,4,Catunda Echo,512992,Sporting Life,https://www.sportinglife.com/greyhounds/racecards/2026-08-20/sheffield/racecard/512992
2026-08-20,Sheffield,13:46,5,Easy Mix,512992,Sporting Life,https://www.sportinglife.com/greyhounds/racecards/2026-08-20/sheffield/racecard/512992
2026-08-20,Sheffield,13:46,6,Supa Mizzy,512992,Sporting Life,https://www.sportinglife.com/greyhounds/racecards/2026-08-20/sheffield/racecard/512992
2026-08-20,Sheffield,14:04,1,Crokers Emma,512993,Sporting Life,https://www.sportinglife.com/greyhounds/racecards/2026-08-20/sheffield/racecard/512993
2026-08-20,Sheffield,14:04,3,Jolly Arlo,512993,Sporting Life,https://www.sportinglife.com/greyhounds/racecards/2026-08-20/sheffield/racecard/512993
2026-08-20,Sheffield,14:04,4,When Its Over,512993,Sporting Life,https://www.sportinglife.com/greyhounds/racecards/2026-08-20/sheffield/racecard/512993
2026-08-20,Sheffield,14:04,5,Ten Ton Simba,512993,Sporting Life,https://www.sportinglife.com/greyhounds/racecards/2026-08-20/sheffield/racecard/512993
2026-08-20,Sheffield,14:04,6,Birdwell Belle,512993,Sporting Life,https://www.sportinglife.com/greyhounds/racecards/2026-08-20/sheffield/racecard/512993
2026-08-20,Towcester,14:36,1,Swift Flourish,513006,Sporting Life,https://www.sportinglife.com/greyhounds/racecards/2026-08-20/towcester/racecard/513006
2026-08-20,Towcester,14:36,2,Black Serpent,513006,Sporting Life,https://www.sportinglife.com/greyhounds/racecards/2026-08-20/towcester/racecard/513006
2026-08-20,Towcester,14:36,3,Gwyn Boss,513006,Sporting Life,https://www.sportinglife.com/greyhounds/racecards/2026-08-20/towcester/racecard/513006
2026-08-20,Towcester,14:36,4,Hoxton Star,513006,Sporting Life,https://www.sportinglife.com/greyhounds/racecards/2026-08-20/towcester/racecard/513006
2026-08-20,Towcester,14:36,6,Unknown Fever,513006,Sporting Life,https://www.sportinglife.com/greyhounds/racecards/2026-08-20/towcester/racecard/513006
2026-08-20,Towcester,14:54,1,Parties Choice,513007,Sporting Life,https://www.sportinglife.com/greyhounds/racecards/2026-08-20/towcester/racecard/513007
2026-08-20,Towcester,14:54,2,League Ofhis Own,513007,Sporting Life,https://www.sportinglife.com/greyhounds/racecards/2026-08-20/towcester/racecard/513007
2026-08-20,Towcester,14:54,3,Sonic Angel,513007,Sporting Life,https://www.sportinglife.com/greyhounds/racecards/2026-08-20/towcester/racecard/513007
2026-08-20,Towcester,14:54,4,Sonic Snowman,513007,Sporting Life,https://www.sportinglife.com/greyhounds/racecards/2026-08-20/towcester/racecard/513007
2026-08-20,Towcester,14:54,5,Flee From Gossip,513007,Sporting Life,https://www.sportinglife.com/greyhounds/racecards/2026-08-20/towcester/racecard/513007
2026-08-20,Towcester,14:54,6,Lucky Sevens,513007,Sporting Life,https://www.sportinglife.com/greyhounds/racecards/2026-08-20/towcester/racecard/513007
2026-08-20,Towcester,15:13,1,Makeit Myella,513008,Sporting Life,https://www.sportinglife.com/greyhounds/racecards/2026-08-20/towcester/racecard/513008
2026-08-20,Towcester,15:13,2,Adamant Dawn,513008,Sporting Life,https://www.sportinglife.com/greyhounds/racecards/2026-08-20/towcester/racecard/513008
2026-08-20,Towcester,15:13,3,Adamant Roxy,513008,Sporting Life,https://www.sportinglife.com/greyhounds/racecards/2026-08-20/towcester/racecard/513008
2026-08-20,Towcester,15:13,4,Makeit Joy,513008,Sporting Life,https://www.sportinglife.com/greyhounds/racecards/2026-08-20/towcester/racecard/513008
2026-08-20,Towcester,15:13,5,Savana Florida,513008,Sporting Life,https://www.sportinglife.com/greyhounds/racecards/2026-08-20/towcester/racecard/513008
2026-08-20,Towcester,15:13,6,Makeit Juice,513008,Sporting Life,https://www.sportinglife.com/greyhounds/racecards/2026-08-20/towcester/racecard/513008
2026-08-20,Towcester,15:32,1,Makeit Frankyboy,513009,Sporting Life,https://www.sportinglife.com/greyhounds/racecards/2026-08-20/towcester/racecard/513009
2026-08-20,Towcester,15:32,2,Makeit Malachi,513009,Sporting Life,https://www.sportinglife.com/greyhounds/racecards/2026-08-20/towcester/racecard/513009
2026-08-20,Towcester,15:32,3,Zebedee Milan,513009,Sporting Life,https://www.sportinglife.com/greyhounds/racecards/2026-08-20/towcester/racecard/513009
2026-08-20,Towcester,15:32,4,Amka Ember,513009,Sporting Life,https://www.sportinglife.com/greyhounds/racecards/2026-08-20/towcester/racecard/513009
2026-08-20,Towcester,15:32,5,Maireads Duchess,513009,Sporting Life,https://www.sportinglife.com/greyhounds/racecards/2026-08-20/towcester/racecard/513009
2026-08-20,Towcester,15:32,6,Decent Jeff,513009,Sporting Life,https://www.sportinglife.com/greyhounds/racecards/2026-08-20/towcester/racecard/513009
2026-08-20,Towcester,15:51,1,Blakefield Fizz,513010,Sporting Life,https://www.sportinglife.com/greyhounds/racecards/2026-08-20/towcester/racecard/513010
2026-08-20,Towcester,15:51,2,Ballymac Chai,513010,Sporting Life,https://www.sportinglife.com/greyhounds/racecards/2026-08-20/towcester/racecard/513010
2026-08-20,Towcester,15:51,3,Limerick Quaid,513010,Sporting Life,https://www.sportinglife.com/greyhounds/racecards/2026-08-20/towcester/racecard/513010
2026-08-20,Towcester,15:51,4,Scala Rocket,513010,Sporting Life,https://www.sportinglife.com/greyhounds/racecards/2026-08-20/towcester/racecard/513010
2026-08-20,Towcester,15:51,5,Benjamin Barclay,513010,Sporting Life,https://www.sportinglife.com/greyhounds/racecards/2026-08-20/towcester/racecard/513010
2026-08-20,Towcester,15:51,6,Catunda Stella,513010,Sporting Life,https://www.sportinglife.com/greyhounds/racecards/2026-08-20/towcester/racecard/513010
2026-08-20,Towcester,16:09,1,Clongour Duo,513011,Sporting Life,https://www.sportinglife.com/greyhounds/racecards/2026-08-20/towcester/racecard/513011
2026-08-20,Towcester,16:09,2,Lucky Spinner,513011,Sporting Life,https://www.sportinglife.com/greyhounds/racecards/2026-08-20/towcester/racecard/513011
2026-08-20,Towcester,16:09,3,Limekiln Ziggy,513011,Sporting Life,https://www.sportinglife.com/greyhounds/racecards/2026-08-20/towcester/racecard/513011
2026-08-20,Towcester,16:09,4,Makeit Shakira,513011,Sporting Life,https://www.sportinglife.com/greyhounds/racecards/2026-08-20/towcester/racecard/513011
2026-08-20,Towcester,16:09,5,Salacres Jojo,513011,Sporting Life,https://www.sportinglife.com/greyhounds/racecards/2026-08-20/towcester/racecard/513011
2026-08-20,Towcester,16:09,6,Makeit Dj,513011,Sporting Life,https://www.sportinglife.com/greyhounds/racecards/2026-08-20/towcester/racecard/513011
2026-08-20,Towcester,16:28,1,Monroe Bess,513012,Sporting Life,https://www.sportinglife.com/greyhounds/racecards/2026-08-20/towcester/racecard/513012
2026-08-20,Towcester,16:28,2,Donishall Jet,513012,Sporting Life,https://www.sportinglife.com/greyhounds/racecards/2026-08-20/towcester/racecard/513012
2026-08-20,Towcester,16:28,3,Baggios Haze,513012,Sporting Life,https://www.sportinglife.com/greyhounds/racecards/2026-08-20/towcester/racecard/513012
2026-08-20,Towcester,16:28,4,Vinegarhill Bell,513012,Sporting Life,https://www.sportinglife.com/greyhounds/racecards/2026-08-20/towcester/racecard/513012
2026-08-20,Towcester,16:28,5,Scooby Picasso,513012,Sporting Life,https://www.sportinglife.com/greyhounds/racecards/2026-08-20/towcester/racecard/513012
2026-08-20,Towcester,16:28,6,Makeit Dream,513012,Sporting Life,https://www.sportinglife.com/greyhounds/racecards/2026-08-20/towcester/racecard/513012
2026-08-20,Towcester,16:47,1,Kingdom Sparkle,513013,Sporting Life,https://www.sportinglife.com/greyhounds/racecards/2026-08-20/towcester/racecard/513013
2026-08-20,Towcester,16:47,2,Ballymac Minella,513013,Sporting Life,https://www.sportinglife.com/greyhounds/racecards/2026-08-20/towcester/racecard/513013
2026-08-20,Towcester,16:47,3,Miss Hunt,513013,Sporting Life,https://www.sportinglife.com/greyhounds/racecards/2026-08-20/towcester/racecard/513013
2026-08-20,Towcester,16:47,4,Salacres Wild,513013,Sporting Life,https://www.sportinglife.com/greyhounds/racecards/2026-08-20/towcester/racecard/513013
2026-08-20,Towcester,16:47,5,Clona Bingo,513013,Sporting Life,https://www.sportinglife.com/greyhounds/racecards/2026-08-20/towcester/racecard/513013
2026-08-20,Towcester,16:47,6,Glengar Peppa,513013,Sporting Life,https://www.sportinglife.com/greyhounds/racecards/2026-08-20/towcester/racecard/513013
2026-08-20,Towcester,17:06,1,Netherton Lad,513014,Sporting Life,https://www.sportinglife.com/greyhounds/racecards/2026-08-20/towcester/racecard/513014
2026-08-20,Towcester,17:06,2,Salacres Logan,513014,Sporting Life,https://www.sportinglife.com/greyhounds/racecards/2026-08-20/towcester/racecard/513014
2026-08-20,Towcester,17:06,3,Daleroad Max,513014,Sporting Life,https://www.sportinglife.com/greyhounds/racecards/2026-08-20/towcester/racecard/513014
2026-08-20,Towcester,17:06,4,Greencroft Ice,513014,Sporting Life,https://www.sportinglife.com/greyhounds/racecards/2026-08-20/towcester/racecard/513014
2026-08-20,Towcester,17:06,5,Antigua Burn,513014,Sporting Life,https://www.sportinglife.com/greyhounds/racecards/2026-08-20/towcester/racecard/513014
2026-08-20,Towcester,17:06,6,Dark Lady,513014,Sporting Life,https://www.sportinglife.com/greyhounds/racecards/2026-08-20/towcester/racecard/513014
2026-08-20,Towcester,17:24,1,Classic Waltz,513015,Sporting Life,https://www.sportinglife.com/greyhounds/racecards/2026-08-20/towcester/racecard/513015
2026-08-20,Towcester,17:24,2,Outlaw Gun,513015,Sporting Life,https://www.sportinglife.com/greyhounds/racecards/2026-08-20/towcester/racecard/513015
2026-08-20,Towcester,17:24,3,Dreamin Lennon,513015,Sporting Life,https://www.sportinglife.com/greyhounds/racecards/2026-08-20/towcester/racecard/513015
2026-08-20,Towcester,17:24,4,Pomba Gladys,513015,Sporting Life,https://www.sportinglife.com/greyhounds/racecards/2026-08-20/towcester/racecard/513015
2026-08-20,Towcester,17:24,5,Ballymac Pallas,513015,Sporting Life,https://www.sportinglife.com/greyhounds/racecards/2026-08-20/towcester/racecard/513015
2026-08-20,Towcester,17:43,1,Rallying Echo,513016,Sporting Life,https://www.sportinglife.com/greyhounds/racecards/2026-08-20/towcester/racecard/513016
2026-08-20,Towcester,17:43,2,Pauls Opinion,513016,Sporting Life,https://www.sportinglife.com/greyhounds/racecards/2026-08-20/towcester/racecard/513016
2026-08-20,Towcester,17:43,3,Rheas Choice,513016,Sporting Life,https://www.sportinglife.com/greyhounds/racecards/2026-08-20/towcester/racecard/513016
2026-08-20,Towcester,17:43,4,Lively Paris,513016,Sporting Life,https://www.sportinglife.com/greyhounds/racecards/2026-08-20/towcester/racecard/513016
2026-08-20,Towcester,17:43,5,Swift One,513016,Sporting Life,https://www.sportinglife.com/greyhounds/racecards/2026-08-20/towcester/racecard/513016
2026-08-20,Towcester,17:43,6,Salacres Bullet,513016,Sporting Life,https://www.sportinglife.com/greyhounds/racecards/2026-08-20/towcester/racecard/513016
2026-08-20,Towcester,18:02,1,Salacres Frankie,513017,Sporting Life,https://www.sportinglife.com/greyhounds/racecards/2026-08-20/towcester/racecard/513017
2026-08-20,Towcester,18:02,2,Giant Killer,513017,Sporting Life,https://www.sportinglife.com/greyhounds/racecards/2026-08-20/towcester/racecard/513017
2026-08-20,Towcester,18:02,3,Salacres Showoff,513017,Sporting Life,https://www.sportinglife.com/greyhounds/racecards/2026-08-20/towcester/racecard/513017
2026-08-20,Towcester,18:02,4,Tromora Bonnie,513017,Sporting Life,https://www.sportinglife.com/greyhounds/racecards/2026-08-20/towcester/racecard/513017
2026-08-20,Towcester,18:02,5,Drohobych Falcon,513017,Sporting Life,https://www.sportinglife.com/greyhounds/racecards/2026-08-20/towcester/racecard/513017
2026-08-20,Towcester,18:02,6,Kranky Katie,513017,Sporting Life,https://www.sportinglife.com/greyhounds/racecards/2026-08-20/towcester/racecard/513017
2026-08-20,Valley,17:34,1,Boglane Joe,513042,Sporting Life,https://www.sportinglife.com/greyhounds/racecards/2026-08-20/valley/racecard/513042
2026-08-20,Valley,17:34,2,Enchanted Blaze,513042,Sporting Life,https://www.sportinglife.com/greyhounds/racecards/2026-08-20/valley/racecard/513042
2026-08-20,Valley,17:34,3,Hawkfield Nina,513042,Sporting Life,https://www.sportinglife.com/greyhounds/racecards/2026-08-20/valley/racecard/513042
2026-08-20,Valley,17:34,4,Coolree Blue,513042,Sporting Life,https://www.sportinglife.com/greyhounds/racecards/2026-08-20/valley/racecard/513042
2026-08-20,Valley,17:34,5,Vixons Nala,513042,Sporting Life,https://www.sportinglife.com/greyhounds/racecards/2026-08-20/valley/racecard/513042
2026-08-20,Valley,17:34,6,Livingonaprayer,513042,Sporting Life,https://www.sportinglife.com/greyhounds/racecards/2026-08-20/valley/racecard/513042
2026-08-20,Valley,17:53,1,Geneva Josie,513043,Sporting Life,https://www.sportinglife.com/greyhounds/racecards/2026-08-20/valley/racecard/513043
2026-08-20,Valley,17:53,2,Hawkfield Bailey,513043,Sporting Life,https://www.sportinglife.com/greyhounds/racecards/2026-08-20/valley/racecard/513043
2026-08-20,Valley,17:53,3,Fagans Bam Bam,513043,Sporting Life,https://www.sportinglife.com/greyhounds/racecards/2026-08-20/valley/racecard/513043
2026-08-20,Valley,17:53,4,Crokers Dinny,513043,Sporting Life,https://www.sportinglife.com/greyhounds/racecards/2026-08-20/valley/racecard/513043
2026-08-20,Valley,17:53,5,Glengar Isla,513043,Sporting Life,https://www.sportinglife.com/greyhounds/racecards/2026-08-20/valley/racecard/513043
2026-08-20,Valley,17:53,6,Affleck Nashwan,513043,Sporting Life,https://www.sportinglife.com/greyhounds/racecards/2026-08-20/valley/racecard/513043
2026-08-20,Valley,18:11,1,Crokers Heidi,513044,Sporting Life,https://www.sportinglife.com/greyhounds/racecards/2026-08-20/valley/racecard/513044
2026-08-20,Valley,18:11,2,Ashway Dolly,513044,Sporting Life,https://www.sportinglife.com/greyhounds/racecards/2026-08-20/valley/racecard/513044
2026-08-20,Valley,18:11,3,Shes Dramatic,513044,Sporting Life,https://www.sportinglife.com/greyhounds/racecards/2026-08-20/valley/racecard/513044
2026-08-20,Valley,18:11,4,Arrigle Buster,513044,Sporting Life,https://www.sportinglife.com/greyhounds/racecards/2026-08-20/valley/racecard/513044
2026-08-20,Valley,18:11,5,Roanna Jack,513044,Sporting Life,https://www.sportinglife.com/greyhounds/racecards/2026-08-20/valley/racecard/513044
2026-08-20,Valley,18:29,1,Baggios Raha,513045,Sporting Life,https://www.sportinglife.com/greyhounds/racecards/2026-08-20/valley/racecard/513045
2026-08-20,Valley,18:29,2,Marinas Victoria,513045,Sporting Life,https://www.sportinglife.com/greyhounds/racecards/2026-08-20/valley/racecard/513045
2026-08-20,Valley,18:29,3,Mongys Sydney,513045,Sporting Life,https://www.sportinglife.com/greyhounds/racecards/2026-08-20/valley/racecard/513045
2026-08-20,Valley,18:29,4,Baggios Dilemma,513045,Sporting Life,https://www.sportinglife.com/greyhounds/racecards/2026-08-20/valley/racecard/513045
2026-08-20,Valley,18:29,5,Ashway June,513045,Sporting Life,https://www.sportinglife.com/greyhounds/racecards/2026-08-20/valley/racecard/513045
2026-08-20,Valley,18:46,2,Baggios Coyote,513046,Sporting Life,https://www.sportinglife.com/greyhounds/racecards/2026-08-20/valley/racecard/513046
2026-08-20,Valley,18:46,3,Determined Orla,513046,Sporting Life,https://www.sportinglife.com/greyhounds/racecards/2026-08-20/valley/racecard/513046
2026-08-20,Valley,18:46,4,Quivers Rafa,513046,Sporting Life,https://www.sportinglife.com/greyhounds/racecards/2026-08-20/valley/racecard/513046
2026-08-20,Valley,18:46,5,Face The Storm,513046,Sporting Life,https://www.sportinglife.com/greyhounds/racecards/2026-08-20/valley/racecard/513046
2026-08-20,Valley,18:46,6,Devista,513046,Sporting Life,https://www.sportinglife.com/greyhounds/racecards/2026-08-20/valley/racecard/513046
2026-08-20,Valley,19:04,2,Cathals Rock,513047,Sporting Life,https://www.sportinglife.com/greyhounds/racecards/2026-08-20/valley/racecard/513047
2026-08-20,Valley,19:04,3,Baggios Bliss,513047,Sporting Life,https://www.sportinglife.com/greyhounds/racecards/2026-08-20/valley/racecard/513047
2026-08-20,Valley,19:04,4,Coding,513047,Sporting Life,https://www.sportinglife.com/greyhounds/racecards/2026-08-20/valley/racecard/513047
2026-08-20,Valley,19:04,5,Burkos Delaney,513047,Sporting Life,https://www.sportinglife.com/greyhounds/racecards/2026-08-20/valley/racecard/513047
2026-08-20,Valley,19:04,6,Santas Ranger,513047,Sporting Life,https://www.sportinglife.com/greyhounds/racecards/2026-08-20/valley/racecard/513047
2026-08-20,Valley,19:24,1,Quare Surprise,513048,Sporting Life,https://www.sportinglife.com/greyhounds/racecards/2026-08-20/valley/racecard/513048
2026-08-20,Valley,19:24,2,Ohtherejet,513048,Sporting Life,https://www.sportinglife.com/greyhounds/racecards/2026-08-20/valley/racecard/513048
2026-08-20,Valley,19:24,3,Canya Jake,513048,Sporting Life,https://www.sportinglife.com/greyhounds/racecards/2026-08-20/valley/racecard/513048
2026-08-20,Valley,19:24,4,Shelone Nifty,513048,Sporting Life,https://www.sportinglife.com/greyhounds/racecards/2026-08-20/valley/racecard/513048
2026-08-20,Valley,19:24,5,Ballyhealy Zip,513048,Sporting Life,https://www.sportinglife.com/greyhounds/racecards/2026-08-20/valley/racecard/513048
2026-08-20,Valley,19:24,6,Crokers Pat,513048,Sporting Life,https://www.sportinglife.com/greyhounds/racecards/2026-08-20/valley/racecard/513048
2026-08-20,Valley,19:42,1,Quivers Blondie,513049,Sporting Life,https://www.sportinglife.com/greyhounds/racecards/2026-08-20/valley/racecard/513049
2026-08-20,Valley,19:42,2,Crokers Sun,513049,Sporting Life,https://www.sportinglife.com/greyhounds/racecards/2026-08-20/valley/racecard/513049
2026-08-20,Valley,19:42,3,Lady Divine,513049,Sporting Life,https://www.sportinglife.com/greyhounds/racecards/2026-08-20/valley/racecard/513049
2026-08-20,Valley,19:42,5,Fastlane George,513049,Sporting Life,https://www.sportinglife.com/greyhounds/racecards/2026-08-20/valley/racecard/513049
2026-08-20,Valley,19:42,6,Swift Kimberely,513049,Sporting Life,https://www.sportinglife.com/greyhounds/racecards/2026-08-20/valley/racecard/513049
2026-08-20,Valley,19:58,2,Sheep Dip Jim,513050,Sporting Life,https://www.sportinglife.com/greyhounds/racecards/2026-08-20/valley/racecard/513050
2026-08-20,Valley,19:58,3,Swift Lulee,513050,Sporting Life,https://www.sportinglife.com/greyhounds/racecards/2026-08-20/valley/racecard/513050
2026-08-20,Valley,19:58,4,Hawkfield Blitz,513050,Sporting Life,https://www.sportinglife.com/greyhounds/racecards/2026-08-20/valley/racecard/513050
2026-08-20,Valley,19:58,5,Kingsholm Road,513050,Sporting Life,https://www.sportinglife.com/greyhounds/racecards/2026-08-20/valley/racecard/513050
2026-08-20,Valley,19:58,6,Ashway Joe,513050,Sporting Life,https://www.sportinglife.com/greyhounds/racecards/2026-08-20/valley/racecard/513050
2026-08-20,Valley,20:16,1,Bluejig Aoife,513051,Sporting Life,https://www.sportinglife.com/greyhounds/racecards/2026-08-20/valley/racecard/513051
2026-08-20,Valley,20:16,2,Quivers Quest,513051,Sporting Life,https://www.sportinglife.com/greyhounds/racecards/2026-08-20/valley/racecard/513051
2026-08-20,Valley,20:16,3,Ashway Danny,513051,Sporting Life,https://www.sportinglife.com/greyhounds/racecards/2026-08-20/valley/racecard/513051
2026-08-20,Valley,20:16,4,Outa The Clouds,513051,Sporting Life,https://www.sportinglife.com/greyhounds/racecards/2026-08-20/valley/racecard/513051
2026-08-20,Valley,20:16,5,Heres Tommy,513051,Sporting Life,https://www.sportinglife.com/greyhounds/racecards/2026-08-20/valley/racecard/513051
2026-08-20,Valley,20:34,2,Burkos Bonnie,513052,Sporting Life,https://www.sportinglife.com/greyhounds/racecards/2026-08-20/valley/racecard/513052
2026-08-20,Valley,20:34,3,Scala Brew,513052,Sporting Life,https://www.sportinglife.com/greyhounds/racecards/2026-08-20/valley/racecard/513052
2026-08-20,Valley,20:34,4,Crokers Grayson,513052,Sporting Life,https://www.sportinglife.com/greyhounds/racecards/2026-08-20/valley/racecard/513052
2026-08-20,Valley,20:34,5,Taxi Joe,513052,Sporting Life,https://www.sportinglife.com/greyhounds/racecards/2026-08-20/valley/racecard/513052
2026-08-20,Valley,20:34,6,Rockmount Polly,513052,Sporting Life,https://www.sportinglife.com/greyhounds/racecards/2026-08-20/valley/racecard/513052
2026-08-20,Valley,20:52,2,Ashway Misty,513053,Sporting Life,https://www.sportinglife.com/greyhounds/racecards/2026-08-20/valley/racecard/513053
2026-08-20,Valley,20:52,3,Nitro Nova,513053,Sporting Life,https://www.sportinglife.com/greyhounds/racecards/2026-08-20/valley/racecard/513053
2026-08-20,Valley,20:52,4,Sudden Bolt,513053,Sporting Life,https://www.sportinglife.com/greyhounds/racecards/2026-08-20/valley/racecard/513053
2026-08-20,Valley,20:52,5,Marinas Malta,513053,Sporting Life,https://www.sportinglife.com/greyhounds/racecards/2026-08-20/valley/racecard/513053
2026-08-20,Valley,20:52,6,Hawkfield Faith,513053,Sporting Life,https://www.sportinglife.com/greyhounds/racecards/2026-08-20/valley/racecard/513053
2026-08-20,Valley,21:09,1,Crokers Lisa,513054,Sporting Life,https://www.sportinglife.com/greyhounds/racecards/2026-08-20/valley/racecard/513054
2026-08-20,Valley,21:09,2,Comer Sue,513054,Sporting Life,https://www.sportinglife.com/greyhounds/racecards/2026-08-20/valley/racecard/513054
2026-08-20,Valley,21:09,3,No Dont Panic,513054,Sporting Life,https://www.sportinglife.com/greyhounds/racecards/2026-08-20/valley/racecard/513054
2026-08-20,Valley,21:09,4,Faradays Larry,513054,Sporting Life,https://www.sportinglife.com/greyhounds/racecards/2026-08-20/valley/racecard/513054
2026-08-20,Valley,21:09,5,Crokers Wiffen,513054,Sporting Life,https://www.sportinglife.com/greyhounds/racecards/2026-08-20/valley/racecard/513054
2026-08-20,Valley,21:09,6,Gizmo Mysterious,513054,Sporting Life,https://www.sportinglife.com/greyhounds/racecards/2026-08-20/valley/racecard/513054
2026-08-20,Valley,21:26,1,Bale Out Lucy,513055,Sporting Life,https://www.sportinglife.com/greyhounds/racecards/2026-08-20/valley/racecard/513055
2026-08-20,Valley,21:26,2,Hawkfield Ellie,513055,Sporting Life,https://www.sportinglife.com/greyhounds/racecards/2026-08-20/valley/racecard/513055
2026-08-20,Valley,21:26,3,Pure Panfila,513055,Sporting Life,https://www.sportinglife.com/greyhounds/racecards/2026-08-20/valley/racecard/513055
2026-08-20,Valley,21:26,4,Breffni Tina,513055,Sporting Life,https://www.sportinglife.com/greyhounds/racecards/2026-08-20/valley/racecard/513055
2026-08-20,Valley,21:26,5,Affleck Airborne,513055,Sporting Life,https://www.sportinglife.com/greyhounds/racecards/2026-08-20/valley/racecard/513055
