date,track,race_time,runner_number,dog_name,race_id,source,race_url
2026-09-09,Doncaster,14:33,1,Duggies Dance,515557,Sporting Life,https://www.sportinglife.com/greyhounds/racecards/2026-09-09/doncaster/racecard/515557
2026-09-09,Doncaster,14:33,2,Cockneys Elsa,515557,Sporting Life,https://www.sportinglife.com/greyhounds/racecards/2026-09-09/doncaster/racecard/515557
2026-09-09,Doncaster,14:33,3,Miss Mini Lulu,515557,Sporting Life,https://www.sportinglife.com/greyhounds/racecards/2026-09-09/doncaster/racecard/515557
2026-09-09,Doncaster,14:33,4,Shanahee Brian,515557,Sporting Life,https://www.sportinglife.com/greyhounds/racecards/2026-09-09/doncaster/racecard/515557
2026-09-09,Doncaster,14:33,5,Railteen Sarah,515557,Sporting Life,https://www.sportinglife.com/greyhounds/racecards/2026-09-09/doncaster/racecard/515557
2026-09-09,Doncaster,14:33,6,Natural Clover,515557,Sporting Life,https://www.sportinglife.com/greyhounds/racecards/2026-09-09/doncaster/racecard/515557
2026-09-09,Doncaster,14:52,1,Skilled Warrior,515558,Sporting Life,https://www.sportinglife.com/greyhounds/racecards/2026-09-09/doncaster/racecard/515558
2026-09-09,Doncaster,14:52,2,Fond Favourite,515558,Sporting Life,https://www.sportinglife.com/greyhounds/racecards/2026-09-09/doncaster/racecard/515558
2026-09-09,Doncaster,14:52,3,Cockneys Zara,515558,Sporting Life,https://www.sportinglife.com/greyhounds/racecards/2026-09-09/doncaster/racecard/515558
2026-09-09,Doncaster,14:52,5,Skidrow Breeze,515558,Sporting Life,https://www.sportinglife.com/greyhounds/racecards/2026-09-09/doncaster/racecard/515558
2026-09-09,Doncaster,14:52,6,Ballymac Nagini,515558,Sporting Life,https://www.sportinglife.com/greyhounds/racecards/2026-09-09/doncaster/racecard/515558
2026-09-09,Doncaster,15:11,2,Late Lola,515559,Sporting Life,https://www.sportinglife.com/greyhounds/racecards/2026-09-09/doncaster/racecard/515559
2026-09-09,Doncaster,15:11,3,Cockneys Zeus,515559,Sporting Life,https://www.sportinglife.com/greyhounds/racecards/2026-09-09/doncaster/racecard/515559
2026-09-09,Doncaster,15:11,4,Avongate Queen,515559,Sporting Life,https://www.sportinglife.com/greyhounds/racecards/2026-09-09/doncaster/racecard/515559
2026-09-09,Doncaster,15:11,5,Cockney Tan,515559,Sporting Life,https://www.sportinglife.com/greyhounds/racecards/2026-09-09/doncaster/racecard/515559
2026-09-09,Doncaster,15:11,6,Savana Brendo,515559,Sporting Life,https://www.sportinglife.com/greyhounds/racecards/2026-09-09/doncaster/racecard/515559
2026-09-09,Doncaster,15:29,1,Easy Kite,515560,Sporting Life,https://www.sportinglife.com/greyhounds/racecards/2026-09-09/doncaster/racecard/515560
2026-09-09,Doncaster,15:29,3,Dellser Paidi,515560,Sporting Life,https://www.sportinglife.com/greyhounds/racecards/2026-09-09/doncaster/racecard/515560
2026-09-09,Doncaster,15:29,4,Minnies Alyosha,515560,Sporting Life,https://www.sportinglife.com/greyhounds/racecards/2026-09-09/doncaster/racecard/515560
2026-09-09,Doncaster,15:29,5,Ballymac Hanson,515560,Sporting Life,https://www.sportinglife.com/greyhounds/racecards/2026-09-09/doncaster/racecard/515560
2026-09-09,Doncaster,15:29,6,Easy Stump,515560,Sporting Life,https://www.sportinglife.com/greyhounds/racecards/2026-09-09/doncaster/racecard/515560
2026-09-09,Doncaster,15:49,1,Grouchos Gail,515561,Sporting Life,https://www.sportinglife.com/greyhounds/racecards/2026-09-09/doncaster/racecard/515561
2026-09-09,Doncaster,15:49,3,Creative Way,515561,Sporting Life,https://www.sportinglife.com/greyhounds/racecards/2026-09-09/doncaster/racecard/515561
2026-09-09,Doncaster,15:49,4,Boughtinmulcahys,515561,Sporting Life,https://www.sportinglife.com/greyhounds/racecards/2026-09-09/doncaster/racecard/515561
2026-09-09,Doncaster,15:49,5,Cockneys Gunner,515561,Sporting Life,https://www.sportinglife.com/greyhounds/racecards/2026-09-09/doncaster/racecard/515561
2026-09-09,Doncaster,15:49,6,Moss Tang Sally,515561,Sporting Life,https://www.sportinglife.com/greyhounds/racecards/2026-09-09/doncaster/racecard/515561
2026-09-09,Doncaster,16:07,1,Fast And Fierce,515562,Sporting Life,https://www.sportinglife.com/greyhounds/racecards/2026-09-09/doncaster/racecard/515562
2026-09-09,Doncaster,16:07,3,Keady Storm,515562,Sporting Life,https://www.sportinglife.com/greyhounds/racecards/2026-09-09/doncaster/racecard/515562
2026-09-09,Doncaster,16:07,4,Busy Cailin,515562,Sporting Life,https://www.sportinglife.com/greyhounds/racecards/2026-09-09/doncaster/racecard/515562
2026-09-09,Doncaster,16:07,5,Keady Cashout,515562,Sporting Life,https://www.sportinglife.com/greyhounds/racecards/2026-09-09/doncaster/racecard/515562
2026-09-09,Doncaster,16:07,6,Rossa Kali,515562,Sporting Life,https://www.sportinglife.com/greyhounds/racecards/2026-09-09/doncaster/racecard/515562
2026-09-09,Doncaster,16:26,1,Savana Sandy,515563,Sporting Life,https://www.sportinglife.com/greyhounds/racecards/2026-09-09/doncaster/racecard/515563
2026-09-09,Doncaster,16:26,3,Flosses Mcqueen,515563,Sporting Life,https://www.sportinglife.com/greyhounds/racecards/2026-09-09/doncaster/racecard/515563
2026-09-09,Doncaster,16:26,4,Zari Hunter,515563,Sporting Life,https://www.sportinglife.com/greyhounds/racecards/2026-09-09/doncaster/racecard/515563
2026-09-09,Doncaster,16:26,5,Easy Chloe,515563,Sporting Life,https://www.sportinglife.com/greyhounds/racecards/2026-09-09/doncaster/racecard/515563
2026-09-09,Doncaster,16:26,6,Cockney King Kev,515563,Sporting Life,https://www.sportinglife.com/greyhounds/racecards/2026-09-09/doncaster/racecard/515563
2026-09-09,Doncaster,16:44,2,Please Ailbhe,515564,Sporting Life,https://www.sportinglife.com/greyhounds/racecards/2026-09-09/doncaster/racecard/515564
2026-09-09,Doncaster,16:44,3,Savana Trike,515564,Sporting Life,https://www.sportinglife.com/greyhounds/racecards/2026-09-09/doncaster/racecard/515564
2026-09-09,Doncaster,16:44,4,Easy Find,515564,Sporting Life,https://www.sportinglife.com/greyhounds/racecards/2026-09-09/doncaster/racecard/515564
2026-09-09,Doncaster,16:44,5,Diegos Talavara,515564,Sporting Life,https://www.sportinglife.com/greyhounds/racecards/2026-09-09/doncaster/racecard/515564
2026-09-09,Doncaster,16:44,6,Skirk Mia,515564,Sporting Life,https://www.sportinglife.com/greyhounds/racecards/2026-09-09/doncaster/racecard/515564
2026-09-09,Dunstall Park,18:08,2,Wingates Woody,515531,Sporting Life,https://www.sportinglife.com/greyhounds/racecards/2026-09-09/dunstall-park/racecard/515531
2026-09-09,Dunstall Park,18:08,3,Darley Damage,515531,Sporting Life,https://www.sportinglife.com/greyhounds/racecards/2026-09-09/dunstall-park/racecard/515531
2026-09-09,Dunstall Park,18:08,4,Ashtons Rosalina,515531,Sporting Life,https://www.sportinglife.com/greyhounds/racecards/2026-09-09/dunstall-park/racecard/515531
2026-09-09,Dunstall Park,18:08,5,Rapido Beat,515531,Sporting Life,https://www.sportinglife.com/greyhounds/racecards/2026-09-09/dunstall-park/racecard/515531
2026-09-09,Dunstall Park,18:08,6,Zaconey Maximus,515531,Sporting Life,https://www.sportinglife.com/greyhounds/racecards/2026-09-09/dunstall-park/racecard/515531
2026-09-09,Dunstall Park,18:26,1,Tantalising Jess,515532,Sporting Life,https://www.sportinglife.com/greyhounds/racecards/2026-09-09/dunstall-park/racecard/515532
2026-09-09,Dunstall Park,18:26,2,Callumslittlegem,515532,Sporting Life,https://www.sportinglife.com/greyhounds/racecards/2026-09-09/dunstall-park/racecard/515532
2026-09-09,Dunstall Park,18:26,3,Tombola,515532,Sporting Life,https://www.sportinglife.com/greyhounds/racecards/2026-09-09/dunstall-park/racecard/515532
2026-09-09,Dunstall Park,18:26,4,Tonagha Conway,515532,Sporting Life,https://www.sportinglife.com/greyhounds/racecards/2026-09-09/dunstall-park/racecard/515532
2026-09-09,Dunstall Park,18:26,5,Motherland,515532,Sporting Life,https://www.sportinglife.com/greyhounds/racecards/2026-09-09/dunstall-park/racecard/515532
2026-09-09,Dunstall Park,18:26,6,Berniethebaliff,515532,Sporting Life,https://www.sportinglife.com/greyhounds/racecards/2026-09-09/dunstall-park/racecard/515532
2026-09-09,Dunstall Park,18:42,1,Cockney Marvel,515533,Sporting Life,https://www.sportinglife.com/greyhounds/racecards/2026-09-09/dunstall-park/racecard/515533
2026-09-09,Dunstall Park,18:42,2,Moyar Hill,515533,Sporting Life,https://www.sportinglife.com/greyhounds/racecards/2026-09-09/dunstall-park/racecard/515533
2026-09-09,Dunstall Park,18:42,3,Crokers Alex,515533,Sporting Life,https://www.sportinglife.com/greyhounds/racecards/2026-09-09/dunstall-park/racecard/515533
2026-09-09,Dunstall Park,18:42,4,Pennys Mawu,515533,Sporting Life,https://www.sportinglife.com/greyhounds/racecards/2026-09-09/dunstall-park/racecard/515533
2026-09-09,Dunstall Park,18:42,5,Shes Got Style,515533,Sporting Life,https://www.sportinglife.com/greyhounds/racecards/2026-09-09/dunstall-park/racecard/515533
2026-09-09,Dunstall Park,18:42,6,Mylane Friend,515533,Sporting Life,https://www.sportinglife.com/greyhounds/racecards/2026-09-09/dunstall-park/racecard/515533
2026-09-09,Dunstall Park,18:59,1,Pharis Pearl,515534,Sporting Life,https://www.sportinglife.com/greyhounds/racecards/2026-09-09/dunstall-park/racecard/515534
2026-09-09,Dunstall Park,18:59,2,Blazeaway Jorge,515534,Sporting Life,https://www.sportinglife.com/greyhounds/racecards/2026-09-09/dunstall-park/racecard/515534
2026-09-09,Dunstall Park,18:59,3,Lightfoot Angel,515534,Sporting Life,https://www.sportinglife.com/greyhounds/racecards/2026-09-09/dunstall-park/racecard/515534
2026-09-09,Dunstall Park,18:59,4,Mainoos Girl,515534,Sporting Life,https://www.sportinglife.com/greyhounds/racecards/2026-09-09/dunstall-park/racecard/515534
2026-09-09,Dunstall Park,18:59,5,Tinnaban Taylor,515534,Sporting Life,https://www.sportinglife.com/greyhounds/racecards/2026-09-09/dunstall-park/racecard/515534
2026-09-09,Dunstall Park,18:59,6,Noels Wizard,515534,Sporting Life,https://www.sportinglife.com/greyhounds/racecards/2026-09-09/dunstall-park/racecard/515534
2026-09-09,Dunstall Park,19:16,1,Porthall Coco,515535,Sporting Life,https://www.sportinglife.com/greyhounds/racecards/2026-09-09/dunstall-park/racecard/515535
2026-09-09,Dunstall Park,19:16,2,Taffy Sarrug,515535,Sporting Life,https://www.sportinglife.com/greyhounds/racecards/2026-09-09/dunstall-park/racecard/515535
2026-09-09,Dunstall Park,19:16,3,Swift Emery,515535,Sporting Life,https://www.sportinglife.com/greyhounds/racecards/2026-09-09/dunstall-park/racecard/515535
2026-09-09,Dunstall Park,19:16,4,Swift Olympia,515535,Sporting Life,https://www.sportinglife.com/greyhounds/racecards/2026-09-09/dunstall-park/racecard/515535
2026-09-09,Dunstall Park,19:16,5,Soap Box Heads,515535,Sporting Life,https://www.sportinglife.com/greyhounds/racecards/2026-09-09/dunstall-park/racecard/515535
2026-09-09,Dunstall Park,19:16,6,Moyar Gossip,515535,Sporting Life,https://www.sportinglife.com/greyhounds/racecards/2026-09-09/dunstall-park/racecard/515535
2026-09-09,Dunstall Park,19:33,1,Tan And Lashes,515536,Sporting Life,https://www.sportinglife.com/greyhounds/racecards/2026-09-09/dunstall-park/racecard/515536
2026-09-09,Dunstall Park,19:33,2,Porthall Foyle,515536,Sporting Life,https://www.sportinglife.com/greyhounds/racecards/2026-09-09/dunstall-park/racecard/515536
2026-09-09,Dunstall Park,19:33,3,Cloakroom,515536,Sporting Life,https://www.sportinglife.com/greyhounds/racecards/2026-09-09/dunstall-park/racecard/515536
2026-09-09,Dunstall Park,19:33,4,Around The House,515536,Sporting Life,https://www.sportinglife.com/greyhounds/racecards/2026-09-09/dunstall-park/racecard/515536
2026-09-09,Dunstall Park,19:33,5,Vixons Samba,515536,Sporting Life,https://www.sportinglife.com/greyhounds/racecards/2026-09-09/dunstall-park/racecard/515536
2026-09-09,Dunstall Park,19:33,6,First To Post,515536,Sporting Life,https://www.sportinglife.com/greyhounds/racecards/2026-09-09/dunstall-park/racecard/515536
2026-09-09,Dunstall Park,19:49,1,Moulton Kathleen,515537,Sporting Life,https://www.sportinglife.com/greyhounds/racecards/2026-09-09/dunstall-park/racecard/515537
2026-09-09,Dunstall Park,19:49,2,Flying Desire,515537,Sporting Life,https://www.sportinglife.com/greyhounds/racecards/2026-09-09/dunstall-park/racecard/515537
2026-09-09,Dunstall Park,19:49,3,Bower Linda,515537,Sporting Life,https://www.sportinglife.com/greyhounds/racecards/2026-09-09/dunstall-park/racecard/515537
2026-09-09,Dunstall Park,19:49,4,Ashtons Ernie,515537,Sporting Life,https://www.sportinglife.com/greyhounds/racecards/2026-09-09/dunstall-park/racecard/515537
2026-09-09,Dunstall Park,19:49,5,Moulton Mickey,515537,Sporting Life,https://www.sportinglife.com/greyhounds/racecards/2026-09-09/dunstall-park/racecard/515537
2026-09-09,Dunstall Park,20:07,1,Keepers Nutty,515538,Sporting Life,https://www.sportinglife.com/greyhounds/racecards/2026-09-09/dunstall-park/racecard/515538
2026-09-09,Dunstall Park,20:07,2,Bannan Dubhg,515538,Sporting Life,https://www.sportinglife.com/greyhounds/racecards/2026-09-09/dunstall-park/racecard/515538
2026-09-09,Dunstall Park,20:07,3,Mind The Dresser,515538,Sporting Life,https://www.sportinglife.com/greyhounds/racecards/2026-09-09/dunstall-park/racecard/515538
2026-09-09,Dunstall Park,20:07,4,Barnagrane Jan,515538,Sporting Life,https://www.sportinglife.com/greyhounds/racecards/2026-09-09/dunstall-park/racecard/515538
2026-09-09,Dunstall Park,20:07,5,Colliers Flight,515538,Sporting Life,https://www.sportinglife.com/greyhounds/racecards/2026-09-09/dunstall-park/racecard/515538
2026-09-09,Dunstall Park,20:07,6,Crokers Taylor,515538,Sporting Life,https://www.sportinglife.com/greyhounds/racecards/2026-09-09/dunstall-park/racecard/515538
2026-09-09,Dunstall Park,20:24,1,Sporting Lovers,515539,Sporting Life,https://www.sportinglife.com/greyhounds/racecards/2026-09-09/dunstall-park/racecard/515539
2026-09-09,Dunstall Park,20:24,2,Ballymac Elijah,515539,Sporting Life,https://www.sportinglife.com/greyhounds/racecards/2026-09-09/dunstall-park/racecard/515539
2026-09-09,Dunstall Park,20:24,3,Breezer,515539,Sporting Life,https://www.sportinglife.com/greyhounds/racecards/2026-09-09/dunstall-park/racecard/515539
2026-09-09,Dunstall Park,20:24,4,Southwind Ned,515539,Sporting Life,https://www.sportinglife.com/greyhounds/racecards/2026-09-09/dunstall-park/racecard/515539
2026-09-09,Dunstall Park,20:24,5,Heatseeker,515539,Sporting Life,https://www.sportinglife.com/greyhounds/racecards/2026-09-09/dunstall-park/racecard/515539
2026-09-09,Dunstall Park,20:41,1,Saint Arion,515540,Sporting Life,https://www.sportinglife.com/greyhounds/racecards/2026-09-09/dunstall-park/racecard/515540
2026-09-09,Dunstall Park,20:41,2,Edial Solo,515540,Sporting Life,https://www.sportinglife.com/greyhounds/racecards/2026-09-09/dunstall-park/racecard/515540
2026-09-09,Dunstall Park,20:41,3,Last Dance Hoffa,515540,Sporting Life,https://www.sportinglife.com/greyhounds/racecards/2026-09-09/dunstall-park/racecard/515540
2026-09-09,Dunstall Park,20:41,4,Roanna Koko,515540,Sporting Life,https://www.sportinglife.com/greyhounds/racecards/2026-09-09/dunstall-park/racecard/515540
2026-09-09,Dunstall Park,20:41,5,Roseville Rex,515540,Sporting Life,https://www.sportinglife.com/greyhounds/racecards/2026-09-09/dunstall-park/racecard/515540
2026-09-09,Dunstall Park,20:41,6,Lemon Rogue,515540,Sporting Life,https://www.sportinglife.com/greyhounds/racecards/2026-09-09/dunstall-park/racecard/515540
2026-09-09,Dunstall Park,20:59,1,Lynnia Queen,515541,Sporting Life,https://www.sportinglife.com/greyhounds/racecards/2026-09-09/dunstall-park/racecard/515541
2026-09-09,Dunstall Park,20:59,2,Ballintemple Bet,515541,Sporting Life,https://www.sportinglife.com/greyhounds/racecards/2026-09-09/dunstall-park/racecard/515541
2026-09-09,Dunstall Park,20:59,3,Noels Supreme,515541,Sporting Life,https://www.sportinglife.com/greyhounds/racecards/2026-09-09/dunstall-park/racecard/515541
2026-09-09,Dunstall Park,20:59,4,Ashtons Deako,515541,Sporting Life,https://www.sportinglife.com/greyhounds/racecards/2026-09-09/dunstall-park/racecard/515541
2026-09-09,Dunstall Park,20:59,5,Mossend Jack,515541,Sporting Life,https://www.sportinglife.com/greyhounds/racecards/2026-09-09/dunstall-park/racecard/515541
2026-09-09,Dunstall Park,20:59,6,Invergarry,515541,Sporting Life,https://www.sportinglife.com/greyhounds/racecards/2026-09-09/dunstall-park/racecard/515541
2026-09-09,Dunstall Park,21:16,1,Burrows Shadow,515542,Sporting Life,https://www.sportinglife.com/greyhounds/racecards/2026-09-09/dunstall-park/racecard/515542
2026-09-09,Dunstall Park,21:16,2,Blazeaway Tee,515542,Sporting Life,https://www.sportinglife.com/greyhounds/racecards/2026-09-09/dunstall-park/racecard/515542
2026-09-09,Dunstall Park,21:16,3,Edial Tony,515542,Sporting Life,https://www.sportinglife.com/greyhounds/racecards/2026-09-09/dunstall-park/racecard/515542
2026-09-09,Dunstall Park,21:16,4,Tori Black,515542,Sporting Life,https://www.sportinglife.com/greyhounds/racecards/2026-09-09/dunstall-park/racecard/515542
2026-09-09,Dunstall Park,21:16,5,Shockwave Sirius,515542,Sporting Life,https://www.sportinglife.com/greyhounds/racecards/2026-09-09/dunstall-park/racecard/515542
2026-09-09,Dunstall Park,21:16,6,Lynnia Trubbys,515542,Sporting Life,https://www.sportinglife.com/greyhounds/racecards/2026-09-09/dunstall-park/racecard/515542
2026-09-09,Harlow,10:32,1,Havana Belle,515543,Sporting Life,https://www.sportinglife.com/greyhounds/racecards/2026-09-09/harlow/racecard/515543
2026-09-09,Harlow,10:32,2,Mykindaguy,515543,Sporting Life,https://www.sportinglife.com/greyhounds/racecards/2026-09-09/harlow/racecard/515543
2026-09-09,Harlow,10:32,3,Ravenswood Blake,515543,Sporting Life,https://www.sportinglife.com/greyhounds/racecards/2026-09-09/harlow/racecard/515543
2026-09-09,Harlow,10:32,4,Jamaica Smiles,515543,Sporting Life,https://www.sportinglife.com/greyhounds/racecards/2026-09-09/harlow/racecard/515543
2026-09-09,Harlow,10:32,5,Moaning Mojito,515543,Sporting Life,https://www.sportinglife.com/greyhounds/racecards/2026-09-09/harlow/racecard/515543
2026-09-09,Harlow,10:32,6,Fenview Taylor,515543,Sporting Life,https://www.sportinglife.com/greyhounds/racecards/2026-09-09/harlow/racecard/515543
2026-09-09,Harlow,10:48,1,Makeit Force,515544,Sporting Life,https://www.sportinglife.com/greyhounds/racecards/2026-09-09/harlow/racecard/515544
2026-09-09,Harlow,10:48,2,Rathbally Anna,515544,Sporting Life,https://www.sportinglife.com/greyhounds/racecards/2026-09-09/harlow/racecard/515544
2026-09-09,Harlow,10:48,3,Ballybrennan Tim,515544,Sporting Life,https://www.sportinglife.com/greyhounds/racecards/2026-09-09/harlow/racecard/515544
2026-09-09,Harlow,10:48,4,Brindle Bomber,515544,Sporting Life,https://www.sportinglife.com/greyhounds/racecards/2026-09-09/harlow/racecard/515544
2026-09-09,Harlow,10:48,5,Salems Brianna,515544,Sporting Life,https://www.sportinglife.com/greyhounds/racecards/2026-09-09/harlow/racecard/515544
2026-09-09,Harlow,10:48,6,Spooky Candy,515544,Sporting Life,https://www.sportinglife.com/greyhounds/racecards/2026-09-09/harlow/racecard/515544
2026-09-09,Harlow,11:04,1,Moaning Allora,515545,Sporting Life,https://www.sportinglife.com/greyhounds/racecards/2026-09-09/harlow/racecard/515545
2026-09-09,Harlow,11:04,2,Salems Campari,515545,Sporting Life,https://www.sportinglife.com/greyhounds/racecards/2026-09-09/harlow/racecard/515545
2026-09-09,Harlow,11:04,3,Heres Victoria,515545,Sporting Life,https://www.sportinglife.com/greyhounds/racecards/2026-09-09/harlow/racecard/515545
2026-09-09,Harlow,11:04,4,Browns Barbie,515545,Sporting Life,https://www.sportinglife.com/greyhounds/racecards/2026-09-09/harlow/racecard/515545
2026-09-09,Harlow,11:04,6,Moaning Mai Tai,515545,Sporting Life,https://www.sportinglife.com/greyhounds/racecards/2026-09-09/harlow/racecard/515545
2026-09-09,Harlow,11:21,1,Flattotheboards,515546,Sporting Life,https://www.sportinglife.com/greyhounds/racecards/2026-09-09/harlow/racecard/515546
2026-09-09,Harlow,11:21,2,Old Bed Forrest,515546,Sporting Life,https://www.sportinglife.com/greyhounds/racecards/2026-09-09/harlow/racecard/515546
2026-09-09,Harlow,11:21,3,Essjay Ceearejay,515546,Sporting Life,https://www.sportinglife.com/greyhounds/racecards/2026-09-09/harlow/racecard/515546
2026-09-09,Harlow,11:21,4,Random Izzy,515546,Sporting Life,https://www.sportinglife.com/greyhounds/racecards/2026-09-09/harlow/racecard/515546
2026-09-09,Harlow,11:21,5,Tobergal Millie,515546,Sporting Life,https://www.sportinglife.com/greyhounds/racecards/2026-09-09/harlow/racecard/515546
2026-09-09,Harlow,11:21,6,Olwinn Pest,515546,Sporting Life,https://www.sportinglife.com/greyhounds/racecards/2026-09-09/harlow/racecard/515546
2026-09-09,Harlow,11:38,1,Hollywell Orchid,515547,Sporting Life,https://www.sportinglife.com/greyhounds/racecards/2026-09-09/harlow/racecard/515547
2026-09-09,Harlow,11:38,2,Chadwell Opus,515547,Sporting Life,https://www.sportinglife.com/greyhounds/racecards/2026-09-09/harlow/racecard/515547
2026-09-09,Harlow,11:38,3,Moaning Dior,515547,Sporting Life,https://www.sportinglife.com/greyhounds/racecards/2026-09-09/harlow/racecard/515547
2026-09-09,Harlow,11:38,4,Pearseys Dasher,515547,Sporting Life,https://www.sportinglife.com/greyhounds/racecards/2026-09-09/harlow/racecard/515547
2026-09-09,Harlow,11:38,6,Jayar Rogue,515547,Sporting Life,https://www.sportinglife.com/greyhounds/racecards/2026-09-09/harlow/racecard/515547
2026-09-09,Harlow,11:54,1,Townsend Bruno,515548,Sporting Life,https://www.sportinglife.com/greyhounds/racecards/2026-09-09/harlow/racecard/515548
2026-09-09,Harlow,11:54,2,Hillslot Salah,515548,Sporting Life,https://www.sportinglife.com/greyhounds/racecards/2026-09-09/harlow/racecard/515548
2026-09-09,Harlow,11:54,3,Applegate Jet,515548,Sporting Life,https://www.sportinglife.com/greyhounds/racecards/2026-09-09/harlow/racecard/515548
2026-09-09,Harlow,11:54,4,Lemon Beaufort,515548,Sporting Life,https://www.sportinglife.com/greyhounds/racecards/2026-09-09/harlow/racecard/515548
2026-09-09,Harlow,11:54,5,Catunda Harrison,515548,Sporting Life,https://www.sportinglife.com/greyhounds/racecards/2026-09-09/harlow/racecard/515548
2026-09-09,Harlow,11:54,6,Fairhill Hug,515548,Sporting Life,https://www.sportinglife.com/greyhounds/racecards/2026-09-09/harlow/racecard/515548
2026-09-09,Harlow,12:12,1,More Firepower,515549,Sporting Life,https://www.sportinglife.com/greyhounds/racecards/2026-09-09/harlow/racecard/515549
2026-09-09,Harlow,12:12,3,Headford Gent,515549,Sporting Life,https://www.sportinglife.com/greyhounds/racecards/2026-09-09/harlow/racecard/515549
2026-09-09,Harlow,12:12,4,Moaning Gabriel,515549,Sporting Life,https://www.sportinglife.com/greyhounds/racecards/2026-09-09/harlow/racecard/515549
2026-09-09,Harlow,12:12,5,Swift Opel,515549,Sporting Life,https://www.sportinglife.com/greyhounds/racecards/2026-09-09/harlow/racecard/515549
2026-09-09,Harlow,12:12,6,Black Chintz,515549,Sporting Life,https://www.sportinglife.com/greyhounds/racecards/2026-09-09/harlow/racecard/515549
2026-09-09,Harlow,12:29,1,Cofam Girl,515550,Sporting Life,https://www.sportinglife.com/greyhounds/racecards/2026-09-09/harlow/racecard/515550
2026-09-09,Harlow,12:29,2,Salems Disaronno,515550,Sporting Life,https://www.sportinglife.com/greyhounds/racecards/2026-09-09/harlow/racecard/515550
2026-09-09,Harlow,12:29,3,Scarlett Galaxy,515550,Sporting Life,https://www.sportinglife.com/greyhounds/racecards/2026-09-09/harlow/racecard/515550
2026-09-09,Harlow,12:29,4,Tiermana Sally,515550,Sporting Life,https://www.sportinglife.com/greyhounds/racecards/2026-09-09/harlow/racecard/515550
2026-09-09,Harlow,12:29,5,Moaning Countess,515550,Sporting Life,https://www.sportinglife.com/greyhounds/racecards/2026-09-09/harlow/racecard/515550
2026-09-09,Harlow,12:29,6,Moaning Monster,515550,Sporting Life,https://www.sportinglife.com/greyhounds/racecards/2026-09-09/harlow/racecard/515550
2026-09-09,Harlow,12:46,1,Black Len,515551,Sporting Life,https://www.sportinglife.com/greyhounds/racecards/2026-09-09/harlow/racecard/515551
2026-09-09,Harlow,12:46,2,Comer Canal,515551,Sporting Life,https://www.sportinglife.com/greyhounds/racecards/2026-09-09/harlow/racecard/515551
2026-09-09,Harlow,12:46,3,Robbies King,515551,Sporting Life,https://www.sportinglife.com/greyhounds/racecards/2026-09-09/harlow/racecard/515551
2026-09-09,Harlow,12:46,4,Miss Pepsi,515551,Sporting Life,https://www.sportinglife.com/greyhounds/racecards/2026-09-09/harlow/racecard/515551
2026-09-09,Harlow,12:46,5,Doggy Parton,515551,Sporting Life,https://www.sportinglife.com/greyhounds/racecards/2026-09-09/harlow/racecard/515551
2026-09-09,Harlow,12:46,6,Tanvalley Robin,515551,Sporting Life,https://www.sportinglife.com/greyhounds/racecards/2026-09-09/harlow/racecard/515551
2026-09-09,Harlow,13:03,1,Faces And Places,515552,Sporting Life,https://www.sportinglife.com/greyhounds/racecards/2026-09-09/harlow/racecard/515552
2026-09-09,Harlow,13:03,2,Speedy Gene,515552,Sporting Life,https://www.sportinglife.com/greyhounds/racecards/2026-09-09/harlow/racecard/515552
2026-09-09,Harlow,13:03,3,Brynoffa Jill,515552,Sporting Life,https://www.sportinglife.com/greyhounds/racecards/2026-09-09/harlow/racecard/515552
2026-09-09,Harlow,13:03,4,Salems Ebony,515552,Sporting Life,https://www.sportinglife.com/greyhounds/racecards/2026-09-09/harlow/racecard/515552
2026-09-09,Harlow,13:03,5,Savourtheflavour,515552,Sporting Life,https://www.sportinglife.com/greyhounds/racecards/2026-09-09/harlow/racecard/515552
2026-09-09,Harlow,13:03,6,Absconder,515552,Sporting Life,https://www.sportinglife.com/greyhounds/racecards/2026-09-09/harlow/racecard/515552
2026-09-09,Harlow,13:19,1,Ballybrennan Joe,515553,Sporting Life,https://www.sportinglife.com/greyhounds/racecards/2026-09-09/harlow/racecard/515553
2026-09-09,Harlow,13:19,2,Skidrow Jake,515553,Sporting Life,https://www.sportinglife.com/greyhounds/racecards/2026-09-09/harlow/racecard/515553
2026-09-09,Harlow,13:19,3,Rathbally Bolger,515553,Sporting Life,https://www.sportinglife.com/greyhounds/racecards/2026-09-09/harlow/racecard/515553
2026-09-09,Harlow,13:19,4,Oppo,515553,Sporting Life,https://www.sportinglife.com/greyhounds/racecards/2026-09-09/harlow/racecard/515553
2026-09-09,Harlow,13:19,5,Black Gem,515553,Sporting Life,https://www.sportinglife.com/greyhounds/racecards/2026-09-09/harlow/racecard/515553
2026-09-09,Harlow,13:19,6,Olwinn Jackson,515553,Sporting Life,https://www.sportinglife.com/greyhounds/racecards/2026-09-09/harlow/racecard/515553
2026-09-09,Harlow,13:37,1,Lye In Wait,515554,Sporting Life,https://www.sportinglife.com/greyhounds/racecards/2026-09-09/harlow/racecard/515554
2026-09-09,Harlow,13:37,2,Gothic Queen,515554,Sporting Life,https://www.sportinglife.com/greyhounds/racecards/2026-09-09/harlow/racecard/515554
2026-09-09,Harlow,13:37,3,Headford Ava,515554,Sporting Life,https://www.sportinglife.com/greyhounds/racecards/2026-09-09/harlow/racecard/515554
2026-09-09,Harlow,13:37,4,Cofam Spurs,515554,Sporting Life,https://www.sportinglife.com/greyhounds/racecards/2026-09-09/harlow/racecard/515554
2026-09-09,Harlow,13:37,6,Double Errill,515554,Sporting Life,https://www.sportinglife.com/greyhounds/racecards/2026-09-09/harlow/racecard/515554
2026-09-09,Harlow,13:54,1,Clodaghs Gift,515555,Sporting Life,https://www.sportinglife.com/greyhounds/racecards/2026-09-09/harlow/racecard/515555
2026-09-09,Harlow,13:54,2,Moaning Thelma,515555,Sporting Life,https://www.sportinglife.com/greyhounds/racecards/2026-09-09/harlow/racecard/515555
2026-09-09,Harlow,13:54,3,Besties Boy,515555,Sporting Life,https://www.sportinglife.com/greyhounds/racecards/2026-09-09/harlow/racecard/515555
2026-09-09,Harlow,13:54,4,Rathmeehan Judi,515555,Sporting Life,https://www.sportinglife.com/greyhounds/racecards/2026-09-09/harlow/racecard/515555
2026-09-09,Harlow,13:54,5,Sallins Flyer,515555,Sporting Life,https://www.sportinglife.com/greyhounds/racecards/2026-09-09/harlow/racecard/515555
2026-09-09,Harlow,13:54,6,Cofam Tiger,515555,Sporting Life,https://www.sportinglife.com/greyhounds/racecards/2026-09-09/harlow/racecard/515555
2026-09-09,Harlow,14:11,1,Glynnscross Blue,515556,Sporting Life,https://www.sportinglife.com/greyhounds/racecards/2026-09-09/harlow/racecard/515556
2026-09-09,Harlow,14:11,2,Rains Bono,515556,Sporting Life,https://www.sportinglife.com/greyhounds/racecards/2026-09-09/harlow/racecard/515556
2026-09-09,Harlow,14:11,3,Cornerstone,515556,Sporting Life,https://www.sportinglife.com/greyhounds/racecards/2026-09-09/harlow/racecard/515556
2026-09-09,Harlow,14:11,4,Fridays Ariana,515556,Sporting Life,https://www.sportinglife.com/greyhounds/racecards/2026-09-09/harlow/racecard/515556
2026-09-09,Harlow,14:11,5,Moaning Sugaray,515556,Sporting Life,https://www.sportinglife.com/greyhounds/racecards/2026-09-09/harlow/racecard/515556
2026-09-09,Harlow,14:11,6,Valley Rockstar,515556,Sporting Life,https://www.sportinglife.com/greyhounds/racecards/2026-09-09/harlow/racecard/515556
2026-09-09,Harlow,18:11,1,Britbull Poppy,515577,Sporting Life,https://www.sportinglife.com/greyhounds/racecards/2026-09-09/harlow/racecard/515577
2026-09-09,Harlow,18:11,2,Ballybrennan Jim,515577,Sporting Life,https://www.sportinglife.com/greyhounds/racecards/2026-09-09/harlow/racecard/515577
2026-09-09,Harlow,18:11,3,Ballybrennan Pat,515577,Sporting Life,https://www.sportinglife.com/greyhounds/racecards/2026-09-09/harlow/racecard/515577
2026-09-09,Harlow,18:11,4,Shortwood Ally,515577,Sporting Life,https://www.sportinglife.com/greyhounds/racecards/2026-09-09/harlow/racecard/515577
2026-09-09,Harlow,18:11,5,Danielles Queen,515577,Sporting Life,https://www.sportinglife.com/greyhounds/racecards/2026-09-09/harlow/racecard/515577
2026-09-09,Harlow,18:11,6,Perfecto Dupont,515577,Sporting Life,https://www.sportinglife.com/greyhounds/racecards/2026-09-09/harlow/racecard/515577
2026-09-09,Harlow,18:29,1,Townsend Tonya,515578,Sporting Life,https://www.sportinglife.com/greyhounds/racecards/2026-09-09/harlow/racecard/515578
2026-09-09,Harlow,18:29,2,Gothic Cheyenne,515578,Sporting Life,https://www.sportinglife.com/greyhounds/racecards/2026-09-09/harlow/racecard/515578
2026-09-09,Harlow,18:29,3,Mickey Tee,515578,Sporting Life,https://www.sportinglife.com/greyhounds/racecards/2026-09-09/harlow/racecard/515578
2026-09-09,Harlow,18:29,4,Savana Monica,515578,Sporting Life,https://www.sportinglife.com/greyhounds/racecards/2026-09-09/harlow/racecard/515578
2026-09-09,Harlow,18:29,5,Baran Brady,515578,Sporting Life,https://www.sportinglife.com/greyhounds/racecards/2026-09-09/harlow/racecard/515578
2026-09-09,Harlow,18:29,6,Taylormade Bono,515578,Sporting Life,https://www.sportinglife.com/greyhounds/racecards/2026-09-09/harlow/racecard/515578
2026-09-09,Harlow,18:46,1,Southwind Oz,515579,Sporting Life,https://www.sportinglife.com/greyhounds/racecards/2026-09-09/harlow/racecard/515579
2026-09-09,Harlow,18:46,2,Small Tommy,515579,Sporting Life,https://www.sportinglife.com/greyhounds/racecards/2026-09-09/harlow/racecard/515579
2026-09-09,Harlow,18:46,3,Scrahan Cruiser,515579,Sporting Life,https://www.sportinglife.com/greyhounds/racecards/2026-09-09/harlow/racecard/515579
2026-09-09,Harlow,18:46,4,Kilbride Duchess,515579,Sporting Life,https://www.sportinglife.com/greyhounds/racecards/2026-09-09/harlow/racecard/515579
2026-09-09,Harlow,18:46,6,Hi Tonto,515579,Sporting Life,https://www.sportinglife.com/greyhounds/racecards/2026-09-09/harlow/racecard/515579
2026-09-09,Harlow,19:04,1,Rockmount Moe,515580,Sporting Life,https://www.sportinglife.com/greyhounds/racecards/2026-09-09/harlow/racecard/515580
2026-09-09,Harlow,19:04,2,Yo Savana,515580,Sporting Life,https://www.sportinglife.com/greyhounds/racecards/2026-09-09/harlow/racecard/515580
2026-09-09,Harlow,19:04,3,Hawkfield Impact,515580,Sporting Life,https://www.sportinglife.com/greyhounds/racecards/2026-09-09/harlow/racecard/515580
2026-09-09,Harlow,19:04,4,Outdoor Tunnes,515580,Sporting Life,https://www.sportinglife.com/greyhounds/racecards/2026-09-09/harlow/racecard/515580
2026-09-09,Harlow,19:04,5,Savana Dingle,515580,Sporting Life,https://www.sportinglife.com/greyhounds/racecards/2026-09-09/harlow/racecard/515580
2026-09-09,Harlow,19:04,6,Lightupthedark,515580,Sporting Life,https://www.sportinglife.com/greyhounds/racecards/2026-09-09/harlow/racecard/515580
2026-09-09,Harlow,19:24,1,Savana Maggiemay,515581,Sporting Life,https://www.sportinglife.com/greyhounds/racecards/2026-09-09/harlow/racecard/515581
2026-09-09,Harlow,19:24,2,Theresas Diamond,515581,Sporting Life,https://www.sportinglife.com/greyhounds/racecards/2026-09-09/harlow/racecard/515581
2026-09-09,Harlow,19:24,3,Townsend Daisy,515581,Sporting Life,https://www.sportinglife.com/greyhounds/racecards/2026-09-09/harlow/racecard/515581
2026-09-09,Harlow,19:24,4,Knockdrinna Java,515581,Sporting Life,https://www.sportinglife.com/greyhounds/racecards/2026-09-09/harlow/racecard/515581
2026-09-09,Harlow,19:24,5,Estefans Tune,515581,Sporting Life,https://www.sportinglife.com/greyhounds/racecards/2026-09-09/harlow/racecard/515581
2026-09-09,Harlow,19:24,6,Yo Ronnie Buster,515581,Sporting Life,https://www.sportinglife.com/greyhounds/racecards/2026-09-09/harlow/racecard/515581
2026-09-09,Harlow,19:42,1,Unlikely Maddie,515582,Sporting Life,https://www.sportinglife.com/greyhounds/racecards/2026-09-09/harlow/racecard/515582
2026-09-09,Harlow,19:42,2,Jumbos Mia,515582,Sporting Life,https://www.sportinglife.com/greyhounds/racecards/2026-09-09/harlow/racecard/515582
2026-09-09,Harlow,19:42,3,Glasheen Zoey,515582,Sporting Life,https://www.sportinglife.com/greyhounds/racecards/2026-09-09/harlow/racecard/515582
2026-09-09,Harlow,19:42,4,Links Aphrodite,515582,Sporting Life,https://www.sportinglife.com/greyhounds/racecards/2026-09-09/harlow/racecard/515582
2026-09-09,Harlow,19:42,5,Yo Magic,515582,Sporting Life,https://www.sportinglife.com/greyhounds/racecards/2026-09-09/harlow/racecard/515582
2026-09-09,Harlow,19:42,6,Townsend Cindy,515582,Sporting Life,https://www.sportinglife.com/greyhounds/racecards/2026-09-09/harlow/racecard/515582
2026-09-09,Harlow,19:58,1,Savana Rip,515583,Sporting Life,https://www.sportinglife.com/greyhounds/racecards/2026-09-09/harlow/racecard/515583
2026-09-09,Harlow,19:58,2,Jimmys Chew,515583,Sporting Life,https://www.sportinglife.com/greyhounds/racecards/2026-09-09/harlow/racecard/515583
2026-09-09,Harlow,19:58,4,Bouncy Jet,515583,Sporting Life,https://www.sportinglife.com/greyhounds/racecards/2026-09-09/harlow/racecard/515583
2026-09-09,Harlow,19:58,5,Yo Paddy,515583,Sporting Life,https://www.sportinglife.com/greyhounds/racecards/2026-09-09/harlow/racecard/515583
2026-09-09,Harlow,19:58,6,Annadown Debbie,515583,Sporting Life,https://www.sportinglife.com/greyhounds/racecards/2026-09-09/harlow/racecard/515583
2026-09-09,Harlow,20:16,1,Derry Rebel,515584,Sporting Life,https://www.sportinglife.com/greyhounds/racecards/2026-09-09/harlow/racecard/515584
2026-09-09,Harlow,20:16,2,Sister Peg,515584,Sporting Life,https://www.sportinglife.com/greyhounds/racecards/2026-09-09/harlow/racecard/515584
2026-09-09,Harlow,20:16,3,Savana Marylou,515584,Sporting Life,https://www.sportinglife.com/greyhounds/racecards/2026-09-09/harlow/racecard/515584
2026-09-09,Harlow,20:16,4,Burgess Doireann,515584,Sporting Life,https://www.sportinglife.com/greyhounds/racecards/2026-09-09/harlow/racecard/515584
2026-09-09,Harlow,20:16,5,Mcgregor,515584,Sporting Life,https://www.sportinglife.com/greyhounds/racecards/2026-09-09/harlow/racecard/515584
2026-09-09,Harlow,20:16,6,Brentfordforever,515584,Sporting Life,https://www.sportinglife.com/greyhounds/racecards/2026-09-09/harlow/racecard/515584
2026-09-09,Harlow,20:34,1,Jacko Carvoeiro,515585,Sporting Life,https://www.sportinglife.com/greyhounds/racecards/2026-09-09/harlow/racecard/515585
2026-09-09,Harlow,20:34,2,Darrens Dog,515585,Sporting Life,https://www.sportinglife.com/greyhounds/racecards/2026-09-09/harlow/racecard/515585
2026-09-09,Harlow,20:34,3,Savana Beth,515585,Sporting Life,https://www.sportinglife.com/greyhounds/racecards/2026-09-09/harlow/racecard/515585
2026-09-09,Harlow,20:34,4,Ballybreen Zeta,515585,Sporting Life,https://www.sportinglife.com/greyhounds/racecards/2026-09-09/harlow/racecard/515585
2026-09-09,Harlow,20:34,5,The Other Rafa,515585,Sporting Life,https://www.sportinglife.com/greyhounds/racecards/2026-09-09/harlow/racecard/515585
2026-09-09,Harlow,20:34,6,Baran Ghost,515585,Sporting Life,https://www.sportinglife.com/greyhounds/racecards/2026-09-09/harlow/racecard/515585
2026-09-09,Harlow,20:52,1,Small But Speedy,515586,Sporting Life,https://www.sportinglife.com/greyhounds/racecards/2026-09-09/harlow/racecard/515586
2026-09-09,Harlow,20:52,2,Aim Two Please,515586,Sporting Life,https://www.sportinglife.com/greyhounds/racecards/2026-09-09/harlow/racecard/515586
2026-09-09,Harlow,20:52,3,Savana Empress,515586,Sporting Life,https://www.sportinglife.com/greyhounds/racecards/2026-09-09/harlow/racecard/515586
2026-09-09,Harlow,20:52,4,Savana Tir Nanog,515586,Sporting Life,https://www.sportinglife.com/greyhounds/racecards/2026-09-09/harlow/racecard/515586
2026-09-09,Harlow,20:52,5,Savana Tayto,515586,Sporting Life,https://www.sportinglife.com/greyhounds/racecards/2026-09-09/harlow/racecard/515586
2026-09-09,Harlow,20:52,6,Savana Polly,515586,Sporting Life,https://www.sportinglife.com/greyhounds/racecards/2026-09-09/harlow/racecard/515586
2026-09-09,Harlow,21:09,1,Yo Ranger,515587,Sporting Life,https://www.sportinglife.com/greyhounds/racecards/2026-09-09/harlow/racecard/515587
2026-09-09,Harlow,21:09,2,Savana Max,515587,Sporting Life,https://www.sportinglife.com/greyhounds/racecards/2026-09-09/harlow/racecard/515587
2026-09-09,Harlow,21:09,3,Tyford Pet,515587,Sporting Life,https://www.sportinglife.com/greyhounds/racecards/2026-09-09/harlow/racecard/515587
2026-09-09,Harlow,21:09,4,Hollyhill Jimmy,515587,Sporting Life,https://www.sportinglife.com/greyhounds/racecards/2026-09-09/harlow/racecard/515587
2026-09-09,Harlow,21:09,5,Townsend Margo,515587,Sporting Life,https://www.sportinglife.com/greyhounds/racecards/2026-09-09/harlow/racecard/515587
2026-09-09,Harlow,21:09,6,Devil In A Dress,515587,Sporting Life,https://www.sportinglife.com/greyhounds/racecards/2026-09-09/harlow/racecard/515587
2026-09-09,Harlow,21:26,1,Fastlane Lilly,515588,Sporting Life,https://www.sportinglife.com/greyhounds/racecards/2026-09-09/harlow/racecard/515588
2026-09-09,Harlow,21:26,2,Eire Queenie,515588,Sporting Life,https://www.sportinglife.com/greyhounds/racecards/2026-09-09/harlow/racecard/515588
2026-09-09,Harlow,21:26,3,Kilgarran Des,515588,Sporting Life,https://www.sportinglife.com/greyhounds/racecards/2026-09-09/harlow/racecard/515588
2026-09-09,Harlow,21:26,4,Meenagh Memphis,515588,Sporting Life,https://www.sportinglife.com/greyhounds/racecards/2026-09-09/harlow/racecard/515588
2026-09-09,Harlow,21:26,5,Scarlet Rose,515588,Sporting Life,https://www.sportinglife.com/greyhounds/racecards/2026-09-09/harlow/racecard/515588
2026-09-09,Harlow,21:26,6,Old Fort Mickmac,515588,Sporting Life,https://www.sportinglife.com/greyhounds/racecards/2026-09-09/harlow/racecard/515588
2026-09-09,Hove,14:23,1,Ballyhimikin Pat,515601,Sporting Life,https://www.sportinglife.com/greyhounds/racecards/2026-09-09/hove/racecard/515601
2026-09-09,Hove,14:23,2,Romeo Havok,515601,Sporting Life,https://www.sportinglife.com/greyhounds/racecards/2026-09-09/hove/racecard/515601
2026-09-09,Hove,14:23,3,Gin For Lisa,515601,Sporting Life,https://www.sportinglife.com/greyhounds/racecards/2026-09-09/hove/racecard/515601
2026-09-09,Hove,14:23,4,Jackpot Mpressiv,515601,Sporting Life,https://www.sportinglife.com/greyhounds/racecards/2026-09-09/hove/racecard/515601
2026-09-09,Hove,14:23,6,Droopys Roster,515601,Sporting Life,https://www.sportinglife.com/greyhounds/racecards/2026-09-09/hove/racecard/515601
2026-09-09,Hove,14:41,1,Romantic Richy,515602,Sporting Life,https://www.sportinglife.com/greyhounds/racecards/2026-09-09/hove/racecard/515602
2026-09-09,Hove,14:41,2,Crohane Pearl,515602,Sporting Life,https://www.sportinglife.com/greyhounds/racecards/2026-09-09/hove/racecard/515602
2026-09-09,Hove,14:41,3,Beanos Andy,515602,Sporting Life,https://www.sportinglife.com/greyhounds/racecards/2026-09-09/hove/racecard/515602
2026-09-09,Hove,14:41,4,Stone Cold Punk,515602,Sporting Life,https://www.sportinglife.com/greyhounds/racecards/2026-09-09/hove/racecard/515602
2026-09-09,Hove,14:41,5,Drive On Annie,515602,Sporting Life,https://www.sportinglife.com/greyhounds/racecards/2026-09-09/hove/racecard/515602
2026-09-09,Hove,14:41,6,Sharp Surprise,515602,Sporting Life,https://www.sportinglife.com/greyhounds/racecards/2026-09-09/hove/racecard/515602
2026-09-09,Hove,15:01,1,Clairekeith Dexi,515603,Sporting Life,https://www.sportinglife.com/greyhounds/racecards/2026-09-09/hove/racecard/515603
2026-09-09,Hove,15:01,2,Daring Duchess,515603,Sporting Life,https://www.sportinglife.com/greyhounds/racecards/2026-09-09/hove/racecard/515603
2026-09-09,Hove,15:01,3,Fabulous Opera,515603,Sporting Life,https://www.sportinglife.com/greyhounds/racecards/2026-09-09/hove/racecard/515603
2026-09-09,Hove,15:01,4,Swift Vest,515603,Sporting Life,https://www.sportinglife.com/greyhounds/racecards/2026-09-09/hove/racecard/515603
2026-09-09,Hove,15:01,5,Montalto Ranger,515603,Sporting Life,https://www.sportinglife.com/greyhounds/racecards/2026-09-09/hove/racecard/515603
2026-09-09,Hove,15:01,6,Dawncourt Dolly,515603,Sporting Life,https://www.sportinglife.com/greyhounds/racecards/2026-09-09/hove/racecard/515603
2026-09-09,Hove,15:19,1,Spot On Amethyst,515604,Sporting Life,https://www.sportinglife.com/greyhounds/racecards/2026-09-09/hove/racecard/515604
2026-09-09,Hove,15:19,2,Charter Penny,515604,Sporting Life,https://www.sportinglife.com/greyhounds/racecards/2026-09-09/hove/racecard/515604
2026-09-09,Hove,15:19,3,Lets Go Gavin,515604,Sporting Life,https://www.sportinglife.com/greyhounds/racecards/2026-09-09/hove/racecard/515604
2026-09-09,Hove,15:19,4,Hypershock,515604,Sporting Life,https://www.sportinglife.com/greyhounds/racecards/2026-09-09/hove/racecard/515604
2026-09-09,Hove,15:19,6,Ardera Sal,515604,Sporting Life,https://www.sportinglife.com/greyhounds/racecards/2026-09-09/hove/racecard/515604
2026-09-09,Hove,15:38,1,Luna Outof Orbit,515605,Sporting Life,https://www.sportinglife.com/greyhounds/racecards/2026-09-09/hove/racecard/515605
2026-09-09,Hove,15:38,2,Fatboy Stu,515605,Sporting Life,https://www.sportinglife.com/greyhounds/racecards/2026-09-09/hove/racecard/515605
2026-09-09,Hove,15:38,3,Butterbridge Lou,515605,Sporting Life,https://www.sportinglife.com/greyhounds/racecards/2026-09-09/hove/racecard/515605
2026-09-09,Hove,15:38,4,Azura Skye,515605,Sporting Life,https://www.sportinglife.com/greyhounds/racecards/2026-09-09/hove/racecard/515605
2026-09-09,Hove,15:38,5,Burrows Sonic,515605,Sporting Life,https://www.sportinglife.com/greyhounds/racecards/2026-09-09/hove/racecard/515605
2026-09-09,Hove,15:57,1,Annie Eva Afta,515606,Sporting Life,https://www.sportinglife.com/greyhounds/racecards/2026-09-09/hove/racecard/515606
2026-09-09,Hove,15:57,2,Chisem Henry,515606,Sporting Life,https://www.sportinglife.com/greyhounds/racecards/2026-09-09/hove/racecard/515606
2026-09-09,Hove,15:57,3,Punkrock Pitstop,515606,Sporting Life,https://www.sportinglife.com/greyhounds/racecards/2026-09-09/hove/racecard/515606
2026-09-09,Hove,15:57,4,Roanna Lily,515606,Sporting Life,https://www.sportinglife.com/greyhounds/racecards/2026-09-09/hove/racecard/515606
2026-09-09,Hove,15:57,5,Chisem Izzie,515606,Sporting Life,https://www.sportinglife.com/greyhounds/racecards/2026-09-09/hove/racecard/515606
2026-09-09,Hove,16:16,1,Elite Tim,515607,Sporting Life,https://www.sportinglife.com/greyhounds/racecards/2026-09-09/hove/racecard/515607
2026-09-09,Hove,16:16,2,Break Point,515607,Sporting Life,https://www.sportinglife.com/greyhounds/racecards/2026-09-09/hove/racecard/515607
2026-09-09,Hove,16:16,3,Blarney Roy,515607,Sporting Life,https://www.sportinglife.com/greyhounds/racecards/2026-09-09/hove/racecard/515607
2026-09-09,Hove,16:16,4,Avarua Herbie,515607,Sporting Life,https://www.sportinglife.com/greyhounds/racecards/2026-09-09/hove/racecard/515607
2026-09-09,Hove,16:16,6,Seomra Benji,515607,Sporting Life,https://www.sportinglife.com/greyhounds/racecards/2026-09-09/hove/racecard/515607
2026-09-09,Hove,16:34,1,Jacktavern Smash,515608,Sporting Life,https://www.sportinglife.com/greyhounds/racecards/2026-09-09/hove/racecard/515608
2026-09-09,Hove,16:34,2,Solid Cyril,515608,Sporting Life,https://www.sportinglife.com/greyhounds/racecards/2026-09-09/hove/racecard/515608
2026-09-09,Hove,16:34,3,Paddyjoes Loch,515608,Sporting Life,https://www.sportinglife.com/greyhounds/racecards/2026-09-09/hove/racecard/515608
2026-09-09,Hove,16:34,4,Kamikaze Star,515608,Sporting Life,https://www.sportinglife.com/greyhounds/racecards/2026-09-09/hove/racecard/515608
2026-09-09,Hove,16:34,5,Signet Cooper,515608,Sporting Life,https://www.sportinglife.com/greyhounds/racecards/2026-09-09/hove/racecard/515608
2026-09-09,Hove,16:34,6,Flyers Geezer,515608,Sporting Life,https://www.sportinglife.com/greyhounds/racecards/2026-09-09/hove/racecard/515608
2026-09-09,Hove,16:53,1,Spotondelilarose,515609,Sporting Life,https://www.sportinglife.com/greyhounds/racecards/2026-09-09/hove/racecard/515609
2026-09-09,Hove,16:53,2,Believe You Can,515609,Sporting Life,https://www.sportinglife.com/greyhounds/racecards/2026-09-09/hove/racecard/515609
2026-09-09,Hove,16:53,3,Aviendha,515609,Sporting Life,https://www.sportinglife.com/greyhounds/racecards/2026-09-09/hove/racecard/515609
2026-09-09,Hove,16:53,4,Punk Rock Puff,515609,Sporting Life,https://www.sportinglife.com/greyhounds/racecards/2026-09-09/hove/racecard/515609
2026-09-09,Hove,16:53,5,Stormy Bluey,515609,Sporting Life,https://www.sportinglife.com/greyhounds/racecards/2026-09-09/hove/racecard/515609
2026-09-09,Hove,17:12,1,Chisem Emmy,515610,Sporting Life,https://www.sportinglife.com/greyhounds/racecards/2026-09-09/hove/racecard/515610
2026-09-09,Hove,17:12,2,Gigis Parachute,515610,Sporting Life,https://www.sportinglife.com/greyhounds/racecards/2026-09-09/hove/racecard/515610
2026-09-09,Hove,17:12,3,Broadfieldbullet,515610,Sporting Life,https://www.sportinglife.com/greyhounds/racecards/2026-09-09/hove/racecard/515610
2026-09-09,Hove,17:12,4,Mad Mouse,515610,Sporting Life,https://www.sportinglife.com/greyhounds/racecards/2026-09-09/hove/racecard/515610
2026-09-09,Hove,17:12,6,Kates Bart,515610,Sporting Life,https://www.sportinglife.com/greyhounds/racecards/2026-09-09/hove/racecard/515610
2026-09-09,Hove,17:31,1,Kerrs Alive,515611,Sporting Life,https://www.sportinglife.com/greyhounds/racecards/2026-09-09/hove/racecard/515611
2026-09-09,Hove,17:31,2,Westwind Ace,515611,Sporting Life,https://www.sportinglife.com/greyhounds/racecards/2026-09-09/hove/racecard/515611
2026-09-09,Hove,17:31,3,Montalto Glory,515611,Sporting Life,https://www.sportinglife.com/greyhounds/racecards/2026-09-09/hove/racecard/515611
2026-09-09,Hove,17:31,4,Avarua Flojo,515611,Sporting Life,https://www.sportinglife.com/greyhounds/racecards/2026-09-09/hove/racecard/515611
2026-09-09,Hove,17:31,5,Annadown Jacob,515611,Sporting Life,https://www.sportinglife.com/greyhounds/racecards/2026-09-09/hove/racecard/515611
2026-09-09,Hove,17:49,1,Ballymac Humilis,515612,Sporting Life,https://www.sportinglife.com/greyhounds/racecards/2026-09-09/hove/racecard/515612
2026-09-09,Hove,17:49,2,Chisem Toby,515612,Sporting Life,https://www.sportinglife.com/greyhounds/racecards/2026-09-09/hove/racecard/515612
2026-09-09,Hove,17:49,3,Elite Rose,515612,Sporting Life,https://www.sportinglife.com/greyhounds/racecards/2026-09-09/hove/racecard/515612
2026-09-09,Hove,17:49,4,Ferryforth Zara,515612,Sporting Life,https://www.sportinglife.com/greyhounds/racecards/2026-09-09/hove/racecard/515612
2026-09-09,Hove,17:49,5,Sly Ash,515612,Sporting Life,https://www.sportinglife.com/greyhounds/racecards/2026-09-09/hove/racecard/515612
2026-09-09,Hove,17:49,6,Coppice Connie,515612,Sporting Life,https://www.sportinglife.com/greyhounds/racecards/2026-09-09/hove/racecard/515612
2026-09-09,Kinsley,11:14,1,Ninja Berkley,515519,Sporting Life,https://www.sportinglife.com/greyhounds/racecards/2026-09-09/kinsley/racecard/515519
2026-09-09,Kinsley,11:14,2,Hazelgrove Dusk,515519,Sporting Life,https://www.sportinglife.com/greyhounds/racecards/2026-09-09/kinsley/racecard/515519
2026-09-09,Kinsley,11:14,3,Mineola Topman,515519,Sporting Life,https://www.sportinglife.com/greyhounds/racecards/2026-09-09/kinsley/racecard/515519
2026-09-09,Kinsley,11:14,4,Holborn Betty,515519,Sporting Life,https://www.sportinglife.com/greyhounds/racecards/2026-09-09/kinsley/racecard/515519
2026-09-09,Kinsley,11:14,5,Killieford Negri,515519,Sporting Life,https://www.sportinglife.com/greyhounds/racecards/2026-09-09/kinsley/racecard/515519
2026-09-09,Kinsley,11:14,6,Ballyroe Bach,515519,Sporting Life,https://www.sportinglife.com/greyhounds/racecards/2026-09-09/kinsley/racecard/515519
2026-09-09,Kinsley,11:30,1,Monadreen Joy,515520,Sporting Life,https://www.sportinglife.com/greyhounds/racecards/2026-09-09/kinsley/racecard/515520
2026-09-09,Kinsley,11:30,2,Blueview Sugger,515520,Sporting Life,https://www.sportinglife.com/greyhounds/racecards/2026-09-09/kinsley/racecard/515520
2026-09-09,Kinsley,11:30,3,Eagles Magic,515520,Sporting Life,https://www.sportinglife.com/greyhounds/racecards/2026-09-09/kinsley/racecard/515520
2026-09-09,Kinsley,11:30,4,How Ya Fixed,515520,Sporting Life,https://www.sportinglife.com/greyhounds/racecards/2026-09-09/kinsley/racecard/515520
2026-09-09,Kinsley,11:30,5,Seven Oclock Bob,515520,Sporting Life,https://www.sportinglife.com/greyhounds/racecards/2026-09-09/kinsley/racecard/515520
2026-09-09,Kinsley,11:46,1,Mohican Yoshi,515521,Sporting Life,https://www.sportinglife.com/greyhounds/racecards/2026-09-09/kinsley/racecard/515521
2026-09-09,Kinsley,11:46,2,Listen Nelly,515521,Sporting Life,https://www.sportinglife.com/greyhounds/racecards/2026-09-09/kinsley/racecard/515521
2026-09-09,Kinsley,11:46,3,Shady Della,515521,Sporting Life,https://www.sportinglife.com/greyhounds/racecards/2026-09-09/kinsley/racecard/515521
2026-09-09,Kinsley,11:46,4,Clay Kimey,515521,Sporting Life,https://www.sportinglife.com/greyhounds/racecards/2026-09-09/kinsley/racecard/515521
2026-09-09,Kinsley,11:46,5,Black Albatross,515521,Sporting Life,https://www.sportinglife.com/greyhounds/racecards/2026-09-09/kinsley/racecard/515521
2026-09-09,Kinsley,11:46,6,Crystal Aurora,515521,Sporting Life,https://www.sportinglife.com/greyhounds/racecards/2026-09-09/kinsley/racecard/515521
2026-09-09,Kinsley,12:03,1,Kilara Theo,515522,Sporting Life,https://www.sportinglife.com/greyhounds/racecards/2026-09-09/kinsley/racecard/515522
2026-09-09,Kinsley,12:03,2,Crystal Ray,515522,Sporting Life,https://www.sportinglife.com/greyhounds/racecards/2026-09-09/kinsley/racecard/515522
2026-09-09,Kinsley,12:03,4,A Lucky Honda,515522,Sporting Life,https://www.sportinglife.com/greyhounds/racecards/2026-09-09/kinsley/racecard/515522
2026-09-09,Kinsley,12:03,5,Coola Vega,515522,Sporting Life,https://www.sportinglife.com/greyhounds/racecards/2026-09-09/kinsley/racecard/515522
2026-09-09,Kinsley,12:03,6,Backscratcher,515522,Sporting Life,https://www.sportinglife.com/greyhounds/racecards/2026-09-09/kinsley/racecard/515522
2026-09-09,Kinsley,12:20,1,Crystal Henry,515523,Sporting Life,https://www.sportinglife.com/greyhounds/racecards/2026-09-09/kinsley/racecard/515523
2026-09-09,Kinsley,12:20,2,Hazelgrove Flash,515523,Sporting Life,https://www.sportinglife.com/greyhounds/racecards/2026-09-09/kinsley/racecard/515523
2026-09-09,Kinsley,12:20,3,Ballymac Beau,515523,Sporting Life,https://www.sportinglife.com/greyhounds/racecards/2026-09-09/kinsley/racecard/515523
2026-09-09,Kinsley,12:20,4,Meenagh Medina,515523,Sporting Life,https://www.sportinglife.com/greyhounds/racecards/2026-09-09/kinsley/racecard/515523
2026-09-09,Kinsley,12:20,6,Fleetwood Robbie,515523,Sporting Life,https://www.sportinglife.com/greyhounds/racecards/2026-09-09/kinsley/racecard/515523
2026-09-09,Kinsley,12:37,1,Highview Dance,515524,Sporting Life,https://www.sportinglife.com/greyhounds/racecards/2026-09-09/kinsley/racecard/515524
2026-09-09,Kinsley,12:37,2,Crossfield Reba,515524,Sporting Life,https://www.sportinglife.com/greyhounds/racecards/2026-09-09/kinsley/racecard/515524
2026-09-09,Kinsley,12:37,3,Castlerock Cash,515524,Sporting Life,https://www.sportinglife.com/greyhounds/racecards/2026-09-09/kinsley/racecard/515524
2026-09-09,Kinsley,12:37,5,Julies Treat,515524,Sporting Life,https://www.sportinglife.com/greyhounds/racecards/2026-09-09/kinsley/racecard/515524
2026-09-09,Kinsley,12:37,6,Swift Ecology,515524,Sporting Life,https://www.sportinglife.com/greyhounds/racecards/2026-09-09/kinsley/racecard/515524
2026-09-09,Kinsley,12:53,1,Tonagha Chancer,515525,Sporting Life,https://www.sportinglife.com/greyhounds/racecards/2026-09-09/kinsley/racecard/515525
2026-09-09,Kinsley,12:53,2,Golan Zoe,515525,Sporting Life,https://www.sportinglife.com/greyhounds/racecards/2026-09-09/kinsley/racecard/515525
2026-09-09,Kinsley,12:53,4,Alno Rose,515525,Sporting Life,https://www.sportinglife.com/greyhounds/racecards/2026-09-09/kinsley/racecard/515525
2026-09-09,Kinsley,12:53,5,Bells Meadow,515525,Sporting Life,https://www.sportinglife.com/greyhounds/racecards/2026-09-09/kinsley/racecard/515525
2026-09-09,Kinsley,12:53,6,Alno Duke,515525,Sporting Life,https://www.sportinglife.com/greyhounds/racecards/2026-09-09/kinsley/racecard/515525
2026-09-09,Kinsley,13:11,1,Treamanagh Star,515526,Sporting Life,https://www.sportinglife.com/greyhounds/racecards/2026-09-09/kinsley/racecard/515526
2026-09-09,Kinsley,13:11,2,Snazzy Roadwheel,515526,Sporting Life,https://www.sportinglife.com/greyhounds/racecards/2026-09-09/kinsley/racecard/515526
2026-09-09,Kinsley,13:11,3,Carra Em,515526,Sporting Life,https://www.sportinglife.com/greyhounds/racecards/2026-09-09/kinsley/racecard/515526
2026-09-09,Kinsley,13:11,4,Thanksforthehelp,515526,Sporting Life,https://www.sportinglife.com/greyhounds/racecards/2026-09-09/kinsley/racecard/515526
2026-09-09,Kinsley,13:11,5,Mandeville Mist,515526,Sporting Life,https://www.sportinglife.com/greyhounds/racecards/2026-09-09/kinsley/racecard/515526
2026-09-09,Kinsley,13:11,6,Polyphenols,515526,Sporting Life,https://www.sportinglife.com/greyhounds/racecards/2026-09-09/kinsley/racecard/515526
2026-09-09,Kinsley,13:26,1,Baybush Rush,515527,Sporting Life,https://www.sportinglife.com/greyhounds/racecards/2026-09-09/kinsley/racecard/515527
2026-09-09,Kinsley,13:26,2,Cagey Betty,515527,Sporting Life,https://www.sportinglife.com/greyhounds/racecards/2026-09-09/kinsley/racecard/515527
2026-09-09,Kinsley,13:26,3,Legendary Queen,515527,Sporting Life,https://www.sportinglife.com/greyhounds/racecards/2026-09-09/kinsley/racecard/515527
2026-09-09,Kinsley,13:26,4,Deecee Alpha,515527,Sporting Life,https://www.sportinglife.com/greyhounds/racecards/2026-09-09/kinsley/racecard/515527
2026-09-09,Kinsley,13:26,5,Crystal Dakota,515527,Sporting Life,https://www.sportinglife.com/greyhounds/racecards/2026-09-09/kinsley/racecard/515527
2026-09-09,Kinsley,13:26,6,Inclement Magic,515527,Sporting Life,https://www.sportinglife.com/greyhounds/racecards/2026-09-09/kinsley/racecard/515527
2026-09-09,Kinsley,13:41,1,Treanmanagh Ruby,515528,Sporting Life,https://www.sportinglife.com/greyhounds/racecards/2026-09-09/kinsley/racecard/515528
2026-09-09,Kinsley,13:41,3,Scorching Desert,515528,Sporting Life,https://www.sportinglife.com/greyhounds/racecards/2026-09-09/kinsley/racecard/515528
2026-09-09,Kinsley,13:41,4,Drombeg Daisy,515528,Sporting Life,https://www.sportinglife.com/greyhounds/racecards/2026-09-09/kinsley/racecard/515528
2026-09-09,Kinsley,13:41,5,Highview Roots,515528,Sporting Life,https://www.sportinglife.com/greyhounds/racecards/2026-09-09/kinsley/racecard/515528
2026-09-09,Kinsley,13:41,6,Cactus Closedown,515528,Sporting Life,https://www.sportinglife.com/greyhounds/racecards/2026-09-09/kinsley/racecard/515528
2026-09-09,Kinsley,13:58,1,Star Strand,515529,Sporting Life,https://www.sportinglife.com/greyhounds/racecards/2026-09-09/kinsley/racecard/515529
2026-09-09,Kinsley,13:58,2,Step Junior,515529,Sporting Life,https://www.sportinglife.com/greyhounds/racecards/2026-09-09/kinsley/racecard/515529
2026-09-09,Kinsley,13:58,3,Golan Hazel,515529,Sporting Life,https://www.sportinglife.com/greyhounds/racecards/2026-09-09/kinsley/racecard/515529
2026-09-09,Kinsley,13:58,4,Jennyontheblock,515529,Sporting Life,https://www.sportinglife.com/greyhounds/racecards/2026-09-09/kinsley/racecard/515529
2026-09-09,Kinsley,13:58,5,Sporting Buchan,515529,Sporting Life,https://www.sportinglife.com/greyhounds/racecards/2026-09-09/kinsley/racecard/515529
2026-09-09,Kinsley,13:58,6,Hazelgrove Amani,515529,Sporting Life,https://www.sportinglife.com/greyhounds/racecards/2026-09-09/kinsley/racecard/515529
2026-09-09,Kinsley,14:14,1,Disco Kate,515530,Sporting Life,https://www.sportinglife.com/greyhounds/racecards/2026-09-09/kinsley/racecard/515530
2026-09-09,Kinsley,14:14,2,Disengage,515530,Sporting Life,https://www.sportinglife.com/greyhounds/racecards/2026-09-09/kinsley/racecard/515530
2026-09-09,Kinsley,14:14,4,Deelish Lucy,515530,Sporting Life,https://www.sportinglife.com/greyhounds/racecards/2026-09-09/kinsley/racecard/515530
2026-09-09,Kinsley,14:14,5,Toems Diva,515530,Sporting Life,https://www.sportinglife.com/greyhounds/racecards/2026-09-09/kinsley/racecard/515530
2026-09-09,Kinsley,14:14,6,Step The Beat,515530,Sporting Life,https://www.sportinglife.com/greyhounds/racecards/2026-09-09/kinsley/racecard/515530
2026-09-09,Monmore,11:03,1,Record Legacy,515589,Sporting Life,https://www.sportinglife.com/greyhounds/racecards/2026-09-09/monmore/racecard/515589
2026-09-09,Monmore,11:03,2,Aero Sizzler,515589,Sporting Life,https://www.sportinglife.com/greyhounds/racecards/2026-09-09/monmore/racecard/515589
2026-09-09,Monmore,11:03,3,Winterfield Rain,515589,Sporting Life,https://www.sportinglife.com/greyhounds/racecards/2026-09-09/monmore/racecard/515589
2026-09-09,Monmore,11:03,4,Mags Bolger,515589,Sporting Life,https://www.sportinglife.com/greyhounds/racecards/2026-09-09/monmore/racecard/515589
2026-09-09,Monmore,11:03,5,Butterbean,515589,Sporting Life,https://www.sportinglife.com/greyhounds/racecards/2026-09-09/monmore/racecard/515589
2026-09-09,Monmore,11:03,6,Yama King,515589,Sporting Life,https://www.sportinglife.com/greyhounds/racecards/2026-09-09/monmore/racecard/515589
2026-09-09,Monmore,11:19,1,Shes Back,515590,Sporting Life,https://www.sportinglife.com/greyhounds/racecards/2026-09-09/monmore/racecard/515590
2026-09-09,Monmore,11:19,2,Florican Gem,515590,Sporting Life,https://www.sportinglife.com/greyhounds/racecards/2026-09-09/monmore/racecard/515590
2026-09-09,Monmore,11:19,3,Blarney Castle,515590,Sporting Life,https://www.sportinglife.com/greyhounds/racecards/2026-09-09/monmore/racecard/515590
2026-09-09,Monmore,11:19,4,Winterfield Boom,515590,Sporting Life,https://www.sportinglife.com/greyhounds/racecards/2026-09-09/monmore/racecard/515590
2026-09-09,Monmore,11:19,5,Winterfield Rosa,515590,Sporting Life,https://www.sportinglife.com/greyhounds/racecards/2026-09-09/monmore/racecard/515590
2026-09-09,Monmore,11:19,6,Droopys Vanity,515590,Sporting Life,https://www.sportinglife.com/greyhounds/racecards/2026-09-09/monmore/racecard/515590
2026-09-09,Monmore,11:36,1,Denton Girl,515591,Sporting Life,https://www.sportinglife.com/greyhounds/racecards/2026-09-09/monmore/racecard/515591
2026-09-09,Monmore,11:36,2,Epic Susie,515591,Sporting Life,https://www.sportinglife.com/greyhounds/racecards/2026-09-09/monmore/racecard/515591
2026-09-09,Monmore,11:36,3,Vixons Cruise,515591,Sporting Life,https://www.sportinglife.com/greyhounds/racecards/2026-09-09/monmore/racecard/515591
2026-09-09,Monmore,11:36,4,Winterfield Bear,515591,Sporting Life,https://www.sportinglife.com/greyhounds/racecards/2026-09-09/monmore/racecard/515591
2026-09-09,Monmore,11:36,5,Jayjays Ace,515591,Sporting Life,https://www.sportinglife.com/greyhounds/racecards/2026-09-09/monmore/racecard/515591
2026-09-09,Monmore,11:36,6,Longacres Noah,515591,Sporting Life,https://www.sportinglife.com/greyhounds/racecards/2026-09-09/monmore/racecard/515591
2026-09-09,Monmore,11:52,1,Noduff Venetian,515592,Sporting Life,https://www.sportinglife.com/greyhounds/racecards/2026-09-09/monmore/racecard/515592
2026-09-09,Monmore,11:52,2,Deelish Jerry,515592,Sporting Life,https://www.sportinglife.com/greyhounds/racecards/2026-09-09/monmore/racecard/515592
2026-09-09,Monmore,11:52,3,Blue Jazz,515592,Sporting Life,https://www.sportinglife.com/greyhounds/racecards/2026-09-09/monmore/racecard/515592
2026-09-09,Monmore,11:52,4,Remorseful Day,515592,Sporting Life,https://www.sportinglife.com/greyhounds/racecards/2026-09-09/monmore/racecard/515592
2026-09-09,Monmore,11:52,5,Winterfield Star,515592,Sporting Life,https://www.sportinglife.com/greyhounds/racecards/2026-09-09/monmore/racecard/515592
2026-09-09,Monmore,11:52,6,Betrayl,515592,Sporting Life,https://www.sportinglife.com/greyhounds/racecards/2026-09-09/monmore/racecard/515592
2026-09-09,Monmore,12:09,1,Tromora Finn,515593,Sporting Life,https://www.sportinglife.com/greyhounds/racecards/2026-09-09/monmore/racecard/515593
2026-09-09,Monmore,12:09,2,Vixons Salute,515593,Sporting Life,https://www.sportinglife.com/greyhounds/racecards/2026-09-09/monmore/racecard/515593
2026-09-09,Monmore,12:09,3,Whisky Knight,515593,Sporting Life,https://www.sportinglife.com/greyhounds/racecards/2026-09-09/monmore/racecard/515593
2026-09-09,Monmore,12:09,4,Tullymurry Otto,515593,Sporting Life,https://www.sportinglife.com/greyhounds/racecards/2026-09-09/monmore/racecard/515593
2026-09-09,Monmore,12:09,5,Pennys Shadow,515593,Sporting Life,https://www.sportinglife.com/greyhounds/racecards/2026-09-09/monmore/racecard/515593
2026-09-09,Monmore,12:09,6,Soap Box Surfer,515593,Sporting Life,https://www.sportinglife.com/greyhounds/racecards/2026-09-09/monmore/racecard/515593
2026-09-09,Monmore,12:26,1,Good Luna,515594,Sporting Life,https://www.sportinglife.com/greyhounds/racecards/2026-09-09/monmore/racecard/515594
2026-09-09,Monmore,12:26,2,Aero Greatest,515594,Sporting Life,https://www.sportinglife.com/greyhounds/racecards/2026-09-09/monmore/racecard/515594
2026-09-09,Monmore,12:26,3,Droopys Nibble,515594,Sporting Life,https://www.sportinglife.com/greyhounds/racecards/2026-09-09/monmore/racecard/515594
2026-09-09,Monmore,12:26,4,Tromora Spice,515594,Sporting Life,https://www.sportinglife.com/greyhounds/racecards/2026-09-09/monmore/racecard/515594
2026-09-09,Monmore,12:26,5,Aero Maisie,515594,Sporting Life,https://www.sportinglife.com/greyhounds/racecards/2026-09-09/monmore/racecard/515594
2026-09-09,Monmore,12:26,6,Longacres Creed,515594,Sporting Life,https://www.sportinglife.com/greyhounds/racecards/2026-09-09/monmore/racecard/515594
2026-09-09,Monmore,12:42,1,Ballyhealy Star,515595,Sporting Life,https://www.sportinglife.com/greyhounds/racecards/2026-09-09/monmore/racecard/515595
2026-09-09,Monmore,12:42,2,Hi Cara,515595,Sporting Life,https://www.sportinglife.com/greyhounds/racecards/2026-09-09/monmore/racecard/515595
2026-09-09,Monmore,12:42,3,Magical Be Lucky,515595,Sporting Life,https://www.sportinglife.com/greyhounds/racecards/2026-09-09/monmore/racecard/515595
2026-09-09,Monmore,12:42,4,Beatties Lena,515595,Sporting Life,https://www.sportinglife.com/greyhounds/racecards/2026-09-09/monmore/racecard/515595
2026-09-09,Monmore,12:42,5,Magical Sparkle,515595,Sporting Life,https://www.sportinglife.com/greyhounds/racecards/2026-09-09/monmore/racecard/515595
2026-09-09,Monmore,12:42,6,Aero Whisper,515595,Sporting Life,https://www.sportinglife.com/greyhounds/racecards/2026-09-09/monmore/racecard/515595
2026-09-09,Monmore,12:59,1,Longacres Senna,515596,Sporting Life,https://www.sportinglife.com/greyhounds/racecards/2026-09-09/monmore/racecard/515596
2026-09-09,Monmore,12:59,2,Winterfield Bro,515596,Sporting Life,https://www.sportinglife.com/greyhounds/racecards/2026-09-09/monmore/racecard/515596
2026-09-09,Monmore,12:59,3,Shebas Comet,515596,Sporting Life,https://www.sportinglife.com/greyhounds/racecards/2026-09-09/monmore/racecard/515596
2026-09-09,Monmore,12:59,4,Whats Up Mac,515596,Sporting Life,https://www.sportinglife.com/greyhounds/racecards/2026-09-09/monmore/racecard/515596
2026-09-09,Monmore,12:59,5,Kinaffe Star,515596,Sporting Life,https://www.sportinglife.com/greyhounds/racecards/2026-09-09/monmore/racecard/515596
2026-09-09,Monmore,12:59,6,Chilledout Chick,515596,Sporting Life,https://www.sportinglife.com/greyhounds/racecards/2026-09-09/monmore/racecard/515596
2026-09-09,Monmore,13:16,1,Aero Euphoria,515597,Sporting Life,https://www.sportinglife.com/greyhounds/racecards/2026-09-09/monmore/racecard/515597
2026-09-09,Monmore,13:16,2,Cashen Pogacha,515597,Sporting Life,https://www.sportinglife.com/greyhounds/racecards/2026-09-09/monmore/racecard/515597
2026-09-09,Monmore,13:16,3,Yama Witch,515597,Sporting Life,https://www.sportinglife.com/greyhounds/racecards/2026-09-09/monmore/racecard/515597
2026-09-09,Monmore,13:16,4,Milestone Penny,515597,Sporting Life,https://www.sportinglife.com/greyhounds/racecards/2026-09-09/monmore/racecard/515597
2026-09-09,Monmore,13:16,5,Peace O Mind,515597,Sporting Life,https://www.sportinglife.com/greyhounds/racecards/2026-09-09/monmore/racecard/515597
2026-09-09,Monmore,13:16,6,Aero Superstar,515597,Sporting Life,https://www.sportinglife.com/greyhounds/racecards/2026-09-09/monmore/racecard/515597
2026-09-09,Monmore,13:31,1,Stormy Bonito,515598,Sporting Life,https://www.sportinglife.com/greyhounds/racecards/2026-09-09/monmore/racecard/515598
2026-09-09,Monmore,13:31,2,Monument Valley,515598,Sporting Life,https://www.sportinglife.com/greyhounds/racecards/2026-09-09/monmore/racecard/515598
2026-09-09,Monmore,13:31,3,Winterfield May,515598,Sporting Life,https://www.sportinglife.com/greyhounds/racecards/2026-09-09/monmore/racecard/515598
2026-09-09,Monmore,13:31,4,Love To See,515598,Sporting Life,https://www.sportinglife.com/greyhounds/racecards/2026-09-09/monmore/racecard/515598
2026-09-09,Monmore,13:31,5,Elderberry Misty,515598,Sporting Life,https://www.sportinglife.com/greyhounds/racecards/2026-09-09/monmore/racecard/515598
2026-09-09,Monmore,13:31,6,Spring Dancer,515598,Sporting Life,https://www.sportinglife.com/greyhounds/racecards/2026-09-09/monmore/racecard/515598
2026-09-09,Monmore,13:46,1,Aero Bang Bang,515599,Sporting Life,https://www.sportinglife.com/greyhounds/racecards/2026-09-09/monmore/racecard/515599
2026-09-09,Monmore,13:46,2,Aero Cindy,515599,Sporting Life,https://www.sportinglife.com/greyhounds/racecards/2026-09-09/monmore/racecard/515599
2026-09-09,Monmore,13:46,3,Cashed Irita,515599,Sporting Life,https://www.sportinglife.com/greyhounds/racecards/2026-09-09/monmore/racecard/515599
2026-09-09,Monmore,13:46,4,Westway Freedom,515599,Sporting Life,https://www.sportinglife.com/greyhounds/racecards/2026-09-09/monmore/racecard/515599
2026-09-09,Monmore,13:46,6,Boxing Friends,515599,Sporting Life,https://www.sportinglife.com/greyhounds/racecards/2026-09-09/monmore/racecard/515599
2026-09-09,Monmore,14:04,1,Aero Imagine,515600,Sporting Life,https://www.sportinglife.com/greyhounds/racecards/2026-09-09/monmore/racecard/515600
2026-09-09,Monmore,14:04,2,Newinn Sally,515600,Sporting Life,https://www.sportinglife.com/greyhounds/racecards/2026-09-09/monmore/racecard/515600
2026-09-09,Monmore,14:04,3,Whisky N Coke,515600,Sporting Life,https://www.sportinglife.com/greyhounds/racecards/2026-09-09/monmore/racecard/515600
2026-09-09,Monmore,14:04,4,Coologue Molly,515600,Sporting Life,https://www.sportinglife.com/greyhounds/racecards/2026-09-09/monmore/racecard/515600
2026-09-09,Monmore,14:04,5,Small Hours,515600,Sporting Life,https://www.sportinglife.com/greyhounds/racecards/2026-09-09/monmore/racecard/515600
2026-09-09,Monmore,14:04,6,Eagles Gift,515600,Sporting Life,https://www.sportinglife.com/greyhounds/racecards/2026-09-09/monmore/racecard/515600
2026-09-09,Newcastle,14:29,1,Tinnock Sheba,515625,Sporting Life,https://www.sportinglife.com/greyhounds/racecards/2026-09-09/newcastle/racecard/515625
2026-09-09,Newcastle,14:29,2,Iraolas The Boss,515625,Sporting Life,https://www.sportinglife.com/greyhounds/racecards/2026-09-09/newcastle/racecard/515625
2026-09-09,Newcastle,14:29,3,Millview Dake,515625,Sporting Life,https://www.sportinglife.com/greyhounds/racecards/2026-09-09/newcastle/racecard/515625
2026-09-09,Newcastle,14:29,4,Texas Queen,515625,Sporting Life,https://www.sportinglife.com/greyhounds/racecards/2026-09-09/newcastle/racecard/515625
2026-09-09,Newcastle,14:29,5,Crooks Nottofar,515625,Sporting Life,https://www.sportinglife.com/greyhounds/racecards/2026-09-09/newcastle/racecard/515625
2026-09-09,Newcastle,14:29,6,A Bit Of Ebony,515625,Sporting Life,https://www.sportinglife.com/greyhounds/racecards/2026-09-09/newcastle/racecard/515625
2026-09-09,Newcastle,14:48,1,Highview Cutie,515626,Sporting Life,https://www.sportinglife.com/greyhounds/racecards/2026-09-09/newcastle/racecard/515626
2026-09-09,Newcastle,14:48,2,Alnwick Abby,515626,Sporting Life,https://www.sportinglife.com/greyhounds/racecards/2026-09-09/newcastle/racecard/515626
2026-09-09,Newcastle,14:48,3,Isaks Onthe Kop,515626,Sporting Life,https://www.sportinglife.com/greyhounds/racecards/2026-09-09/newcastle/racecard/515626
2026-09-09,Newcastle,14:48,4,Alnwick Martyn,515626,Sporting Life,https://www.sportinglife.com/greyhounds/racecards/2026-09-09/newcastle/racecard/515626
2026-09-09,Newcastle,14:48,5,Kathys Gift,515626,Sporting Life,https://www.sportinglife.com/greyhounds/racecards/2026-09-09/newcastle/racecard/515626
2026-09-09,Newcastle,15:07,1,Hardwick Teddy,515627,Sporting Life,https://www.sportinglife.com/greyhounds/racecards/2026-09-09/newcastle/racecard/515627
2026-09-09,Newcastle,15:07,2,Toddys Vision,515627,Sporting Life,https://www.sportinglife.com/greyhounds/racecards/2026-09-09/newcastle/racecard/515627
2026-09-09,Newcastle,15:07,3,Alnwick Nidge,515627,Sporting Life,https://www.sportinglife.com/greyhounds/racecards/2026-09-09/newcastle/racecard/515627
2026-09-09,Newcastle,15:07,4,Romeo Tomatin,515627,Sporting Life,https://www.sportinglife.com/greyhounds/racecards/2026-09-09/newcastle/racecard/515627
2026-09-09,Newcastle,15:07,5,Zenith Mikmacker,515627,Sporting Life,https://www.sportinglife.com/greyhounds/racecards/2026-09-09/newcastle/racecard/515627
2026-09-09,Newcastle,15:07,6,Now Were Flyin,515627,Sporting Life,https://www.sportinglife.com/greyhounds/racecards/2026-09-09/newcastle/racecard/515627
2026-09-09,Newcastle,15:26,1,Blackhouse Silly,515628,Sporting Life,https://www.sportinglife.com/greyhounds/racecards/2026-09-09/newcastle/racecard/515628
2026-09-09,Newcastle,15:26,2,A Bit Ofa Bump,515628,Sporting Life,https://www.sportinglife.com/greyhounds/racecards/2026-09-09/newcastle/racecard/515628
2026-09-09,Newcastle,15:26,3,Canny Smiler,515628,Sporting Life,https://www.sportinglife.com/greyhounds/racecards/2026-09-09/newcastle/racecard/515628
2026-09-09,Newcastle,15:26,4,Crooks Fearghal,515628,Sporting Life,https://www.sportinglife.com/greyhounds/racecards/2026-09-09/newcastle/racecard/515628
2026-09-09,Newcastle,15:26,5,Clear Eyes,515628,Sporting Life,https://www.sportinglife.com/greyhounds/racecards/2026-09-09/newcastle/racecard/515628
2026-09-09,Newcastle,15:26,6,Fabulous Leona,515628,Sporting Life,https://www.sportinglife.com/greyhounds/racecards/2026-09-09/newcastle/racecard/515628
2026-09-09,Newcastle,15:44,1,Texas Bonnie,515629,Sporting Life,https://www.sportinglife.com/greyhounds/racecards/2026-09-09/newcastle/racecard/515629
2026-09-09,Newcastle,15:44,2,Dawncourt Storm,515629,Sporting Life,https://www.sportinglife.com/greyhounds/racecards/2026-09-09/newcastle/racecard/515629
2026-09-09,Newcastle,15:44,3,A Bit Of Trudy,515629,Sporting Life,https://www.sportinglife.com/greyhounds/racecards/2026-09-09/newcastle/racecard/515629
2026-09-09,Newcastle,15:44,4,Alnwick Nuke,515629,Sporting Life,https://www.sportinglife.com/greyhounds/racecards/2026-09-09/newcastle/racecard/515629
2026-09-09,Newcastle,15:44,5,Don Pawblo,515629,Sporting Life,https://www.sportinglife.com/greyhounds/racecards/2026-09-09/newcastle/racecard/515629
2026-09-09,Newcastle,16:03,1,Chips Ahoy,515630,Sporting Life,https://www.sportinglife.com/greyhounds/racecards/2026-09-09/newcastle/racecard/515630
2026-09-09,Newcastle,16:03,2,Stormy Mbappe,515630,Sporting Life,https://www.sportinglife.com/greyhounds/racecards/2026-09-09/newcastle/racecard/515630
2026-09-09,Newcastle,16:03,3,Chamonix,515630,Sporting Life,https://www.sportinglife.com/greyhounds/racecards/2026-09-09/newcastle/racecard/515630
2026-09-09,Newcastle,16:03,4,Hurry Up Ivy,515630,Sporting Life,https://www.sportinglife.com/greyhounds/racecards/2026-09-09/newcastle/racecard/515630
2026-09-09,Newcastle,16:03,5,Fabulous Myoki,515630,Sporting Life,https://www.sportinglife.com/greyhounds/racecards/2026-09-09/newcastle/racecard/515630
2026-09-09,Newcastle,16:03,6,A Bit Of Megan,515630,Sporting Life,https://www.sportinglife.com/greyhounds/racecards/2026-09-09/newcastle/racecard/515630
2026-09-09,Newcastle,16:22,1,Stormy Lisamarie,515631,Sporting Life,https://www.sportinglife.com/greyhounds/racecards/2026-09-09/newcastle/racecard/515631
2026-09-09,Newcastle,16:22,2,Churro,515631,Sporting Life,https://www.sportinglife.com/greyhounds/racecards/2026-09-09/newcastle/racecard/515631
2026-09-09,Newcastle,16:22,3,Blackhouse Bobby,515631,Sporting Life,https://www.sportinglife.com/greyhounds/racecards/2026-09-09/newcastle/racecard/515631
2026-09-09,Newcastle,16:22,4,Wraysbury Silver,515631,Sporting Life,https://www.sportinglife.com/greyhounds/racecards/2026-09-09/newcastle/racecard/515631
2026-09-09,Newcastle,16:22,6,Alnwick Barney,515631,Sporting Life,https://www.sportinglife.com/greyhounds/racecards/2026-09-09/newcastle/racecard/515631
2026-09-09,Newcastle,16:41,1,Coppice Cochise,515632,Sporting Life,https://www.sportinglife.com/greyhounds/racecards/2026-09-09/newcastle/racecard/515632
2026-09-09,Newcastle,16:41,2,Mos Aoibh,515632,Sporting Life,https://www.sportinglife.com/greyhounds/racecards/2026-09-09/newcastle/racecard/515632
2026-09-09,Newcastle,16:41,3,Howay Angel,515632,Sporting Life,https://www.sportinglife.com/greyhounds/racecards/2026-09-09/newcastle/racecard/515632
2026-09-09,Newcastle,16:41,4,Abit Of Silly,515632,Sporting Life,https://www.sportinglife.com/greyhounds/racecards/2026-09-09/newcastle/racecard/515632
2026-09-09,Newcastle,16:41,5,Ballycoole Maggy,515632,Sporting Life,https://www.sportinglife.com/greyhounds/racecards/2026-09-09/newcastle/racecard/515632
2026-09-09,Newcastle,16:41,6,Swift Hairy,515632,Sporting Life,https://www.sportinglife.com/greyhounds/racecards/2026-09-09/newcastle/racecard/515632
2026-09-09,Newcastle,16:59,1,Puckane Light,515633,Sporting Life,https://www.sportinglife.com/greyhounds/racecards/2026-09-09/newcastle/racecard/515633
2026-09-09,Newcastle,16:59,2,Some Might Say,515633,Sporting Life,https://www.sportinglife.com/greyhounds/racecards/2026-09-09/newcastle/racecard/515633
2026-09-09,Newcastle,16:59,3,Fern Blitz,515633,Sporting Life,https://www.sportinglife.com/greyhounds/racecards/2026-09-09/newcastle/racecard/515633
2026-09-09,Newcastle,16:59,4,Wirtz Class,515633,Sporting Life,https://www.sportinglife.com/greyhounds/racecards/2026-09-09/newcastle/racecard/515633
2026-09-09,Newcastle,16:59,5,Drombeg Nova,515633,Sporting Life,https://www.sportinglife.com/greyhounds/racecards/2026-09-09/newcastle/racecard/515633
2026-09-09,Newcastle,16:59,6,Alnwick Tina,515633,Sporting Life,https://www.sportinglife.com/greyhounds/racecards/2026-09-09/newcastle/racecard/515633
2026-09-09,Newcastle,17:18,1,Westons Skeleton,515634,Sporting Life,https://www.sportinglife.com/greyhounds/racecards/2026-09-09/newcastle/racecard/515634
2026-09-09,Newcastle,17:18,2,Sivako,515634,Sporting Life,https://www.sportinglife.com/greyhounds/racecards/2026-09-09/newcastle/racecard/515634
2026-09-09,Newcastle,17:18,3,Blackhousereggie,515634,Sporting Life,https://www.sportinglife.com/greyhounds/racecards/2026-09-09/newcastle/racecard/515634
2026-09-09,Newcastle,17:18,4,Strictly Alijaz,515634,Sporting Life,https://www.sportinglife.com/greyhounds/racecards/2026-09-09/newcastle/racecard/515634
2026-09-09,Newcastle,17:18,5,Butterbridge Top,515634,Sporting Life,https://www.sportinglife.com/greyhounds/racecards/2026-09-09/newcastle/racecard/515634
2026-09-09,Newcastle,17:18,6,Drombeg Olive,515634,Sporting Life,https://www.sportinglife.com/greyhounds/racecards/2026-09-09/newcastle/racecard/515634
2026-09-09,Newcastle,17:37,2,My Twilight Zone,515635,Sporting Life,https://www.sportinglife.com/greyhounds/racecards/2026-09-09/newcastle/racecard/515635
2026-09-09,Newcastle,17:37,3,Coolemount Crest,515635,Sporting Life,https://www.sportinglife.com/greyhounds/racecards/2026-09-09/newcastle/racecard/515635
2026-09-09,Newcastle,17:37,4,Fabulous Kimiko,515635,Sporting Life,https://www.sportinglife.com/greyhounds/racecards/2026-09-09/newcastle/racecard/515635
2026-09-09,Newcastle,17:37,5,Toddys Panther,515635,Sporting Life,https://www.sportinglife.com/greyhounds/racecards/2026-09-09/newcastle/racecard/515635
2026-09-09,Newcastle,17:37,6,Charlies Top Gun,515635,Sporting Life,https://www.sportinglife.com/greyhounds/racecards/2026-09-09/newcastle/racecard/515635
2026-09-09,Newcastle,17:56,1,Woo Hoos Hugo,515636,Sporting Life,https://www.sportinglife.com/greyhounds/racecards/2026-09-09/newcastle/racecard/515636
2026-09-09,Newcastle,17:56,2,Cals Thunder,515636,Sporting Life,https://www.sportinglife.com/greyhounds/racecards/2026-09-09/newcastle/racecard/515636
2026-09-09,Newcastle,17:56,3,Crooks Willow,515636,Sporting Life,https://www.sportinglife.com/greyhounds/racecards/2026-09-09/newcastle/racecard/515636
2026-09-09,Newcastle,17:56,4,Munoz Onthe Kop,515636,Sporting Life,https://www.sportinglife.com/greyhounds/racecards/2026-09-09/newcastle/racecard/515636
2026-09-09,Newcastle,17:56,5,Swift Leon,515636,Sporting Life,https://www.sportinglife.com/greyhounds/racecards/2026-09-09/newcastle/racecard/515636
2026-09-09,Newcastle,17:56,6,A Bit Of Paige,515636,Sporting Life,https://www.sportinglife.com/greyhounds/racecards/2026-09-09/newcastle/racecard/515636
2026-09-09,Nottingham,11:25,1,Churchill Boy,515508,Sporting Life,https://www.sportinglife.com/greyhounds/racecards/2026-09-09/nottingham/racecard/515508
2026-09-09,Nottingham,11:25,2,Monbeg Bella,515508,Sporting Life,https://www.sportinglife.com/greyhounds/racecards/2026-09-09/nottingham/racecard/515508
2026-09-09,Nottingham,11:25,3,Honour Secret,515508,Sporting Life,https://www.sportinglife.com/greyhounds/racecards/2026-09-09/nottingham/racecard/515508
2026-09-09,Nottingham,11:25,4,Noteworthy,515508,Sporting Life,https://www.sportinglife.com/greyhounds/racecards/2026-09-09/nottingham/racecard/515508
2026-09-09,Nottingham,11:25,5,Mister Fezziwig,515508,Sporting Life,https://www.sportinglife.com/greyhounds/racecards/2026-09-09/nottingham/racecard/515508
2026-09-09,Nottingham,11:25,6,Droopys Treat,515508,Sporting Life,https://www.sportinglife.com/greyhounds/racecards/2026-09-09/nottingham/racecard/515508
2026-09-09,Nottingham,11:41,1,Sudoky Zoom,515509,Sporting Life,https://www.sportinglife.com/greyhounds/racecards/2026-09-09/nottingham/racecard/515509
2026-09-09,Nottingham,11:41,2,Black River,515509,Sporting Life,https://www.sportinglife.com/greyhounds/racecards/2026-09-09/nottingham/racecard/515509
2026-09-09,Nottingham,11:41,3,Ryder Ripple,515509,Sporting Life,https://www.sportinglife.com/greyhounds/racecards/2026-09-09/nottingham/racecard/515509
2026-09-09,Nottingham,11:41,4,Westfield Bleu,515509,Sporting Life,https://www.sportinglife.com/greyhounds/racecards/2026-09-09/nottingham/racecard/515509
2026-09-09,Nottingham,11:41,5,Honour Promise,515509,Sporting Life,https://www.sportinglife.com/greyhounds/racecards/2026-09-09/nottingham/racecard/515509
2026-09-09,Nottingham,11:41,6,Wolf Woodie,515509,Sporting Life,https://www.sportinglife.com/greyhounds/racecards/2026-09-09/nottingham/racecard/515509
2026-09-09,Nottingham,11:58,1,Westfield Tigris,515510,Sporting Life,https://www.sportinglife.com/greyhounds/racecards/2026-09-09/nottingham/racecard/515510
2026-09-09,Nottingham,11:58,2,Orchid Mansory,515510,Sporting Life,https://www.sportinglife.com/greyhounds/racecards/2026-09-09/nottingham/racecard/515510
2026-09-09,Nottingham,11:58,3,Harlequin Kobe,515510,Sporting Life,https://www.sportinglife.com/greyhounds/racecards/2026-09-09/nottingham/racecard/515510
2026-09-09,Nottingham,11:58,4,Sonic Reindeer,515510,Sporting Life,https://www.sportinglife.com/greyhounds/racecards/2026-09-09/nottingham/racecard/515510
2026-09-09,Nottingham,11:58,5,Kelva Brahm,515510,Sporting Life,https://www.sportinglife.com/greyhounds/racecards/2026-09-09/nottingham/racecard/515510
2026-09-09,Nottingham,11:58,6,Round The Bend,515510,Sporting Life,https://www.sportinglife.com/greyhounds/racecards/2026-09-09/nottingham/racecard/515510
2026-09-09,Nottingham,12:14,1,Sharben Umbreon,515511,Sporting Life,https://www.sportinglife.com/greyhounds/racecards/2026-09-09/nottingham/racecard/515511
2026-09-09,Nottingham,12:14,2,Elite Max,515511,Sporting Life,https://www.sportinglife.com/greyhounds/racecards/2026-09-09/nottingham/racecard/515511
2026-09-09,Nottingham,12:14,3,Platinum Lark,515511,Sporting Life,https://www.sportinglife.com/greyhounds/racecards/2026-09-09/nottingham/racecard/515511
2026-09-09,Nottingham,12:14,4,Thats No Joke,515511,Sporting Life,https://www.sportinglife.com/greyhounds/racecards/2026-09-09/nottingham/racecard/515511
2026-09-09,Nottingham,12:14,5,Stellas Jessie,515511,Sporting Life,https://www.sportinglife.com/greyhounds/racecards/2026-09-09/nottingham/racecard/515511
2026-09-09,Nottingham,12:14,6,Honour Boomerang,515511,Sporting Life,https://www.sportinglife.com/greyhounds/racecards/2026-09-09/nottingham/racecard/515511
2026-09-09,Nottingham,12:31,1,Tromora Jenny,515512,Sporting Life,https://www.sportinglife.com/greyhounds/racecards/2026-09-09/nottingham/racecard/515512
2026-09-09,Nottingham,12:31,2,Mongys Tiger,515512,Sporting Life,https://www.sportinglife.com/greyhounds/racecards/2026-09-09/nottingham/racecard/515512
2026-09-09,Nottingham,12:31,3,Air Flyer,515512,Sporting Life,https://www.sportinglife.com/greyhounds/racecards/2026-09-09/nottingham/racecard/515512
2026-09-09,Nottingham,12:31,4,Bit View Bella,515512,Sporting Life,https://www.sportinglife.com/greyhounds/racecards/2026-09-09/nottingham/racecard/515512
2026-09-09,Nottingham,12:31,5,Phoenix River,515512,Sporting Life,https://www.sportinglife.com/greyhounds/racecards/2026-09-09/nottingham/racecard/515512
2026-09-09,Nottingham,12:48,1,New Cross Nights,515513,Sporting Life,https://www.sportinglife.com/greyhounds/racecards/2026-09-09/nottingham/racecard/515513
2026-09-09,Nottingham,12:48,2,Ballymac Argento,515513,Sporting Life,https://www.sportinglife.com/greyhounds/racecards/2026-09-09/nottingham/racecard/515513
2026-09-09,Nottingham,12:48,3,Spagbol,515513,Sporting Life,https://www.sportinglife.com/greyhounds/racecards/2026-09-09/nottingham/racecard/515513
2026-09-09,Nottingham,12:48,4,Swift Dive,515513,Sporting Life,https://www.sportinglife.com/greyhounds/racecards/2026-09-09/nottingham/racecard/515513
2026-09-09,Nottingham,12:48,5,Fercullen Champ,515513,Sporting Life,https://www.sportinglife.com/greyhounds/racecards/2026-09-09/nottingham/racecard/515513
2026-09-09,Nottingham,12:48,6,Hotshot Molly,515513,Sporting Life,https://www.sportinglife.com/greyhounds/racecards/2026-09-09/nottingham/racecard/515513
2026-09-09,Nottingham,13:06,1,Vale Bluebell,515514,Sporting Life,https://www.sportinglife.com/greyhounds/racecards/2026-09-09/nottingham/racecard/515514
2026-09-09,Nottingham,13:06,2,Springwood Penny,515514,Sporting Life,https://www.sportinglife.com/greyhounds/racecards/2026-09-09/nottingham/racecard/515514
2026-09-09,Nottingham,13:06,3,Blue Danube,515514,Sporting Life,https://www.sportinglife.com/greyhounds/racecards/2026-09-09/nottingham/racecard/515514
2026-09-09,Nottingham,13:06,4,Newinn Rosie,515514,Sporting Life,https://www.sportinglife.com/greyhounds/racecards/2026-09-09/nottingham/racecard/515514
2026-09-09,Nottingham,13:06,5,Headford Angela,515514,Sporting Life,https://www.sportinglife.com/greyhounds/racecards/2026-09-09/nottingham/racecard/515514
2026-09-09,Nottingham,13:21,1,Honour Tequila,515515,Sporting Life,https://www.sportinglife.com/greyhounds/racecards/2026-09-09/nottingham/racecard/515515
2026-09-09,Nottingham,13:21,2,Honour Messi,515515,Sporting Life,https://www.sportinglife.com/greyhounds/racecards/2026-09-09/nottingham/racecard/515515
2026-09-09,Nottingham,13:21,3,Ferryforth Mary,515515,Sporting Life,https://www.sportinglife.com/greyhounds/racecards/2026-09-09/nottingham/racecard/515515
2026-09-09,Nottingham,13:21,4,Platinum Bea,515515,Sporting Life,https://www.sportinglife.com/greyhounds/racecards/2026-09-09/nottingham/racecard/515515
2026-09-09,Nottingham,13:21,5,Spot The Loony,515515,Sporting Life,https://www.sportinglife.com/greyhounds/racecards/2026-09-09/nottingham/racecard/515515
2026-09-09,Nottingham,13:21,6,Blackfriars Gold,515515,Sporting Life,https://www.sportinglife.com/greyhounds/racecards/2026-09-09/nottingham/racecard/515515
2026-09-09,Nottingham,13:36,1,Honour Malibu,515516,Sporting Life,https://www.sportinglife.com/greyhounds/racecards/2026-09-09/nottingham/racecard/515516
2026-09-09,Nottingham,13:36,2,No Luck,515516,Sporting Life,https://www.sportinglife.com/greyhounds/racecards/2026-09-09/nottingham/racecard/515516
2026-09-09,Nottingham,13:36,3,Cairo,515516,Sporting Life,https://www.sportinglife.com/greyhounds/racecards/2026-09-09/nottingham/racecard/515516
2026-09-09,Nottingham,13:36,4,Lightfoot Vogue,515516,Sporting Life,https://www.sportinglife.com/greyhounds/racecards/2026-09-09/nottingham/racecard/515516
2026-09-09,Nottingham,13:36,5,Rowington Reign,515516,Sporting Life,https://www.sportinglife.com/greyhounds/racecards/2026-09-09/nottingham/racecard/515516
2026-09-09,Nottingham,13:36,6,Piemans Fairy,515516,Sporting Life,https://www.sportinglife.com/greyhounds/racecards/2026-09-09/nottingham/racecard/515516
2026-09-09,Nottingham,13:52,1,Ballymac Selma,515517,Sporting Life,https://www.sportinglife.com/greyhounds/racecards/2026-09-09/nottingham/racecard/515517
2026-09-09,Nottingham,13:52,2,Millroad Mystery,515517,Sporting Life,https://www.sportinglife.com/greyhounds/racecards/2026-09-09/nottingham/racecard/515517
2026-09-09,Nottingham,13:52,3,Drombane Bono,515517,Sporting Life,https://www.sportinglife.com/greyhounds/racecards/2026-09-09/nottingham/racecard/515517
2026-09-09,Nottingham,13:52,4,Yoguartpotjohn,515517,Sporting Life,https://www.sportinglife.com/greyhounds/racecards/2026-09-09/nottingham/racecard/515517
2026-09-09,Nottingham,13:52,5,Alien Emma,515517,Sporting Life,https://www.sportinglife.com/greyhounds/racecards/2026-09-09/nottingham/racecard/515517
2026-09-09,Nottingham,13:52,6,Harwell Jim,515517,Sporting Life,https://www.sportinglife.com/greyhounds/racecards/2026-09-09/nottingham/racecard/515517
2026-09-09,Nottingham,14:09,1,Bonos Brother,515518,Sporting Life,https://www.sportinglife.com/greyhounds/racecards/2026-09-09/nottingham/racecard/515518
2026-09-09,Nottingham,14:09,2,Aghaburren Ben,515518,Sporting Life,https://www.sportinglife.com/greyhounds/racecards/2026-09-09/nottingham/racecard/515518
2026-09-09,Nottingham,14:09,3,Some Hiker,515518,Sporting Life,https://www.sportinglife.com/greyhounds/racecards/2026-09-09/nottingham/racecard/515518
2026-09-09,Nottingham,14:09,4,Maree Shay,515518,Sporting Life,https://www.sportinglife.com/greyhounds/racecards/2026-09-09/nottingham/racecard/515518
2026-09-09,Nottingham,14:09,5,Phoenix Cowboy,515518,Sporting Life,https://www.sportinglife.com/greyhounds/racecards/2026-09-09/nottingham/racecard/515518
2026-09-09,Romford,18:37,1,Toems Jess,515565,Sporting Life,https://www.sportinglife.com/greyhounds/racecards/2026-09-09/romford/racecard/515565
2026-09-09,Romford,18:37,2,Whitehartwinter,515565,Sporting Life,https://www.sportinglife.com/greyhounds/racecards/2026-09-09/romford/racecard/515565
2026-09-09,Romford,18:37,3,Noreason Jess,515565,Sporting Life,https://www.sportinglife.com/greyhounds/racecards/2026-09-09/romford/racecard/515565
2026-09-09,Romford,18:37,4,Fire Magic,515565,Sporting Life,https://www.sportinglife.com/greyhounds/racecards/2026-09-09/romford/racecard/515565
2026-09-09,Romford,18:37,5,Flacos Flyer,515565,Sporting Life,https://www.sportinglife.com/greyhounds/racecards/2026-09-09/romford/racecard/515565
2026-09-09,Romford,18:37,6,Blue Shine,515565,Sporting Life,https://www.sportinglife.com/greyhounds/racecards/2026-09-09/romford/racecard/515565
2026-09-09,Romford,18:53,1,Pawed And Bowled,515566,Sporting Life,https://www.sportinglife.com/greyhounds/racecards/2026-09-09/romford/racecard/515566
2026-09-09,Romford,18:53,2,Alan The First,515566,Sporting Life,https://www.sportinglife.com/greyhounds/racecards/2026-09-09/romford/racecard/515566
2026-09-09,Romford,18:53,3,My Lil Bella,515566,Sporting Life,https://www.sportinglife.com/greyhounds/racecards/2026-09-09/romford/racecard/515566
2026-09-09,Romford,18:53,4,Silvertown Blues,515566,Sporting Life,https://www.sportinglife.com/greyhounds/racecards/2026-09-09/romford/racecard/515566
2026-09-09,Romford,18:53,5,Bump N Run,515566,Sporting Life,https://www.sportinglife.com/greyhounds/racecards/2026-09-09/romford/racecard/515566
2026-09-09,Romford,18:53,6,Headford Srange,515566,Sporting Life,https://www.sportinglife.com/greyhounds/racecards/2026-09-09/romford/racecard/515566
2026-09-09,Romford,19:11,1,Bonfire Bullet,515567,Sporting Life,https://www.sportinglife.com/greyhounds/racecards/2026-09-09/romford/racecard/515567
2026-09-09,Romford,19:11,2,Ballymac Suntan,515567,Sporting Life,https://www.sportinglife.com/greyhounds/racecards/2026-09-09/romford/racecard/515567
2026-09-09,Romford,19:11,3,Hollywood Bullet,515567,Sporting Life,https://www.sportinglife.com/greyhounds/racecards/2026-09-09/romford/racecard/515567
2026-09-09,Romford,19:11,4,Hams Twin Turbo,515567,Sporting Life,https://www.sportinglife.com/greyhounds/racecards/2026-09-09/romford/racecard/515567
2026-09-09,Romford,19:11,5,MOST READ,515567,Sporting Life,https://www.sportinglife.com/greyhounds/racecards/2026-09-09/romford/racecard/515567
2026-09-09,Romford,19:11,6,Union Bandit,515567,Sporting Life,https://www.sportinglife.com/greyhounds/racecards/2026-09-09/romford/racecard/515567
2026-09-09,Romford,19:27,1,Young Sienna,515568,Sporting Life,https://www.sportinglife.com/greyhounds/racecards/2026-09-09/romford/racecard/515568
2026-09-09,Romford,19:27,2,Joescourtsad,515568,Sporting Life,https://www.sportinglife.com/greyhounds/racecards/2026-09-09/romford/racecard/515568
2026-09-09,Romford,19:27,3,Long Parrott,515568,Sporting Life,https://www.sportinglife.com/greyhounds/racecards/2026-09-09/romford/racecard/515568
2026-09-09,Romford,19:27,4,Easy Anna,515568,Sporting Life,https://www.sportinglife.com/greyhounds/racecards/2026-09-09/romford/racecard/515568
2026-09-09,Romford,19:27,6,Bowmers King,515568,Sporting Life,https://www.sportinglife.com/greyhounds/racecards/2026-09-09/romford/racecard/515568
2026-09-09,Romford,19:44,1,Orange Camilla,515569,Sporting Life,https://www.sportinglife.com/greyhounds/racecards/2026-09-09/romford/racecard/515569
2026-09-09,Romford,19:44,2,Velvet Murillo,515569,Sporting Life,https://www.sportinglife.com/greyhounds/racecards/2026-09-09/romford/racecard/515569
2026-09-09,Romford,19:44,3,My Little Olive,515569,Sporting Life,https://www.sportinglife.com/greyhounds/racecards/2026-09-09/romford/racecard/515569
2026-09-09,Romford,19:44,4,Yahoo Aoife,515569,Sporting Life,https://www.sportinglife.com/greyhounds/racecards/2026-09-09/romford/racecard/515569
2026-09-09,Romford,19:44,5,Kingdom Tilly,515569,Sporting Life,https://www.sportinglife.com/greyhounds/racecards/2026-09-09/romford/racecard/515569
2026-09-09,Romford,20:01,1,Whizzy Dipper,515570,Sporting Life,https://www.sportinglife.com/greyhounds/racecards/2026-09-09/romford/racecard/515570
2026-09-09,Romford,20:01,2,Teejays Chelms,515570,Sporting Life,https://www.sportinglife.com/greyhounds/racecards/2026-09-09/romford/racecard/515570
2026-09-09,Romford,20:01,3,Bacon Frazzles,515570,Sporting Life,https://www.sportinglife.com/greyhounds/racecards/2026-09-09/romford/racecard/515570
2026-09-09,Romford,20:01,4,Aint Bothered,515570,Sporting Life,https://www.sportinglife.com/greyhounds/racecards/2026-09-09/romford/racecard/515570
2026-09-09,Romford,20:01,5,Rapido Louise,515570,Sporting Life,https://www.sportinglife.com/greyhounds/racecards/2026-09-09/romford/racecard/515570
2026-09-09,Romford,20:19,1,Jeopardy Jedi,515571,Sporting Life,https://www.sportinglife.com/greyhounds/racecards/2026-09-09/romford/racecard/515571
2026-09-09,Romford,20:19,2,Zenith Angel,515571,Sporting Life,https://www.sportinglife.com/greyhounds/racecards/2026-09-09/romford/racecard/515571
2026-09-09,Romford,20:19,3,Ballybreen Rose,515571,Sporting Life,https://www.sportinglife.com/greyhounds/racecards/2026-09-09/romford/racecard/515571
2026-09-09,Romford,20:19,4,My Storm Libby,515571,Sporting Life,https://www.sportinglife.com/greyhounds/racecards/2026-09-09/romford/racecard/515571
2026-09-09,Romford,20:19,6,Four Votes,515571,Sporting Life,https://www.sportinglife.com/greyhounds/racecards/2026-09-09/romford/racecard/515571
2026-09-09,Romford,20:36,1,Badminton Treaty,515572,Sporting Life,https://www.sportinglife.com/greyhounds/racecards/2026-09-09/romford/racecard/515572
2026-09-09,Romford,20:36,2,Scooby Amethyst,515572,Sporting Life,https://www.sportinglife.com/greyhounds/racecards/2026-09-09/romford/racecard/515572
2026-09-09,Romford,20:36,3,Patricias Gift,515572,Sporting Life,https://www.sportinglife.com/greyhounds/racecards/2026-09-09/romford/racecard/515572
2026-09-09,Romford,20:36,4,Bombay Flash,515572,Sporting Life,https://www.sportinglife.com/greyhounds/racecards/2026-09-09/romford/racecard/515572
2026-09-09,Romford,20:36,5,Yahoo Poppy,515572,Sporting Life,https://www.sportinglife.com/greyhounds/racecards/2026-09-09/romford/racecard/515572
2026-09-09,Romford,20:36,6,Romantic Romeo,515572,Sporting Life,https://www.sportinglife.com/greyhounds/racecards/2026-09-09/romford/racecard/515572
2026-09-09,Romford,20:54,1,Hollywood Lilly,515573,Sporting Life,https://www.sportinglife.com/greyhounds/racecards/2026-09-09/romford/racecard/515573
2026-09-09,Romford,20:54,2,Tip Top Pinky,515573,Sporting Life,https://www.sportinglife.com/greyhounds/racecards/2026-09-09/romford/racecard/515573
2026-09-09,Romford,20:54,3,Old Fort Jiver,515573,Sporting Life,https://www.sportinglife.com/greyhounds/racecards/2026-09-09/romford/racecard/515573
2026-09-09,Romford,20:54,4,Kingdom Galaxy,515573,Sporting Life,https://www.sportinglife.com/greyhounds/racecards/2026-09-09/romford/racecard/515573
2026-09-09,Romford,20:54,5,Lavan Minstrelle,515573,Sporting Life,https://www.sportinglife.com/greyhounds/racecards/2026-09-09/romford/racecard/515573
2026-09-09,Romford,20:54,6,Blazeaway Blue,515573,Sporting Life,https://www.sportinglife.com/greyhounds/racecards/2026-09-09/romford/racecard/515573
2026-09-09,Romford,21:11,1,Gothic Doll,515574,Sporting Life,https://www.sportinglife.com/greyhounds/racecards/2026-09-09/romford/racecard/515574
2026-09-09,Romford,21:11,2,Speedy Zara,515574,Sporting Life,https://www.sportinglife.com/greyhounds/racecards/2026-09-09/romford/racecard/515574
2026-09-09,Romford,21:11,3,Thread Of Hope,515574,Sporting Life,https://www.sportinglife.com/greyhounds/racecards/2026-09-09/romford/racecard/515574
2026-09-09,Romford,21:11,4,Jacktavern Taz,515574,Sporting Life,https://www.sportinglife.com/greyhounds/racecards/2026-09-09/romford/racecard/515574
2026-09-09,Romford,21:11,6,Winning Combo,515574,Sporting Life,https://www.sportinglife.com/greyhounds/racecards/2026-09-09/romford/racecard/515574
2026-09-09,Romford,21:28,1,Hasty Halley,515575,Sporting Life,https://www.sportinglife.com/greyhounds/racecards/2026-09-09/romford/racecard/515575
2026-09-09,Romford,21:28,2,Carrick Ole,515575,Sporting Life,https://www.sportinglife.com/greyhounds/racecards/2026-09-09/romford/racecard/515575
2026-09-09,Romford,21:28,3,Ruadhans Boy,515575,Sporting Life,https://www.sportinglife.com/greyhounds/racecards/2026-09-09/romford/racecard/515575
2026-09-09,Romford,21:28,4,Newtown Champ,515575,Sporting Life,https://www.sportinglife.com/greyhounds/racecards/2026-09-09/romford/racecard/515575
2026-09-09,Romford,21:28,5,Coolanga Junior,515575,Sporting Life,https://www.sportinglife.com/greyhounds/racecards/2026-09-09/romford/racecard/515575
2026-09-09,Romford,21:46,1,Velvet Kaela,515576,Sporting Life,https://www.sportinglife.com/greyhounds/racecards/2026-09-09/romford/racecard/515576
2026-09-09,Romford,21:46,2,Thirtyapop,515576,Sporting Life,https://www.sportinglife.com/greyhounds/racecards/2026-09-09/romford/racecard/515576
2026-09-09,Romford,21:46,3,Keeperhill Vikki,515576,Sporting Life,https://www.sportinglife.com/greyhounds/racecards/2026-09-09/romford/racecard/515576
2026-09-09,Romford,21:46,5,Seomra Miska,515576,Sporting Life,https://www.sportinglife.com/greyhounds/racecards/2026-09-09/romford/racecard/515576
2026-09-09,Romford,21:46,6,Droopys Cassia,515576,Sporting Life,https://www.sportinglife.com/greyhounds/racecards/2026-09-09/romford/racecard/515576
2026-09-09,Sunderland,14:36,1,Trumpers Calvin,515637,Sporting Life,https://www.sportinglife.com/greyhounds/racecards/2026-09-09/sunderland/racecard/515637
2026-09-09,Sunderland,14:36,2,An Gaoithe Rua,515637,Sporting Life,https://www.sportinglife.com/greyhounds/racecards/2026-09-09/sunderland/racecard/515637
2026-09-09,Sunderland,14:36,3,Dairyland Maeve,515637,Sporting Life,https://www.sportinglife.com/greyhounds/racecards/2026-09-09/sunderland/racecard/515637
2026-09-09,Sunderland,14:36,4,Hollyhill Layla,515637,Sporting Life,https://www.sportinglife.com/greyhounds/racecards/2026-09-09/sunderland/racecard/515637
2026-09-09,Sunderland,14:36,5,Autumn Meadow,515637,Sporting Life,https://www.sportinglife.com/greyhounds/racecards/2026-09-09/sunderland/racecard/515637
2026-09-09,Sunderland,14:36,6,Colrose Lady,515637,Sporting Life,https://www.sportinglife.com/greyhounds/racecards/2026-09-09/sunderland/racecard/515637
2026-09-09,Sunderland,14:54,1,Emers Noddy,515638,Sporting Life,https://www.sportinglife.com/greyhounds/racecards/2026-09-09/sunderland/racecard/515638
2026-09-09,Sunderland,14:54,3,Ballymac Deboss,515638,Sporting Life,https://www.sportinglife.com/greyhounds/racecards/2026-09-09/sunderland/racecard/515638
2026-09-09,Sunderland,14:54,4,Cloncunny Black,515638,Sporting Life,https://www.sportinglife.com/greyhounds/racecards/2026-09-09/sunderland/racecard/515638
2026-09-09,Sunderland,14:54,5,Vale Bucko,515638,Sporting Life,https://www.sportinglife.com/greyhounds/racecards/2026-09-09/sunderland/racecard/515638
2026-09-09,Sunderland,14:54,6,Frankies Lion,515638,Sporting Life,https://www.sportinglife.com/greyhounds/racecards/2026-09-09/sunderland/racecard/515638
2026-09-09,Sunderland,15:13,1,Wishful Nancy,515639,Sporting Life,https://www.sportinglife.com/greyhounds/racecards/2026-09-09/sunderland/racecard/515639
2026-09-09,Sunderland,15:13,2,Noirs Regina,515639,Sporting Life,https://www.sportinglife.com/greyhounds/racecards/2026-09-09/sunderland/racecard/515639
2026-09-09,Sunderland,15:13,3,Good Edge,515639,Sporting Life,https://www.sportinglife.com/greyhounds/racecards/2026-09-09/sunderland/racecard/515639
2026-09-09,Sunderland,15:13,4,Fruity Ninja,515639,Sporting Life,https://www.sportinglife.com/greyhounds/racecards/2026-09-09/sunderland/racecard/515639
2026-09-09,Sunderland,15:13,5,Gemmas Hope,515639,Sporting Life,https://www.sportinglife.com/greyhounds/racecards/2026-09-09/sunderland/racecard/515639
2026-09-09,Sunderland,15:13,6,Linton Reginald,515639,Sporting Life,https://www.sportinglife.com/greyhounds/racecards/2026-09-09/sunderland/racecard/515639
2026-09-09,Sunderland,15:32,1,Master Of War,515640,Sporting Life,https://www.sportinglife.com/greyhounds/racecards/2026-09-09/sunderland/racecard/515640
2026-09-09,Sunderland,15:32,2,Monroe Milo,515640,Sporting Life,https://www.sportinglife.com/greyhounds/racecards/2026-09-09/sunderland/racecard/515640
2026-09-09,Sunderland,15:32,3,Reagrove Remy,515640,Sporting Life,https://www.sportinglife.com/greyhounds/racecards/2026-09-09/sunderland/racecard/515640
2026-09-09,Sunderland,15:32,4,Skiproe Mario,515640,Sporting Life,https://www.sportinglife.com/greyhounds/racecards/2026-09-09/sunderland/racecard/515640
2026-09-09,Sunderland,15:32,5,Balrobuck Ash,515640,Sporting Life,https://www.sportinglife.com/greyhounds/racecards/2026-09-09/sunderland/racecard/515640
2026-09-09,Sunderland,15:32,6,Rising Forrest,515640,Sporting Life,https://www.sportinglife.com/greyhounds/racecards/2026-09-09/sunderland/racecard/515640
2026-09-09,Sunderland,15:51,1,Lightupthesky,515641,Sporting Life,https://www.sportinglife.com/greyhounds/racecards/2026-09-09/sunderland/racecard/515641
2026-09-09,Sunderland,15:51,2,Thors Hope,515641,Sporting Life,https://www.sportinglife.com/greyhounds/racecards/2026-09-09/sunderland/racecard/515641
2026-09-09,Sunderland,15:51,3,Marinas Ivory,515641,Sporting Life,https://www.sportinglife.com/greyhounds/racecards/2026-09-09/sunderland/racecard/515641
2026-09-09,Sunderland,15:51,4,Shelikethemother,515641,Sporting Life,https://www.sportinglife.com/greyhounds/racecards/2026-09-09/sunderland/racecard/515641
2026-09-09,Sunderland,15:51,5,Trimmer Thunder,515641,Sporting Life,https://www.sportinglife.com/greyhounds/racecards/2026-09-09/sunderland/racecard/515641
2026-09-09,Sunderland,15:51,6,Kerryroad Millie,515641,Sporting Life,https://www.sportinglife.com/greyhounds/racecards/2026-09-09/sunderland/racecard/515641
2026-09-09,Sunderland,16:09,1,Lex Luther,515642,Sporting Life,https://www.sportinglife.com/greyhounds/racecards/2026-09-09/sunderland/racecard/515642
2026-09-09,Sunderland,16:09,2,Moonveen Hijack,515642,Sporting Life,https://www.sportinglife.com/greyhounds/racecards/2026-09-09/sunderland/racecard/515642
2026-09-09,Sunderland,16:09,3,Rebel William,515642,Sporting Life,https://www.sportinglife.com/greyhounds/racecards/2026-09-09/sunderland/racecard/515642
2026-09-09,Sunderland,16:09,4,Knockduff Auz,515642,Sporting Life,https://www.sportinglife.com/greyhounds/racecards/2026-09-09/sunderland/racecard/515642
2026-09-09,Sunderland,16:09,5,Crossfield Conni,515642,Sporting Life,https://www.sportinglife.com/greyhounds/racecards/2026-09-09/sunderland/racecard/515642
2026-09-09,Sunderland,16:09,6,Statsman,515642,Sporting Life,https://www.sportinglife.com/greyhounds/racecards/2026-09-09/sunderland/racecard/515642
2026-09-09,Sunderland,16:28,1,Diamond Noelle,515643,Sporting Life,https://www.sportinglife.com/greyhounds/racecards/2026-09-09/sunderland/racecard/515643
2026-09-09,Sunderland,16:28,2,Kerabellec Neill,515643,Sporting Life,https://www.sportinglife.com/greyhounds/racecards/2026-09-09/sunderland/racecard/515643
2026-09-09,Sunderland,16:28,3,Lukes Stellar,515643,Sporting Life,https://www.sportinglife.com/greyhounds/racecards/2026-09-09/sunderland/racecard/515643
2026-09-09,Sunderland,16:28,4,Ballyquin Pedro,515643,Sporting Life,https://www.sportinglife.com/greyhounds/racecards/2026-09-09/sunderland/racecard/515643
2026-09-09,Sunderland,16:28,5,Kingdom Kid,515643,Sporting Life,https://www.sportinglife.com/greyhounds/racecards/2026-09-09/sunderland/racecard/515643
2026-09-09,Sunderland,16:28,6,Cape Quest,515643,Sporting Life,https://www.sportinglife.com/greyhounds/racecards/2026-09-09/sunderland/racecard/515643
2026-09-09,Sunderland,16:47,1,Nicoles Noir,515644,Sporting Life,https://www.sportinglife.com/greyhounds/racecards/2026-09-09/sunderland/racecard/515644
2026-09-09,Sunderland,16:47,2,Charlies Maddie,515644,Sporting Life,https://www.sportinglife.com/greyhounds/racecards/2026-09-09/sunderland/racecard/515644
2026-09-09,Sunderland,16:47,3,Burnpark Pheonix,515644,Sporting Life,https://www.sportinglife.com/greyhounds/racecards/2026-09-09/sunderland/racecard/515644
2026-09-09,Sunderland,16:47,4,Rios Mags,515644,Sporting Life,https://www.sportinglife.com/greyhounds/racecards/2026-09-09/sunderland/racecard/515644
2026-09-09,Sunderland,16:47,5,Doubtful Lizzy,515644,Sporting Life,https://www.sportinglife.com/greyhounds/racecards/2026-09-09/sunderland/racecard/515644
2026-09-09,Sunderland,16:47,6,Mikeyknowsbest,515644,Sporting Life,https://www.sportinglife.com/greyhounds/racecards/2026-09-09/sunderland/racecard/515644
2026-09-09,Sunderland,17:06,1,Cagey Nancy,515645,Sporting Life,https://www.sportinglife.com/greyhounds/racecards/2026-09-09/sunderland/racecard/515645
2026-09-09,Sunderland,17:06,2,Dellser Cassie,515645,Sporting Life,https://www.sportinglife.com/greyhounds/racecards/2026-09-09/sunderland/racecard/515645
2026-09-09,Sunderland,17:06,3,Quickstep Hoban,515645,Sporting Life,https://www.sportinglife.com/greyhounds/racecards/2026-09-09/sunderland/racecard/515645
2026-09-09,Sunderland,17:06,4,Vinegarhill Spy,515645,Sporting Life,https://www.sportinglife.com/greyhounds/racecards/2026-09-09/sunderland/racecard/515645
2026-09-09,Sunderland,17:06,5,Lazy Loo,515645,Sporting Life,https://www.sportinglife.com/greyhounds/racecards/2026-09-09/sunderland/racecard/515645
2026-09-09,Sunderland,17:06,6,Take A Risk,515645,Sporting Life,https://www.sportinglife.com/greyhounds/racecards/2026-09-09/sunderland/racecard/515645
2026-09-09,Sunderland,17:24,1,Lillybet,515646,Sporting Life,https://www.sportinglife.com/greyhounds/racecards/2026-09-09/sunderland/racecard/515646
2026-09-09,Sunderland,17:24,2,Mustang Poppy,515646,Sporting Life,https://www.sportinglife.com/greyhounds/racecards/2026-09-09/sunderland/racecard/515646
2026-09-09,Sunderland,17:24,4,Neon Drifter,515646,Sporting Life,https://www.sportinglife.com/greyhounds/racecards/2026-09-09/sunderland/racecard/515646
2026-09-09,Sunderland,17:24,5,Damn Good,515646,Sporting Life,https://www.sportinglife.com/greyhounds/racecards/2026-09-09/sunderland/racecard/515646
2026-09-09,Sunderland,17:24,6,Ozz Got It,515646,Sporting Life,https://www.sportinglife.com/greyhounds/racecards/2026-09-09/sunderland/racecard/515646
2026-09-09,Sunderland,17:43,1,Crokers Derek,515647,Sporting Life,https://www.sportinglife.com/greyhounds/racecards/2026-09-09/sunderland/racecard/515647
2026-09-09,Sunderland,17:43,2,Autumn Athlete,515647,Sporting Life,https://www.sportinglife.com/greyhounds/racecards/2026-09-09/sunderland/racecard/515647
2026-09-09,Sunderland,17:43,3,Macys Honey,515647,Sporting Life,https://www.sportinglife.com/greyhounds/racecards/2026-09-09/sunderland/racecard/515647
2026-09-09,Sunderland,17:43,4,Mallogs Gracie,515647,Sporting Life,https://www.sportinglife.com/greyhounds/racecards/2026-09-09/sunderland/racecard/515647
2026-09-09,Sunderland,17:43,5,Jacktavern Nicky,515647,Sporting Life,https://www.sportinglife.com/greyhounds/racecards/2026-09-09/sunderland/racecard/515647
2026-09-09,Sunderland,17:43,6,Greenhill Patch,515647,Sporting Life,https://www.sportinglife.com/greyhounds/racecards/2026-09-09/sunderland/racecard/515647
2026-09-09,Sunderland,18:02,1,Toonarmy Pippin,515648,Sporting Life,https://www.sportinglife.com/greyhounds/racecards/2026-09-09/sunderland/racecard/515648
2026-09-09,Sunderland,18:02,3,Blackwonderboss,515648,Sporting Life,https://www.sportinglife.com/greyhounds/racecards/2026-09-09/sunderland/racecard/515648
2026-09-09,Sunderland,18:02,4,Church St Katie,515648,Sporting Life,https://www.sportinglife.com/greyhounds/racecards/2026-09-09/sunderland/racecard/515648
2026-09-09,Sunderland,18:02,5,Timahoe Shark,515648,Sporting Life,https://www.sportinglife.com/greyhounds/racecards/2026-09-09/sunderland/racecard/515648
2026-09-09,Sunderland,18:02,6,Shalefield Azure,515648,Sporting Life,https://www.sportinglife.com/greyhounds/racecards/2026-09-09/sunderland/racecard/515648
2026-09-09,Valley,13:49,1,Afan Louie,515649,Sporting Life,https://www.sportinglife.com/greyhounds/racecards/2026-09-09/valley/racecard/515649
2026-09-09,Valley,13:49,2,Boherdota Flash,515649,Sporting Life,https://www.sportinglife.com/greyhounds/racecards/2026-09-09/valley/racecard/515649
2026-09-09,Valley,13:49,3,Crokers Emily,515649,Sporting Life,https://www.sportinglife.com/greyhounds/racecards/2026-09-09/valley/racecard/515649
2026-09-09,Valley,13:49,4,Coolree Blue,515649,Sporting Life,https://www.sportinglife.com/greyhounds/racecards/2026-09-09/valley/racecard/515649
2026-09-09,Valley,13:49,5,Runaway May,515649,Sporting Life,https://www.sportinglife.com/greyhounds/racecards/2026-09-09/valley/racecard/515649
2026-09-09,Valley,14:08,1,Crokers Lisa,515650,Sporting Life,https://www.sportinglife.com/greyhounds/racecards/2026-09-09/valley/racecard/515650
2026-09-09,Valley,14:08,2,Crokers Sun,515650,Sporting Life,https://www.sportinglife.com/greyhounds/racecards/2026-09-09/valley/racecard/515650
2026-09-09,Valley,14:08,3,No Dont Panic,515650,Sporting Life,https://www.sportinglife.com/greyhounds/racecards/2026-09-09/valley/racecard/515650
2026-09-09,Valley,14:08,4,Burkos Buster,515650,Sporting Life,https://www.sportinglife.com/greyhounds/racecards/2026-09-09/valley/racecard/515650
2026-09-09,Valley,14:08,5,Hawkfield Feral,515650,Sporting Life,https://www.sportinglife.com/greyhounds/racecards/2026-09-09/valley/racecard/515650
2026-09-09,Valley,14:08,6,Affleck Nashwan,515650,Sporting Life,https://www.sportinglife.com/greyhounds/racecards/2026-09-09/valley/racecard/515650
2026-09-09,Valley,14:26,1,Pandy Daffy,515651,Sporting Life,https://www.sportinglife.com/greyhounds/racecards/2026-09-09/valley/racecard/515651
2026-09-09,Valley,14:26,2,Sawpit Smokey,515651,Sporting Life,https://www.sportinglife.com/greyhounds/racecards/2026-09-09/valley/racecard/515651
2026-09-09,Valley,14:26,3,Sawpit Sable,515651,Sporting Life,https://www.sportinglife.com/greyhounds/racecards/2026-09-09/valley/racecard/515651
2026-09-09,Valley,14:26,4,Ballyregan Tara,515651,Sporting Life,https://www.sportinglife.com/greyhounds/racecards/2026-09-09/valley/racecard/515651
2026-09-09,Valley,14:26,5,Trionas Tangle,515651,Sporting Life,https://www.sportinglife.com/greyhounds/racecards/2026-09-09/valley/racecard/515651
2026-09-09,Valley,14:44,1,Bale Out Lucy,515652,Sporting Life,https://www.sportinglife.com/greyhounds/racecards/2026-09-09/valley/racecard/515652
2026-09-09,Valley,14:44,2,Scotrath Buck,515652,Sporting Life,https://www.sportinglife.com/greyhounds/racecards/2026-09-09/valley/racecard/515652
2026-09-09,Valley,14:44,3,Flomur Smokie,515652,Sporting Life,https://www.sportinglife.com/greyhounds/racecards/2026-09-09/valley/racecard/515652
2026-09-09,Valley,14:44,4,Vixons Nala,515652,Sporting Life,https://www.sportinglife.com/greyhounds/racecards/2026-09-09/valley/racecard/515652
2026-09-09,Valley,14:44,5,Rollover Lucy,515652,Sporting Life,https://www.sportinglife.com/greyhounds/racecards/2026-09-09/valley/racecard/515652
2026-09-09,Valley,14:44,6,Only The Future,515652,Sporting Life,https://www.sportinglife.com/greyhounds/racecards/2026-09-09/valley/racecard/515652
2026-09-09,Valley,15:03,1,Hawkfield Cassie,515653,Sporting Life,https://www.sportinglife.com/greyhounds/racecards/2026-09-09/valley/racecard/515653
2026-09-09,Valley,15:03,2,Furry Neck,515653,Sporting Life,https://www.sportinglife.com/greyhounds/racecards/2026-09-09/valley/racecard/515653
2026-09-09,Valley,15:03,3,Toems Hour,515653,Sporting Life,https://www.sportinglife.com/greyhounds/racecards/2026-09-09/valley/racecard/515653
2026-09-09,Valley,15:03,4,Roanna Smiley,515653,Sporting Life,https://www.sportinglife.com/greyhounds/racecards/2026-09-09/valley/racecard/515653
2026-09-09,Valley,15:03,5,Taxi Joe,515653,Sporting Life,https://www.sportinglife.com/greyhounds/racecards/2026-09-09/valley/racecard/515653
2026-09-09,Valley,15:03,6,Coillbhui Catchy,515653,Sporting Life,https://www.sportinglife.com/greyhounds/racecards/2026-09-09/valley/racecard/515653
2026-09-09,Valley,15:22,1,Burgess Julie,515654,Sporting Life,https://www.sportinglife.com/greyhounds/racecards/2026-09-09/valley/racecard/515654
2026-09-09,Valley,15:22,2,Billis Sniper,515654,Sporting Life,https://www.sportinglife.com/greyhounds/racecards/2026-09-09/valley/racecard/515654
2026-09-09,Valley,15:22,4,Hawkfield Beebee,515654,Sporting Life,https://www.sportinglife.com/greyhounds/racecards/2026-09-09/valley/racecard/515654
2026-09-09,Valley,15:22,5,Gavins Cake,515654,Sporting Life,https://www.sportinglife.com/greyhounds/racecards/2026-09-09/valley/racecard/515654
2026-09-09,Valley,15:22,6,Affleck Airborne,515654,Sporting Life,https://www.sportinglife.com/greyhounds/racecards/2026-09-09/valley/racecard/515654
2026-09-09,Valley,15:41,1,Spice Bag,515655,Sporting Life,https://www.sportinglife.com/greyhounds/racecards/2026-09-09/valley/racecard/515655
2026-09-09,Valley,15:41,2,Tobergal Suzanne,515655,Sporting Life,https://www.sportinglife.com/greyhounds/racecards/2026-09-09/valley/racecard/515655
2026-09-09,Valley,15:41,3,Hawkfield Tweeny,515655,Sporting Life,https://www.sportinglife.com/greyhounds/racecards/2026-09-09/valley/racecard/515655
2026-09-09,Valley,15:41,4,Knockmant Zee,515655,Sporting Life,https://www.sportinglife.com/greyhounds/racecards/2026-09-09/valley/racecard/515655
2026-09-09,Valley,15:41,5,Poker Aces,515655,Sporting Life,https://www.sportinglife.com/greyhounds/racecards/2026-09-09/valley/racecard/515655
2026-09-09,Valley,15:41,6,Livingonaprayer,515655,Sporting Life,https://www.sportinglife.com/greyhounds/racecards/2026-09-09/valley/racecard/515655
2026-09-09,Valley,15:59,1,Ballinabola Phil,515656,Sporting Life,https://www.sportinglife.com/greyhounds/racecards/2026-09-09/valley/racecard/515656
2026-09-09,Valley,15:59,2,Sawpit Stanley,515656,Sporting Life,https://www.sportinglife.com/greyhounds/racecards/2026-09-09/valley/racecard/515656
2026-09-09,Valley,15:59,3,Arrigle Buster,515656,Sporting Life,https://www.sportinglife.com/greyhounds/racecards/2026-09-09/valley/racecard/515656
2026-09-09,Valley,15:59,4,Chesters Boy,515656,Sporting Life,https://www.sportinglife.com/greyhounds/racecards/2026-09-09/valley/racecard/515656
2026-09-09,Valley,15:59,5,Kansas City Life,515656,Sporting Life,https://www.sportinglife.com/greyhounds/racecards/2026-09-09/valley/racecard/515656
2026-09-09,Valley,15:59,6,Shanbally Blues,515656,Sporting Life,https://www.sportinglife.com/greyhounds/racecards/2026-09-09/valley/racecard/515656
2026-09-09,Valley,16:18,1,Hawkfield Coco,515657,Sporting Life,https://www.sportinglife.com/greyhounds/racecards/2026-09-09/valley/racecard/515657
2026-09-09,Valley,16:18,2,Home Grainne,515657,Sporting Life,https://www.sportinglife.com/greyhounds/racecards/2026-09-09/valley/racecard/515657
2026-09-09,Valley,16:18,3,Shelone Nifty,515657,Sporting Life,https://www.sportinglife.com/greyhounds/racecards/2026-09-09/valley/racecard/515657
2026-09-09,Valley,16:18,4,Riot Co Martin,515657,Sporting Life,https://www.sportinglife.com/greyhounds/racecards/2026-09-09/valley/racecard/515657
2026-09-09,Valley,16:18,5,Crokers Wiffen,515657,Sporting Life,https://www.sportinglife.com/greyhounds/racecards/2026-09-09/valley/racecard/515657
2026-09-09,Valley,16:37,1,Sawpit Sauvignon,515658,Sporting Life,https://www.sportinglife.com/greyhounds/racecards/2026-09-09/valley/racecard/515658
2026-09-09,Valley,16:37,2,Crokers Brian,515658,Sporting Life,https://www.sportinglife.com/greyhounds/racecards/2026-09-09/valley/racecard/515658
2026-09-09,Valley,16:37,3,Crokers Pat,515658,Sporting Life,https://www.sportinglife.com/greyhounds/racecards/2026-09-09/valley/racecard/515658
2026-09-09,Valley,16:37,4,Swift Backround,515658,Sporting Life,https://www.sportinglife.com/greyhounds/racecards/2026-09-09/valley/racecard/515658
2026-09-09,Valley,16:37,5,Memories Clash,515658,Sporting Life,https://www.sportinglife.com/greyhounds/racecards/2026-09-09/valley/racecard/515658
2026-09-09,Valley,16:37,6,Crokers Ocean,515658,Sporting Life,https://www.sportinglife.com/greyhounds/racecards/2026-09-09/valley/racecard/515658
2026-09-09,Valley,16:56,1,Indian Night,515659,Sporting Life,https://www.sportinglife.com/greyhounds/racecards/2026-09-09/valley/racecard/515659
2026-09-09,Valley,16:56,2,Kilbride Daisy,515659,Sporting Life,https://www.sportinglife.com/greyhounds/racecards/2026-09-09/valley/racecard/515659
2026-09-09,Valley,16:56,3,Tobergal Denise,515659,Sporting Life,https://www.sportinglife.com/greyhounds/racecards/2026-09-09/valley/racecard/515659
2026-09-09,Valley,16:56,5,Tagalong Bucko,515659,Sporting Life,https://www.sportinglife.com/greyhounds/racecards/2026-09-09/valley/racecard/515659
2026-09-09,Valley,16:56,6,Astro Mary,515659,Sporting Life,https://www.sportinglife.com/greyhounds/racecards/2026-09-09/valley/racecard/515659
2026-09-09,Yarmouth,18:14,1,Aayamza Dreamer,515613,Sporting Life,https://www.sportinglife.com/greyhounds/racecards/2026-09-09/yarmouth/racecard/515613
2026-09-09,Yarmouth,18:14,2,Hi Ricki,515613,Sporting Life,https://www.sportinglife.com/greyhounds/racecards/2026-09-09/yarmouth/racecard/515613
2026-09-09,Yarmouth,18:14,3,Romantic Storm,515613,Sporting Life,https://www.sportinglife.com/greyhounds/racecards/2026-09-09/yarmouth/racecard/515613
2026-09-09,Yarmouth,18:14,4,Carrigoon Kali,515613,Sporting Life,https://www.sportinglife.com/greyhounds/racecards/2026-09-09/yarmouth/racecard/515613
2026-09-09,Yarmouth,18:14,5,Bluejig Designer,515613,Sporting Life,https://www.sportinglife.com/greyhounds/racecards/2026-09-09/yarmouth/racecard/515613
2026-09-09,Yarmouth,18:14,6,Kereight Fraud,515613,Sporting Life,https://www.sportinglife.com/greyhounds/racecards/2026-09-09/yarmouth/racecard/515613
2026-09-09,Yarmouth,18:31,1,Lady Gambet,515614,Sporting Life,https://www.sportinglife.com/greyhounds/racecards/2026-09-09/yarmouth/racecard/515614
2026-09-09,Yarmouth,18:31,2,Droopys Timeline,515614,Sporting Life,https://www.sportinglife.com/greyhounds/racecards/2026-09-09/yarmouth/racecard/515614
2026-09-09,Yarmouth,18:31,3,Slight Delay,515614,Sporting Life,https://www.sportinglife.com/greyhounds/racecards/2026-09-09/yarmouth/racecard/515614
2026-09-09,Yarmouth,18:31,4,Rumour Has It,515614,Sporting Life,https://www.sportinglife.com/greyhounds/racecards/2026-09-09/yarmouth/racecard/515614
2026-09-09,Yarmouth,18:31,5,Frankton Grange,515614,Sporting Life,https://www.sportinglife.com/greyhounds/racecards/2026-09-09/yarmouth/racecard/515614
2026-09-09,Yarmouth,18:31,6,Coalville Clown,515614,Sporting Life,https://www.sportinglife.com/greyhounds/racecards/2026-09-09/yarmouth/racecard/515614
2026-09-09,Yarmouth,18:48,1,Old Rival,515615,Sporting Life,https://www.sportinglife.com/greyhounds/racecards/2026-09-09/yarmouth/racecard/515615
2026-09-09,Yarmouth,18:48,2,Tommys Miss,515615,Sporting Life,https://www.sportinglife.com/greyhounds/racecards/2026-09-09/yarmouth/racecard/515615
2026-09-09,Yarmouth,18:48,3,Droopys Mamie,515615,Sporting Life,https://www.sportinglife.com/greyhounds/racecards/2026-09-09/yarmouth/racecard/515615
2026-09-09,Yarmouth,18:48,4,Attack Attack,515615,Sporting Life,https://www.sportinglife.com/greyhounds/racecards/2026-09-09/yarmouth/racecard/515615
2026-09-09,Yarmouth,18:48,5,Fastnet Freeze,515615,Sporting Life,https://www.sportinglife.com/greyhounds/racecards/2026-09-09/yarmouth/racecard/515615
2026-09-09,Yarmouth,18:48,6,A Simple Favour,515615,Sporting Life,https://www.sportinglife.com/greyhounds/racecards/2026-09-09/yarmouth/racecard/515615
2026-09-09,Yarmouth,19:06,1,Duffin Dermy,515616,Sporting Life,https://www.sportinglife.com/greyhounds/racecards/2026-09-09/yarmouth/racecard/515616
2026-09-09,Yarmouth,19:06,2,Crafty Alejandro,515616,Sporting Life,https://www.sportinglife.com/greyhounds/racecards/2026-09-09/yarmouth/racecard/515616
2026-09-09,Yarmouth,19:06,3,Nightingale Crew,515616,Sporting Life,https://www.sportinglife.com/greyhounds/racecards/2026-09-09/yarmouth/racecard/515616
2026-09-09,Yarmouth,19:06,4,Stormy Neymar,515616,Sporting Life,https://www.sportinglife.com/greyhounds/racecards/2026-09-09/yarmouth/racecard/515616
2026-09-09,Yarmouth,19:06,5,Up Quick,515616,Sporting Life,https://www.sportinglife.com/greyhounds/racecards/2026-09-09/yarmouth/racecard/515616
2026-09-09,Yarmouth,19:06,6,Coolruss Dungary,515616,Sporting Life,https://www.sportinglife.com/greyhounds/racecards/2026-09-09/yarmouth/racecard/515616
2026-09-09,Yarmouth,19:22,1,Savana Bo Peep,515617,Sporting Life,https://www.sportinglife.com/greyhounds/racecards/2026-09-09/yarmouth/racecard/515617
2026-09-09,Yarmouth,19:22,2,Roanna Mamba,515617,Sporting Life,https://www.sportinglife.com/greyhounds/racecards/2026-09-09/yarmouth/racecard/515617
2026-09-09,Yarmouth,19:22,3,Rockmount Kellie,515617,Sporting Life,https://www.sportinglife.com/greyhounds/racecards/2026-09-09/yarmouth/racecard/515617
2026-09-09,Yarmouth,19:22,4,All About Glory,515617,Sporting Life,https://www.sportinglife.com/greyhounds/racecards/2026-09-09/yarmouth/racecard/515617
2026-09-09,Yarmouth,19:22,5,Buster Eight,515617,Sporting Life,https://www.sportinglife.com/greyhounds/racecards/2026-09-09/yarmouth/racecard/515617
2026-09-09,Yarmouth,19:22,6,Rileys Daughter,515617,Sporting Life,https://www.sportinglife.com/greyhounds/racecards/2026-09-09/yarmouth/racecard/515617
2026-09-09,Yarmouth,19:39,1,Lesleys Buddy,515618,Sporting Life,https://www.sportinglife.com/greyhounds/racecards/2026-09-09/yarmouth/racecard/515618
2026-09-09,Yarmouth,19:39,2,Blackrose Blue,515618,Sporting Life,https://www.sportinglife.com/greyhounds/racecards/2026-09-09/yarmouth/racecard/515618
2026-09-09,Yarmouth,19:39,3,Yahoo Megan,515618,Sporting Life,https://www.sportinglife.com/greyhounds/racecards/2026-09-09/yarmouth/racecard/515618
2026-09-09,Yarmouth,19:39,4,Morning Delight,515618,Sporting Life,https://www.sportinglife.com/greyhounds/racecards/2026-09-09/yarmouth/racecard/515618
2026-09-09,Yarmouth,19:39,5,Cassandras Girl,515618,Sporting Life,https://www.sportinglife.com/greyhounds/racecards/2026-09-09/yarmouth/racecard/515618
2026-09-09,Yarmouth,19:39,6,Coolruss Ronnie,515618,Sporting Life,https://www.sportinglife.com/greyhounds/racecards/2026-09-09/yarmouth/racecard/515618
2026-09-09,Yarmouth,19:56,1,Roanna Sharp,515619,Sporting Life,https://www.sportinglife.com/greyhounds/racecards/2026-09-09/yarmouth/racecard/515619
2026-09-09,Yarmouth,19:56,2,Romeo Ability,515619,Sporting Life,https://www.sportinglife.com/greyhounds/racecards/2026-09-09/yarmouth/racecard/515619
2026-09-09,Yarmouth,19:56,3,Laugh Alot,515619,Sporting Life,https://www.sportinglife.com/greyhounds/racecards/2026-09-09/yarmouth/racecard/515619
2026-09-09,Yarmouth,19:56,4,Droopys Buck,515619,Sporting Life,https://www.sportinglife.com/greyhounds/racecards/2026-09-09/yarmouth/racecard/515619
2026-09-09,Yarmouth,19:56,5,True Trend,515619,Sporting Life,https://www.sportinglife.com/greyhounds/racecards/2026-09-09/yarmouth/racecard/515619
2026-09-09,Yarmouth,19:56,6,Charlie Loves Me,515619,Sporting Life,https://www.sportinglife.com/greyhounds/racecards/2026-09-09/yarmouth/racecard/515619
2026-09-09,Yarmouth,20:13,1,Montana Tiger,515620,Sporting Life,https://www.sportinglife.com/greyhounds/racecards/2026-09-09/yarmouth/racecard/515620
2026-09-09,Yarmouth,20:13,2,Move Over Toby,515620,Sporting Life,https://www.sportinglife.com/greyhounds/racecards/2026-09-09/yarmouth/racecard/515620
2026-09-09,Yarmouth,20:13,3,Bockos Buster,515620,Sporting Life,https://www.sportinglife.com/greyhounds/racecards/2026-09-09/yarmouth/racecard/515620
2026-09-09,Yarmouth,20:13,4,Bockos Waka Waka,515620,Sporting Life,https://www.sportinglife.com/greyhounds/racecards/2026-09-09/yarmouth/racecard/515620
2026-09-09,Yarmouth,20:13,5,Backing It Up,515620,Sporting Life,https://www.sportinglife.com/greyhounds/racecards/2026-09-09/yarmouth/racecard/515620
2026-09-09,Yarmouth,20:13,6,Strathrannoch,515620,Sporting Life,https://www.sportinglife.com/greyhounds/racecards/2026-09-09/yarmouth/racecard/515620
2026-09-09,Yarmouth,20:31,1,Hasselbomb,515621,Sporting Life,https://www.sportinglife.com/greyhounds/racecards/2026-09-09/yarmouth/racecard/515621
2026-09-09,Yarmouth,20:31,2,Flashing Fender,515621,Sporting Life,https://www.sportinglife.com/greyhounds/racecards/2026-09-09/yarmouth/racecard/515621
2026-09-09,Yarmouth,20:31,3,Aayamza Shazza,515621,Sporting Life,https://www.sportinglife.com/greyhounds/racecards/2026-09-09/yarmouth/racecard/515621
2026-09-09,Yarmouth,20:31,4,Heres Ringo,515621,Sporting Life,https://www.sportinglife.com/greyhounds/racecards/2026-09-09/yarmouth/racecard/515621
2026-09-09,Yarmouth,20:31,5,Zari Aki,515621,Sporting Life,https://www.sportinglife.com/greyhounds/racecards/2026-09-09/yarmouth/racecard/515621
2026-09-09,Yarmouth,20:31,6,My Name Siddy,515621,Sporting Life,https://www.sportinglife.com/greyhounds/racecards/2026-09-09/yarmouth/racecard/515621
2026-09-09,Yarmouth,20:47,1,Outdoor Cracker,515622,Sporting Life,https://www.sportinglife.com/greyhounds/racecards/2026-09-09/yarmouth/racecard/515622
2026-09-09,Yarmouth,20:47,2,Zenith Ottoman,515622,Sporting Life,https://www.sportinglife.com/greyhounds/racecards/2026-09-09/yarmouth/racecard/515622
2026-09-09,Yarmouth,20:47,3,Azzas Angel,515622,Sporting Life,https://www.sportinglife.com/greyhounds/racecards/2026-09-09/yarmouth/racecard/515622
2026-09-09,Yarmouth,20:47,4,Farneys Tilly,515622,Sporting Life,https://www.sportinglife.com/greyhounds/racecards/2026-09-09/yarmouth/racecard/515622
2026-09-09,Yarmouth,20:47,5,Swift Depot,515622,Sporting Life,https://www.sportinglife.com/greyhounds/racecards/2026-09-09/yarmouth/racecard/515622
2026-09-09,Yarmouth,20:47,6,Made Of Stone,515622,Sporting Life,https://www.sportinglife.com/greyhounds/racecards/2026-09-09/yarmouth/racecard/515622
2026-09-09,Yarmouth,21:04,1,Chelms Charmer,515623,Sporting Life,https://www.sportinglife.com/greyhounds/racecards/2026-09-09/yarmouth/racecard/515623
2026-09-09,Yarmouth,21:04,2,Bombay Magnetism,515623,Sporting Life,https://www.sportinglife.com/greyhounds/racecards/2026-09-09/yarmouth/racecard/515623
2026-09-09,Yarmouth,21:04,3,Newinn Cloud,515623,Sporting Life,https://www.sportinglife.com/greyhounds/racecards/2026-09-09/yarmouth/racecard/515623
2026-09-09,Yarmouth,21:04,4,New Ground,515623,Sporting Life,https://www.sportinglife.com/greyhounds/racecards/2026-09-09/yarmouth/racecard/515623
2026-09-09,Yarmouth,21:04,5,Roanna Twostroke,515623,Sporting Life,https://www.sportinglife.com/greyhounds/racecards/2026-09-09/yarmouth/racecard/515623
2026-09-09,Yarmouth,21:04,6,Homestead Anna,515623,Sporting Life,https://www.sportinglife.com/greyhounds/racecards/2026-09-09/yarmouth/racecard/515623
2026-09-09,Yarmouth,21:23,1,Romeo Empire,515624,Sporting Life,https://www.sportinglife.com/greyhounds/racecards/2026-09-09/yarmouth/racecard/515624
2026-09-09,Yarmouth,21:23,2,Aayamza Legend,515624,Sporting Life,https://www.sportinglife.com/greyhounds/racecards/2026-09-09/yarmouth/racecard/515624
2026-09-09,Yarmouth,21:23,3,Capel Fortuna,515624,Sporting Life,https://www.sportinglife.com/greyhounds/racecards/2026-09-09/yarmouth/racecard/515624
2026-09-09,Yarmouth,21:23,4,Zenith Legend,515624,Sporting Life,https://www.sportinglife.com/greyhounds/racecards/2026-09-09/yarmouth/racecard/515624
2026-09-09,Yarmouth,21:23,5,Royal Hotshot,515624,Sporting Life,https://www.sportinglife.com/greyhounds/racecards/2026-09-09/yarmouth/racecard/515624
2026-09-09,Yarmouth,21:23,6,Crypto Only Mate,515624,Sporting Life,https://www.sportinglife.com/greyhounds/racecards/2026-09-09/yarmouth/racecard/515624
