date,track,race_time,runner_number,dog_name,race_id,source,race_url
2026-08-28,Central Park,11:09,1,Dunbolg Stream,514041,Sporting Life,https://www.sportinglife.com/greyhounds/racecards/2026-08-28/central-park/racecard/514041
2026-08-28,Central Park,11:09,2,Frankton Flame,514041,Sporting Life,https://www.sportinglife.com/greyhounds/racecards/2026-08-28/central-park/racecard/514041
2026-08-28,Central Park,11:09,3,Swift Vibration,514041,Sporting Life,https://www.sportinglife.com/greyhounds/racecards/2026-08-28/central-park/racecard/514041
2026-08-28,Central Park,11:09,4,Up Ta Hill,514041,Sporting Life,https://www.sportinglife.com/greyhounds/racecards/2026-08-28/central-park/racecard/514041
2026-08-28,Central Park,11:09,5,Eire Sheila,514041,Sporting Life,https://www.sportinglife.com/greyhounds/racecards/2026-08-28/central-park/racecard/514041
2026-08-28,Central Park,11:09,6,Financial Ruin,514041,Sporting Life,https://www.sportinglife.com/greyhounds/racecards/2026-08-28/central-park/racecard/514041
2026-08-28,Central Park,11:27,1,Beckley Jojo,514042,Sporting Life,https://www.sportinglife.com/greyhounds/racecards/2026-08-28/central-park/racecard/514042
2026-08-28,Central Park,11:27,2,Hollyhill Shari,514042,Sporting Life,https://www.sportinglife.com/greyhounds/racecards/2026-08-28/central-park/racecard/514042
2026-08-28,Central Park,11:27,3,Hollyoak Cindy,514042,Sporting Life,https://www.sportinglife.com/greyhounds/racecards/2026-08-28/central-park/racecard/514042
2026-08-28,Central Park,11:27,4,Vicious Amanda,514042,Sporting Life,https://www.sportinglife.com/greyhounds/racecards/2026-08-28/central-park/racecard/514042
2026-08-28,Central Park,11:27,5,Lindas Rocket,514042,Sporting Life,https://www.sportinglife.com/greyhounds/racecards/2026-08-28/central-park/racecard/514042
2026-08-28,Central Park,11:27,6,Swift Grinch,514042,Sporting Life,https://www.sportinglife.com/greyhounds/racecards/2026-08-28/central-park/racecard/514042
2026-08-28,Central Park,11:43,1,Socrates Smiled,514043,Sporting Life,https://www.sportinglife.com/greyhounds/racecards/2026-08-28/central-park/racecard/514043
2026-08-28,Central Park,11:43,2,Hollyoak Ronald,514043,Sporting Life,https://www.sportinglife.com/greyhounds/racecards/2026-08-28/central-park/racecard/514043
2026-08-28,Central Park,11:43,3,Shadow Warrior,514043,Sporting Life,https://www.sportinglife.com/greyhounds/racecards/2026-08-28/central-park/racecard/514043
2026-08-28,Central Park,11:43,5,Grouchos Bogger,514043,Sporting Life,https://www.sportinglife.com/greyhounds/racecards/2026-08-28/central-park/racecard/514043
2026-08-28,Central Park,11:43,6,Beach Party,514043,Sporting Life,https://www.sportinglife.com/greyhounds/racecards/2026-08-28/central-park/racecard/514043
2026-08-28,Central Park,12:01,1,Eire Beetle,514044,Sporting Life,https://www.sportinglife.com/greyhounds/racecards/2026-08-28/central-park/racecard/514044
2026-08-28,Central Park,12:01,2,Keggal Sadie,514044,Sporting Life,https://www.sportinglife.com/greyhounds/racecards/2026-08-28/central-park/racecard/514044
2026-08-28,Central Park,12:01,3,Samrose Jet,514044,Sporting Life,https://www.sportinglife.com/greyhounds/racecards/2026-08-28/central-park/racecard/514044
2026-08-28,Central Park,12:01,4,Montana Lady,514044,Sporting Life,https://www.sportinglife.com/greyhounds/racecards/2026-08-28/central-park/racecard/514044
2026-08-28,Central Park,12:01,5,Classic Orla,514044,Sporting Life,https://www.sportinglife.com/greyhounds/racecards/2026-08-28/central-park/racecard/514044
2026-08-28,Central Park,12:01,6,Eire Tom,514044,Sporting Life,https://www.sportinglife.com/greyhounds/racecards/2026-08-28/central-park/racecard/514044
2026-08-28,Central Park,12:18,1,Hollyoak Mable,514045,Sporting Life,https://www.sportinglife.com/greyhounds/racecards/2026-08-28/central-park/racecard/514045
2026-08-28,Central Park,12:18,2,Russmur Dancer,514045,Sporting Life,https://www.sportinglife.com/greyhounds/racecards/2026-08-28/central-park/racecard/514045
2026-08-28,Central Park,12:18,3,Millbank Jasmine,514045,Sporting Life,https://www.sportinglife.com/greyhounds/racecards/2026-08-28/central-park/racecard/514045
2026-08-28,Central Park,12:18,5,Rockmount Rosie,514045,Sporting Life,https://www.sportinglife.com/greyhounds/racecards/2026-08-28/central-park/racecard/514045
2026-08-28,Central Park,12:18,6,Earls Rosie,514045,Sporting Life,https://www.sportinglife.com/greyhounds/racecards/2026-08-28/central-park/racecard/514045
2026-08-28,Central Park,12:34,2,Abbodabbo Emma,514046,Sporting Life,https://www.sportinglife.com/greyhounds/racecards/2026-08-28/central-park/racecard/514046
2026-08-28,Central Park,12:34,3,Harlequin Flick,514046,Sporting Life,https://www.sportinglife.com/greyhounds/racecards/2026-08-28/central-park/racecard/514046
2026-08-28,Central Park,12:34,4,Relevance,514046,Sporting Life,https://www.sportinglife.com/greyhounds/racecards/2026-08-28/central-park/racecard/514046
2026-08-28,Central Park,12:34,5,Earls Ruby,514046,Sporting Life,https://www.sportinglife.com/greyhounds/racecards/2026-08-28/central-park/racecard/514046
2026-08-28,Central Park,12:34,6,Millbank Rocco,514046,Sporting Life,https://www.sportinglife.com/greyhounds/racecards/2026-08-28/central-park/racecard/514046
2026-08-28,Central Park,12:51,1,Lady Kitty,514047,Sporting Life,https://www.sportinglife.com/greyhounds/racecards/2026-08-28/central-park/racecard/514047
2026-08-28,Central Park,12:51,2,Swift Vacation,514047,Sporting Life,https://www.sportinglife.com/greyhounds/racecards/2026-08-28/central-park/racecard/514047
2026-08-28,Central Park,12:51,3,Hot Jackie,514047,Sporting Life,https://www.sportinglife.com/greyhounds/racecards/2026-08-28/central-park/racecard/514047
2026-08-28,Central Park,12:51,4,Emjay Flyer,514047,Sporting Life,https://www.sportinglife.com/greyhounds/racecards/2026-08-28/central-park/racecard/514047
2026-08-28,Central Park,12:51,5,Raymonds Charlie,514047,Sporting Life,https://www.sportinglife.com/greyhounds/racecards/2026-08-28/central-park/racecard/514047
2026-08-28,Central Park,12:51,6,Hollyoak Speedy,514047,Sporting Life,https://www.sportinglife.com/greyhounds/racecards/2026-08-28/central-park/racecard/514047
2026-08-28,Central Park,13:08,1,Drombeg Amble,514048,Sporting Life,https://www.sportinglife.com/greyhounds/racecards/2026-08-28/central-park/racecard/514048
2026-08-28,Central Park,13:08,2,Hollyoak Siobhan,514048,Sporting Life,https://www.sportinglife.com/greyhounds/racecards/2026-08-28/central-park/racecard/514048
2026-08-28,Central Park,13:08,3,Deelish Maggie,514048,Sporting Life,https://www.sportinglife.com/greyhounds/racecards/2026-08-28/central-park/racecard/514048
2026-08-28,Central Park,13:08,4,Hollyoak Lisa,514048,Sporting Life,https://www.sportinglife.com/greyhounds/racecards/2026-08-28/central-park/racecard/514048
2026-08-28,Central Park,13:08,5,Harlequin Windy,514048,Sporting Life,https://www.sportinglife.com/greyhounds/racecards/2026-08-28/central-park/racecard/514048
2026-08-28,Central Park,13:08,6,Chloes Lexie,514048,Sporting Life,https://www.sportinglife.com/greyhounds/racecards/2026-08-28/central-park/racecard/514048
2026-08-28,Central Park,13:26,1,Seals Beauty,514049,Sporting Life,https://www.sportinglife.com/greyhounds/racecards/2026-08-28/central-park/racecard/514049
2026-08-28,Central Park,13:26,2,Russmur Sabbath,514049,Sporting Life,https://www.sportinglife.com/greyhounds/racecards/2026-08-28/central-park/racecard/514049
2026-08-28,Central Park,13:26,4,Pearces Bluebell,514049,Sporting Life,https://www.sportinglife.com/greyhounds/racecards/2026-08-28/central-park/racecard/514049
2026-08-28,Central Park,13:26,5,Broadway Mist,514049,Sporting Life,https://www.sportinglife.com/greyhounds/racecards/2026-08-28/central-park/racecard/514049
2026-08-28,Central Park,13:26,6,Earls Diamond,514049,Sporting Life,https://www.sportinglife.com/greyhounds/racecards/2026-08-28/central-park/racecard/514049
2026-08-28,Central Park,13:42,2,Dapper Beth,514050,Sporting Life,https://www.sportinglife.com/greyhounds/racecards/2026-08-28/central-park/racecard/514050
2026-08-28,Central Park,13:42,3,Blossomfort Coco,514050,Sporting Life,https://www.sportinglife.com/greyhounds/racecards/2026-08-28/central-park/racecard/514050
2026-08-28,Central Park,13:42,4,Beach Body,514050,Sporting Life,https://www.sportinglife.com/greyhounds/racecards/2026-08-28/central-park/racecard/514050
2026-08-28,Central Park,13:42,5,Swift Quail,514050,Sporting Life,https://www.sportinglife.com/greyhounds/racecards/2026-08-28/central-park/racecard/514050
2026-08-28,Central Park,13:42,6,Roaming Polly,514050,Sporting Life,https://www.sportinglife.com/greyhounds/racecards/2026-08-28/central-park/racecard/514050
2026-08-28,Central Park,13:59,1,Hollyoak Maggie,514051,Sporting Life,https://www.sportinglife.com/greyhounds/racecards/2026-08-28/central-park/racecard/514051
2026-08-28,Central Park,13:59,3,Yellow Submarine,514051,Sporting Life,https://www.sportinglife.com/greyhounds/racecards/2026-08-28/central-park/racecard/514051
2026-08-28,Central Park,13:59,4,Ferndale Free,514051,Sporting Life,https://www.sportinglife.com/greyhounds/racecards/2026-08-28/central-park/racecard/514051
2026-08-28,Central Park,13:59,5,Silver Medal,514051,Sporting Life,https://www.sportinglife.com/greyhounds/racecards/2026-08-28/central-park/racecard/514051
2026-08-28,Central Park,13:59,6,Pearces Magic,514051,Sporting Life,https://www.sportinglife.com/greyhounds/racecards/2026-08-28/central-park/racecard/514051
2026-08-28,Central Park,14:14,1,Freda My Blondie,514052,Sporting Life,https://www.sportinglife.com/greyhounds/racecards/2026-08-28/central-park/racecard/514052
2026-08-28,Central Park,14:14,2,Light Blossom,514052,Sporting Life,https://www.sportinglife.com/greyhounds/racecards/2026-08-28/central-park/racecard/514052
2026-08-28,Central Park,14:14,3,Hollyoak Mercury,514052,Sporting Life,https://www.sportinglife.com/greyhounds/racecards/2026-08-28/central-park/racecard/514052
2026-08-28,Central Park,14:14,4,Beach Bum,514052,Sporting Life,https://www.sportinglife.com/greyhounds/racecards/2026-08-28/central-park/racecard/514052
2026-08-28,Central Park,14:14,5,Darley Devaletta,514052,Sporting Life,https://www.sportinglife.com/greyhounds/racecards/2026-08-28/central-park/racecard/514052
2026-08-28,Central Park,14:14,6,Renaes Baby,514052,Sporting Life,https://www.sportinglife.com/greyhounds/racecards/2026-08-28/central-park/racecard/514052
2026-08-28,Harlow,10:32,1,Marys Glen,514027,Sporting Life,https://www.sportinglife.com/greyhounds/racecards/2026-08-28/harlow/racecard/514027
2026-08-28,Harlow,10:32,3,Skinny Pete,514027,Sporting Life,https://www.sportinglife.com/greyhounds/racecards/2026-08-28/harlow/racecard/514027
2026-08-28,Harlow,10:32,4,Minnies Volga,514027,Sporting Life,https://www.sportinglife.com/greyhounds/racecards/2026-08-28/harlow/racecard/514027
2026-08-28,Harlow,10:32,5,Syls Angel,514027,Sporting Life,https://www.sportinglife.com/greyhounds/racecards/2026-08-28/harlow/racecard/514027
2026-08-28,Harlow,10:32,6,Ardnasool Hulk,514027,Sporting Life,https://www.sportinglife.com/greyhounds/racecards/2026-08-28/harlow/racecard/514027
2026-08-28,Harlow,10:48,1,Havana Kaci,514028,Sporting Life,https://www.sportinglife.com/greyhounds/racecards/2026-08-28/harlow/racecard/514028
2026-08-28,Harlow,10:48,3,Ballymac Julia,514028,Sporting Life,https://www.sportinglife.com/greyhounds/racecards/2026-08-28/harlow/racecard/514028
2026-08-28,Harlow,10:48,4,Barrington Chap,514028,Sporting Life,https://www.sportinglife.com/greyhounds/racecards/2026-08-28/harlow/racecard/514028
2026-08-28,Harlow,10:48,5,Miss Zoey,514028,Sporting Life,https://www.sportinglife.com/greyhounds/racecards/2026-08-28/harlow/racecard/514028
2026-08-28,Harlow,10:48,6,Moaning Versace,514028,Sporting Life,https://www.sportinglife.com/greyhounds/racecards/2026-08-28/harlow/racecard/514028
2026-08-28,Harlow,11:04,1,Blue Gemstone,514029,Sporting Life,https://www.sportinglife.com/greyhounds/racecards/2026-08-28/harlow/racecard/514029
2026-08-28,Harlow,11:04,2,Crucial Ruby,514029,Sporting Life,https://www.sportinglife.com/greyhounds/racecards/2026-08-28/harlow/racecard/514029
2026-08-28,Harlow,11:04,3,Donegal Shane,514029,Sporting Life,https://www.sportinglife.com/greyhounds/racecards/2026-08-28/harlow/racecard/514029
2026-08-28,Harlow,11:04,4,Coolruss Izzy,514029,Sporting Life,https://www.sportinglife.com/greyhounds/racecards/2026-08-28/harlow/racecard/514029
2026-08-28,Harlow,11:04,6,Pips Rosie,514029,Sporting Life,https://www.sportinglife.com/greyhounds/racecards/2026-08-28/harlow/racecard/514029
2026-08-28,Harlow,11:21,1,Moaning Thelma,514030,Sporting Life,https://www.sportinglife.com/greyhounds/racecards/2026-08-28/harlow/racecard/514030
2026-08-28,Harlow,11:21,2,Robbies King,514030,Sporting Life,https://www.sportinglife.com/greyhounds/racecards/2026-08-28/harlow/racecard/514030
2026-08-28,Harlow,11:21,3,Random Lou,514030,Sporting Life,https://www.sportinglife.com/greyhounds/racecards/2026-08-28/harlow/racecard/514030
2026-08-28,Harlow,11:21,4,Moaning Tini,514030,Sporting Life,https://www.sportinglife.com/greyhounds/racecards/2026-08-28/harlow/racecard/514030
2026-08-28,Harlow,11:21,5,Tanvalley Robin,514030,Sporting Life,https://www.sportinglife.com/greyhounds/racecards/2026-08-28/harlow/racecard/514030
2026-08-28,Harlow,11:21,6,Jamaica Luna,514030,Sporting Life,https://www.sportinglife.com/greyhounds/racecards/2026-08-28/harlow/racecard/514030
2026-08-28,Harlow,11:38,1,Glenadda Lily,514031,Sporting Life,https://www.sportinglife.com/greyhounds/racecards/2026-08-28/harlow/racecard/514031
2026-08-28,Harlow,11:38,2,Salems Campari,514031,Sporting Life,https://www.sportinglife.com/greyhounds/racecards/2026-08-28/harlow/racecard/514031
2026-08-28,Harlow,11:38,3,Gooner Be Good,514031,Sporting Life,https://www.sportinglife.com/greyhounds/racecards/2026-08-28/harlow/racecard/514031
2026-08-28,Harlow,11:38,4,Minnies Daria,514031,Sporting Life,https://www.sportinglife.com/greyhounds/racecards/2026-08-28/harlow/racecard/514031
2026-08-28,Harlow,11:38,6,For Noreen,514031,Sporting Life,https://www.sportinglife.com/greyhounds/racecards/2026-08-28/harlow/racecard/514031
2026-08-28,Harlow,11:54,2,Joys Of Danielle,514032,Sporting Life,https://www.sportinglife.com/greyhounds/racecards/2026-08-28/harlow/racecard/514032
2026-08-28,Harlow,11:54,3,Manic Monday,514032,Sporting Life,https://www.sportinglife.com/greyhounds/racecards/2026-08-28/harlow/racecard/514032
2026-08-28,Harlow,11:54,4,Moaning Gabriel,514032,Sporting Life,https://www.sportinglife.com/greyhounds/racecards/2026-08-28/harlow/racecard/514032
2026-08-28,Harlow,11:54,5,Jayar Rogue,514032,Sporting Life,https://www.sportinglife.com/greyhounds/racecards/2026-08-28/harlow/racecard/514032
2026-08-28,Harlow,11:54,6,Tinas Liberty,514032,Sporting Life,https://www.sportinglife.com/greyhounds/racecards/2026-08-28/harlow/racecard/514032
2026-08-28,Harlow,12:12,1,Be The Key,514033,Sporting Life,https://www.sportinglife.com/greyhounds/racecards/2026-08-28/harlow/racecard/514033
2026-08-28,Harlow,12:12,2,Day Tripper,514033,Sporting Life,https://www.sportinglife.com/greyhounds/racecards/2026-08-28/harlow/racecard/514033
2026-08-28,Harlow,12:12,3,Maddox Rose,514033,Sporting Life,https://www.sportinglife.com/greyhounds/racecards/2026-08-28/harlow/racecard/514033
2026-08-28,Harlow,12:12,4,Crying Jonesy,514033,Sporting Life,https://www.sportinglife.com/greyhounds/racecards/2026-08-28/harlow/racecard/514033
2026-08-28,Harlow,12:12,6,Mikeys Pick,514033,Sporting Life,https://www.sportinglife.com/greyhounds/racecards/2026-08-28/harlow/racecard/514033
2026-08-28,Harlow,12:29,1,Rathmeehan Suzy,514034,Sporting Life,https://www.sportinglife.com/greyhounds/racecards/2026-08-28/harlow/racecard/514034
2026-08-28,Harlow,12:29,3,Sloyans Ace,514034,Sporting Life,https://www.sportinglife.com/greyhounds/racecards/2026-08-28/harlow/racecard/514034
2026-08-28,Harlow,12:29,4,Moaning Louise,514034,Sporting Life,https://www.sportinglife.com/greyhounds/racecards/2026-08-28/harlow/racecard/514034
2026-08-28,Harlow,12:29,5,Tobergal View,514034,Sporting Life,https://www.sportinglife.com/greyhounds/racecards/2026-08-28/harlow/racecard/514034
2026-08-28,Harlow,12:29,6,Edermine Bucks,514034,Sporting Life,https://www.sportinglife.com/greyhounds/racecards/2026-08-28/harlow/racecard/514034
2026-08-28,Harlow,12:46,1,Hollyhill Ma,514035,Sporting Life,https://www.sportinglife.com/greyhounds/racecards/2026-08-28/harlow/racecard/514035
2026-08-28,Harlow,12:46,2,Salems Disaronno,514035,Sporting Life,https://www.sportinglife.com/greyhounds/racecards/2026-08-28/harlow/racecard/514035
2026-08-28,Harlow,12:46,3,Nipper,514035,Sporting Life,https://www.sportinglife.com/greyhounds/racecards/2026-08-28/harlow/racecard/514035
2026-08-28,Harlow,12:46,4,Moaning May,514035,Sporting Life,https://www.sportinglife.com/greyhounds/racecards/2026-08-28/harlow/racecard/514035
2026-08-28,Harlow,12:46,6,Miss Margaret,514035,Sporting Life,https://www.sportinglife.com/greyhounds/racecards/2026-08-28/harlow/racecard/514035
2026-08-28,Harlow,13:03,1,Tapa Torpedo,514036,Sporting Life,https://www.sportinglife.com/greyhounds/racecards/2026-08-28/harlow/racecard/514036
2026-08-28,Harlow,13:03,2,Emers Gem,514036,Sporting Life,https://www.sportinglife.com/greyhounds/racecards/2026-08-28/harlow/racecard/514036
2026-08-28,Harlow,13:03,3,Bambina,514036,Sporting Life,https://www.sportinglife.com/greyhounds/racecards/2026-08-28/harlow/racecard/514036
2026-08-28,Harlow,13:03,4,Come On Babe,514036,Sporting Life,https://www.sportinglife.com/greyhounds/racecards/2026-08-28/harlow/racecard/514036
2026-08-28,Harlow,13:03,5,Dynamic Logan,514036,Sporting Life,https://www.sportinglife.com/greyhounds/racecards/2026-08-28/harlow/racecard/514036
2026-08-28,Harlow,13:03,6,Fairhill Hug,514036,Sporting Life,https://www.sportinglife.com/greyhounds/racecards/2026-08-28/harlow/racecard/514036
2026-08-28,Harlow,13:19,1,Havana Belle,514037,Sporting Life,https://www.sportinglife.com/greyhounds/racecards/2026-08-28/harlow/racecard/514037
2026-08-28,Harlow,13:19,2,Townsend Peggy,514037,Sporting Life,https://www.sportinglife.com/greyhounds/racecards/2026-08-28/harlow/racecard/514037
2026-08-28,Harlow,13:19,3,Foxrock Bell,514037,Sporting Life,https://www.sportinglife.com/greyhounds/racecards/2026-08-28/harlow/racecard/514037
2026-08-28,Harlow,13:19,5,Kiskillo,514037,Sporting Life,https://www.sportinglife.com/greyhounds/racecards/2026-08-28/harlow/racecard/514037
2026-08-28,Harlow,13:19,6,Skidrow Strongbo,514037,Sporting Life,https://www.sportinglife.com/greyhounds/racecards/2026-08-28/harlow/racecard/514037
2026-08-28,Harlow,13:37,1,Crystal Luna,514038,Sporting Life,https://www.sportinglife.com/greyhounds/racecards/2026-08-28/harlow/racecard/514038
2026-08-28,Harlow,13:37,2,Cree Lullaby,514038,Sporting Life,https://www.sportinglife.com/greyhounds/racecards/2026-08-28/harlow/racecard/514038
2026-08-28,Harlow,13:37,3,El Cairos,514038,Sporting Life,https://www.sportinglife.com/greyhounds/racecards/2026-08-28/harlow/racecard/514038
2026-08-28,Harlow,13:37,4,Random Izzy,514038,Sporting Life,https://www.sportinglife.com/greyhounds/racecards/2026-08-28/harlow/racecard/514038
2026-08-28,Harlow,13:37,5,Scroggy Moe,514038,Sporting Life,https://www.sportinglife.com/greyhounds/racecards/2026-08-28/harlow/racecard/514038
2026-08-28,Harlow,13:37,6,Doggy Parton,514038,Sporting Life,https://www.sportinglife.com/greyhounds/racecards/2026-08-28/harlow/racecard/514038
2026-08-28,Harlow,13:54,1,Ballyer Rallyer,514039,Sporting Life,https://www.sportinglife.com/greyhounds/racecards/2026-08-28/harlow/racecard/514039
2026-08-28,Harlow,13:54,2,Adamant Breeze,514039,Sporting Life,https://www.sportinglife.com/greyhounds/racecards/2026-08-28/harlow/racecard/514039
2026-08-28,Harlow,13:54,3,Trapper Joe,514039,Sporting Life,https://www.sportinglife.com/greyhounds/racecards/2026-08-28/harlow/racecard/514039
2026-08-28,Harlow,13:54,4,Oppo,514039,Sporting Life,https://www.sportinglife.com/greyhounds/racecards/2026-08-28/harlow/racecard/514039
2026-08-28,Harlow,13:54,5,Tis The Time,514039,Sporting Life,https://www.sportinglife.com/greyhounds/racecards/2026-08-28/harlow/racecard/514039
2026-08-28,Harlow,13:54,6,Royston Rubble,514039,Sporting Life,https://www.sportinglife.com/greyhounds/racecards/2026-08-28/harlow/racecard/514039
2026-08-28,Harlow,14:11,1,Soldeu,514040,Sporting Life,https://www.sportinglife.com/greyhounds/racecards/2026-08-28/harlow/racecard/514040
2026-08-28,Harlow,14:11,2,Roscrea Karen,514040,Sporting Life,https://www.sportinglife.com/greyhounds/racecards/2026-08-28/harlow/racecard/514040
2026-08-28,Harlow,14:11,3,Catunda Alex,514040,Sporting Life,https://www.sportinglife.com/greyhounds/racecards/2026-08-28/harlow/racecard/514040
2026-08-28,Harlow,14:11,4,Traptoline Elena,514040,Sporting Life,https://www.sportinglife.com/greyhounds/racecards/2026-08-28/harlow/racecard/514040
2026-08-28,Harlow,14:11,5,Spooky Candy,514040,Sporting Life,https://www.sportinglife.com/greyhounds/racecards/2026-08-28/harlow/racecard/514040
2026-08-28,Harlow,14:11,6,Westfield Aida,514040,Sporting Life,https://www.sportinglife.com/greyhounds/racecards/2026-08-28/harlow/racecard/514040
2026-08-28,Harlow,17:51,1,Kilgarran Rub,514065,Sporting Life,https://www.sportinglife.com/greyhounds/racecards/2026-08-28/harlow/racecard/514065
2026-08-28,Harlow,17:51,3,Romantic Yvonne,514065,Sporting Life,https://www.sportinglife.com/greyhounds/racecards/2026-08-28/harlow/racecard/514065
2026-08-28,Harlow,17:51,4,City Boss,514065,Sporting Life,https://www.sportinglife.com/greyhounds/racecards/2026-08-28/harlow/racecard/514065
2026-08-28,Harlow,17:51,5,Likely Lads,514065,Sporting Life,https://www.sportinglife.com/greyhounds/racecards/2026-08-28/harlow/racecard/514065
2026-08-28,Harlow,17:51,6,Boreen Pearl,514065,Sporting Life,https://www.sportinglife.com/greyhounds/racecards/2026-08-28/harlow/racecard/514065
2026-08-28,Harlow,18:11,1,Yo Jonny,514066,Sporting Life,https://www.sportinglife.com/greyhounds/racecards/2026-08-28/harlow/racecard/514066
2026-08-28,Harlow,18:11,2,Sober Speed,514066,Sporting Life,https://www.sportinglife.com/greyhounds/racecards/2026-08-28/harlow/racecard/514066
2026-08-28,Harlow,18:11,3,Small Tommy,514066,Sporting Life,https://www.sportinglife.com/greyhounds/racecards/2026-08-28/harlow/racecard/514066
2026-08-28,Harlow,18:11,4,Luminous Cutie,514066,Sporting Life,https://www.sportinglife.com/greyhounds/racecards/2026-08-28/harlow/racecard/514066
2026-08-28,Harlow,18:11,6,Malbay Thor,514066,Sporting Life,https://www.sportinglife.com/greyhounds/racecards/2026-08-28/harlow/racecard/514066
2026-08-28,Harlow,18:29,1,Long Ago Fado,514067,Sporting Life,https://www.sportinglife.com/greyhounds/racecards/2026-08-28/harlow/racecard/514067
2026-08-28,Harlow,18:29,2,Savana Rip,514067,Sporting Life,https://www.sportinglife.com/greyhounds/racecards/2026-08-28/harlow/racecard/514067
2026-08-28,Harlow,18:29,3,Badminton Beach,514067,Sporting Life,https://www.sportinglife.com/greyhounds/racecards/2026-08-28/harlow/racecard/514067
2026-08-28,Harlow,18:29,4,Hollyhill Jimmy,514067,Sporting Life,https://www.sportinglife.com/greyhounds/racecards/2026-08-28/harlow/racecard/514067
2026-08-28,Harlow,18:29,6,Tableseventyone,514067,Sporting Life,https://www.sportinglife.com/greyhounds/racecards/2026-08-28/harlow/racecard/514067
2026-08-28,Harlow,18:46,1,Mea Culpa,514068,Sporting Life,https://www.sportinglife.com/greyhounds/racecards/2026-08-28/harlow/racecard/514068
2026-08-28,Harlow,18:46,2,Yo Twilight,514068,Sporting Life,https://www.sportinglife.com/greyhounds/racecards/2026-08-28/harlow/racecard/514068
2026-08-28,Harlow,18:46,3,Headford Duchess,514068,Sporting Life,https://www.sportinglife.com/greyhounds/racecards/2026-08-28/harlow/racecard/514068
2026-08-28,Harlow,18:46,4,Savana Albert,514068,Sporting Life,https://www.sportinglife.com/greyhounds/racecards/2026-08-28/harlow/racecard/514068
2026-08-28,Harlow,18:46,5,Artys Corner,514068,Sporting Life,https://www.sportinglife.com/greyhounds/racecards/2026-08-28/harlow/racecard/514068
2026-08-28,Harlow,18:46,6,Lightupthedark,514068,Sporting Life,https://www.sportinglife.com/greyhounds/racecards/2026-08-28/harlow/racecard/514068
2026-08-28,Harlow,19:04,1,Hawkfield Kopek,514069,Sporting Life,https://www.sportinglife.com/greyhounds/racecards/2026-08-28/harlow/racecard/514069
2026-08-28,Harlow,19:04,2,Yo Dutchess,514069,Sporting Life,https://www.sportinglife.com/greyhounds/racecards/2026-08-28/harlow/racecard/514069
2026-08-28,Harlow,19:04,3,Scrahan Cruiser,514069,Sporting Life,https://www.sportinglife.com/greyhounds/racecards/2026-08-28/harlow/racecard/514069
2026-08-28,Harlow,19:04,5,Yo Paddy,514069,Sporting Life,https://www.sportinglife.com/greyhounds/racecards/2026-08-28/harlow/racecard/514069
2026-08-28,Harlow,19:04,6,Leathems Bingo,514069,Sporting Life,https://www.sportinglife.com/greyhounds/racecards/2026-08-28/harlow/racecard/514069
2026-08-28,Harlow,19:24,1,Townsend Tonya,514070,Sporting Life,https://www.sportinglife.com/greyhounds/racecards/2026-08-28/harlow/racecard/514070
2026-08-28,Harlow,19:24,2,Rockmount Moe,514070,Sporting Life,https://www.sportinglife.com/greyhounds/racecards/2026-08-28/harlow/racecard/514070
2026-08-28,Harlow,19:24,3,Savana Snowflake,514070,Sporting Life,https://www.sportinglife.com/greyhounds/racecards/2026-08-28/harlow/racecard/514070
2026-08-28,Harlow,19:24,4,Hawkfield Impact,514070,Sporting Life,https://www.sportinglife.com/greyhounds/racecards/2026-08-28/harlow/racecard/514070
2026-08-28,Harlow,19:24,5,Baran Brady,514070,Sporting Life,https://www.sportinglife.com/greyhounds/racecards/2026-08-28/harlow/racecard/514070
2026-08-28,Harlow,19:24,6,Snoozing Plum,514070,Sporting Life,https://www.sportinglife.com/greyhounds/racecards/2026-08-28/harlow/racecard/514070
2026-08-28,Harlow,19:42,1,Droopys Halley,514071,Sporting Life,https://www.sportinglife.com/greyhounds/racecards/2026-08-28/harlow/racecard/514071
2026-08-28,Harlow,19:42,2,Headford Musk,514071,Sporting Life,https://www.sportinglife.com/greyhounds/racecards/2026-08-28/harlow/racecard/514071
2026-08-28,Harlow,19:42,3,Swift Zaylee,514071,Sporting Life,https://www.sportinglife.com/greyhounds/racecards/2026-08-28/harlow/racecard/514071
2026-08-28,Harlow,19:42,4,Fortunate Rose,514071,Sporting Life,https://www.sportinglife.com/greyhounds/racecards/2026-08-28/harlow/racecard/514071
2026-08-28,Harlow,19:42,6,Rileys Daughter,514071,Sporting Life,https://www.sportinglife.com/greyhounds/racecards/2026-08-28/harlow/racecard/514071
2026-08-28,Harlow,19:58,1,Yo Savana,514072,Sporting Life,https://www.sportinglife.com/greyhounds/racecards/2026-08-28/harlow/racecard/514072
2026-08-28,Harlow,19:58,2,Sugar Tiger,514072,Sporting Life,https://www.sportinglife.com/greyhounds/racecards/2026-08-28/harlow/racecard/514072
2026-08-28,Harlow,19:58,3,Ello Elle,514072,Sporting Life,https://www.sportinglife.com/greyhounds/racecards/2026-08-28/harlow/racecard/514072
2026-08-28,Harlow,19:58,4,Sals Pepsi,514072,Sporting Life,https://www.sportinglife.com/greyhounds/racecards/2026-08-28/harlow/racecard/514072
2026-08-28,Harlow,19:58,5,Wilbys Flyer,514072,Sporting Life,https://www.sportinglife.com/greyhounds/racecards/2026-08-28/harlow/racecard/514072
2026-08-28,Harlow,19:58,6,Savana Boycie,514072,Sporting Life,https://www.sportinglife.com/greyhounds/racecards/2026-08-28/harlow/racecard/514072
2026-08-28,Harlow,20:16,1,Savana Ripple,514073,Sporting Life,https://www.sportinglife.com/greyhounds/racecards/2026-08-28/harlow/racecard/514073
2026-08-28,Harlow,20:16,2,Dashgrove Sam,514073,Sporting Life,https://www.sportinglife.com/greyhounds/racecards/2026-08-28/harlow/racecard/514073
2026-08-28,Harlow,20:16,3,Portora Gold,514073,Sporting Life,https://www.sportinglife.com/greyhounds/racecards/2026-08-28/harlow/racecard/514073
2026-08-28,Harlow,20:16,4,Bouncy Jet,514073,Sporting Life,https://www.sportinglife.com/greyhounds/racecards/2026-08-28/harlow/racecard/514073
2026-08-28,Harlow,20:16,6,Townsend Cindy,514073,Sporting Life,https://www.sportinglife.com/greyhounds/racecards/2026-08-28/harlow/racecard/514073
2026-08-28,Harlow,20:34,1,Unlikely Maddie,514074,Sporting Life,https://www.sportinglife.com/greyhounds/racecards/2026-08-28/harlow/racecard/514074
2026-08-28,Harlow,20:34,2,Da Motor Man,514074,Sporting Life,https://www.sportinglife.com/greyhounds/racecards/2026-08-28/harlow/racecard/514074
2026-08-28,Harlow,20:34,3,Mabels Ribbons,514074,Sporting Life,https://www.sportinglife.com/greyhounds/racecards/2026-08-28/harlow/racecard/514074
2026-08-28,Harlow,20:34,4,Divine Faith,514074,Sporting Life,https://www.sportinglife.com/greyhounds/racecards/2026-08-28/harlow/racecard/514074
2026-08-28,Harlow,20:34,5,Tobergal Poppy,514074,Sporting Life,https://www.sportinglife.com/greyhounds/racecards/2026-08-28/harlow/racecard/514074
2026-08-28,Harlow,20:34,6,Baran Ronaldo,514074,Sporting Life,https://www.sportinglife.com/greyhounds/racecards/2026-08-28/harlow/racecard/514074
2026-08-28,Harlow,20:52,1,My Fancy Ways,514075,Sporting Life,https://www.sportinglife.com/greyhounds/racecards/2026-08-28/harlow/racecard/514075
2026-08-28,Harlow,20:52,2,Darrens Dog,514075,Sporting Life,https://www.sportinglife.com/greyhounds/racecards/2026-08-28/harlow/racecard/514075
2026-08-28,Harlow,20:52,3,Townsend Daisy,514075,Sporting Life,https://www.sportinglife.com/greyhounds/racecards/2026-08-28/harlow/racecard/514075
2026-08-28,Harlow,20:52,4,Early Pace,514075,Sporting Life,https://www.sportinglife.com/greyhounds/racecards/2026-08-28/harlow/racecard/514075
2026-08-28,Harlow,20:52,6,Breakaway Bell,514075,Sporting Life,https://www.sportinglife.com/greyhounds/racecards/2026-08-28/harlow/racecard/514075
2026-08-28,Harlow,21:09,1,Luscious Linda,514076,Sporting Life,https://www.sportinglife.com/greyhounds/racecards/2026-08-28/harlow/racecard/514076
2026-08-28,Harlow,21:09,2,Piercestown Post,514076,Sporting Life,https://www.sportinglife.com/greyhounds/racecards/2026-08-28/harlow/racecard/514076
2026-08-28,Harlow,21:09,3,Meenagh Memphis,514076,Sporting Life,https://www.sportinglife.com/greyhounds/racecards/2026-08-28/harlow/racecard/514076
2026-08-28,Harlow,21:09,4,Mcgregor,514076,Sporting Life,https://www.sportinglife.com/greyhounds/racecards/2026-08-28/harlow/racecard/514076
2026-08-28,Harlow,21:09,6,Perfecto Dupont,514076,Sporting Life,https://www.sportinglife.com/greyhounds/racecards/2026-08-28/harlow/racecard/514076
2026-08-28,Harlow,21:26,1,Swift Uno,514077,Sporting Life,https://www.sportinglife.com/greyhounds/racecards/2026-08-28/harlow/racecard/514077
2026-08-28,Harlow,21:26,2,Southwind Oz,514077,Sporting Life,https://www.sportinglife.com/greyhounds/racecards/2026-08-28/harlow/racecard/514077
2026-08-28,Harlow,21:26,3,Jura Go Bucko,514077,Sporting Life,https://www.sportinglife.com/greyhounds/racecards/2026-08-28/harlow/racecard/514077
2026-08-28,Harlow,21:26,4,Tullycanna Sadie,514077,Sporting Life,https://www.sportinglife.com/greyhounds/racecards/2026-08-28/harlow/racecard/514077
2026-08-28,Harlow,21:26,5,Alno Sue,514077,Sporting Life,https://www.sportinglife.com/greyhounds/racecards/2026-08-28/harlow/racecard/514077
2026-08-28,Harlow,21:26,6,Tommys Crown,514077,Sporting Life,https://www.sportinglife.com/greyhounds/racecards/2026-08-28/harlow/racecard/514077
2026-08-28,Hove,11:01,1,Antigua Luigi,514053,Sporting Life,https://www.sportinglife.com/greyhounds/racecards/2026-08-28/hove/racecard/514053
2026-08-28,Hove,11:01,2,Westwind Ace,514053,Sporting Life,https://www.sportinglife.com/greyhounds/racecards/2026-08-28/hove/racecard/514053
2026-08-28,Hove,11:01,3,Droopys Prospect,514053,Sporting Life,https://www.sportinglife.com/greyhounds/racecards/2026-08-28/hove/racecard/514053
2026-08-28,Hove,11:01,5,Noelles Glenlo,514053,Sporting Life,https://www.sportinglife.com/greyhounds/racecards/2026-08-28/hove/racecard/514053
2026-08-28,Hove,11:01,6,Ballymac Kinga,514053,Sporting Life,https://www.sportinglife.com/greyhounds/racecards/2026-08-28/hove/racecard/514053
2026-08-28,Hove,11:18,1,Double The Odds,514054,Sporting Life,https://www.sportinglife.com/greyhounds/racecards/2026-08-28/hove/racecard/514054
2026-08-28,Hove,11:18,2,Fatboy Stu,514054,Sporting Life,https://www.sportinglife.com/greyhounds/racecards/2026-08-28/hove/racecard/514054
2026-08-28,Hove,11:18,3,Kilara Capaldi,514054,Sporting Life,https://www.sportinglife.com/greyhounds/racecards/2026-08-28/hove/racecard/514054
2026-08-28,Hove,11:18,4,Alright Grace,514054,Sporting Life,https://www.sportinglife.com/greyhounds/racecards/2026-08-28/hove/racecard/514054
2026-08-28,Hove,11:18,6,Ivy Hill Jake,514054,Sporting Life,https://www.sportinglife.com/greyhounds/racecards/2026-08-28/hove/racecard/514054
2026-08-28,Hove,11:34,1,Kerrs Alive,514055,Sporting Life,https://www.sportinglife.com/greyhounds/racecards/2026-08-28/hove/racecard/514055
2026-08-28,Hove,11:34,2,Yougo Jenny,514055,Sporting Life,https://www.sportinglife.com/greyhounds/racecards/2026-08-28/hove/racecard/514055
2026-08-28,Hove,11:34,3,Aviendha,514055,Sporting Life,https://www.sportinglife.com/greyhounds/racecards/2026-08-28/hove/racecard/514055
2026-08-28,Hove,11:34,4,Hypnodisc,514055,Sporting Life,https://www.sportinglife.com/greyhounds/racecards/2026-08-28/hove/racecard/514055
2026-08-28,Hove,11:34,6,Dawncourt Dolly,514055,Sporting Life,https://www.sportinglife.com/greyhounds/racecards/2026-08-28/hove/racecard/514055
2026-08-28,Hove,11:52,1,Mind The Mouse,514056,Sporting Life,https://www.sportinglife.com/greyhounds/racecards/2026-08-28/hove/racecard/514056
2026-08-28,Hove,11:52,2,Mad To Run,514056,Sporting Life,https://www.sportinglife.com/greyhounds/racecards/2026-08-28/hove/racecard/514056
2026-08-28,Hove,11:52,3,Hellofanangel,514056,Sporting Life,https://www.sportinglife.com/greyhounds/racecards/2026-08-28/hove/racecard/514056
2026-08-28,Hove,11:52,4,Hillend Rachel,514056,Sporting Life,https://www.sportinglife.com/greyhounds/racecards/2026-08-28/hove/racecard/514056
2026-08-28,Hove,11:52,5,Timefortwopints,514056,Sporting Life,https://www.sportinglife.com/greyhounds/racecards/2026-08-28/hove/racecard/514056
2026-08-28,Hove,12:09,1,Spot On Tpol,514057,Sporting Life,https://www.sportinglife.com/greyhounds/racecards/2026-08-28/hove/racecard/514057
2026-08-28,Hove,12:09,2,Crohane Pearl,514057,Sporting Life,https://www.sportinglife.com/greyhounds/racecards/2026-08-28/hove/racecard/514057
2026-08-28,Hove,12:09,3,Miruts Yifter,514057,Sporting Life,https://www.sportinglife.com/greyhounds/racecards/2026-08-28/hove/racecard/514057
2026-08-28,Hove,12:09,4,Sly Ash,514057,Sporting Life,https://www.sportinglife.com/greyhounds/racecards/2026-08-28/hove/racecard/514057
2026-08-28,Hove,12:09,5,Airlie Coogee,514057,Sporting Life,https://www.sportinglife.com/greyhounds/racecards/2026-08-28/hove/racecard/514057
2026-08-28,Hove,12:09,6,Easy Lashes,514057,Sporting Life,https://www.sportinglife.com/greyhounds/racecards/2026-08-28/hove/racecard/514057
2026-08-28,Hove,12:26,1,Smashngrabpunk,514058,Sporting Life,https://www.sportinglife.com/greyhounds/racecards/2026-08-28/hove/racecard/514058
2026-08-28,Hove,12:26,2,Coolmeen Moll,514058,Sporting Life,https://www.sportinglife.com/greyhounds/racecards/2026-08-28/hove/racecard/514058
2026-08-28,Hove,12:26,3,Legacy,514058,Sporting Life,https://www.sportinglife.com/greyhounds/racecards/2026-08-28/hove/racecard/514058
2026-08-28,Hove,12:26,4,Courancove Cat,514058,Sporting Life,https://www.sportinglife.com/greyhounds/racecards/2026-08-28/hove/racecard/514058
2026-08-28,Hove,12:26,5,Yassoo Mell,514058,Sporting Life,https://www.sportinglife.com/greyhounds/racecards/2026-08-28/hove/racecard/514058
2026-08-28,Hove,12:26,6,Coppice Connie,514058,Sporting Life,https://www.sportinglife.com/greyhounds/racecards/2026-08-28/hove/racecard/514058
2026-08-28,Hove,12:42,1,Turbine Tynamite,514059,Sporting Life,https://www.sportinglife.com/greyhounds/racecards/2026-08-28/hove/racecard/514059
2026-08-28,Hove,12:42,2,Swift Zane,514059,Sporting Life,https://www.sportinglife.com/greyhounds/racecards/2026-08-28/hove/racecard/514059
2026-08-28,Hove,12:42,3,Alright Irene,514059,Sporting Life,https://www.sportinglife.com/greyhounds/racecards/2026-08-28/hove/racecard/514059
2026-08-28,Hove,12:42,4,Signet Force,514059,Sporting Life,https://www.sportinglife.com/greyhounds/racecards/2026-08-28/hove/racecard/514059
2026-08-28,Hove,12:42,6,Amys Onthe Run,514059,Sporting Life,https://www.sportinglife.com/greyhounds/racecards/2026-08-28/hove/racecard/514059
2026-08-28,Hove,12:59,1,Emers Lizzy,514060,Sporting Life,https://www.sportinglife.com/greyhounds/racecards/2026-08-28/hove/racecard/514060
2026-08-28,Hove,12:59,2,Daring Duchess,514060,Sporting Life,https://www.sportinglife.com/greyhounds/racecards/2026-08-28/hove/racecard/514060
2026-08-28,Hove,12:59,3,Third Generation,514060,Sporting Life,https://www.sportinglife.com/greyhounds/racecards/2026-08-28/hove/racecard/514060
2026-08-28,Hove,12:59,4,Troy Smokin Joe,514060,Sporting Life,https://www.sportinglife.com/greyhounds/racecards/2026-08-28/hove/racecard/514060
2026-08-28,Hove,12:59,6,Oioiperfectolads,514060,Sporting Life,https://www.sportinglife.com/greyhounds/racecards/2026-08-28/hove/racecard/514060
2026-08-28,Hove,13:17,1,Punk Rock Thief,514061,Sporting Life,https://www.sportinglife.com/greyhounds/racecards/2026-08-28/hove/racecard/514061
2026-08-28,Hove,13:17,2,Ballymac Humilis,514061,Sporting Life,https://www.sportinglife.com/greyhounds/racecards/2026-08-28/hove/racecard/514061
2026-08-28,Hove,13:17,3,Stheno,514061,Sporting Life,https://www.sportinglife.com/greyhounds/racecards/2026-08-28/hove/racecard/514061
2026-08-28,Hove,13:17,4,Stone Cold Punk,514061,Sporting Life,https://www.sportinglife.com/greyhounds/racecards/2026-08-28/hove/racecard/514061
2026-08-28,Hove,13:17,5,Droopys Fervour,514061,Sporting Life,https://www.sportinglife.com/greyhounds/racecards/2026-08-28/hove/racecard/514061
2026-08-28,Hove,13:17,6,Harley Quinn,514061,Sporting Life,https://www.sportinglife.com/greyhounds/racecards/2026-08-28/hove/racecard/514061
2026-08-28,Hove,13:33,1,Mob Momentum,514062,Sporting Life,https://www.sportinglife.com/greyhounds/racecards/2026-08-28/hove/racecard/514062
2026-08-28,Hove,13:33,2,Lets Go Yankees,514062,Sporting Life,https://www.sportinglife.com/greyhounds/racecards/2026-08-28/hove/racecard/514062
2026-08-28,Hove,13:33,3,My Tiny Trainer,514062,Sporting Life,https://www.sportinglife.com/greyhounds/racecards/2026-08-28/hove/racecard/514062
2026-08-28,Hove,13:33,4,The Hill,514062,Sporting Life,https://www.sportinglife.com/greyhounds/racecards/2026-08-28/hove/racecard/514062
2026-08-28,Hove,13:33,5,Curtin Raiser,514062,Sporting Life,https://www.sportinglife.com/greyhounds/racecards/2026-08-28/hove/racecard/514062
2026-08-28,Hove,13:33,6,Elite Liberty,514062,Sporting Life,https://www.sportinglife.com/greyhounds/racecards/2026-08-28/hove/racecard/514062
2026-08-28,Hove,13:51,1,Punk Rock Harley,514063,Sporting Life,https://www.sportinglife.com/greyhounds/racecards/2026-08-28/hove/racecard/514063
2026-08-28,Hove,13:51,2,Coppeen Class,514063,Sporting Life,https://www.sportinglife.com/greyhounds/racecards/2026-08-28/hove/racecard/514063
2026-08-28,Hove,13:51,3,Avarua Flojo,514063,Sporting Life,https://www.sportinglife.com/greyhounds/racecards/2026-08-28/hove/racecard/514063
2026-08-28,Hove,13:51,4,Au Revoir,514063,Sporting Life,https://www.sportinglife.com/greyhounds/racecards/2026-08-28/hove/racecard/514063
2026-08-28,Hove,13:51,6,Mertonaby Lad,514063,Sporting Life,https://www.sportinglife.com/greyhounds/racecards/2026-08-28/hove/racecard/514063
2026-08-28,Hove,14:07,1,Droopys String,514064,Sporting Life,https://www.sportinglife.com/greyhounds/racecards/2026-08-28/hove/racecard/514064
2026-08-28,Hove,14:07,2,Break Point,514064,Sporting Life,https://www.sportinglife.com/greyhounds/racecards/2026-08-28/hove/racecard/514064
2026-08-28,Hove,14:07,3,Glideaway Joey,514064,Sporting Life,https://www.sportinglife.com/greyhounds/racecards/2026-08-28/hove/racecard/514064
2026-08-28,Hove,14:07,4,Blarney Roy,514064,Sporting Life,https://www.sportinglife.com/greyhounds/racecards/2026-08-28/hove/racecard/514064
2026-08-28,Hove,14:07,5,Wastehouse Mix,514064,Sporting Life,https://www.sportinglife.com/greyhounds/racecards/2026-08-28/hove/racecard/514064
2026-08-28,Kinsley,14:29,1,Lundhill Ellie,513959,Sporting Life,https://www.sportinglife.com/greyhounds/racecards/2026-08-28/kinsley/racecard/513959
2026-08-28,Kinsley,14:29,2,Hazelgrove Dusk,513959,Sporting Life,https://www.sportinglife.com/greyhounds/racecards/2026-08-28/kinsley/racecard/513959
2026-08-28,Kinsley,14:29,3,Droopys Willya,513959,Sporting Life,https://www.sportinglife.com/greyhounds/racecards/2026-08-28/kinsley/racecard/513959
2026-08-28,Kinsley,14:29,4,Grumpy Walter,513959,Sporting Life,https://www.sportinglife.com/greyhounds/racecards/2026-08-28/kinsley/racecard/513959
2026-08-28,Kinsley,14:29,5,Julies Treat,513959,Sporting Life,https://www.sportinglife.com/greyhounds/racecards/2026-08-28/kinsley/racecard/513959
2026-08-28,Kinsley,14:29,6,Grumpy Pip,513959,Sporting Life,https://www.sportinglife.com/greyhounds/racecards/2026-08-28/kinsley/racecard/513959
2026-08-28,Kinsley,14:48,1,Jennywins,513960,Sporting Life,https://www.sportinglife.com/greyhounds/racecards/2026-08-28/kinsley/racecard/513960
2026-08-28,Kinsley,14:48,2,Grumpy Dizzy,513960,Sporting Life,https://www.sportinglife.com/greyhounds/racecards/2026-08-28/kinsley/racecard/513960
2026-08-28,Kinsley,14:48,3,Norden Girl,513960,Sporting Life,https://www.sportinglife.com/greyhounds/racecards/2026-08-28/kinsley/racecard/513960
2026-08-28,Kinsley,14:48,4,Deacon Hope,513960,Sporting Life,https://www.sportinglife.com/greyhounds/racecards/2026-08-28/kinsley/racecard/513960
2026-08-28,Kinsley,14:48,5,Highview Roots,513960,Sporting Life,https://www.sportinglife.com/greyhounds/racecards/2026-08-28/kinsley/racecard/513960
2026-08-28,Kinsley,14:48,6,Glenvale Jolly,513960,Sporting Life,https://www.sportinglife.com/greyhounds/racecards/2026-08-28/kinsley/racecard/513960
2026-08-28,Kinsley,15:07,2,Daring Moaner,513961,Sporting Life,https://www.sportinglife.com/greyhounds/racecards/2026-08-28/kinsley/racecard/513961
2026-08-28,Kinsley,15:07,3,Beaming Moscato,513961,Sporting Life,https://www.sportinglife.com/greyhounds/racecards/2026-08-28/kinsley/racecard/513961
2026-08-28,Kinsley,15:07,4,Thunder Run,513961,Sporting Life,https://www.sportinglife.com/greyhounds/racecards/2026-08-28/kinsley/racecard/513961
2026-08-28,Kinsley,15:07,5,Swift Qay,513961,Sporting Life,https://www.sportinglife.com/greyhounds/racecards/2026-08-28/kinsley/racecard/513961
2026-08-28,Kinsley,15:07,6,Da Man Joey,513961,Sporting Life,https://www.sportinglife.com/greyhounds/racecards/2026-08-28/kinsley/racecard/513961
2026-08-28,Kinsley,15:26,1,Da Boy Frank,513962,Sporting Life,https://www.sportinglife.com/greyhounds/racecards/2026-08-28/kinsley/racecard/513962
2026-08-28,Kinsley,15:26,2,Pro Cooper,513962,Sporting Life,https://www.sportinglife.com/greyhounds/racecards/2026-08-28/kinsley/racecard/513962
2026-08-28,Kinsley,15:26,3,Monroe Marley,513962,Sporting Life,https://www.sportinglife.com/greyhounds/racecards/2026-08-28/kinsley/racecard/513962
2026-08-28,Kinsley,15:26,4,Clongeen General,513962,Sporting Life,https://www.sportinglife.com/greyhounds/racecards/2026-08-28/kinsley/racecard/513962
2026-08-28,Kinsley,15:26,5,Nurney Sniper,513962,Sporting Life,https://www.sportinglife.com/greyhounds/racecards/2026-08-28/kinsley/racecard/513962
2026-08-28,Kinsley,15:26,6,Lundhill Alfie,513962,Sporting Life,https://www.sportinglife.com/greyhounds/racecards/2026-08-28/kinsley/racecard/513962
2026-08-28,Kinsley,15:44,1,Highview Dance,513963,Sporting Life,https://www.sportinglife.com/greyhounds/racecards/2026-08-28/kinsley/racecard/513963
2026-08-28,Kinsley,15:44,2,Crossfield Reba,513963,Sporting Life,https://www.sportinglife.com/greyhounds/racecards/2026-08-28/kinsley/racecard/513963
2026-08-28,Kinsley,15:44,3,Lamia,513963,Sporting Life,https://www.sportinglife.com/greyhounds/racecards/2026-08-28/kinsley/racecard/513963
2026-08-28,Kinsley,15:44,4,Mineola Topman,513963,Sporting Life,https://www.sportinglife.com/greyhounds/racecards/2026-08-28/kinsley/racecard/513963
2026-08-28,Kinsley,15:44,5,Cotswold Prince,513963,Sporting Life,https://www.sportinglife.com/greyhounds/racecards/2026-08-28/kinsley/racecard/513963
2026-08-28,Kinsley,15:44,6,Hazelgrove Pearl,513963,Sporting Life,https://www.sportinglife.com/greyhounds/racecards/2026-08-28/kinsley/racecard/513963
2026-08-28,Kinsley,16:03,1,Hazelgrove Petra,513964,Sporting Life,https://www.sportinglife.com/greyhounds/racecards/2026-08-28/kinsley/racecard/513964
2026-08-28,Kinsley,16:03,2,Deelish Honey,513964,Sporting Life,https://www.sportinglife.com/greyhounds/racecards/2026-08-28/kinsley/racecard/513964
2026-08-28,Kinsley,16:03,3,Gazes Boby,513964,Sporting Life,https://www.sportinglife.com/greyhounds/racecards/2026-08-28/kinsley/racecard/513964
2026-08-28,Kinsley,16:03,4,Canal View Blue,513964,Sporting Life,https://www.sportinglife.com/greyhounds/racecards/2026-08-28/kinsley/racecard/513964
2026-08-28,Kinsley,16:03,5,Deelish Lucy,513964,Sporting Life,https://www.sportinglife.com/greyhounds/racecards/2026-08-28/kinsley/racecard/513964
2026-08-28,Kinsley,16:03,6,Glenvale Dave,513964,Sporting Life,https://www.sportinglife.com/greyhounds/racecards/2026-08-28/kinsley/racecard/513964
2026-08-28,Kinsley,16:22,1,Tonagha Chancer,513965,Sporting Life,https://www.sportinglife.com/greyhounds/racecards/2026-08-28/kinsley/racecard/513965
2026-08-28,Kinsley,16:22,3,Deecee Alpha,513965,Sporting Life,https://www.sportinglife.com/greyhounds/racecards/2026-08-28/kinsley/racecard/513965
2026-08-28,Kinsley,16:22,4,Alno Rose,513965,Sporting Life,https://www.sportinglife.com/greyhounds/racecards/2026-08-28/kinsley/racecard/513965
2026-08-28,Kinsley,16:22,5,Pennys Hiro,513965,Sporting Life,https://www.sportinglife.com/greyhounds/racecards/2026-08-28/kinsley/racecard/513965
2026-08-28,Kinsley,16:22,6,Shrewd Amiee,513965,Sporting Life,https://www.sportinglife.com/greyhounds/racecards/2026-08-28/kinsley/racecard/513965
2026-08-28,Kinsley,16:41,1,Dromana Milo,513966,Sporting Life,https://www.sportinglife.com/greyhounds/racecards/2026-08-28/kinsley/racecard/513966
2026-08-28,Kinsley,16:41,2,Costly Chips,513966,Sporting Life,https://www.sportinglife.com/greyhounds/racecards/2026-08-28/kinsley/racecard/513966
2026-08-28,Kinsley,16:41,4,Noirs Coach,513966,Sporting Life,https://www.sportinglife.com/greyhounds/racecards/2026-08-28/kinsley/racecard/513966
2026-08-28,Kinsley,16:41,5,Coolavanny Nano,513966,Sporting Life,https://www.sportinglife.com/greyhounds/racecards/2026-08-28/kinsley/racecard/513966
2026-08-28,Kinsley,16:41,6,Polyphenols,513966,Sporting Life,https://www.sportinglife.com/greyhounds/racecards/2026-08-28/kinsley/racecard/513966
2026-08-28,Kinsley,16:59,1,Fast Fit Mollie,513967,Sporting Life,https://www.sportinglife.com/greyhounds/racecards/2026-08-28/kinsley/racecard/513967
2026-08-28,Kinsley,16:59,2,Thats So True,513967,Sporting Life,https://www.sportinglife.com/greyhounds/racecards/2026-08-28/kinsley/racecard/513967
2026-08-28,Kinsley,16:59,3,Unknown Daisy,513967,Sporting Life,https://www.sportinglife.com/greyhounds/racecards/2026-08-28/kinsley/racecard/513967
2026-08-28,Kinsley,16:59,4,Meenagh Medina,513967,Sporting Life,https://www.sportinglife.com/greyhounds/racecards/2026-08-28/kinsley/racecard/513967
2026-08-28,Kinsley,16:59,5,Grumpy Edith,513967,Sporting Life,https://www.sportinglife.com/greyhounds/racecards/2026-08-28/kinsley/racecard/513967
2026-08-28,Kinsley,16:59,6,Twoshookmen,513967,Sporting Life,https://www.sportinglife.com/greyhounds/racecards/2026-08-28/kinsley/racecard/513967
2026-08-28,Kinsley,17:18,1,Deecee Orla,513968,Sporting Life,https://www.sportinglife.com/greyhounds/racecards/2026-08-28/kinsley/racecard/513968
2026-08-28,Kinsley,17:18,2,Eagles Magic,513968,Sporting Life,https://www.sportinglife.com/greyhounds/racecards/2026-08-28/kinsley/racecard/513968
2026-08-28,Kinsley,17:18,3,Canya Moll,513968,Sporting Life,https://www.sportinglife.com/greyhounds/racecards/2026-08-28/kinsley/racecard/513968
2026-08-28,Kinsley,17:18,4,Queen Etta,513968,Sporting Life,https://www.sportinglife.com/greyhounds/racecards/2026-08-28/kinsley/racecard/513968
2026-08-28,Kinsley,17:18,5,Queen Ariana,513968,Sporting Life,https://www.sportinglife.com/greyhounds/racecards/2026-08-28/kinsley/racecard/513968
2026-08-28,Kinsley,17:18,6,Seven Oclock Bob,513968,Sporting Life,https://www.sportinglife.com/greyhounds/racecards/2026-08-28/kinsley/racecard/513968
2026-08-28,Kinsley,17:37,1,Dairyland Jose,513969,Sporting Life,https://www.sportinglife.com/greyhounds/racecards/2026-08-28/kinsley/racecard/513969
2026-08-28,Kinsley,17:37,2,Tommys Messi,513969,Sporting Life,https://www.sportinglife.com/greyhounds/racecards/2026-08-28/kinsley/racecard/513969
2026-08-28,Kinsley,17:37,3,Got The Ballymac,513969,Sporting Life,https://www.sportinglife.com/greyhounds/racecards/2026-08-28/kinsley/racecard/513969
2026-08-28,Kinsley,17:37,4,Move Over Manly,513969,Sporting Life,https://www.sportinglife.com/greyhounds/racecards/2026-08-28/kinsley/racecard/513969
2026-08-28,Kinsley,17:37,5,Deecee Bonnie,513969,Sporting Life,https://www.sportinglife.com/greyhounds/racecards/2026-08-28/kinsley/racecard/513969
2026-08-28,Kinsley,17:37,6,Grange Bell,513969,Sporting Life,https://www.sportinglife.com/greyhounds/racecards/2026-08-28/kinsley/racecard/513969
2026-08-28,Kinsley,17:56,1,Chosen Lady,513970,Sporting Life,https://www.sportinglife.com/greyhounds/racecards/2026-08-28/kinsley/racecard/513970
2026-08-28,Kinsley,17:56,2,Tomahurra Winter,513970,Sporting Life,https://www.sportinglife.com/greyhounds/racecards/2026-08-28/kinsley/racecard/513970
2026-08-28,Kinsley,17:56,3,Deecee Ava,513970,Sporting Life,https://www.sportinglife.com/greyhounds/racecards/2026-08-28/kinsley/racecard/513970
2026-08-28,Kinsley,17:56,4,Jennyontheblock,513970,Sporting Life,https://www.sportinglife.com/greyhounds/racecards/2026-08-28/kinsley/racecard/513970
2026-08-28,Kinsley,17:56,5,Cactus Closedown,513970,Sporting Life,https://www.sportinglife.com/greyhounds/racecards/2026-08-28/kinsley/racecard/513970
2026-08-28,Kinsley,17:56,6,Swift Kat,513970,Sporting Life,https://www.sportinglife.com/greyhounds/racecards/2026-08-28/kinsley/racecard/513970
2026-08-28,Newcastle,14:36,1,Whitehills Magic,514090,Sporting Life,https://www.sportinglife.com/greyhounds/racecards/2026-08-28/newcastle/racecard/514090
2026-08-28,Newcastle,14:36,2,Trevorfoot,514090,Sporting Life,https://www.sportinglife.com/greyhounds/racecards/2026-08-28/newcastle/racecard/514090
2026-08-28,Newcastle,14:36,3,Whitehills Logan,514090,Sporting Life,https://www.sportinglife.com/greyhounds/racecards/2026-08-28/newcastle/racecard/514090
2026-08-28,Newcastle,14:36,4,Blackhouse Tom,514090,Sporting Life,https://www.sportinglife.com/greyhounds/racecards/2026-08-28/newcastle/racecard/514090
2026-08-28,Newcastle,14:36,6,Katies Captain,514090,Sporting Life,https://www.sportinglife.com/greyhounds/racecards/2026-08-28/newcastle/racecard/514090
2026-08-28,Newcastle,14:54,1,Cahermone Best,514091,Sporting Life,https://www.sportinglife.com/greyhounds/racecards/2026-08-28/newcastle/racecard/514091
2026-08-28,Newcastle,14:54,2,A Bit Of Maur,514091,Sporting Life,https://www.sportinglife.com/greyhounds/racecards/2026-08-28/newcastle/racecard/514091
2026-08-28,Newcastle,14:54,3,Coolemount Crest,514091,Sporting Life,https://www.sportinglife.com/greyhounds/racecards/2026-08-28/newcastle/racecard/514091
2026-08-28,Newcastle,14:54,4,Droopys Coach,514091,Sporting Life,https://www.sportinglife.com/greyhounds/racecards/2026-08-28/newcastle/racecard/514091
2026-08-28,Newcastle,14:54,5,Zenith Magic,514091,Sporting Life,https://www.sportinglife.com/greyhounds/racecards/2026-08-28/newcastle/racecard/514091
2026-08-28,Newcastle,14:54,6,Greenwell Bolt,514091,Sporting Life,https://www.sportinglife.com/greyhounds/racecards/2026-08-28/newcastle/racecard/514091
2026-08-28,Newcastle,15:13,1,Clona Levi,514092,Sporting Life,https://www.sportinglife.com/greyhounds/racecards/2026-08-28/newcastle/racecard/514092
2026-08-28,Newcastle,15:13,2,Droopys Getin,514092,Sporting Life,https://www.sportinglife.com/greyhounds/racecards/2026-08-28/newcastle/racecard/514092
2026-08-28,Newcastle,15:13,3,Whitehills Vito,514092,Sporting Life,https://www.sportinglife.com/greyhounds/racecards/2026-08-28/newcastle/racecard/514092
2026-08-28,Newcastle,15:13,4,Crooks On Fire,514092,Sporting Life,https://www.sportinglife.com/greyhounds/racecards/2026-08-28/newcastle/racecard/514092
2026-08-28,Newcastle,15:13,5,Deejay Charlie,514092,Sporting Life,https://www.sportinglife.com/greyhounds/racecards/2026-08-28/newcastle/racecard/514092
2026-08-28,Newcastle,15:13,6,Dromana Kranky,514092,Sporting Life,https://www.sportinglife.com/greyhounds/racecards/2026-08-28/newcastle/racecard/514092
2026-08-28,Newcastle,15:32,1,Coppice Melbelle,514093,Sporting Life,https://www.sportinglife.com/greyhounds/racecards/2026-08-28/newcastle/racecard/514093
2026-08-28,Newcastle,15:32,2,Alnwick Machine,514093,Sporting Life,https://www.sportinglife.com/greyhounds/racecards/2026-08-28/newcastle/racecard/514093
2026-08-28,Newcastle,15:32,3,Blackhouseharley,514093,Sporting Life,https://www.sportinglife.com/greyhounds/racecards/2026-08-28/newcastle/racecard/514093
2026-08-28,Newcastle,15:32,4,A Bit Of Hunter,514093,Sporting Life,https://www.sportinglife.com/greyhounds/racecards/2026-08-28/newcastle/racecard/514093
2026-08-28,Newcastle,15:32,5,Fahrenheit Eve,514093,Sporting Life,https://www.sportinglife.com/greyhounds/racecards/2026-08-28/newcastle/racecard/514093
2026-08-28,Newcastle,15:32,6,Wanganui Wanda,514093,Sporting Life,https://www.sportinglife.com/greyhounds/racecards/2026-08-28/newcastle/racecard/514093
2026-08-28,Newcastle,15:51,1,Lostrigg Buck,514094,Sporting Life,https://www.sportinglife.com/greyhounds/racecards/2026-08-28/newcastle/racecard/514094
2026-08-28,Newcastle,15:51,2,Szoboszlai,514094,Sporting Life,https://www.sportinglife.com/greyhounds/racecards/2026-08-28/newcastle/racecard/514094
2026-08-28,Newcastle,15:51,3,Highview Edge,514094,Sporting Life,https://www.sportinglife.com/greyhounds/racecards/2026-08-28/newcastle/racecard/514094
2026-08-28,Newcastle,15:51,4,Jackos Flyte,514094,Sporting Life,https://www.sportinglife.com/greyhounds/racecards/2026-08-28/newcastle/racecard/514094
2026-08-28,Newcastle,15:51,5,Butterbridge Top,514094,Sporting Life,https://www.sportinglife.com/greyhounds/racecards/2026-08-28/newcastle/racecard/514094
2026-08-28,Newcastle,15:51,6,Crokers Mimi,514094,Sporting Life,https://www.sportinglife.com/greyhounds/racecards/2026-08-28/newcastle/racecard/514094
2026-08-28,Newcastle,16:09,1,Blackhouse Silly,514095,Sporting Life,https://www.sportinglife.com/greyhounds/racecards/2026-08-28/newcastle/racecard/514095
2026-08-28,Newcastle,16:09,2,Medusa,514095,Sporting Life,https://www.sportinglife.com/greyhounds/racecards/2026-08-28/newcastle/racecard/514095
2026-08-28,Newcastle,16:09,3,Clear Eyes,514095,Sporting Life,https://www.sportinglife.com/greyhounds/racecards/2026-08-28/newcastle/racecard/514095
2026-08-28,Newcastle,16:09,4,Millhill Yogi,514095,Sporting Life,https://www.sportinglife.com/greyhounds/racecards/2026-08-28/newcastle/racecard/514095
2026-08-28,Newcastle,16:09,5,Greenwell Crazy,514095,Sporting Life,https://www.sportinglife.com/greyhounds/racecards/2026-08-28/newcastle/racecard/514095
2026-08-28,Newcastle,16:09,6,Ambers Hero,514095,Sporting Life,https://www.sportinglife.com/greyhounds/racecards/2026-08-28/newcastle/racecard/514095
2026-08-28,Newcastle,16:28,1,Droopys Tutu,514096,Sporting Life,https://www.sportinglife.com/greyhounds/racecards/2026-08-28/newcastle/racecard/514096
2026-08-28,Newcastle,16:28,2,Whitehills Ted,514096,Sporting Life,https://www.sportinglife.com/greyhounds/racecards/2026-08-28/newcastle/racecard/514096
2026-08-28,Newcastle,16:28,3,Alnwick Toonarmy,514096,Sporting Life,https://www.sportinglife.com/greyhounds/racecards/2026-08-28/newcastle/racecard/514096
2026-08-28,Newcastle,16:28,4,Dryland Velvet,514096,Sporting Life,https://www.sportinglife.com/greyhounds/racecards/2026-08-28/newcastle/racecard/514096
2026-08-28,Newcastle,16:28,5,Ridgedale Spirit,514096,Sporting Life,https://www.sportinglife.com/greyhounds/racecards/2026-08-28/newcastle/racecard/514096
2026-08-28,Newcastle,16:28,6,Easy Oz,514096,Sporting Life,https://www.sportinglife.com/greyhounds/racecards/2026-08-28/newcastle/racecard/514096
2026-08-28,Newcastle,16:47,1,Timones Star,514097,Sporting Life,https://www.sportinglife.com/greyhounds/racecards/2026-08-28/newcastle/racecard/514097
2026-08-28,Newcastle,16:47,2,Whitehills Haydi,514097,Sporting Life,https://www.sportinglife.com/greyhounds/racecards/2026-08-28/newcastle/racecard/514097
2026-08-28,Newcastle,16:47,3,Do It Zara,514097,Sporting Life,https://www.sportinglife.com/greyhounds/racecards/2026-08-28/newcastle/racecard/514097
2026-08-28,Newcastle,16:47,4,Alnwick Betty,514097,Sporting Life,https://www.sportinglife.com/greyhounds/racecards/2026-08-28/newcastle/racecard/514097
2026-08-28,Newcastle,16:47,5,Footfield Squeak,514097,Sporting Life,https://www.sportinglife.com/greyhounds/racecards/2026-08-28/newcastle/racecard/514097
2026-08-28,Newcastle,16:47,6,Newinn Zulu,514097,Sporting Life,https://www.sportinglife.com/greyhounds/racecards/2026-08-28/newcastle/racecard/514097
2026-08-28,Newcastle,17:06,1,Coppice Survivor,514098,Sporting Life,https://www.sportinglife.com/greyhounds/racecards/2026-08-28/newcastle/racecard/514098
2026-08-28,Newcastle,17:06,2,Balrobuck Kisses,514098,Sporting Life,https://www.sportinglife.com/greyhounds/racecards/2026-08-28/newcastle/racecard/514098
2026-08-28,Newcastle,17:06,3,Whitehills Zoey,514098,Sporting Life,https://www.sportinglife.com/greyhounds/racecards/2026-08-28/newcastle/racecard/514098
2026-08-28,Newcastle,17:06,4,Under The Skin,514098,Sporting Life,https://www.sportinglife.com/greyhounds/racecards/2026-08-28/newcastle/racecard/514098
2026-08-28,Newcastle,17:06,5,Ridgedale Choice,514098,Sporting Life,https://www.sportinglife.com/greyhounds/racecards/2026-08-28/newcastle/racecard/514098
2026-08-28,Newcastle,17:06,6,Lexis Bullet,514098,Sporting Life,https://www.sportinglife.com/greyhounds/racecards/2026-08-28/newcastle/racecard/514098
2026-08-28,Newcastle,17:24,1,Swift Zen,514099,Sporting Life,https://www.sportinglife.com/greyhounds/racecards/2026-08-28/newcastle/racecard/514099
2026-08-28,Newcastle,17:24,2,Mcdara Julie,514099,Sporting Life,https://www.sportinglife.com/greyhounds/racecards/2026-08-28/newcastle/racecard/514099
2026-08-28,Newcastle,17:24,3,Isaks Onthe Kop,514099,Sporting Life,https://www.sportinglife.com/greyhounds/racecards/2026-08-28/newcastle/racecard/514099
2026-08-28,Newcastle,17:24,4,Howay Matteo,514099,Sporting Life,https://www.sportinglife.com/greyhounds/racecards/2026-08-28/newcastle/racecard/514099
2026-08-28,Newcastle,17:24,5,Anglesey Savana,514099,Sporting Life,https://www.sportinglife.com/greyhounds/racecards/2026-08-28/newcastle/racecard/514099
2026-08-28,Newcastle,17:24,6,Alnwick Bolt,514099,Sporting Life,https://www.sportinglife.com/greyhounds/racecards/2026-08-28/newcastle/racecard/514099
2026-08-28,Newcastle,17:43,1,Shebas Shine,514100,Sporting Life,https://www.sportinglife.com/greyhounds/racecards/2026-08-28/newcastle/racecard/514100
2026-08-28,Newcastle,17:43,2,Hollywell Ernie,514100,Sporting Life,https://www.sportinglife.com/greyhounds/racecards/2026-08-28/newcastle/racecard/514100
2026-08-28,Newcastle,17:43,3,Hasty Session,514100,Sporting Life,https://www.sportinglife.com/greyhounds/racecards/2026-08-28/newcastle/racecard/514100
2026-08-28,Newcastle,17:43,4,Alnwick Martyn,514100,Sporting Life,https://www.sportinglife.com/greyhounds/racecards/2026-08-28/newcastle/racecard/514100
2026-08-28,Newcastle,17:43,5,Whitehills Louis,514100,Sporting Life,https://www.sportinglife.com/greyhounds/racecards/2026-08-28/newcastle/racecard/514100
2026-08-28,Newcastle,17:43,6,Slippy Poppy,514100,Sporting Life,https://www.sportinglife.com/greyhounds/racecards/2026-08-28/newcastle/racecard/514100
2026-08-28,Newcastle,18:02,1,Onyergostar,514101,Sporting Life,https://www.sportinglife.com/greyhounds/racecards/2026-08-28/newcastle/racecard/514101
2026-08-28,Newcastle,18:02,2,Alnwick Tommy,514101,Sporting Life,https://www.sportinglife.com/greyhounds/racecards/2026-08-28/newcastle/racecard/514101
2026-08-28,Newcastle,18:02,3,Killeacle Denise,514101,Sporting Life,https://www.sportinglife.com/greyhounds/racecards/2026-08-28/newcastle/racecard/514101
2026-08-28,Newcastle,18:02,4,Howay Angel,514101,Sporting Life,https://www.sportinglife.com/greyhounds/racecards/2026-08-28/newcastle/racecard/514101
2026-08-28,Newcastle,18:02,5,Rowington Ruby,514101,Sporting Life,https://www.sportinglife.com/greyhounds/racecards/2026-08-28/newcastle/racecard/514101
2026-08-28,Newcastle,18:02,6,Swift Table,514101,Sporting Life,https://www.sportinglife.com/greyhounds/racecards/2026-08-28/newcastle/racecard/514101
2026-08-28,Nottingham,18:08,1,Swift Micah,514007,Sporting Life,https://www.sportinglife.com/greyhounds/racecards/2026-08-28/nottingham/racecard/514007
2026-08-28,Nottingham,18:08,2,Sober Gemstone,514007,Sporting Life,https://www.sportinglife.com/greyhounds/racecards/2026-08-28/nottingham/racecard/514007
2026-08-28,Nottingham,18:08,3,Fancroftmawbaker,514007,Sporting Life,https://www.sportinglife.com/greyhounds/racecards/2026-08-28/nottingham/racecard/514007
2026-08-28,Nottingham,18:08,4,Yankee Leader,514007,Sporting Life,https://www.sportinglife.com/greyhounds/racecards/2026-08-28/nottingham/racecard/514007
2026-08-28,Nottingham,18:08,5,Honeyhill Bert,514007,Sporting Life,https://www.sportinglife.com/greyhounds/racecards/2026-08-28/nottingham/racecard/514007
2026-08-28,Nottingham,18:08,6,Gallant Taylor,514007,Sporting Life,https://www.sportinglife.com/greyhounds/racecards/2026-08-28/nottingham/racecard/514007
2026-08-28,Nottingham,18:28,1,New Cross Nights,514008,Sporting Life,https://www.sportinglife.com/greyhounds/racecards/2026-08-28/nottingham/racecard/514008
2026-08-28,Nottingham,18:28,2,Grandad Bingo,514008,Sporting Life,https://www.sportinglife.com/greyhounds/racecards/2026-08-28/nottingham/racecard/514008
2026-08-28,Nottingham,18:28,3,Nidderdalesummer,514008,Sporting Life,https://www.sportinglife.com/greyhounds/racecards/2026-08-28/nottingham/racecard/514008
2026-08-28,Nottingham,18:28,4,Churchill Queen,514008,Sporting Life,https://www.sportinglife.com/greyhounds/racecards/2026-08-28/nottingham/racecard/514008
2026-08-28,Nottingham,18:28,5,Hillend Maise,514008,Sporting Life,https://www.sportinglife.com/greyhounds/racecards/2026-08-28/nottingham/racecard/514008
2026-08-28,Nottingham,18:28,6,Lavender Blue,514008,Sporting Life,https://www.sportinglife.com/greyhounds/racecards/2026-08-28/nottingham/racecard/514008
2026-08-28,Nottingham,18:48,1,Milos Delivery,514009,Sporting Life,https://www.sportinglife.com/greyhounds/racecards/2026-08-28/nottingham/racecard/514009
2026-08-28,Nottingham,18:48,2,Legsintheair,514009,Sporting Life,https://www.sportinglife.com/greyhounds/racecards/2026-08-28/nottingham/racecard/514009
2026-08-28,Nottingham,18:48,4,Barnfield Venus,514009,Sporting Life,https://www.sportinglife.com/greyhounds/racecards/2026-08-28/nottingham/racecard/514009
2026-08-28,Nottingham,18:48,5,Mister Fezziwig,514009,Sporting Life,https://www.sportinglife.com/greyhounds/racecards/2026-08-28/nottingham/racecard/514009
2026-08-28,Nottingham,18:48,6,Lynnia Max,514009,Sporting Life,https://www.sportinglife.com/greyhounds/racecards/2026-08-28/nottingham/racecard/514009
2026-08-28,Nottingham,19:08,1,Honour Vacation,514010,Sporting Life,https://www.sportinglife.com/greyhounds/racecards/2026-08-28/nottingham/racecard/514010
2026-08-28,Nottingham,19:08,2,Ballyboss Hack,514010,Sporting Life,https://www.sportinglife.com/greyhounds/racecards/2026-08-28/nottingham/racecard/514010
2026-08-28,Nottingham,19:08,3,Wolf Gold,514010,Sporting Life,https://www.sportinglife.com/greyhounds/racecards/2026-08-28/nottingham/racecard/514010
2026-08-28,Nottingham,19:08,4,Optic Helmet,514010,Sporting Life,https://www.sportinglife.com/greyhounds/racecards/2026-08-28/nottingham/racecard/514010
2026-08-28,Nottingham,19:08,5,Worra Cuddle,514010,Sporting Life,https://www.sportinglife.com/greyhounds/racecards/2026-08-28/nottingham/racecard/514010
2026-08-28,Nottingham,19:08,6,Kylenoe Stan,514010,Sporting Life,https://www.sportinglife.com/greyhounds/racecards/2026-08-28/nottingham/racecard/514010
2026-08-28,Nottingham,19:28,1,Fortanach Elsie,514011,Sporting Life,https://www.sportinglife.com/greyhounds/racecards/2026-08-28/nottingham/racecard/514011
2026-08-28,Nottingham,19:28,2,Keefill Everest,514011,Sporting Life,https://www.sportinglife.com/greyhounds/racecards/2026-08-28/nottingham/racecard/514011
2026-08-28,Nottingham,19:28,3,Spagbol,514011,Sporting Life,https://www.sportinglife.com/greyhounds/racecards/2026-08-28/nottingham/racecard/514011
2026-08-28,Nottingham,19:28,5,Kanturk Kin,514011,Sporting Life,https://www.sportinglife.com/greyhounds/racecards/2026-08-28/nottingham/racecard/514011
2026-08-28,Nottingham,19:28,6,Macash Rose,514011,Sporting Life,https://www.sportinglife.com/greyhounds/racecards/2026-08-28/nottingham/racecard/514011
2026-08-28,Nottingham,19:48,1,Princes Legacy,514012,Sporting Life,https://www.sportinglife.com/greyhounds/racecards/2026-08-28/nottingham/racecard/514012
2026-08-28,Nottingham,19:48,2,Swift Talk,514012,Sporting Life,https://www.sportinglife.com/greyhounds/racecards/2026-08-28/nottingham/racecard/514012
2026-08-28,Nottingham,19:48,3,Bluejig Polly,514012,Sporting Life,https://www.sportinglife.com/greyhounds/racecards/2026-08-28/nottingham/racecard/514012
2026-08-28,Nottingham,19:48,5,Phoenix River,514012,Sporting Life,https://www.sportinglife.com/greyhounds/racecards/2026-08-28/nottingham/racecard/514012
2026-08-28,Nottingham,19:48,6,Crafty Elmo,514012,Sporting Life,https://www.sportinglife.com/greyhounds/racecards/2026-08-28/nottingham/racecard/514012
2026-08-28,Nottingham,20:08,1,Perdey,514013,Sporting Life,https://www.sportinglife.com/greyhounds/racecards/2026-08-28/nottingham/racecard/514013
2026-08-28,Nottingham,20:08,2,Our Moll,514013,Sporting Life,https://www.sportinglife.com/greyhounds/racecards/2026-08-28/nottingham/racecard/514013
2026-08-28,Nottingham,20:08,3,Platinumsunshine,514013,Sporting Life,https://www.sportinglife.com/greyhounds/racecards/2026-08-28/nottingham/racecard/514013
2026-08-28,Nottingham,20:08,4,Cape Venture,514013,Sporting Life,https://www.sportinglife.com/greyhounds/racecards/2026-08-28/nottingham/racecard/514013
2026-08-28,Nottingham,20:08,5,Swift Kendall,514013,Sporting Life,https://www.sportinglife.com/greyhounds/racecards/2026-08-28/nottingham/racecard/514013
2026-08-28,Nottingham,20:08,6,Loxleys Wildcat,514013,Sporting Life,https://www.sportinglife.com/greyhounds/racecards/2026-08-28/nottingham/racecard/514013
2026-08-28,Nottingham,20:28,1,Skyfall Bliss,514014,Sporting Life,https://www.sportinglife.com/greyhounds/racecards/2026-08-28/nottingham/racecard/514014
2026-08-28,Nottingham,20:28,2,Dairyland Roxy,514014,Sporting Life,https://www.sportinglife.com/greyhounds/racecards/2026-08-28/nottingham/racecard/514014
2026-08-28,Nottingham,20:28,3,Swift Doireann,514014,Sporting Life,https://www.sportinglife.com/greyhounds/racecards/2026-08-28/nottingham/racecard/514014
2026-08-28,Nottingham,20:28,4,Freedom Venus,514014,Sporting Life,https://www.sportinglife.com/greyhounds/racecards/2026-08-28/nottingham/racecard/514014
2026-08-28,Nottingham,20:28,5,Spot The Loony,514014,Sporting Life,https://www.sportinglife.com/greyhounds/racecards/2026-08-28/nottingham/racecard/514014
2026-08-28,Nottingham,20:28,6,Noirs Fly,514014,Sporting Life,https://www.sportinglife.com/greyhounds/racecards/2026-08-28/nottingham/racecard/514014
2026-08-28,Nottingham,20:48,1,Spruce Blaze,514015,Sporting Life,https://www.sportinglife.com/greyhounds/racecards/2026-08-28/nottingham/racecard/514015
2026-08-28,Nottingham,20:48,2,Shockwave Ice,514015,Sporting Life,https://www.sportinglife.com/greyhounds/racecards/2026-08-28/nottingham/racecard/514015
2026-08-28,Nottingham,20:48,3,Bene N Hot,514015,Sporting Life,https://www.sportinglife.com/greyhounds/racecards/2026-08-28/nottingham/racecard/514015
2026-08-28,Nottingham,20:48,4,Basic Instinct,514015,Sporting Life,https://www.sportinglife.com/greyhounds/racecards/2026-08-28/nottingham/racecard/514015
2026-08-28,Nottingham,20:48,5,Runforlucy,514015,Sporting Life,https://www.sportinglife.com/greyhounds/racecards/2026-08-28/nottingham/racecard/514015
2026-08-28,Nottingham,20:48,6,Greybie,514015,Sporting Life,https://www.sportinglife.com/greyhounds/racecards/2026-08-28/nottingham/racecard/514015
2026-08-28,Nottingham,21:08,1,Jades Catch,514016,Sporting Life,https://www.sportinglife.com/greyhounds/racecards/2026-08-28/nottingham/racecard/514016
2026-08-28,Nottingham,21:08,2,Cairo,514016,Sporting Life,https://www.sportinglife.com/greyhounds/racecards/2026-08-28/nottingham/racecard/514016
2026-08-28,Nottingham,21:08,3,Tory Yvonne,514016,Sporting Life,https://www.sportinglife.com/greyhounds/racecards/2026-08-28/nottingham/racecard/514016
2026-08-28,Nottingham,21:08,4,Mon Visage,514016,Sporting Life,https://www.sportinglife.com/greyhounds/racecards/2026-08-28/nottingham/racecard/514016
2026-08-28,Nottingham,21:08,5,Lemon Shirley,514016,Sporting Life,https://www.sportinglife.com/greyhounds/racecards/2026-08-28/nottingham/racecard/514016
2026-08-28,Nottingham,21:08,6,Rosshill Sue,514016,Sporting Life,https://www.sportinglife.com/greyhounds/racecards/2026-08-28/nottingham/racecard/514016
2026-08-28,Nottingham,21:28,1,Ferryforth Mary,514017,Sporting Life,https://www.sportinglife.com/greyhounds/racecards/2026-08-28/nottingham/racecard/514017
2026-08-28,Nottingham,21:28,2,Chasing Niamh,514017,Sporting Life,https://www.sportinglife.com/greyhounds/racecards/2026-08-28/nottingham/racecard/514017
2026-08-28,Nottingham,21:28,3,Olwinn Ginge,514017,Sporting Life,https://www.sportinglife.com/greyhounds/racecards/2026-08-28/nottingham/racecard/514017
2026-08-28,Nottingham,21:28,4,Washington Sky,514017,Sporting Life,https://www.sportinglife.com/greyhounds/racecards/2026-08-28/nottingham/racecard/514017
2026-08-28,Nottingham,21:28,5,Wolf Midnight,514017,Sporting Life,https://www.sportinglife.com/greyhounds/racecards/2026-08-28/nottingham/racecard/514017
2026-08-28,Nottingham,21:28,6,Annadown Belle,514017,Sporting Life,https://www.sportinglife.com/greyhounds/racecards/2026-08-28/nottingham/racecard/514017
2026-08-28,Nottingham,21:48,1,Hinault Mcrow,514018,Sporting Life,https://www.sportinglife.com/greyhounds/racecards/2026-08-28/nottingham/racecard/514018
2026-08-28,Nottingham,21:48,2,Platinum Honey,514018,Sporting Life,https://www.sportinglife.com/greyhounds/racecards/2026-08-28/nottingham/racecard/514018
2026-08-28,Nottingham,21:48,3,Glideaway Fever,514018,Sporting Life,https://www.sportinglife.com/greyhounds/racecards/2026-08-28/nottingham/racecard/514018
2026-08-28,Nottingham,21:48,4,Honour Bellie,514018,Sporting Life,https://www.sportinglife.com/greyhounds/racecards/2026-08-28/nottingham/racecard/514018
2026-08-28,Nottingham,21:48,5,Worra Babe,514018,Sporting Life,https://www.sportinglife.com/greyhounds/racecards/2026-08-28/nottingham/racecard/514018
2026-08-28,Romford,18:33,1,Droopys Pioneer,513971,Sporting Life,https://www.sportinglife.com/greyhounds/racecards/2026-08-28/romford/racecard/513971
2026-08-28,Romford,18:33,2,Droopys Assertiv,513971,Sporting Life,https://www.sportinglife.com/greyhounds/racecards/2026-08-28/romford/racecard/513971
2026-08-28,Romford,18:33,3,Tinks Jester,513971,Sporting Life,https://www.sportinglife.com/greyhounds/racecards/2026-08-28/romford/racecard/513971
2026-08-28,Romford,18:33,4,Speedy Gojo Fast,513971,Sporting Life,https://www.sportinglife.com/greyhounds/racecards/2026-08-28/romford/racecard/513971
2026-08-28,Romford,18:33,5,Jacquesinthebox,513971,Sporting Life,https://www.sportinglife.com/greyhounds/racecards/2026-08-28/romford/racecard/513971
2026-08-28,Romford,18:33,6,Lincoln Impact,513971,Sporting Life,https://www.sportinglife.com/greyhounds/racecards/2026-08-28/romford/racecard/513971
2026-08-28,Romford,18:53,1,Two Sterling,513972,Sporting Life,https://www.sportinglife.com/greyhounds/racecards/2026-08-28/romford/racecard/513972
2026-08-28,Romford,18:53,2,Bonville Paddy,513972,Sporting Life,https://www.sportinglife.com/greyhounds/racecards/2026-08-28/romford/racecard/513972
2026-08-28,Romford,18:53,3,Whisky Villarico,513972,Sporting Life,https://www.sportinglife.com/greyhounds/racecards/2026-08-28/romford/racecard/513972
2026-08-28,Romford,18:53,4,Lincoln Impulse,513972,Sporting Life,https://www.sportinglife.com/greyhounds/racecards/2026-08-28/romford/racecard/513972
2026-08-28,Romford,18:53,5,Swift Quick,513972,Sporting Life,https://www.sportinglife.com/greyhounds/racecards/2026-08-28/romford/racecard/513972
2026-08-28,Romford,18:53,6,Snoopys Gold,513972,Sporting Life,https://www.sportinglife.com/greyhounds/racecards/2026-08-28/romford/racecard/513972
2026-08-28,Romford,19:13,1,King Jarvis,513973,Sporting Life,https://www.sportinglife.com/greyhounds/racecards/2026-08-28/romford/racecard/513973
2026-08-28,Romford,19:13,2,Droopys Will,513973,Sporting Life,https://www.sportinglife.com/greyhounds/racecards/2026-08-28/romford/racecard/513973
2026-08-28,Romford,19:13,3,Piemans Goalie,513973,Sporting Life,https://www.sportinglife.com/greyhounds/racecards/2026-08-28/romford/racecard/513973
2026-08-28,Romford,19:13,4,Brunch Pal,513973,Sporting Life,https://www.sportinglife.com/greyhounds/racecards/2026-08-28/romford/racecard/513973
2026-08-28,Romford,19:13,5,Funky Adz,513973,Sporting Life,https://www.sportinglife.com/greyhounds/racecards/2026-08-28/romford/racecard/513973
2026-08-28,Romford,19:13,6,Brindle Bully,513973,Sporting Life,https://www.sportinglife.com/greyhounds/racecards/2026-08-28/romford/racecard/513973
2026-08-28,Romford,19:33,1,Crossfield Finn,513974,Sporting Life,https://www.sportinglife.com/greyhounds/racecards/2026-08-28/romford/racecard/513974
2026-08-28,Romford,19:33,2,Zenith Jimbombom,513974,Sporting Life,https://www.sportinglife.com/greyhounds/racecards/2026-08-28/romford/racecard/513974
2026-08-28,Romford,19:33,3,Distant Rover,513974,Sporting Life,https://www.sportinglife.com/greyhounds/racecards/2026-08-28/romford/racecard/513974
2026-08-28,Romford,19:33,4,Headford Wayne,513974,Sporting Life,https://www.sportinglife.com/greyhounds/racecards/2026-08-28/romford/racecard/513974
2026-08-28,Romford,19:33,5,Bombay Buck,513974,Sporting Life,https://www.sportinglife.com/greyhounds/racecards/2026-08-28/romford/racecard/513974
2026-08-28,Romford,19:33,6,Jacktavern Don,513974,Sporting Life,https://www.sportinglife.com/greyhounds/racecards/2026-08-28/romford/racecard/513974
2026-08-28,Romford,19:53,1,Drombeg Dusty,513975,Sporting Life,https://www.sportinglife.com/greyhounds/racecards/2026-08-28/romford/racecard/513975
2026-08-28,Romford,19:53,2,Izzys Tenpin,513975,Sporting Life,https://www.sportinglife.com/greyhounds/racecards/2026-08-28/romford/racecard/513975
2026-08-28,Romford,19:53,3,Rossa Vita,513975,Sporting Life,https://www.sportinglife.com/greyhounds/racecards/2026-08-28/romford/racecard/513975
2026-08-28,Romford,19:53,4,Crossfield Roger,513975,Sporting Life,https://www.sportinglife.com/greyhounds/racecards/2026-08-28/romford/racecard/513975
2026-08-28,Romford,19:53,5,Zenith Legend,513975,Sporting Life,https://www.sportinglife.com/greyhounds/racecards/2026-08-28/romford/racecard/513975
2026-08-28,Romford,20:13,1,Zenith Ottoman,513976,Sporting Life,https://www.sportinglife.com/greyhounds/racecards/2026-08-28/romford/racecard/513976
2026-08-28,Romford,20:13,2,Full Monty,513976,Sporting Life,https://www.sportinglife.com/greyhounds/racecards/2026-08-28/romford/racecard/513976
2026-08-28,Romford,20:13,3,Mystical Batman,513976,Sporting Life,https://www.sportinglife.com/greyhounds/racecards/2026-08-28/romford/racecard/513976
2026-08-28,Romford,20:13,4,Distant Hiker,513976,Sporting Life,https://www.sportinglife.com/greyhounds/racecards/2026-08-28/romford/racecard/513976
2026-08-28,Romford,20:13,6,Bubbly Hogan,513976,Sporting Life,https://www.sportinglife.com/greyhounds/racecards/2026-08-28/romford/racecard/513976
2026-08-28,Romford,20:33,1,Teaboy Lenny,513977,Sporting Life,https://www.sportinglife.com/greyhounds/racecards/2026-08-28/romford/racecard/513977
2026-08-28,Romford,20:33,2,The Other Hudson,513977,Sporting Life,https://www.sportinglife.com/greyhounds/racecards/2026-08-28/romford/racecard/513977
2026-08-28,Romford,20:33,3,Goldstar Connie,513977,Sporting Life,https://www.sportinglife.com/greyhounds/racecards/2026-08-28/romford/racecard/513977
2026-08-28,Romford,20:33,4,Hesdaguvnor,513977,Sporting Life,https://www.sportinglife.com/greyhounds/racecards/2026-08-28/romford/racecard/513977
2026-08-28,Romford,20:33,5,Allowdale Risoto,513977,Sporting Life,https://www.sportinglife.com/greyhounds/racecards/2026-08-28/romford/racecard/513977
2026-08-28,Romford,20:33,6,Zenith Zaza,513977,Sporting Life,https://www.sportinglife.com/greyhounds/racecards/2026-08-28/romford/racecard/513977
2026-08-28,Romford,20:53,1,Zenith Impact,513978,Sporting Life,https://www.sportinglife.com/greyhounds/racecards/2026-08-28/romford/racecard/513978
2026-08-28,Romford,20:53,2,Headford Sarah,513978,Sporting Life,https://www.sportinglife.com/greyhounds/racecards/2026-08-28/romford/racecard/513978
2026-08-28,Romford,20:53,3,Skidroe Lady,513978,Sporting Life,https://www.sportinglife.com/greyhounds/racecards/2026-08-28/romford/racecard/513978
2026-08-28,Romford,20:53,4,Bretons Girl,513978,Sporting Life,https://www.sportinglife.com/greyhounds/racecards/2026-08-28/romford/racecard/513978
2026-08-28,Romford,20:53,5,Newinn Tonic,513978,Sporting Life,https://www.sportinglife.com/greyhounds/racecards/2026-08-28/romford/racecard/513978
2026-08-28,Romford,20:53,6,Rapido Rosin,513978,Sporting Life,https://www.sportinglife.com/greyhounds/racecards/2026-08-28/romford/racecard/513978
2026-08-28,Romford,21:13,1,Fun Time Frankie,513979,Sporting Life,https://www.sportinglife.com/greyhounds/racecards/2026-08-28/romford/racecard/513979
2026-08-28,Romford,21:13,2,Bellini Bullet,513979,Sporting Life,https://www.sportinglife.com/greyhounds/racecards/2026-08-28/romford/racecard/513979
2026-08-28,Romford,21:13,3,Paradise Probono,513979,Sporting Life,https://www.sportinglife.com/greyhounds/racecards/2026-08-28/romford/racecard/513979
2026-08-28,Romford,21:13,4,Westway Mario,513979,Sporting Life,https://www.sportinglife.com/greyhounds/racecards/2026-08-28/romford/racecard/513979
2026-08-28,Romford,21:13,5,Dans Peach,513979,Sporting Life,https://www.sportinglife.com/greyhounds/racecards/2026-08-28/romford/racecard/513979
2026-08-28,Romford,21:13,6,Razldazl Layla,513979,Sporting Life,https://www.sportinglife.com/greyhounds/racecards/2026-08-28/romford/racecard/513979
2026-08-28,Romford,21:33,1,Coonough Laura,513980,Sporting Life,https://www.sportinglife.com/greyhounds/racecards/2026-08-28/romford/racecard/513980
2026-08-28,Romford,21:33,2,Rapido Louise,513980,Sporting Life,https://www.sportinglife.com/greyhounds/racecards/2026-08-28/romford/racecard/513980
2026-08-28,Romford,21:33,3,Blacklabel Power,513980,Sporting Life,https://www.sportinglife.com/greyhounds/racecards/2026-08-28/romford/racecard/513980
2026-08-28,Romford,21:33,4,Finally Matched,513980,Sporting Life,https://www.sportinglife.com/greyhounds/racecards/2026-08-28/romford/racecard/513980
2026-08-28,Romford,21:33,5,Swift What,513980,Sporting Life,https://www.sportinglife.com/greyhounds/racecards/2026-08-28/romford/racecard/513980
2026-08-28,Romford,21:33,6,Kilbride Office,513980,Sporting Life,https://www.sportinglife.com/greyhounds/racecards/2026-08-28/romford/racecard/513980
2026-08-28,Romford,21:53,1,Always Wrighty,513981,Sporting Life,https://www.sportinglife.com/greyhounds/racecards/2026-08-28/romford/racecard/513981
2026-08-28,Romford,21:53,2,Rebel Elizabeth,513981,Sporting Life,https://www.sportinglife.com/greyhounds/racecards/2026-08-28/romford/racecard/513981
2026-08-28,Romford,21:53,3,Vixons Ricchezze,513981,Sporting Life,https://www.sportinglife.com/greyhounds/racecards/2026-08-28/romford/racecard/513981
2026-08-28,Romford,21:53,4,Nightingale Crew,513981,Sporting Life,https://www.sportinglife.com/greyhounds/racecards/2026-08-28/romford/racecard/513981
2026-08-28,Romford,21:53,5,Sunnyside Ted,513981,Sporting Life,https://www.sportinglife.com/greyhounds/racecards/2026-08-28/romford/racecard/513981
2026-08-28,Romford,22:13,1,Ballymac Carlina,513982,Sporting Life,https://www.sportinglife.com/greyhounds/racecards/2026-08-28/romford/racecard/513982
2026-08-28,Romford,22:13,2,Early Storm,513982,Sporting Life,https://www.sportinglife.com/greyhounds/racecards/2026-08-28/romford/racecard/513982
2026-08-28,Romford,22:13,3,Goldcash Prince,513982,Sporting Life,https://www.sportinglife.com/greyhounds/racecards/2026-08-28/romford/racecard/513982
2026-08-28,Romford,22:13,4,Bushpark Cathal,513982,Sporting Life,https://www.sportinglife.com/greyhounds/racecards/2026-08-28/romford/racecard/513982
2026-08-28,Romford,22:13,5,Droopys Playgirl,513982,Sporting Life,https://www.sportinglife.com/greyhounds/racecards/2026-08-28/romford/racecard/513982
2026-08-28,Romford,22:13,6,Stormy Bluey,513982,Sporting Life,https://www.sportinglife.com/greyhounds/racecards/2026-08-28/romford/racecard/513982
2026-08-28,Sheffield,18:18,1,Tumbledown,513983,Sporting Life,https://www.sportinglife.com/greyhounds/racecards/2026-08-28/sheffield/racecard/513983
2026-08-28,Sheffield,18:18,2,Catunda Tyson,513983,Sporting Life,https://www.sportinglife.com/greyhounds/racecards/2026-08-28/sheffield/racecard/513983
2026-08-28,Sheffield,18:18,3,Mucky Trump,513983,Sporting Life,https://www.sportinglife.com/greyhounds/racecards/2026-08-28/sheffield/racecard/513983
2026-08-28,Sheffield,18:18,4,Fawn Lantern,513983,Sporting Life,https://www.sportinglife.com/greyhounds/racecards/2026-08-28/sheffield/racecard/513983
2026-08-28,Sheffield,18:18,6,Brushbrushtaptap,513983,Sporting Life,https://www.sportinglife.com/greyhounds/racecards/2026-08-28/sheffield/racecard/513983
2026-08-28,Sheffield,18:38,1,Miller Ned,513984,Sporting Life,https://www.sportinglife.com/greyhounds/racecards/2026-08-28/sheffield/racecard/513984
2026-08-28,Sheffield,18:38,2,Not Pennys Boat,513984,Sporting Life,https://www.sportinglife.com/greyhounds/racecards/2026-08-28/sheffield/racecard/513984
2026-08-28,Sheffield,18:38,3,Pennys Oya,513984,Sporting Life,https://www.sportinglife.com/greyhounds/racecards/2026-08-28/sheffield/racecard/513984
2026-08-28,Sheffield,18:38,4,Ardrahan Aldante,513984,Sporting Life,https://www.sportinglife.com/greyhounds/racecards/2026-08-28/sheffield/racecard/513984
2026-08-28,Sheffield,18:38,6,Nellies Charm,513984,Sporting Life,https://www.sportinglife.com/greyhounds/racecards/2026-08-28/sheffield/racecard/513984
2026-08-28,Sheffield,18:58,1,Russanda Mario,513985,Sporting Life,https://www.sportinglife.com/greyhounds/racecards/2026-08-28/sheffield/racecard/513985
2026-08-28,Sheffield,18:58,2,Swift Mega,513985,Sporting Life,https://www.sportinglife.com/greyhounds/racecards/2026-08-28/sheffield/racecard/513985
2026-08-28,Sheffield,18:58,3,Finnery Kobe,513985,Sporting Life,https://www.sportinglife.com/greyhounds/racecards/2026-08-28/sheffield/racecard/513985
2026-08-28,Sheffield,18:58,4,Mr Billionaire,513985,Sporting Life,https://www.sportinglife.com/greyhounds/racecards/2026-08-28/sheffield/racecard/513985
2026-08-28,Sheffield,18:58,6,Coonough Poppy,513985,Sporting Life,https://www.sportinglife.com/greyhounds/racecards/2026-08-28/sheffield/racecard/513985
2026-08-28,Sheffield,19:18,1,Russanda Bertha,513986,Sporting Life,https://www.sportinglife.com/greyhounds/racecards/2026-08-28/sheffield/racecard/513986
2026-08-28,Sheffield,19:18,2,Lancaster Lad,513986,Sporting Life,https://www.sportinglife.com/greyhounds/racecards/2026-08-28/sheffield/racecard/513986
2026-08-28,Sheffield,19:18,3,Southwood Millie,513986,Sporting Life,https://www.sportinglife.com/greyhounds/racecards/2026-08-28/sheffield/racecard/513986
2026-08-28,Sheffield,19:18,4,Lexis Gloria,513986,Sporting Life,https://www.sportinglife.com/greyhounds/racecards/2026-08-28/sheffield/racecard/513986
2026-08-28,Sheffield,19:18,6,Ritasueandbobtoo,513986,Sporting Life,https://www.sportinglife.com/greyhounds/racecards/2026-08-28/sheffield/racecard/513986
2026-08-28,Sheffield,19:38,1,Clear Jade,513987,Sporting Life,https://www.sportinglife.com/greyhounds/racecards/2026-08-28/sheffield/racecard/513987
2026-08-28,Sheffield,19:38,2,Da Safety Net,513987,Sporting Life,https://www.sportinglife.com/greyhounds/racecards/2026-08-28/sheffield/racecard/513987
2026-08-28,Sheffield,19:38,3,Coleridge Rudi,513987,Sporting Life,https://www.sportinglife.com/greyhounds/racecards/2026-08-28/sheffield/racecard/513987
2026-08-28,Sheffield,19:38,4,Glenvale Sean,513987,Sporting Life,https://www.sportinglife.com/greyhounds/racecards/2026-08-28/sheffield/racecard/513987
2026-08-28,Sheffield,19:38,6,Golden Lion,513987,Sporting Life,https://www.sportinglife.com/greyhounds/racecards/2026-08-28/sheffield/racecard/513987
2026-08-28,Sheffield,19:58,1,Dot To Dash,513988,Sporting Life,https://www.sportinglife.com/greyhounds/racecards/2026-08-28/sheffield/racecard/513988
2026-08-28,Sheffield,19:58,2,Coonough Sheila,513988,Sporting Life,https://www.sportinglife.com/greyhounds/racecards/2026-08-28/sheffield/racecard/513988
2026-08-28,Sheffield,19:58,3,Swift Agenda,513988,Sporting Life,https://www.sportinglife.com/greyhounds/racecards/2026-08-28/sheffield/racecard/513988
2026-08-28,Sheffield,19:58,5,Easy Mix,513988,Sporting Life,https://www.sportinglife.com/greyhounds/racecards/2026-08-28/sheffield/racecard/513988
2026-08-28,Sheffield,19:58,6,Bartlemy Soldier,513988,Sporting Life,https://www.sportinglife.com/greyhounds/racecards/2026-08-28/sheffield/racecard/513988
2026-08-28,Sheffield,20:18,1,La Flor,513989,Sporting Life,https://www.sportinglife.com/greyhounds/racecards/2026-08-28/sheffield/racecard/513989
2026-08-28,Sheffield,20:18,2,Dip Yer Bread,513989,Sporting Life,https://www.sportinglife.com/greyhounds/racecards/2026-08-28/sheffield/racecard/513989
2026-08-28,Sheffield,20:18,3,Coleridge Jet,513989,Sporting Life,https://www.sportinglife.com/greyhounds/racecards/2026-08-28/sheffield/racecard/513989
2026-08-28,Sheffield,20:18,4,Listen Jessie,513989,Sporting Life,https://www.sportinglife.com/greyhounds/racecards/2026-08-28/sheffield/racecard/513989
2026-08-28,Sheffield,20:18,5,Ten Ton Simba,513989,Sporting Life,https://www.sportinglife.com/greyhounds/racecards/2026-08-28/sheffield/racecard/513989
2026-08-28,Sheffield,20:38,1,Critical Anja,513990,Sporting Life,https://www.sportinglife.com/greyhounds/racecards/2026-08-28/sheffield/racecard/513990
2026-08-28,Sheffield,20:38,2,Lexis Dunganon,513990,Sporting Life,https://www.sportinglife.com/greyhounds/racecards/2026-08-28/sheffield/racecard/513990
2026-08-28,Sheffield,20:38,4,Ballymac Price,513990,Sporting Life,https://www.sportinglife.com/greyhounds/racecards/2026-08-28/sheffield/racecard/513990
2026-08-28,Sheffield,20:38,5,Canavour Con,513990,Sporting Life,https://www.sportinglife.com/greyhounds/racecards/2026-08-28/sheffield/racecard/513990
2026-08-28,Sheffield,20:38,6,Cape Liberty,513990,Sporting Life,https://www.sportinglife.com/greyhounds/racecards/2026-08-28/sheffield/racecard/513990
2026-08-28,Sheffield,20:58,1,Easy Rhi,513991,Sporting Life,https://www.sportinglife.com/greyhounds/racecards/2026-08-28/sheffield/racecard/513991
2026-08-28,Sheffield,20:58,3,Finnery Wendy,513991,Sporting Life,https://www.sportinglife.com/greyhounds/racecards/2026-08-28/sheffield/racecard/513991
2026-08-28,Sheffield,20:58,4,When Its Over,513991,Sporting Life,https://www.sportinglife.com/greyhounds/racecards/2026-08-28/sheffield/racecard/513991
2026-08-28,Sheffield,20:58,5,Feora Cora,513991,Sporting Life,https://www.sportinglife.com/greyhounds/racecards/2026-08-28/sheffield/racecard/513991
2026-08-28,Sheffield,20:58,6,Swift Step,513991,Sporting Life,https://www.sportinglife.com/greyhounds/racecards/2026-08-28/sheffield/racecard/513991
2026-08-28,Sheffield,21:18,1,Clonbrien Robin,513992,Sporting Life,https://www.sportinglife.com/greyhounds/racecards/2026-08-28/sheffield/racecard/513992
2026-08-28,Sheffield,21:18,2,Hillend Korda,513992,Sporting Life,https://www.sportinglife.com/greyhounds/racecards/2026-08-28/sheffield/racecard/513992
2026-08-28,Sheffield,21:18,3,Essex Abbigail,513992,Sporting Life,https://www.sportinglife.com/greyhounds/racecards/2026-08-28/sheffield/racecard/513992
2026-08-28,Sheffield,21:18,4,Carlow Pest,513992,Sporting Life,https://www.sportinglife.com/greyhounds/racecards/2026-08-28/sheffield/racecard/513992
2026-08-28,Sheffield,21:18,5,Apollo Youngblud,513992,Sporting Life,https://www.sportinglife.com/greyhounds/racecards/2026-08-28/sheffield/racecard/513992
2026-08-28,Sheffield,21:38,1,Fearsome Dancer,513993,Sporting Life,https://www.sportinglife.com/greyhounds/racecards/2026-08-28/sheffield/racecard/513993
2026-08-28,Sheffield,21:38,2,Coleridgekingdom,513993,Sporting Life,https://www.sportinglife.com/greyhounds/racecards/2026-08-28/sheffield/racecard/513993
2026-08-28,Sheffield,21:38,3,Ridgedale Mazza,513993,Sporting Life,https://www.sportinglife.com/greyhounds/racecards/2026-08-28/sheffield/racecard/513993
2026-08-28,Sheffield,21:38,4,Drumdoit Freya,513993,Sporting Life,https://www.sportinglife.com/greyhounds/racecards/2026-08-28/sheffield/racecard/513993
2026-08-28,Sheffield,21:38,6,Birdwell Belle,513993,Sporting Life,https://www.sportinglife.com/greyhounds/racecards/2026-08-28/sheffield/racecard/513993
2026-08-28,Sheffield,21:58,2,Frantic Friday,513994,Sporting Life,https://www.sportinglife.com/greyhounds/racecards/2026-08-28/sheffield/racecard/513994
2026-08-28,Sheffield,21:58,3,Slippy Noah,513994,Sporting Life,https://www.sportinglife.com/greyhounds/racecards/2026-08-28/sheffield/racecard/513994
2026-08-28,Sheffield,21:58,4,Catunda Echo,513994,Sporting Life,https://www.sportinglife.com/greyhounds/racecards/2026-08-28/sheffield/racecard/513994
2026-08-28,Sheffield,21:58,5,Catunda Colonel,513994,Sporting Life,https://www.sportinglife.com/greyhounds/racecards/2026-08-28/sheffield/racecard/513994
2026-08-28,Sheffield,21:58,6,Caremone Lady,513994,Sporting Life,https://www.sportinglife.com/greyhounds/racecards/2026-08-28/sheffield/racecard/513994
2026-08-28,Star Pelaw,14:26,2,Knackstar,514019,Sporting Life,https://www.sportinglife.com/greyhounds/racecards/2026-08-28/star-pelaw/racecard/514019
2026-08-28,Star Pelaw,14:26,3,Drumbane Blue,514019,Sporting Life,https://www.sportinglife.com/greyhounds/racecards/2026-08-28/star-pelaw/racecard/514019
2026-08-28,Star Pelaw,14:26,4,Bangoutbambi,514019,Sporting Life,https://www.sportinglife.com/greyhounds/racecards/2026-08-28/star-pelaw/racecard/514019
2026-08-28,Star Pelaw,14:26,5,Caseys Barbra,514019,Sporting Life,https://www.sportinglife.com/greyhounds/racecards/2026-08-28/star-pelaw/racecard/514019
2026-08-28,Star Pelaw,14:26,6,Snazzy Shelby,514019,Sporting Life,https://www.sportinglife.com/greyhounds/racecards/2026-08-28/star-pelaw/racecard/514019
2026-08-28,Star Pelaw,14:44,1,Hi Tyson,514020,Sporting Life,https://www.sportinglife.com/greyhounds/racecards/2026-08-28/star-pelaw/racecard/514020
2026-08-28,Star Pelaw,14:44,2,Westforth Sammy,514020,Sporting Life,https://www.sportinglife.com/greyhounds/racecards/2026-08-28/star-pelaw/racecard/514020
2026-08-28,Star Pelaw,14:44,3,Bisto Jayden,514020,Sporting Life,https://www.sportinglife.com/greyhounds/racecards/2026-08-28/star-pelaw/racecard/514020
2026-08-28,Star Pelaw,14:44,4,Prove It,514020,Sporting Life,https://www.sportinglife.com/greyhounds/racecards/2026-08-28/star-pelaw/racecard/514020
2026-08-28,Star Pelaw,14:44,5,Dorotas Diamond,514020,Sporting Life,https://www.sportinglife.com/greyhounds/racecards/2026-08-28/star-pelaw/racecard/514020
2026-08-28,Star Pelaw,14:44,6,Loxleys Tommo,514020,Sporting Life,https://www.sportinglife.com/greyhounds/racecards/2026-08-28/star-pelaw/racecard/514020
2026-08-28,Star Pelaw,15:03,1,Fruity Loxleys,514021,Sporting Life,https://www.sportinglife.com/greyhounds/racecards/2026-08-28/star-pelaw/racecard/514021
2026-08-28,Star Pelaw,15:03,2,Wanted Louise,514021,Sporting Life,https://www.sportinglife.com/greyhounds/racecards/2026-08-28/star-pelaw/racecard/514021
2026-08-28,Star Pelaw,15:03,3,Caseys Hoffa,514021,Sporting Life,https://www.sportinglife.com/greyhounds/racecards/2026-08-28/star-pelaw/racecard/514021
2026-08-28,Star Pelaw,15:03,4,Affane Fox,514021,Sporting Life,https://www.sportinglife.com/greyhounds/racecards/2026-08-28/star-pelaw/racecard/514021
2026-08-28,Star Pelaw,15:03,5,Space Captain,514021,Sporting Life,https://www.sportinglife.com/greyhounds/racecards/2026-08-28/star-pelaw/racecard/514021
2026-08-28,Star Pelaw,15:22,2,Rosstemple Bell,514022,Sporting Life,https://www.sportinglife.com/greyhounds/racecards/2026-08-28/star-pelaw/racecard/514022
2026-08-28,Star Pelaw,15:22,3,Cornforth Mist,514022,Sporting Life,https://www.sportinglife.com/greyhounds/racecards/2026-08-28/star-pelaw/racecard/514022
2026-08-28,Star Pelaw,15:22,4,Cornforth Hero,514022,Sporting Life,https://www.sportinglife.com/greyhounds/racecards/2026-08-28/star-pelaw/racecard/514022
2026-08-28,Star Pelaw,15:22,5,Mcdara Bella,514022,Sporting Life,https://www.sportinglife.com/greyhounds/racecards/2026-08-28/star-pelaw/racecard/514022
2026-08-28,Star Pelaw,15:22,6,Society Scary,514022,Sporting Life,https://www.sportinglife.com/greyhounds/racecards/2026-08-28/star-pelaw/racecard/514022
2026-08-28,Star Pelaw,15:41,2,Carrigmore Marlo,514023,Sporting Life,https://www.sportinglife.com/greyhounds/racecards/2026-08-28/star-pelaw/racecard/514023
2026-08-28,Star Pelaw,15:41,3,Dairyland Davy,514023,Sporting Life,https://www.sportinglife.com/greyhounds/racecards/2026-08-28/star-pelaw/racecard/514023
2026-08-28,Star Pelaw,15:41,4,Loxleys Rex,514023,Sporting Life,https://www.sportinglife.com/greyhounds/racecards/2026-08-28/star-pelaw/racecard/514023
2026-08-28,Star Pelaw,15:41,5,Hes Da One,514023,Sporting Life,https://www.sportinglife.com/greyhounds/racecards/2026-08-28/star-pelaw/racecard/514023
2026-08-28,Star Pelaw,15:41,6,Blackstone Dani,514023,Sporting Life,https://www.sportinglife.com/greyhounds/racecards/2026-08-28/star-pelaw/racecard/514023
2026-08-28,Star Pelaw,15:59,1,Caseys Mario,514024,Sporting Life,https://www.sportinglife.com/greyhounds/racecards/2026-08-28/star-pelaw/racecard/514024
2026-08-28,Star Pelaw,15:59,2,Glory Bono,514024,Sporting Life,https://www.sportinglife.com/greyhounds/racecards/2026-08-28/star-pelaw/racecard/514024
2026-08-28,Star Pelaw,15:59,3,Caseys Gaston,514024,Sporting Life,https://www.sportinglife.com/greyhounds/racecards/2026-08-28/star-pelaw/racecard/514024
2026-08-28,Star Pelaw,15:59,4,Headford Astrid,514024,Sporting Life,https://www.sportinglife.com/greyhounds/racecards/2026-08-28/star-pelaw/racecard/514024
2026-08-28,Star Pelaw,15:59,5,Come On Ginger,514024,Sporting Life,https://www.sportinglife.com/greyhounds/racecards/2026-08-28/star-pelaw/racecard/514024
2026-08-28,Star Pelaw,15:59,6,Conscience,514024,Sporting Life,https://www.sportinglife.com/greyhounds/racecards/2026-08-28/star-pelaw/racecard/514024
2026-08-28,Star Pelaw,16:18,1,Rocking Skye,514025,Sporting Life,https://www.sportinglife.com/greyhounds/racecards/2026-08-28/star-pelaw/racecard/514025
2026-08-28,Star Pelaw,16:18,2,Footfield Angel,514025,Sporting Life,https://www.sportinglife.com/greyhounds/racecards/2026-08-28/star-pelaw/racecard/514025
2026-08-28,Star Pelaw,16:18,3,Kilbarry Limit,514025,Sporting Life,https://www.sportinglife.com/greyhounds/racecards/2026-08-28/star-pelaw/racecard/514025
2026-08-28,Star Pelaw,16:18,4,Caseys Molly,514025,Sporting Life,https://www.sportinglife.com/greyhounds/racecards/2026-08-28/star-pelaw/racecard/514025
2026-08-28,Star Pelaw,16:18,6,Boris Billy,514025,Sporting Life,https://www.sportinglife.com/greyhounds/racecards/2026-08-28/star-pelaw/racecard/514025
2026-08-28,Star Pelaw,16:37,1,Marisol,514026,Sporting Life,https://www.sportinglife.com/greyhounds/racecards/2026-08-28/star-pelaw/racecard/514026
2026-08-28,Star Pelaw,16:37,2,Optic Pharaoh,514026,Sporting Life,https://www.sportinglife.com/greyhounds/racecards/2026-08-28/star-pelaw/racecard/514026
2026-08-28,Star Pelaw,16:37,3,Ballinabola Syd,514026,Sporting Life,https://www.sportinglife.com/greyhounds/racecards/2026-08-28/star-pelaw/racecard/514026
2026-08-28,Star Pelaw,16:37,4,Jaydee Baby,514026,Sporting Life,https://www.sportinglife.com/greyhounds/racecards/2026-08-28/star-pelaw/racecard/514026
2026-08-28,Star Pelaw,16:37,5,Drish Solar,514026,Sporting Life,https://www.sportinglife.com/greyhounds/racecards/2026-08-28/star-pelaw/racecard/514026
2026-08-28,Star Pelaw,16:37,6,Mary Gee,514026,Sporting Life,https://www.sportinglife.com/greyhounds/racecards/2026-08-28/star-pelaw/racecard/514026
2026-08-28,Sunderland,18:23,1,Slamannan Villa,513995,Sporting Life,https://www.sportinglife.com/greyhounds/racecards/2026-08-28/sunderland/racecard/513995
2026-08-28,Sunderland,18:23,2,Up From Eskragh,513995,Sporting Life,https://www.sportinglife.com/greyhounds/racecards/2026-08-28/sunderland/racecard/513995
2026-08-28,Sunderland,18:23,3,Drish River,513995,Sporting Life,https://www.sportinglife.com/greyhounds/racecards/2026-08-28/sunderland/racecard/513995
2026-08-28,Sunderland,18:23,4,Kennys Choice,513995,Sporting Life,https://www.sportinglife.com/greyhounds/racecards/2026-08-28/sunderland/racecard/513995
2026-08-28,Sunderland,18:23,5,Roanna Chance,513995,Sporting Life,https://www.sportinglife.com/greyhounds/racecards/2026-08-28/sunderland/racecard/513995
2026-08-28,Sunderland,18:23,6,Statsman,513995,Sporting Life,https://www.sportinglife.com/greyhounds/racecards/2026-08-28/sunderland/racecard/513995
2026-08-28,Sunderland,18:43,1,Slippy Francis,513996,Sporting Life,https://www.sportinglife.com/greyhounds/racecards/2026-08-28/sunderland/racecard/513996
2026-08-28,Sunderland,18:43,2,Case Study,513996,Sporting Life,https://www.sportinglife.com/greyhounds/racecards/2026-08-28/sunderland/racecard/513996
2026-08-28,Sunderland,18:43,3,Good Teddy,513996,Sporting Life,https://www.sportinglife.com/greyhounds/racecards/2026-08-28/sunderland/racecard/513996
2026-08-28,Sunderland,18:43,4,Trooper Trippett,513996,Sporting Life,https://www.sportinglife.com/greyhounds/racecards/2026-08-28/sunderland/racecard/513996
2026-08-28,Sunderland,18:43,5,Mind Your Mind,513996,Sporting Life,https://www.sportinglife.com/greyhounds/racecards/2026-08-28/sunderland/racecard/513996
2026-08-28,Sunderland,18:43,6,Frankies Lion,513996,Sporting Life,https://www.sportinglife.com/greyhounds/racecards/2026-08-28/sunderland/racecard/513996
2026-08-28,Sunderland,19:03,1,Thunder Bridie,513997,Sporting Life,https://www.sportinglife.com/greyhounds/racecards/2026-08-28/sunderland/racecard/513997
2026-08-28,Sunderland,19:03,2,As Mo Bhealach,513997,Sporting Life,https://www.sportinglife.com/greyhounds/racecards/2026-08-28/sunderland/racecard/513997
2026-08-28,Sunderland,19:03,3,Macys Honey,513997,Sporting Life,https://www.sportinglife.com/greyhounds/racecards/2026-08-28/sunderland/racecard/513997
2026-08-28,Sunderland,19:03,4,Sarahs Hope,513997,Sporting Life,https://www.sportinglife.com/greyhounds/racecards/2026-08-28/sunderland/racecard/513997
2026-08-28,Sunderland,19:03,5,Whitburnwarriors,513997,Sporting Life,https://www.sportinglife.com/greyhounds/racecards/2026-08-28/sunderland/racecard/513997
2026-08-28,Sunderland,19:03,6,Monday One,513997,Sporting Life,https://www.sportinglife.com/greyhounds/racecards/2026-08-28/sunderland/racecard/513997
2026-08-28,Sunderland,19:23,1,Travel Safe,513998,Sporting Life,https://www.sportinglife.com/greyhounds/racecards/2026-08-28/sunderland/racecard/513998
2026-08-28,Sunderland,19:23,2,Toddys Texas,513998,Sporting Life,https://www.sportinglife.com/greyhounds/racecards/2026-08-28/sunderland/racecard/513998
2026-08-28,Sunderland,19:23,3,Ballyhimikin Meg,513998,Sporting Life,https://www.sportinglife.com/greyhounds/racecards/2026-08-28/sunderland/racecard/513998
2026-08-28,Sunderland,19:23,4,Maes Maya,513998,Sporting Life,https://www.sportinglife.com/greyhounds/racecards/2026-08-28/sunderland/racecard/513998
2026-08-28,Sunderland,19:23,5,Quivers View,513998,Sporting Life,https://www.sportinglife.com/greyhounds/racecards/2026-08-28/sunderland/racecard/513998
2026-08-28,Sunderland,19:43,1,Stackemup Ricky,513999,Sporting Life,https://www.sportinglife.com/greyhounds/racecards/2026-08-28/sunderland/racecard/513999
2026-08-28,Sunderland,19:43,2,Balmoral Hollie,513999,Sporting Life,https://www.sportinglife.com/greyhounds/racecards/2026-08-28/sunderland/racecard/513999
2026-08-28,Sunderland,19:43,3,Eskimo Bolt,513999,Sporting Life,https://www.sportinglife.com/greyhounds/racecards/2026-08-28/sunderland/racecard/513999
2026-08-28,Sunderland,19:43,4,Lillybet,513999,Sporting Life,https://www.sportinglife.com/greyhounds/racecards/2026-08-28/sunderland/racecard/513999
2026-08-28,Sunderland,19:43,5,Take A Risk,513999,Sporting Life,https://www.sportinglife.com/greyhounds/racecards/2026-08-28/sunderland/racecard/513999
2026-08-28,Sunderland,19:43,6,Glenhead Holly,513999,Sporting Life,https://www.sportinglife.com/greyhounds/racecards/2026-08-28/sunderland/racecard/513999
2026-08-28,Sunderland,20:03,1,Strike It Odette,514000,Sporting Life,https://www.sportinglife.com/greyhounds/racecards/2026-08-28/sunderland/racecard/514000
2026-08-28,Sunderland,20:03,2,Droopys Kendall,514000,Sporting Life,https://www.sportinglife.com/greyhounds/racecards/2026-08-28/sunderland/racecard/514000
2026-08-28,Sunderland,20:03,3,Hollyhill Hunter,514000,Sporting Life,https://www.sportinglife.com/greyhounds/racecards/2026-08-28/sunderland/racecard/514000
2026-08-28,Sunderland,20:03,5,Moyvane Alice,514000,Sporting Life,https://www.sportinglife.com/greyhounds/racecards/2026-08-28/sunderland/racecard/514000
2026-08-28,Sunderland,20:03,6,Kerryroad Millie,514000,Sporting Life,https://www.sportinglife.com/greyhounds/racecards/2026-08-28/sunderland/racecard/514000
2026-08-28,Sunderland,20:23,1,Links Jester,514001,Sporting Life,https://www.sportinglife.com/greyhounds/racecards/2026-08-28/sunderland/racecard/514001
2026-08-28,Sunderland,20:23,2,Latin Rose,514001,Sporting Life,https://www.sportinglife.com/greyhounds/racecards/2026-08-28/sunderland/racecard/514001
2026-08-28,Sunderland,20:23,3,Sunnyside Jayden,514001,Sporting Life,https://www.sportinglife.com/greyhounds/racecards/2026-08-28/sunderland/racecard/514001
2026-08-28,Sunderland,20:23,4,Ballymac Deboss,514001,Sporting Life,https://www.sportinglife.com/greyhounds/racecards/2026-08-28/sunderland/racecard/514001
2026-08-28,Sunderland,20:23,5,Play On Words,514001,Sporting Life,https://www.sportinglife.com/greyhounds/racecards/2026-08-28/sunderland/racecard/514001
2026-08-28,Sunderland,20:23,6,Shalefield Cunha,514001,Sporting Life,https://www.sportinglife.com/greyhounds/racecards/2026-08-28/sunderland/racecard/514001
2026-08-28,Sunderland,20:43,1,Mister Bull,514002,Sporting Life,https://www.sportinglife.com/greyhounds/racecards/2026-08-28/sunderland/racecard/514002
2026-08-28,Sunderland,20:43,2,Zenith Beauty,514002,Sporting Life,https://www.sportinglife.com/greyhounds/racecards/2026-08-28/sunderland/racecard/514002
2026-08-28,Sunderland,20:43,3,Marchon Kittymae,514002,Sporting Life,https://www.sportinglife.com/greyhounds/racecards/2026-08-28/sunderland/racecard/514002
2026-08-28,Sunderland,20:43,4,Droopys Orator,514002,Sporting Life,https://www.sportinglife.com/greyhounds/racecards/2026-08-28/sunderland/racecard/514002
2026-08-28,Sunderland,20:43,5,Currans Dodge,514002,Sporting Life,https://www.sportinglife.com/greyhounds/racecards/2026-08-28/sunderland/racecard/514002
2026-08-28,Sunderland,20:43,6,Rathronan Romeo,514002,Sporting Life,https://www.sportinglife.com/greyhounds/racecards/2026-08-28/sunderland/racecard/514002
2026-08-28,Sunderland,21:03,1,Unanimous Leo,514003,Sporting Life,https://www.sportinglife.com/greyhounds/racecards/2026-08-28/sunderland/racecard/514003
2026-08-28,Sunderland,21:03,2,Moonveen Belle,514003,Sporting Life,https://www.sportinglife.com/greyhounds/racecards/2026-08-28/sunderland/racecard/514003
2026-08-28,Sunderland,21:03,3,Romeo Vega,514003,Sporting Life,https://www.sportinglife.com/greyhounds/racecards/2026-08-28/sunderland/racecard/514003
2026-08-28,Sunderland,21:03,4,Donishall Riley,514003,Sporting Life,https://www.sportinglife.com/greyhounds/racecards/2026-08-28/sunderland/racecard/514003
2026-08-28,Sunderland,21:03,5,Foulkscourt Bono,514003,Sporting Life,https://www.sportinglife.com/greyhounds/racecards/2026-08-28/sunderland/racecard/514003
2026-08-28,Sunderland,21:03,6,Velvet George,514003,Sporting Life,https://www.sportinglife.com/greyhounds/racecards/2026-08-28/sunderland/racecard/514003
2026-08-28,Sunderland,21:23,1,Roaming Jet,514004,Sporting Life,https://www.sportinglife.com/greyhounds/racecards/2026-08-28/sunderland/racecard/514004
2026-08-28,Sunderland,21:23,2,Skeard Betty,514004,Sporting Life,https://www.sportinglife.com/greyhounds/racecards/2026-08-28/sunderland/racecard/514004
2026-08-28,Sunderland,21:23,3,Gambrinus Uno,514004,Sporting Life,https://www.sportinglife.com/greyhounds/racecards/2026-08-28/sunderland/racecard/514004
2026-08-28,Sunderland,21:23,4,Baby Centurion,514004,Sporting Life,https://www.sportinglife.com/greyhounds/racecards/2026-08-28/sunderland/racecard/514004
2026-08-28,Sunderland,21:23,5,Ardmoulin Eagle,514004,Sporting Life,https://www.sportinglife.com/greyhounds/racecards/2026-08-28/sunderland/racecard/514004
2026-08-28,Sunderland,21:23,6,Eviesteel Hope,514004,Sporting Life,https://www.sportinglife.com/greyhounds/racecards/2026-08-28/sunderland/racecard/514004
2026-08-28,Sunderland,21:43,1,Strike It Ali,514005,Sporting Life,https://www.sportinglife.com/greyhounds/racecards/2026-08-28/sunderland/racecard/514005
2026-08-28,Sunderland,21:43,2,Ballymac Sargie,514005,Sporting Life,https://www.sportinglife.com/greyhounds/racecards/2026-08-28/sunderland/racecard/514005
2026-08-28,Sunderland,21:43,3,Brickhill Tamika,514005,Sporting Life,https://www.sportinglife.com/greyhounds/racecards/2026-08-28/sunderland/racecard/514005
2026-08-28,Sunderland,21:43,5,Hollyhill King,514005,Sporting Life,https://www.sportinglife.com/greyhounds/racecards/2026-08-28/sunderland/racecard/514005
2026-08-28,Sunderland,21:43,6,Deelish Crofty,514005,Sporting Life,https://www.sportinglife.com/greyhounds/racecards/2026-08-28/sunderland/racecard/514005
2026-08-28,Sunderland,22:03,1,Zesty Kiwi,514006,Sporting Life,https://www.sportinglife.com/greyhounds/racecards/2026-08-28/sunderland/racecard/514006
2026-08-28,Sunderland,22:03,2,Tip Top Flash,514006,Sporting Life,https://www.sportinglife.com/greyhounds/racecards/2026-08-28/sunderland/racecard/514006
2026-08-28,Sunderland,22:03,3,Droopys Pamela,514006,Sporting Life,https://www.sportinglife.com/greyhounds/racecards/2026-08-28/sunderland/racecard/514006
2026-08-28,Sunderland,22:03,4,Pomba Pauline,514006,Sporting Life,https://www.sportinglife.com/greyhounds/racecards/2026-08-28/sunderland/racecard/514006
2026-08-28,Sunderland,22:03,5,In Between Days,514006,Sporting Life,https://www.sportinglife.com/greyhounds/racecards/2026-08-28/sunderland/racecard/514006
2026-08-28,Sunderland,22:03,6,Barnfield Chief,514006,Sporting Life,https://www.sportinglife.com/greyhounds/racecards/2026-08-28/sunderland/racecard/514006
2026-08-28,Towcester,14:23,1,Ballyquinsheldon,514078,Sporting Life,https://www.sportinglife.com/greyhounds/racecards/2026-08-28/towcester/racecard/514078
2026-08-28,Towcester,14:23,2,Pauls Opinion,514078,Sporting Life,https://www.sportinglife.com/greyhounds/racecards/2026-08-28/towcester/racecard/514078
2026-08-28,Towcester,14:23,3,Makeit Dolly,514078,Sporting Life,https://www.sportinglife.com/greyhounds/racecards/2026-08-28/towcester/racecard/514078
2026-08-28,Towcester,14:23,4,Greencroft Blaze,514078,Sporting Life,https://www.sportinglife.com/greyhounds/racecards/2026-08-28/towcester/racecard/514078
2026-08-28,Towcester,14:23,5,Swift One,514078,Sporting Life,https://www.sportinglife.com/greyhounds/racecards/2026-08-28/towcester/racecard/514078
2026-08-28,Towcester,14:23,6,Slaheny Storm,514078,Sporting Life,https://www.sportinglife.com/greyhounds/racecards/2026-08-28/towcester/racecard/514078
2026-08-28,Towcester,14:41,1,Pagan And Chief,514079,Sporting Life,https://www.sportinglife.com/greyhounds/racecards/2026-08-28/towcester/racecard/514079
2026-08-28,Towcester,14:41,2,Alright Maggie,514079,Sporting Life,https://www.sportinglife.com/greyhounds/racecards/2026-08-28/towcester/racecard/514079
2026-08-28,Towcester,14:41,3,Boswellion,514079,Sporting Life,https://www.sportinglife.com/greyhounds/racecards/2026-08-28/towcester/racecard/514079
2026-08-28,Towcester,14:41,4,Sonic Angel,514079,Sporting Life,https://www.sportinglife.com/greyhounds/racecards/2026-08-28/towcester/racecard/514079
2026-08-28,Towcester,14:41,5,Essex Abz,514079,Sporting Life,https://www.sportinglife.com/greyhounds/racecards/2026-08-28/towcester/racecard/514079
2026-08-28,Towcester,14:41,6,Stasi,514079,Sporting Life,https://www.sportinglife.com/greyhounds/racecards/2026-08-28/towcester/racecard/514079
2026-08-28,Towcester,15:01,1,Wessex Duchess,514080,Sporting Life,https://www.sportinglife.com/greyhounds/racecards/2026-08-28/towcester/racecard/514080
2026-08-28,Towcester,15:01,2,Choices Bronte,514080,Sporting Life,https://www.sportinglife.com/greyhounds/racecards/2026-08-28/towcester/racecard/514080
2026-08-28,Towcester,15:01,3,Salacres Showman,514080,Sporting Life,https://www.sportinglife.com/greyhounds/racecards/2026-08-28/towcester/racecard/514080
2026-08-28,Towcester,15:01,4,Makeit Thea,514080,Sporting Life,https://www.sportinglife.com/greyhounds/racecards/2026-08-28/towcester/racecard/514080
2026-08-28,Towcester,15:01,5,Magical Nelly,514080,Sporting Life,https://www.sportinglife.com/greyhounds/racecards/2026-08-28/towcester/racecard/514080
2026-08-28,Towcester,15:01,6,Hiya Carneiro,514080,Sporting Life,https://www.sportinglife.com/greyhounds/racecards/2026-08-28/towcester/racecard/514080
2026-08-28,Towcester,15:19,1,Trapstyle Pasha,514081,Sporting Life,https://www.sportinglife.com/greyhounds/racecards/2026-08-28/towcester/racecard/514081
2026-08-28,Towcester,15:19,2,Junior Flores,514081,Sporting Life,https://www.sportinglife.com/greyhounds/racecards/2026-08-28/towcester/racecard/514081
2026-08-28,Towcester,15:19,3,Deelish Lily,514081,Sporting Life,https://www.sportinglife.com/greyhounds/racecards/2026-08-28/towcester/racecard/514081
2026-08-28,Towcester,15:19,4,Holmleigh Hailey,514081,Sporting Life,https://www.sportinglife.com/greyhounds/racecards/2026-08-28/towcester/racecard/514081
2026-08-28,Towcester,15:19,5,Crucial Dutch,514081,Sporting Life,https://www.sportinglife.com/greyhounds/racecards/2026-08-28/towcester/racecard/514081
2026-08-28,Towcester,15:19,6,Dark Lady,514081,Sporting Life,https://www.sportinglife.com/greyhounds/racecards/2026-08-28/towcester/racecard/514081
2026-08-28,Towcester,15:38,1,Valkyrie Warrior,514082,Sporting Life,https://www.sportinglife.com/greyhounds/racecards/2026-08-28/towcester/racecard/514082
2026-08-28,Towcester,15:38,2,Ballyclearyflash,514082,Sporting Life,https://www.sportinglife.com/greyhounds/racecards/2026-08-28/towcester/racecard/514082
2026-08-28,Towcester,15:38,3,Barnagrane Kid,514082,Sporting Life,https://www.sportinglife.com/greyhounds/racecards/2026-08-28/towcester/racecard/514082
2026-08-28,Towcester,15:38,4,Salacres Smiler,514082,Sporting Life,https://www.sportinglife.com/greyhounds/racecards/2026-08-28/towcester/racecard/514082
2026-08-28,Towcester,15:38,5,Ballyea Hope,514082,Sporting Life,https://www.sportinglife.com/greyhounds/racecards/2026-08-28/towcester/racecard/514082
2026-08-28,Towcester,15:38,6,Camp Charlie,514082,Sporting Life,https://www.sportinglife.com/greyhounds/racecards/2026-08-28/towcester/racecard/514082
2026-08-28,Towcester,15:57,1,Rowington Rascal,514083,Sporting Life,https://www.sportinglife.com/greyhounds/racecards/2026-08-28/towcester/racecard/514083
2026-08-28,Towcester,15:57,2,Deecee Bono,514083,Sporting Life,https://www.sportinglife.com/greyhounds/racecards/2026-08-28/towcester/racecard/514083
2026-08-28,Towcester,15:57,3,Makeit Joy,514083,Sporting Life,https://www.sportinglife.com/greyhounds/racecards/2026-08-28/towcester/racecard/514083
2026-08-28,Towcester,15:57,4,Daleroad Adeleke,514083,Sporting Life,https://www.sportinglife.com/greyhounds/racecards/2026-08-28/towcester/racecard/514083
2026-08-28,Towcester,15:57,5,Amka Bruce,514083,Sporting Life,https://www.sportinglife.com/greyhounds/racecards/2026-08-28/towcester/racecard/514083
2026-08-28,Towcester,15:57,6,Swift Wally,514083,Sporting Life,https://www.sportinglife.com/greyhounds/racecards/2026-08-28/towcester/racecard/514083
2026-08-28,Towcester,16:16,1,Scooby The Scout,514084,Sporting Life,https://www.sportinglife.com/greyhounds/racecards/2026-08-28/towcester/racecard/514084
2026-08-28,Towcester,16:16,2,Bridgestreet Ali,514084,Sporting Life,https://www.sportinglife.com/greyhounds/racecards/2026-08-28/towcester/racecard/514084
2026-08-28,Towcester,16:16,3,Salthill Selby,514084,Sporting Life,https://www.sportinglife.com/greyhounds/racecards/2026-08-28/towcester/racecard/514084
2026-08-28,Towcester,16:16,4,Unknown Path,514084,Sporting Life,https://www.sportinglife.com/greyhounds/racecards/2026-08-28/towcester/racecard/514084
2026-08-28,Towcester,16:16,5,Cragbrien Fire,514084,Sporting Life,https://www.sportinglife.com/greyhounds/racecards/2026-08-28/towcester/racecard/514084
2026-08-28,Towcester,16:16,6,Demon Slave,514084,Sporting Life,https://www.sportinglife.com/greyhounds/racecards/2026-08-28/towcester/racecard/514084
2026-08-28,Towcester,16:34,1,Mustang Razor,514085,Sporting Life,https://www.sportinglife.com/greyhounds/racecards/2026-08-28/towcester/racecard/514085
2026-08-28,Towcester,16:34,2,Johnie Oh,514085,Sporting Life,https://www.sportinglife.com/greyhounds/racecards/2026-08-28/towcester/racecard/514085
2026-08-28,Towcester,16:34,3,Miss Newbury,514085,Sporting Life,https://www.sportinglife.com/greyhounds/racecards/2026-08-28/towcester/racecard/514085
2026-08-28,Towcester,16:34,4,Toomevara Sheera,514085,Sporting Life,https://www.sportinglife.com/greyhounds/racecards/2026-08-28/towcester/racecard/514085
2026-08-28,Towcester,16:34,5,Coolavanny Steve,514085,Sporting Life,https://www.sportinglife.com/greyhounds/racecards/2026-08-28/towcester/racecard/514085
2026-08-28,Towcester,16:34,6,Twolegsofour,514085,Sporting Life,https://www.sportinglife.com/greyhounds/racecards/2026-08-28/towcester/racecard/514085
2026-08-28,Towcester,16:53,1,Dinton Fred,514086,Sporting Life,https://www.sportinglife.com/greyhounds/racecards/2026-08-28/towcester/racecard/514086
2026-08-28,Towcester,16:53,2,Gwyn Boss,514086,Sporting Life,https://www.sportinglife.com/greyhounds/racecards/2026-08-28/towcester/racecard/514086
2026-08-28,Towcester,16:53,4,Ballycleary Sass,514086,Sporting Life,https://www.sportinglife.com/greyhounds/racecards/2026-08-28/towcester/racecard/514086
2026-08-28,Towcester,16:53,5,Rapido Aria,514086,Sporting Life,https://www.sportinglife.com/greyhounds/racecards/2026-08-28/towcester/racecard/514086
2026-08-28,Towcester,16:53,6,Clermount,514086,Sporting Life,https://www.sportinglife.com/greyhounds/racecards/2026-08-28/towcester/racecard/514086
2026-08-28,Towcester,17:12,1,Burberry Girl,514087,Sporting Life,https://www.sportinglife.com/greyhounds/racecards/2026-08-28/towcester/racecard/514087
2026-08-28,Towcester,17:12,2,Railwayclub Bob,514087,Sporting Life,https://www.sportinglife.com/greyhounds/racecards/2026-08-28/towcester/racecard/514087
2026-08-28,Towcester,17:12,3,Dunbolg Grove,514087,Sporting Life,https://www.sportinglife.com/greyhounds/racecards/2026-08-28/towcester/racecard/514087
2026-08-28,Towcester,17:12,5,Grafton Star,514087,Sporting Life,https://www.sportinglife.com/greyhounds/racecards/2026-08-28/towcester/racecard/514087
2026-08-28,Towcester,17:12,6,All About Rosie,514087,Sporting Life,https://www.sportinglife.com/greyhounds/racecards/2026-08-28/towcester/racecard/514087
2026-08-28,Towcester,17:31,1,Miss Monaco,514088,Sporting Life,https://www.sportinglife.com/greyhounds/racecards/2026-08-28/towcester/racecard/514088
2026-08-28,Towcester,17:31,2,Makeit Anton,514088,Sporting Life,https://www.sportinglife.com/greyhounds/racecards/2026-08-28/towcester/racecard/514088
2026-08-28,Towcester,17:31,3,Salacres Ann,514088,Sporting Life,https://www.sportinglife.com/greyhounds/racecards/2026-08-28/towcester/racecard/514088
2026-08-28,Towcester,17:31,4,Ballycleary Bell,514088,Sporting Life,https://www.sportinglife.com/greyhounds/racecards/2026-08-28/towcester/racecard/514088
2026-08-28,Towcester,17:31,5,Greencroft Ice,514088,Sporting Life,https://www.sportinglife.com/greyhounds/racecards/2026-08-28/towcester/racecard/514088
2026-08-28,Towcester,17:31,6,Frankton Poppy,514088,Sporting Life,https://www.sportinglife.com/greyhounds/racecards/2026-08-28/towcester/racecard/514088
2026-08-28,Towcester,17:49,1,Salacres Merkel,514089,Sporting Life,https://www.sportinglife.com/greyhounds/racecards/2026-08-28/towcester/racecard/514089
2026-08-28,Towcester,17:49,2,Salacres Sahara,514089,Sporting Life,https://www.sportinglife.com/greyhounds/racecards/2026-08-28/towcester/racecard/514089
2026-08-28,Towcester,17:49,3,Essex Dee,514089,Sporting Life,https://www.sportinglife.com/greyhounds/racecards/2026-08-28/towcester/racecard/514089
2026-08-28,Towcester,17:49,4,You Win Again,514089,Sporting Life,https://www.sportinglife.com/greyhounds/racecards/2026-08-28/towcester/racecard/514089
2026-08-28,Towcester,17:49,5,Fifis Lad,514089,Sporting Life,https://www.sportinglife.com/greyhounds/racecards/2026-08-28/towcester/racecard/514089
2026-08-28,Towcester,17:49,6,Drohobych Falcon,514089,Sporting Life,https://www.sportinglife.com/greyhounds/racecards/2026-08-28/towcester/racecard/514089
