date,track,race_time,runner_number,dog_name,race_id,source,race_url
2026-09-16,Doncaster,14:33,1,Bob Jezabelle,516489,Sporting Life,https://www.sportinglife.com/greyhounds/racecards/2026-09-16/doncaster/racecard/516489
2026-09-16,Doncaster,14:33,3,Fond Favourite,516489,Sporting Life,https://www.sportinglife.com/greyhounds/racecards/2026-09-16/doncaster/racecard/516489
2026-09-16,Doncaster,14:33,4,Skidrow Breeze,516489,Sporting Life,https://www.sportinglife.com/greyhounds/racecards/2026-09-16/doncaster/racecard/516489
2026-09-16,Doncaster,14:33,5,Tiktok Express,516489,Sporting Life,https://www.sportinglife.com/greyhounds/racecards/2026-09-16/doncaster/racecard/516489
2026-09-16,Doncaster,14:33,6,Hollyhill Mojo,516489,Sporting Life,https://www.sportinglife.com/greyhounds/racecards/2026-09-16/doncaster/racecard/516489
2026-09-16,Doncaster,14:52,1,Glens Lucky Dip,516490,Sporting Life,https://www.sportinglife.com/greyhounds/racecards/2026-09-16/doncaster/racecard/516490
2026-09-16,Doncaster,14:52,2,Dollar Jezabelle,516490,Sporting Life,https://www.sportinglife.com/greyhounds/racecards/2026-09-16/doncaster/racecard/516490
2026-09-16,Doncaster,14:52,3,Easy Find,516490,Sporting Life,https://www.sportinglife.com/greyhounds/racecards/2026-09-16/doncaster/racecard/516490
2026-09-16,Doncaster,14:52,4,Another Ace,516490,Sporting Life,https://www.sportinglife.com/greyhounds/racecards/2026-09-16/doncaster/racecard/516490
2026-09-16,Doncaster,14:52,6,Cockneys Gunner,516490,Sporting Life,https://www.sportinglife.com/greyhounds/racecards/2026-09-16/doncaster/racecard/516490
2026-09-16,Doncaster,15:11,1,Maybe Sydney,516491,Sporting Life,https://www.sportinglife.com/greyhounds/racecards/2026-09-16/doncaster/racecard/516491
2026-09-16,Doncaster,15:11,2,Tanny Jezabelle,516491,Sporting Life,https://www.sportinglife.com/greyhounds/racecards/2026-09-16/doncaster/racecard/516491
2026-09-16,Doncaster,15:11,3,Cockneys Zeus,516491,Sporting Life,https://www.sportinglife.com/greyhounds/racecards/2026-09-16/doncaster/racecard/516491
2026-09-16,Doncaster,15:11,4,Jimelle,516491,Sporting Life,https://www.sportinglife.com/greyhounds/racecards/2026-09-16/doncaster/racecard/516491
2026-09-16,Doncaster,15:11,6,Easy Stump,516491,Sporting Life,https://www.sportinglife.com/greyhounds/racecards/2026-09-16/doncaster/racecard/516491
2026-09-16,Doncaster,15:29,1,Droopys Trendy,516492,Sporting Life,https://www.sportinglife.com/greyhounds/racecards/2026-09-16/doncaster/racecard/516492
2026-09-16,Doncaster,15:29,2,Avenue Time,516492,Sporting Life,https://www.sportinglife.com/greyhounds/racecards/2026-09-16/doncaster/racecard/516492
2026-09-16,Doncaster,15:29,3,Barmoney Magic,516492,Sporting Life,https://www.sportinglife.com/greyhounds/racecards/2026-09-16/doncaster/racecard/516492
2026-09-16,Doncaster,15:29,4,Thirty Bear,516492,Sporting Life,https://www.sportinglife.com/greyhounds/racecards/2026-09-16/doncaster/racecard/516492
2026-09-16,Doncaster,15:29,5,Tommys Flavour,516492,Sporting Life,https://www.sportinglife.com/greyhounds/racecards/2026-09-16/doncaster/racecard/516492
2026-09-16,Doncaster,15:49,1,Lizzy Jezabelle,516493,Sporting Life,https://www.sportinglife.com/greyhounds/racecards/2026-09-16/doncaster/racecard/516493
2026-09-16,Doncaster,15:49,2,Flosses Mcqueen,516493,Sporting Life,https://www.sportinglife.com/greyhounds/racecards/2026-09-16/doncaster/racecard/516493
2026-09-16,Doncaster,15:49,3,Mustang Marykate,516493,Sporting Life,https://www.sportinglife.com/greyhounds/racecards/2026-09-16/doncaster/racecard/516493
2026-09-16,Doncaster,15:49,4,Run In Water,516493,Sporting Life,https://www.sportinglife.com/greyhounds/racecards/2026-09-16/doncaster/racecard/516493
2026-09-16,Doncaster,15:49,6,Footfield Nala,516493,Sporting Life,https://www.sportinglife.com/greyhounds/racecards/2026-09-16/doncaster/racecard/516493
2026-09-16,Doncaster,16:07,1,Calgray Flyer,516494,Sporting Life,https://www.sportinglife.com/greyhounds/racecards/2026-09-16/doncaster/racecard/516494
2026-09-16,Doncaster,16:07,2,Hasty Sam,516494,Sporting Life,https://www.sportinglife.com/greyhounds/racecards/2026-09-16/doncaster/racecard/516494
2026-09-16,Doncaster,16:07,3,Sporting Moana,516494,Sporting Life,https://www.sportinglife.com/greyhounds/racecards/2026-09-16/doncaster/racecard/516494
2026-09-16,Doncaster,16:07,4,Zari Hunter,516494,Sporting Life,https://www.sportinglife.com/greyhounds/racecards/2026-09-16/doncaster/racecard/516494
2026-09-16,Doncaster,16:07,5,Easy Chloe,516494,Sporting Life,https://www.sportinglife.com/greyhounds/racecards/2026-09-16/doncaster/racecard/516494
2026-09-16,Doncaster,16:07,6,Cockney King Kev,516494,Sporting Life,https://www.sportinglife.com/greyhounds/racecards/2026-09-16/doncaster/racecard/516494
2026-09-16,Doncaster,16:26,1,Romantic Geezer,516495,Sporting Life,https://www.sportinglife.com/greyhounds/racecards/2026-09-16/doncaster/racecard/516495
2026-09-16,Doncaster,16:26,2,Rumble Strip,516495,Sporting Life,https://www.sportinglife.com/greyhounds/racecards/2026-09-16/doncaster/racecard/516495
2026-09-16,Doncaster,16:26,3,Harlequin Zippy,516495,Sporting Life,https://www.sportinglife.com/greyhounds/racecards/2026-09-16/doncaster/racecard/516495
2026-09-16,Doncaster,16:26,4,Cockneys Zara,516495,Sporting Life,https://www.sportinglife.com/greyhounds/racecards/2026-09-16/doncaster/racecard/516495
2026-09-16,Doncaster,16:26,5,Shanahee Brian,516495,Sporting Life,https://www.sportinglife.com/greyhounds/racecards/2026-09-16/doncaster/racecard/516495
2026-09-16,Doncaster,16:26,6,Killieford Zoe,516495,Sporting Life,https://www.sportinglife.com/greyhounds/racecards/2026-09-16/doncaster/racecard/516495
2026-09-16,Doncaster,16:44,1,Mia Jezabelle,516496,Sporting Life,https://www.sportinglife.com/greyhounds/racecards/2026-09-16/doncaster/racecard/516496
2026-09-16,Doncaster,16:44,3,Silver Spec,516496,Sporting Life,https://www.sportinglife.com/greyhounds/racecards/2026-09-16/doncaster/racecard/516496
2026-09-16,Doncaster,16:44,4,Jazza Darcy,516496,Sporting Life,https://www.sportinglife.com/greyhounds/racecards/2026-09-16/doncaster/racecard/516496
2026-09-16,Doncaster,16:44,5,Greenhill Mac,516496,Sporting Life,https://www.sportinglife.com/greyhounds/racecards/2026-09-16/doncaster/racecard/516496
2026-09-16,Doncaster,16:44,6,Ballymac Hanson,516496,Sporting Life,https://www.sportinglife.com/greyhounds/racecards/2026-09-16/doncaster/racecard/516496
2026-09-16,Doncaster,17:03,1,Skilled Warrior,516497,Sporting Life,https://www.sportinglife.com/greyhounds/racecards/2026-09-16/doncaster/racecard/516497
2026-09-16,Doncaster,17:03,2,Alno Dee,516497,Sporting Life,https://www.sportinglife.com/greyhounds/racecards/2026-09-16/doncaster/racecard/516497
2026-09-16,Doncaster,17:03,3,Ballymac Nellie,516497,Sporting Life,https://www.sportinglife.com/greyhounds/racecards/2026-09-16/doncaster/racecard/516497
2026-09-16,Doncaster,17:03,4,Amazing Emperor,516497,Sporting Life,https://www.sportinglife.com/greyhounds/racecards/2026-09-16/doncaster/racecard/516497
2026-09-16,Doncaster,17:03,6,Gordons Bennett,516497,Sporting Life,https://www.sportinglife.com/greyhounds/racecards/2026-09-16/doncaster/racecard/516497
2026-09-16,Doncaster,17:21,1,Untold Kuna,516498,Sporting Life,https://www.sportinglife.com/greyhounds/racecards/2026-09-16/doncaster/racecard/516498
2026-09-16,Doncaster,17:21,3,Rapido Ramona,516498,Sporting Life,https://www.sportinglife.com/greyhounds/racecards/2026-09-16/doncaster/racecard/516498
2026-09-16,Doncaster,17:21,4,Panaroma,516498,Sporting Life,https://www.sportinglife.com/greyhounds/racecards/2026-09-16/doncaster/racecard/516498
2026-09-16,Doncaster,17:21,5,Skytrain,516498,Sporting Life,https://www.sportinglife.com/greyhounds/racecards/2026-09-16/doncaster/racecard/516498
2026-09-16,Doncaster,17:21,6,Cockney Tan,516498,Sporting Life,https://www.sportinglife.com/greyhounds/racecards/2026-09-16/doncaster/racecard/516498
2026-09-16,Dunstall Park,18:08,1,Cockney Marvel,516439,Sporting Life,https://www.sportinglife.com/greyhounds/racecards/2026-09-16/dunstall-park/racecard/516439
2026-09-16,Dunstall Park,18:08,2,Angels Oakley,516439,Sporting Life,https://www.sportinglife.com/greyhounds/racecards/2026-09-16/dunstall-park/racecard/516439
2026-09-16,Dunstall Park,18:08,3,Escape Artist,516439,Sporting Life,https://www.sportinglife.com/greyhounds/racecards/2026-09-16/dunstall-park/racecard/516439
2026-09-16,Dunstall Park,18:08,4,Rockmount Raven,516439,Sporting Life,https://www.sportinglife.com/greyhounds/racecards/2026-09-16/dunstall-park/racecard/516439
2026-09-16,Dunstall Park,18:08,5,Racecourse Pluto,516439,Sporting Life,https://www.sportinglife.com/greyhounds/racecards/2026-09-16/dunstall-park/racecard/516439
2026-09-16,Dunstall Park,18:08,6,Moyar Gossip,516439,Sporting Life,https://www.sportinglife.com/greyhounds/racecards/2026-09-16/dunstall-park/racecard/516439
2026-09-16,Dunstall Park,18:26,1,Dunworly Pebbles,516440,Sporting Life,https://www.sportinglife.com/greyhounds/racecards/2026-09-16/dunstall-park/racecard/516440
2026-09-16,Dunstall Park,18:26,2,Moulton Maxine,516440,Sporting Life,https://www.sportinglife.com/greyhounds/racecards/2026-09-16/dunstall-park/racecard/516440
2026-09-16,Dunstall Park,18:26,3,Edial Tony,516440,Sporting Life,https://www.sportinglife.com/greyhounds/racecards/2026-09-16/dunstall-park/racecard/516440
2026-09-16,Dunstall Park,18:26,4,Ridgedale Zuni,516440,Sporting Life,https://www.sportinglife.com/greyhounds/racecards/2026-09-16/dunstall-park/racecard/516440
2026-09-16,Dunstall Park,18:26,5,Rapido Beat,516440,Sporting Life,https://www.sportinglife.com/greyhounds/racecards/2026-09-16/dunstall-park/racecard/516440
2026-09-16,Dunstall Park,18:26,6,Zaconey Maximus,516440,Sporting Life,https://www.sportinglife.com/greyhounds/racecards/2026-09-16/dunstall-park/racecard/516440
2026-09-16,Dunstall Park,18:42,1,Moyar King,516441,Sporting Life,https://www.sportinglife.com/greyhounds/racecards/2026-09-16/dunstall-park/racecard/516441
2026-09-16,Dunstall Park,18:42,2,Noels Supreme,516441,Sporting Life,https://www.sportinglife.com/greyhounds/racecards/2026-09-16/dunstall-park/racecard/516441
2026-09-16,Dunstall Park,18:42,3,Marvellous News,516441,Sporting Life,https://www.sportinglife.com/greyhounds/racecards/2026-09-16/dunstall-park/racecard/516441
2026-09-16,Dunstall Park,18:42,4,Ballymac Edlyn,516441,Sporting Life,https://www.sportinglife.com/greyhounds/racecards/2026-09-16/dunstall-park/racecard/516441
2026-09-16,Dunstall Park,18:42,5,Ashtons Deako,516441,Sporting Life,https://www.sportinglife.com/greyhounds/racecards/2026-09-16/dunstall-park/racecard/516441
2026-09-16,Dunstall Park,18:42,6,Noduff Golf,516441,Sporting Life,https://www.sportinglife.com/greyhounds/racecards/2026-09-16/dunstall-park/racecard/516441
2026-09-16,Dunstall Park,18:59,1,Keepers Nutty,516442,Sporting Life,https://www.sportinglife.com/greyhounds/racecards/2026-09-16/dunstall-park/racecard/516442
2026-09-16,Dunstall Park,18:59,2,Buda Tom,516442,Sporting Life,https://www.sportinglife.com/greyhounds/racecards/2026-09-16/dunstall-park/racecard/516442
2026-09-16,Dunstall Park,18:59,3,Crokers Bank,516442,Sporting Life,https://www.sportinglife.com/greyhounds/racecards/2026-09-16/dunstall-park/racecard/516442
2026-09-16,Dunstall Park,18:59,4,Cara Trixie,516442,Sporting Life,https://www.sportinglife.com/greyhounds/racecards/2026-09-16/dunstall-park/racecard/516442
2026-09-16,Dunstall Park,18:59,5,Roseville Daisy,516442,Sporting Life,https://www.sportinglife.com/greyhounds/racecards/2026-09-16/dunstall-park/racecard/516442
2026-09-16,Dunstall Park,18:59,6,Shuffle The Deck,516442,Sporting Life,https://www.sportinglife.com/greyhounds/racecards/2026-09-16/dunstall-park/racecard/516442
2026-09-16,Dunstall Park,19:16,1,Holeinmybucket,516443,Sporting Life,https://www.sportinglife.com/greyhounds/racecards/2026-09-16/dunstall-park/racecard/516443
2026-09-16,Dunstall Park,19:16,2,Devilgate Lass,516443,Sporting Life,https://www.sportinglife.com/greyhounds/racecards/2026-09-16/dunstall-park/racecard/516443
2026-09-16,Dunstall Park,19:16,3,Taffy Gwenllian,516443,Sporting Life,https://www.sportinglife.com/greyhounds/racecards/2026-09-16/dunstall-park/racecard/516443
2026-09-16,Dunstall Park,19:16,4,Roseville Ella,516443,Sporting Life,https://www.sportinglife.com/greyhounds/racecards/2026-09-16/dunstall-park/racecard/516443
2026-09-16,Dunstall Park,19:16,5,Scaletric,516443,Sporting Life,https://www.sportinglife.com/greyhounds/racecards/2026-09-16/dunstall-park/racecard/516443
2026-09-16,Dunstall Park,19:16,6,Ballymac Arbac,516443,Sporting Life,https://www.sportinglife.com/greyhounds/racecards/2026-09-16/dunstall-park/racecard/516443
2026-09-16,Dunstall Park,19:33,1,Ballyard Nell,516444,Sporting Life,https://www.sportinglife.com/greyhounds/racecards/2026-09-16/dunstall-park/racecard/516444
2026-09-16,Dunstall Park,19:33,2,Got The Large,516444,Sporting Life,https://www.sportinglife.com/greyhounds/racecards/2026-09-16/dunstall-park/racecard/516444
2026-09-16,Dunstall Park,19:33,3,Belindas Royal,516444,Sporting Life,https://www.sportinglife.com/greyhounds/racecards/2026-09-16/dunstall-park/racecard/516444
2026-09-16,Dunstall Park,19:33,4,Swift Vein,516444,Sporting Life,https://www.sportinglife.com/greyhounds/racecards/2026-09-16/dunstall-park/racecard/516444
2026-09-16,Dunstall Park,19:33,5,Mister Baileys,516444,Sporting Life,https://www.sportinglife.com/greyhounds/racecards/2026-09-16/dunstall-park/racecard/516444
2026-09-16,Dunstall Park,19:33,6,Fairest View,516444,Sporting Life,https://www.sportinglife.com/greyhounds/racecards/2026-09-16/dunstall-park/racecard/516444
2026-09-16,Dunstall Park,19:49,1,Detroit Blu,516445,Sporting Life,https://www.sportinglife.com/greyhounds/racecards/2026-09-16/dunstall-park/racecard/516445
2026-09-16,Dunstall Park,19:49,2,Brosna Lenson,516445,Sporting Life,https://www.sportinglife.com/greyhounds/racecards/2026-09-16/dunstall-park/racecard/516445
2026-09-16,Dunstall Park,19:49,3,Edial Solo,516445,Sporting Life,https://www.sportinglife.com/greyhounds/racecards/2026-09-16/dunstall-park/racecard/516445
2026-09-16,Dunstall Park,19:49,4,We Dont Know,516445,Sporting Life,https://www.sportinglife.com/greyhounds/racecards/2026-09-16/dunstall-park/racecard/516445
2026-09-16,Dunstall Park,19:49,5,Devilgate Joe,516445,Sporting Life,https://www.sportinglife.com/greyhounds/racecards/2026-09-16/dunstall-park/racecard/516445
2026-09-16,Dunstall Park,19:49,6,Lynnia Rose,516445,Sporting Life,https://www.sportinglife.com/greyhounds/racecards/2026-09-16/dunstall-park/racecard/516445
2026-09-16,Dunstall Park,20:07,1,Ivys Holly,516446,Sporting Life,https://www.sportinglife.com/greyhounds/racecards/2026-09-16/dunstall-park/racecard/516446
2026-09-16,Dunstall Park,20:07,2,Ballintemple Bet,516446,Sporting Life,https://www.sportinglife.com/greyhounds/racecards/2026-09-16/dunstall-park/racecard/516446
2026-09-16,Dunstall Park,20:07,3,Malaika Queen,516446,Sporting Life,https://www.sportinglife.com/greyhounds/racecards/2026-09-16/dunstall-park/racecard/516446
2026-09-16,Dunstall Park,20:07,4,Noels Quest,516446,Sporting Life,https://www.sportinglife.com/greyhounds/racecards/2026-09-16/dunstall-park/racecard/516446
2026-09-16,Dunstall Park,20:07,5,Hiya Jimal,516446,Sporting Life,https://www.sportinglife.com/greyhounds/racecards/2026-09-16/dunstall-park/racecard/516446
2026-09-16,Dunstall Park,20:07,6,Mr Gaffney,516446,Sporting Life,https://www.sportinglife.com/greyhounds/racecards/2026-09-16/dunstall-park/racecard/516446
2026-09-16,Dunstall Park,20:24,1,Porthall Coco,516447,Sporting Life,https://www.sportinglife.com/greyhounds/racecards/2026-09-16/dunstall-park/racecard/516447
2026-09-16,Dunstall Park,20:24,2,Swift Zebu,516447,Sporting Life,https://www.sportinglife.com/greyhounds/racecards/2026-09-16/dunstall-park/racecard/516447
2026-09-16,Dunstall Park,20:24,3,Shanmoyle Ann,516447,Sporting Life,https://www.sportinglife.com/greyhounds/racecards/2026-09-16/dunstall-park/racecard/516447
2026-09-16,Dunstall Park,20:24,4,Roanna Panther,516447,Sporting Life,https://www.sportinglife.com/greyhounds/racecards/2026-09-16/dunstall-park/racecard/516447
2026-09-16,Dunstall Park,20:24,5,Regent Sky,516447,Sporting Life,https://www.sportinglife.com/greyhounds/racecards/2026-09-16/dunstall-park/racecard/516447
2026-09-16,Dunstall Park,20:24,6,Barnagrane Ed,516447,Sporting Life,https://www.sportinglife.com/greyhounds/racecards/2026-09-16/dunstall-park/racecard/516447
2026-09-16,Dunstall Park,20:41,1,Distant Pablo,516448,Sporting Life,https://www.sportinglife.com/greyhounds/racecards/2026-09-16/dunstall-park/racecard/516448
2026-09-16,Dunstall Park,20:41,2,Lynnia Queen,516448,Sporting Life,https://www.sportinglife.com/greyhounds/racecards/2026-09-16/dunstall-park/racecard/516448
2026-09-16,Dunstall Park,20:41,3,Shortwood Cloud,516448,Sporting Life,https://www.sportinglife.com/greyhounds/racecards/2026-09-16/dunstall-park/racecard/516448
2026-09-16,Dunstall Park,20:41,4,Brosna Cash,516448,Sporting Life,https://www.sportinglife.com/greyhounds/racecards/2026-09-16/dunstall-park/racecard/516448
2026-09-16,Dunstall Park,20:41,5,Zip Away,516448,Sporting Life,https://www.sportinglife.com/greyhounds/racecards/2026-09-16/dunstall-park/racecard/516448
2026-09-16,Dunstall Park,20:59,1,Callumslittlegem,516449,Sporting Life,https://www.sportinglife.com/greyhounds/racecards/2026-09-16/dunstall-park/racecard/516449
2026-09-16,Dunstall Park,20:59,2,Tonagha Conway,516449,Sporting Life,https://www.sportinglife.com/greyhounds/racecards/2026-09-16/dunstall-park/racecard/516449
2026-09-16,Dunstall Park,20:59,3,Work Mate,516449,Sporting Life,https://www.sportinglife.com/greyhounds/racecards/2026-09-16/dunstall-park/racecard/516449
2026-09-16,Dunstall Park,20:59,4,Coillbhui Boxer,516449,Sporting Life,https://www.sportinglife.com/greyhounds/racecards/2026-09-16/dunstall-park/racecard/516449
2026-09-16,Dunstall Park,20:59,5,Moulton Jessie,516449,Sporting Life,https://www.sportinglife.com/greyhounds/racecards/2026-09-16/dunstall-park/racecard/516449
2026-09-16,Dunstall Park,20:59,6,Shanmoyle Pat,516449,Sporting Life,https://www.sportinglife.com/greyhounds/racecards/2026-09-16/dunstall-park/racecard/516449
2026-09-16,Dunstall Park,21:16,1,Moulton Kathleen,516450,Sporting Life,https://www.sportinglife.com/greyhounds/racecards/2026-09-16/dunstall-park/racecard/516450
2026-09-16,Dunstall Park,21:16,2,Burrows Petal,516450,Sporting Life,https://www.sportinglife.com/greyhounds/racecards/2026-09-16/dunstall-park/racecard/516450
2026-09-16,Dunstall Park,21:16,3,Wicky Rodge,516450,Sporting Life,https://www.sportinglife.com/greyhounds/racecards/2026-09-16/dunstall-park/racecard/516450
2026-09-16,Dunstall Park,21:16,4,Timahoe Rocky,516450,Sporting Life,https://www.sportinglife.com/greyhounds/racecards/2026-09-16/dunstall-park/racecard/516450
2026-09-16,Dunstall Park,21:16,5,Millbank Got It,516450,Sporting Life,https://www.sportinglife.com/greyhounds/racecards/2026-09-16/dunstall-park/racecard/516450
2026-09-16,Dunstall Park,21:16,6,Invergarry,516450,Sporting Life,https://www.sportinglife.com/greyhounds/racecards/2026-09-16/dunstall-park/racecard/516450
2026-09-16,Harlow,10:32,1,Tapa Torpedo,516475,Sporting Life,https://www.sportinglife.com/greyhounds/racecards/2026-09-16/harlow/racecard/516475
2026-09-16,Harlow,10:32,2,Moaning Thelma,516475,Sporting Life,https://www.sportinglife.com/greyhounds/racecards/2026-09-16/harlow/racecard/516475
2026-09-16,Harlow,10:32,3,Rosstemple Cody,516475,Sporting Life,https://www.sportinglife.com/greyhounds/racecards/2026-09-16/harlow/racecard/516475
2026-09-16,Harlow,10:32,4,Moaning Tini,516475,Sporting Life,https://www.sportinglife.com/greyhounds/racecards/2026-09-16/harlow/racecard/516475
2026-09-16,Harlow,10:32,5,Whodoyoucolm,516475,Sporting Life,https://www.sportinglife.com/greyhounds/racecards/2026-09-16/harlow/racecard/516475
2026-09-16,Harlow,10:32,6,Jamaica Luna,516475,Sporting Life,https://www.sportinglife.com/greyhounds/racecards/2026-09-16/harlow/racecard/516475
2026-09-16,Harlow,10:48,1,Havana Kaci,516476,Sporting Life,https://www.sportinglife.com/greyhounds/racecards/2026-09-16/harlow/racecard/516476
2026-09-16,Harlow,10:48,2,Rathmeehan Suzy,516476,Sporting Life,https://www.sportinglife.com/greyhounds/racecards/2026-09-16/harlow/racecard/516476
2026-09-16,Harlow,10:48,3,Foxrock Bell,516476,Sporting Life,https://www.sportinglife.com/greyhounds/racecards/2026-09-16/harlow/racecard/516476
2026-09-16,Harlow,10:48,4,Lemon Beaufort,516476,Sporting Life,https://www.sportinglife.com/greyhounds/racecards/2026-09-16/harlow/racecard/516476
2026-09-16,Harlow,10:48,5,Honeygar Duke,516476,Sporting Life,https://www.sportinglife.com/greyhounds/racecards/2026-09-16/harlow/racecard/516476
2026-09-16,Harlow,10:48,6,Edermine Bucks,516476,Sporting Life,https://www.sportinglife.com/greyhounds/racecards/2026-09-16/harlow/racecard/516476
2026-09-16,Harlow,11:04,1,Blue Gemstone,516477,Sporting Life,https://www.sportinglife.com/greyhounds/racecards/2026-09-16/harlow/racecard/516477
2026-09-16,Harlow,11:04,2,Moaning Mccoist,516477,Sporting Life,https://www.sportinglife.com/greyhounds/racecards/2026-09-16/harlow/racecard/516477
2026-09-16,Harlow,11:04,3,Westway Nelson,516477,Sporting Life,https://www.sportinglife.com/greyhounds/racecards/2026-09-16/harlow/racecard/516477
2026-09-16,Harlow,11:04,4,Blundel Croia,516477,Sporting Life,https://www.sportinglife.com/greyhounds/racecards/2026-09-16/harlow/racecard/516477
2026-09-16,Harlow,11:04,6,Ballinabola Vol,516477,Sporting Life,https://www.sportinglife.com/greyhounds/racecards/2026-09-16/harlow/racecard/516477
2026-09-16,Harlow,11:21,1,Pavilion Hoggie,516478,Sporting Life,https://www.sportinglife.com/greyhounds/racecards/2026-09-16/harlow/racecard/516478
2026-09-16,Harlow,11:21,3,Cornerstone,516478,Sporting Life,https://www.sportinglife.com/greyhounds/racecards/2026-09-16/harlow/racecard/516478
2026-09-16,Harlow,11:21,4,Barrington Chap,516478,Sporting Life,https://www.sportinglife.com/greyhounds/racecards/2026-09-16/harlow/racecard/516478
2026-09-16,Harlow,11:21,5,Moaning Mojito,516478,Sporting Life,https://www.sportinglife.com/greyhounds/racecards/2026-09-16/harlow/racecard/516478
2026-09-16,Harlow,11:21,6,Tommys Clan,516478,Sporting Life,https://www.sportinglife.com/greyhounds/racecards/2026-09-16/harlow/racecard/516478
2026-09-16,Harlow,11:38,1,Cofam Girl,516479,Sporting Life,https://www.sportinglife.com/greyhounds/racecards/2026-09-16/harlow/racecard/516479
2026-09-16,Harlow,11:38,2,Gooner Be Good,516479,Sporting Life,https://www.sportinglife.com/greyhounds/racecards/2026-09-16/harlow/racecard/516479
2026-09-16,Harlow,11:38,3,Heres Victoria,516479,Sporting Life,https://www.sportinglife.com/greyhounds/racecards/2026-09-16/harlow/racecard/516479
2026-09-16,Harlow,11:38,4,Coolruss Izzy,516479,Sporting Life,https://www.sportinglife.com/greyhounds/racecards/2026-09-16/harlow/racecard/516479
2026-09-16,Harlow,11:38,5,Moaning Countess,516479,Sporting Life,https://www.sportinglife.com/greyhounds/racecards/2026-09-16/harlow/racecard/516479
2026-09-16,Harlow,11:38,6,For Noreen,516479,Sporting Life,https://www.sportinglife.com/greyhounds/racecards/2026-09-16/harlow/racecard/516479
2026-09-16,Harlow,11:54,1,Fenview Ladygrey,516480,Sporting Life,https://www.sportinglife.com/greyhounds/racecards/2026-09-16/harlow/racecard/516480
2026-09-16,Harlow,11:54,2,Mustang Snow,516480,Sporting Life,https://www.sportinglife.com/greyhounds/racecards/2026-09-16/harlow/racecard/516480
2026-09-16,Harlow,11:54,3,Essjay Ceearejay,516480,Sporting Life,https://www.sportinglife.com/greyhounds/racecards/2026-09-16/harlow/racecard/516480
2026-09-16,Harlow,11:54,4,Besties Boy,516480,Sporting Life,https://www.sportinglife.com/greyhounds/racecards/2026-09-16/harlow/racecard/516480
2026-09-16,Harlow,11:54,5,Rodneys Girl,516480,Sporting Life,https://www.sportinglife.com/greyhounds/racecards/2026-09-16/harlow/racecard/516480
2026-09-16,Harlow,11:54,6,Kilbobbin Benny,516480,Sporting Life,https://www.sportinglife.com/greyhounds/racecards/2026-09-16/harlow/racecard/516480
2026-09-16,Harlow,12:12,1,Burkos Destiny,516481,Sporting Life,https://www.sportinglife.com/greyhounds/racecards/2026-09-16/harlow/racecard/516481
2026-09-16,Harlow,12:12,2,Dashgrove Sam,516481,Sporting Life,https://www.sportinglife.com/greyhounds/racecards/2026-09-16/harlow/racecard/516481
2026-09-16,Harlow,12:12,3,Nipper,516481,Sporting Life,https://www.sportinglife.com/greyhounds/racecards/2026-09-16/harlow/racecard/516481
2026-09-16,Harlow,12:12,4,Foxrock Alfie,516481,Sporting Life,https://www.sportinglife.com/greyhounds/racecards/2026-09-16/harlow/racecard/516481
2026-09-16,Harlow,12:12,5,Smiling Ollie,516481,Sporting Life,https://www.sportinglife.com/greyhounds/racecards/2026-09-16/harlow/racecard/516481
2026-09-16,Harlow,12:12,6,Skidrow Strongbo,516481,Sporting Life,https://www.sportinglife.com/greyhounds/racecards/2026-09-16/harlow/racecard/516481
2026-09-16,Harlow,12:29,1,More Firepower,516482,Sporting Life,https://www.sportinglife.com/greyhounds/racecards/2026-09-16/harlow/racecard/516482
2026-09-16,Harlow,12:29,2,Rains Bono,516482,Sporting Life,https://www.sportinglife.com/greyhounds/racecards/2026-09-16/harlow/racecard/516482
2026-09-16,Harlow,12:29,3,No Worries Dave,516482,Sporting Life,https://www.sportinglife.com/greyhounds/racecards/2026-09-16/harlow/racecard/516482
2026-09-16,Harlow,12:29,4,Cofam Princess,516482,Sporting Life,https://www.sportinglife.com/greyhounds/racecards/2026-09-16/harlow/racecard/516482
2026-09-16,Harlow,12:29,5,Moaning Sugaray,516482,Sporting Life,https://www.sportinglife.com/greyhounds/racecards/2026-09-16/harlow/racecard/516482
2026-09-16,Harlow,12:29,6,Moaning Mai Tai,516482,Sporting Life,https://www.sportinglife.com/greyhounds/racecards/2026-09-16/harlow/racecard/516482
2026-09-16,Harlow,12:46,1,Likeyoustoleit,516483,Sporting Life,https://www.sportinglife.com/greyhounds/racecards/2026-09-16/harlow/racecard/516483
2026-09-16,Harlow,12:46,2,Glenvale Sasha,516483,Sporting Life,https://www.sportinglife.com/greyhounds/racecards/2026-09-16/harlow/racecard/516483
2026-09-16,Harlow,12:46,3,Moaning Dior,516483,Sporting Life,https://www.sportinglife.com/greyhounds/racecards/2026-09-16/harlow/racecard/516483
2026-09-16,Harlow,12:46,5,Pips Rosie,516483,Sporting Life,https://www.sportinglife.com/greyhounds/racecards/2026-09-16/harlow/racecard/516483
2026-09-16,Harlow,12:46,6,Miss Margaret,516483,Sporting Life,https://www.sportinglife.com/greyhounds/racecards/2026-09-16/harlow/racecard/516483
2026-09-16,Harlow,13:03,1,Headford Cooper,516484,Sporting Life,https://www.sportinglife.com/greyhounds/racecards/2026-09-16/harlow/racecard/516484
2026-09-16,Harlow,13:03,3,Manic Monday,516484,Sporting Life,https://www.sportinglife.com/greyhounds/racecards/2026-09-16/harlow/racecard/516484
2026-09-16,Harlow,13:03,4,Moaning Saliba,516484,Sporting Life,https://www.sportinglife.com/greyhounds/racecards/2026-09-16/harlow/racecard/516484
2026-09-16,Harlow,13:03,5,Moaning Hearns,516484,Sporting Life,https://www.sportinglife.com/greyhounds/racecards/2026-09-16/harlow/racecard/516484
2026-09-16,Harlow,13:03,6,Black Chintz,516484,Sporting Life,https://www.sportinglife.com/greyhounds/racecards/2026-09-16/harlow/racecard/516484
2026-09-16,Harlow,13:19,1,Moaning Allora,516485,Sporting Life,https://www.sportinglife.com/greyhounds/racecards/2026-09-16/harlow/racecard/516485
2026-09-16,Harlow,13:19,2,Fenview Tammy,516485,Sporting Life,https://www.sportinglife.com/greyhounds/racecards/2026-09-16/harlow/racecard/516485
2026-09-16,Harlow,13:19,3,Donegal Shane,516485,Sporting Life,https://www.sportinglife.com/greyhounds/racecards/2026-09-16/harlow/racecard/516485
2026-09-16,Harlow,13:19,4,Tinks That,516485,Sporting Life,https://www.sportinglife.com/greyhounds/racecards/2026-09-16/harlow/racecard/516485
2026-09-16,Harlow,13:19,5,Mikeys Pick,516485,Sporting Life,https://www.sportinglife.com/greyhounds/racecards/2026-09-16/harlow/racecard/516485
2026-09-16,Harlow,13:19,6,Moaning Monster,516485,Sporting Life,https://www.sportinglife.com/greyhounds/racecards/2026-09-16/harlow/racecard/516485
2026-09-16,Harlow,13:37,1,Black Len,516486,Sporting Life,https://www.sportinglife.com/greyhounds/racecards/2026-09-16/harlow/racecard/516486
2026-09-16,Harlow,13:37,2,Comer Canal,516486,Sporting Life,https://www.sportinglife.com/greyhounds/racecards/2026-09-16/harlow/racecard/516486
2026-09-16,Harlow,13:37,3,Edermine Magic,516486,Sporting Life,https://www.sportinglife.com/greyhounds/racecards/2026-09-16/harlow/racecard/516486
2026-09-16,Harlow,13:37,4,Crying Jonesy,516486,Sporting Life,https://www.sportinglife.com/greyhounds/racecards/2026-09-16/harlow/racecard/516486
2026-09-16,Harlow,13:37,5,Mister Bojangles,516486,Sporting Life,https://www.sportinglife.com/greyhounds/racecards/2026-09-16/harlow/racecard/516486
2026-09-16,Harlow,13:37,6,Minnies Vika,516486,Sporting Life,https://www.sportinglife.com/greyhounds/racecards/2026-09-16/harlow/racecard/516486
2026-09-16,Harlow,13:54,1,Glenadda Lily,516487,Sporting Life,https://www.sportinglife.com/greyhounds/racecards/2026-09-16/harlow/racecard/516487
2026-09-16,Harlow,13:54,2,Marys Glen,516487,Sporting Life,https://www.sportinglife.com/greyhounds/racecards/2026-09-16/harlow/racecard/516487
2026-09-16,Harlow,13:54,3,Maddox Rose,516487,Sporting Life,https://www.sportinglife.com/greyhounds/racecards/2026-09-16/harlow/racecard/516487
2026-09-16,Harlow,13:54,4,Minnies Volga,516487,Sporting Life,https://www.sportinglife.com/greyhounds/racecards/2026-09-16/harlow/racecard/516487
2026-09-16,Harlow,13:54,5,Syls Angel,516487,Sporting Life,https://www.sportinglife.com/greyhounds/racecards/2026-09-16/harlow/racecard/516487
2026-09-16,Harlow,13:54,6,Absconder,516487,Sporting Life,https://www.sportinglife.com/greyhounds/racecards/2026-09-16/harlow/racecard/516487
2026-09-16,Harlow,14:11,1,Swift Waffle,516488,Sporting Life,https://www.sportinglife.com/greyhounds/racecards/2026-09-16/harlow/racecard/516488
2026-09-16,Harlow,14:11,2,Day Tripper,516488,Sporting Life,https://www.sportinglife.com/greyhounds/racecards/2026-09-16/harlow/racecard/516488
2026-09-16,Harlow,14:11,3,Hatmore Stockey,516488,Sporting Life,https://www.sportinglife.com/greyhounds/racecards/2026-09-16/harlow/racecard/516488
2026-09-16,Harlow,14:11,4,Cree Lullaby,516488,Sporting Life,https://www.sportinglife.com/greyhounds/racecards/2026-09-16/harlow/racecard/516488
2026-09-16,Harlow,14:11,5,Spooky Candy,516488,Sporting Life,https://www.sportinglife.com/greyhounds/racecards/2026-09-16/harlow/racecard/516488
2026-09-16,Harlow,14:11,6,Olwinn Jackson,516488,Sporting Life,https://www.sportinglife.com/greyhounds/racecards/2026-09-16/harlow/racecard/516488
2026-09-16,Harlow,18:11,1,Savana Ripple,516511,Sporting Life,https://www.sportinglife.com/greyhounds/racecards/2026-09-16/harlow/racecard/516511
2026-09-16,Harlow,18:11,2,Hillcroft Mick,516511,Sporting Life,https://www.sportinglife.com/greyhounds/racecards/2026-09-16/harlow/racecard/516511
2026-09-16,Harlow,18:11,3,Townsend Daisy,516511,Sporting Life,https://www.sportinglife.com/greyhounds/racecards/2026-09-16/harlow/racecard/516511
2026-09-16,Harlow,18:11,4,Tullycanna Sadie,516511,Sporting Life,https://www.sportinglife.com/greyhounds/racecards/2026-09-16/harlow/racecard/516511
2026-09-16,Harlow,18:11,6,Yo Ronnie Buster,516511,Sporting Life,https://www.sportinglife.com/greyhounds/racecards/2026-09-16/harlow/racecard/516511
2026-09-16,Harlow,18:29,1,Nolas Bigfoot,516512,Sporting Life,https://www.sportinglife.com/greyhounds/racecards/2026-09-16/harlow/racecard/516512
2026-09-16,Harlow,18:29,2,Jumbos Cairo,516512,Sporting Life,https://www.sportinglife.com/greyhounds/racecards/2026-09-16/harlow/racecard/516512
2026-09-16,Harlow,18:29,3,Maeda,516512,Sporting Life,https://www.sportinglife.com/greyhounds/racecards/2026-09-16/harlow/racecard/516512
2026-09-16,Harlow,18:29,4,City Boss,516512,Sporting Life,https://www.sportinglife.com/greyhounds/racecards/2026-09-16/harlow/racecard/516512
2026-09-16,Harlow,18:29,5,Savana Polly,516512,Sporting Life,https://www.sportinglife.com/greyhounds/racecards/2026-09-16/harlow/racecard/516512
2026-09-16,Harlow,18:29,6,Tomahurra Scobby,516512,Sporting Life,https://www.sportinglife.com/greyhounds/racecards/2026-09-16/harlow/racecard/516512
2026-09-16,Harlow,18:46,1,Hawkfield Kopek,516513,Sporting Life,https://www.sportinglife.com/greyhounds/racecards/2026-09-16/harlow/racecard/516513
2026-09-16,Harlow,18:46,3,Savana Heaven,516513,Sporting Life,https://www.sportinglife.com/greyhounds/racecards/2026-09-16/harlow/racecard/516513
2026-09-16,Harlow,18:46,4,Bouncy Jet,516513,Sporting Life,https://www.sportinglife.com/greyhounds/racecards/2026-09-16/harlow/racecard/516513
2026-09-16,Harlow,18:46,5,Alno Sue,516513,Sporting Life,https://www.sportinglife.com/greyhounds/racecards/2026-09-16/harlow/racecard/516513
2026-09-16,Harlow,18:46,6,Gagas Merry,516513,Sporting Life,https://www.sportinglife.com/greyhounds/racecards/2026-09-16/harlow/racecard/516513
2026-09-16,Harlow,19:04,1,Unlikely Maddie,516514,Sporting Life,https://www.sportinglife.com/greyhounds/racecards/2026-09-16/harlow/racecard/516514
2026-09-16,Harlow,19:04,2,Aim Two Please,516514,Sporting Life,https://www.sportinglife.com/greyhounds/racecards/2026-09-16/harlow/racecard/516514
2026-09-16,Harlow,19:04,3,Glasheen Zoey,516514,Sporting Life,https://www.sportinglife.com/greyhounds/racecards/2026-09-16/harlow/racecard/516514
2026-09-16,Harlow,19:04,4,Outdoor Tunnes,516514,Sporting Life,https://www.sportinglife.com/greyhounds/racecards/2026-09-16/harlow/racecard/516514
2026-09-16,Harlow,19:04,5,Yo Magic,516514,Sporting Life,https://www.sportinglife.com/greyhounds/racecards/2026-09-16/harlow/racecard/516514
2026-09-16,Harlow,19:04,6,Savana Sakari,516514,Sporting Life,https://www.sportinglife.com/greyhounds/racecards/2026-09-16/harlow/racecard/516514
2026-09-16,Harlow,19:24,1,Southwind Oz,516515,Sporting Life,https://www.sportinglife.com/greyhounds/racecards/2026-09-16/harlow/racecard/516515
2026-09-16,Harlow,19:24,2,Armintas Jet,516515,Sporting Life,https://www.sportinglife.com/greyhounds/racecards/2026-09-16/harlow/racecard/516515
2026-09-16,Harlow,19:24,3,Scrahan Cruiser,516515,Sporting Life,https://www.sportinglife.com/greyhounds/racecards/2026-09-16/harlow/racecard/516515
2026-09-16,Harlow,19:24,4,Divine Faith,516515,Sporting Life,https://www.sportinglife.com/greyhounds/racecards/2026-09-16/harlow/racecard/516515
2026-09-16,Harlow,19:24,6,Good Rex,516515,Sporting Life,https://www.sportinglife.com/greyhounds/racecards/2026-09-16/harlow/racecard/516515
2026-09-16,Harlow,19:42,1,Townsend Tonya,516516,Sporting Life,https://www.sportinglife.com/greyhounds/racecards/2026-09-16/harlow/racecard/516516
2026-09-16,Harlow,19:42,2,Rings Ruby,516516,Sporting Life,https://www.sportinglife.com/greyhounds/racecards/2026-09-16/harlow/racecard/516516
2026-09-16,Harlow,19:42,3,Mabels Ribbons,516516,Sporting Life,https://www.sportinglife.com/greyhounds/racecards/2026-09-16/harlow/racecard/516516
2026-09-16,Harlow,19:42,4,Naughty Liv,516516,Sporting Life,https://www.sportinglife.com/greyhounds/racecards/2026-09-16/harlow/racecard/516516
2026-09-16,Harlow,19:42,5,Baran Brady,516516,Sporting Life,https://www.sportinglife.com/greyhounds/racecards/2026-09-16/harlow/racecard/516516
2026-09-16,Harlow,19:42,6,Savana Bueno,516516,Sporting Life,https://www.sportinglife.com/greyhounds/racecards/2026-09-16/harlow/racecard/516516
2026-09-16,Harlow,19:58,1,Old Fort Lakota,516517,Sporting Life,https://www.sportinglife.com/greyhounds/racecards/2026-09-16/harlow/racecard/516517
2026-09-16,Harlow,19:58,2,Doreens Ash,516517,Sporting Life,https://www.sportinglife.com/greyhounds/racecards/2026-09-16/harlow/racecard/516517
2026-09-16,Harlow,19:58,3,Crafty Hopscotch,516517,Sporting Life,https://www.sportinglife.com/greyhounds/racecards/2026-09-16/harlow/racecard/516517
2026-09-16,Harlow,19:58,5,Dapper Cash,516517,Sporting Life,https://www.sportinglife.com/greyhounds/racecards/2026-09-16/harlow/racecard/516517
2026-09-16,Harlow,19:58,6,Baggins Lad,516517,Sporting Life,https://www.sportinglife.com/greyhounds/racecards/2026-09-16/harlow/racecard/516517
2026-09-16,Harlow,20:16,1,Savana Bridget,516518,Sporting Life,https://www.sportinglife.com/greyhounds/racecards/2026-09-16/harlow/racecard/516518
2026-09-16,Harlow,20:16,2,Savana Ohmy Jo,516518,Sporting Life,https://www.sportinglife.com/greyhounds/racecards/2026-09-16/harlow/racecard/516518
2026-09-16,Harlow,20:16,3,Canya Tick,516518,Sporting Life,https://www.sportinglife.com/greyhounds/racecards/2026-09-16/harlow/racecard/516518
2026-09-16,Harlow,20:16,4,Early Pace,516518,Sporting Life,https://www.sportinglife.com/greyhounds/racecards/2026-09-16/harlow/racecard/516518
2026-09-16,Harlow,20:16,6,Alohas Comet,516518,Sporting Life,https://www.sportinglife.com/greyhounds/racecards/2026-09-16/harlow/racecard/516518
2026-09-16,Harlow,20:34,1,Deelish Mack,516519,Sporting Life,https://www.sportinglife.com/greyhounds/racecards/2026-09-16/harlow/racecard/516519
2026-09-16,Harlow,20:34,2,Dapper Dora,516519,Sporting Life,https://www.sportinglife.com/greyhounds/racecards/2026-09-16/harlow/racecard/516519
2026-09-16,Harlow,20:34,3,Spade Work,516519,Sporting Life,https://www.sportinglife.com/greyhounds/racecards/2026-09-16/harlow/racecard/516519
2026-09-16,Harlow,20:34,5,Canya Queue,516519,Sporting Life,https://www.sportinglife.com/greyhounds/racecards/2026-09-16/harlow/racecard/516519
2026-09-16,Harlow,20:34,6,Leathems Bingo,516519,Sporting Life,https://www.sportinglife.com/greyhounds/racecards/2026-09-16/harlow/racecard/516519
2026-09-16,Harlow,20:52,1,Kilgarran Rub,516520,Sporting Life,https://www.sportinglife.com/greyhounds/racecards/2026-09-16/harlow/racecard/516520
2026-09-16,Harlow,20:52,2,Eire Queenie,516520,Sporting Life,https://www.sportinglife.com/greyhounds/racecards/2026-09-16/harlow/racecard/516520
2026-09-16,Harlow,20:52,3,Colrose Queen,516520,Sporting Life,https://www.sportinglife.com/greyhounds/racecards/2026-09-16/harlow/racecard/516520
2026-09-16,Harlow,20:52,4,Knockdrinna Java,516520,Sporting Life,https://www.sportinglife.com/greyhounds/racecards/2026-09-16/harlow/racecard/516520
2026-09-16,Harlow,20:52,5,Perfecto Dupont,516520,Sporting Life,https://www.sportinglife.com/greyhounds/racecards/2026-09-16/harlow/racecard/516520
2026-09-16,Harlow,20:52,6,Maybe Later,516520,Sporting Life,https://www.sportinglife.com/greyhounds/racecards/2026-09-16/harlow/racecard/516520
2026-09-16,Harlow,21:09,1,Savana Max,516521,Sporting Life,https://www.sportinglife.com/greyhounds/racecards/2026-09-16/harlow/racecard/516521
2026-09-16,Harlow,21:09,2,Savana Maggiemay,516521,Sporting Life,https://www.sportinglife.com/greyhounds/racecards/2026-09-16/harlow/racecard/516521
2026-09-16,Harlow,21:09,3,Doreens Poppy,516521,Sporting Life,https://www.sportinglife.com/greyhounds/racecards/2026-09-16/harlow/racecard/516521
2026-09-16,Harlow,21:09,4,Tagalong Ger,516521,Sporting Life,https://www.sportinglife.com/greyhounds/racecards/2026-09-16/harlow/racecard/516521
2026-09-16,Harlow,21:09,5,Hi Tonto,516521,Sporting Life,https://www.sportinglife.com/greyhounds/racecards/2026-09-16/harlow/racecard/516521
2026-09-16,Harlow,21:09,6,Devil In A Dress,516521,Sporting Life,https://www.sportinglife.com/greyhounds/racecards/2026-09-16/harlow/racecard/516521
2026-09-16,Harlow,21:26,1,Sister Peg,516522,Sporting Life,https://www.sportinglife.com/greyhounds/racecards/2026-09-16/harlow/racecard/516522
2026-09-16,Harlow,21:26,2,Howsyerday Dolly,516522,Sporting Life,https://www.sportinglife.com/greyhounds/racecards/2026-09-16/harlow/racecard/516522
2026-09-16,Harlow,21:26,3,Tyford Pet,516522,Sporting Life,https://www.sportinglife.com/greyhounds/racecards/2026-09-16/harlow/racecard/516522
2026-09-16,Harlow,21:26,4,Slipalong Don,516522,Sporting Life,https://www.sportinglife.com/greyhounds/racecards/2026-09-16/harlow/racecard/516522
2026-09-16,Harlow,21:26,5,Mcgregor,516522,Sporting Life,https://www.sportinglife.com/greyhounds/racecards/2026-09-16/harlow/racecard/516522
2026-09-16,Harlow,21:26,6,Bisto Rio,516522,Sporting Life,https://www.sportinglife.com/greyhounds/racecards/2026-09-16/harlow/racecard/516522
2026-09-16,Hove,14:23,1,Clairekeith Dexi,516499,Sporting Life,https://www.sportinglife.com/greyhounds/racecards/2026-09-16/hove/racecard/516499
2026-09-16,Hove,14:23,2,Daring Duchess,516499,Sporting Life,https://www.sportinglife.com/greyhounds/racecards/2026-09-16/hove/racecard/516499
2026-09-16,Hove,14:23,3,Uptown Lass,516499,Sporting Life,https://www.sportinglife.com/greyhounds/racecards/2026-09-16/hove/racecard/516499
2026-09-16,Hove,14:23,4,Swift Vest,516499,Sporting Life,https://www.sportinglife.com/greyhounds/racecards/2026-09-16/hove/racecard/516499
2026-09-16,Hove,14:23,6,Mustang Maverick,516499,Sporting Life,https://www.sportinglife.com/greyhounds/racecards/2026-09-16/hove/racecard/516499
2026-09-16,Hove,14:41,1,Zenith Eze,516500,Sporting Life,https://www.sportinglife.com/greyhounds/racecards/2026-09-16/hove/racecard/516500
2026-09-16,Hove,14:41,2,Ower Cracker,516500,Sporting Life,https://www.sportinglife.com/greyhounds/racecards/2026-09-16/hove/racecard/516500
2026-09-16,Hove,14:41,4,Avarua Herbie,516500,Sporting Life,https://www.sportinglife.com/greyhounds/racecards/2026-09-16/hove/racecard/516500
2026-09-16,Hove,14:41,5,Wastehouse Mix,516500,Sporting Life,https://www.sportinglife.com/greyhounds/racecards/2026-09-16/hove/racecard/516500
2026-09-16,Hove,14:41,6,Seomra Benji,516500,Sporting Life,https://www.sportinglife.com/greyhounds/racecards/2026-09-16/hove/racecard/516500
2026-09-16,Hove,15:01,1,Smashngrabpunk,516501,Sporting Life,https://www.sportinglife.com/greyhounds/racecards/2026-09-16/hove/racecard/516501
2026-09-16,Hove,15:01,2,Chisem Toby,516501,Sporting Life,https://www.sportinglife.com/greyhounds/racecards/2026-09-16/hove/racecard/516501
2026-09-16,Hove,15:01,3,Elite Rose,516501,Sporting Life,https://www.sportinglife.com/greyhounds/racecards/2026-09-16/hove/racecard/516501
2026-09-16,Hove,15:01,4,Courancove Cat,516501,Sporting Life,https://www.sportinglife.com/greyhounds/racecards/2026-09-16/hove/racecard/516501
2026-09-16,Hove,15:01,6,Homework Diary,516501,Sporting Life,https://www.sportinglife.com/greyhounds/racecards/2026-09-16/hove/racecard/516501
2026-09-16,Hove,15:19,1,Bengals Champ,516502,Sporting Life,https://www.sportinglife.com/greyhounds/racecards/2026-09-16/hove/racecard/516502
2026-09-16,Hove,15:19,2,Millbank Buster,516502,Sporting Life,https://www.sportinglife.com/greyhounds/racecards/2026-09-16/hove/racecard/516502
2026-09-16,Hove,15:19,3,Cloheena Boyce,516502,Sporting Life,https://www.sportinglife.com/greyhounds/racecards/2026-09-16/hove/racecard/516502
2026-09-16,Hove,15:19,4,Ambiguous,516502,Sporting Life,https://www.sportinglife.com/greyhounds/racecards/2026-09-16/hove/racecard/516502
2026-09-16,Hove,15:19,5,Mavis Minger,516502,Sporting Life,https://www.sportinglife.com/greyhounds/racecards/2026-09-16/hove/racecard/516502
2026-09-16,Hove,15:19,6,Elite Liberty,516502,Sporting Life,https://www.sportinglife.com/greyhounds/racecards/2026-09-16/hove/racecard/516502
2026-09-16,Hove,15:38,1,Punk Rock Willow,516503,Sporting Life,https://www.sportinglife.com/greyhounds/racecards/2026-09-16/hove/racecard/516503
2026-09-16,Hove,15:38,2,Crohane Pearl,516503,Sporting Life,https://www.sportinglife.com/greyhounds/racecards/2026-09-16/hove/racecard/516503
2026-09-16,Hove,15:38,3,Fwesh Julie Rose,516503,Sporting Life,https://www.sportinglife.com/greyhounds/racecards/2026-09-16/hove/racecard/516503
2026-09-16,Hove,15:38,5,Drive On Annie,516503,Sporting Life,https://www.sportinglife.com/greyhounds/racecards/2026-09-16/hove/racecard/516503
2026-09-16,Hove,15:38,6,Sharp Surprise,516503,Sporting Life,https://www.sportinglife.com/greyhounds/racecards/2026-09-16/hove/racecard/516503
2026-09-16,Hove,15:57,1,Seomra Gobi,516504,Sporting Life,https://www.sportinglife.com/greyhounds/racecards/2026-09-16/hove/racecard/516504
2026-09-16,Hove,15:57,2,Coppice Zaya,516504,Sporting Life,https://www.sportinglife.com/greyhounds/racecards/2026-09-16/hove/racecard/516504
2026-09-16,Hove,15:57,3,Timeless Times,516504,Sporting Life,https://www.sportinglife.com/greyhounds/racecards/2026-09-16/hove/racecard/516504
2026-09-16,Hove,15:57,4,Jackpot Mpressiv,516504,Sporting Life,https://www.sportinglife.com/greyhounds/racecards/2026-09-16/hove/racecard/516504
2026-09-16,Hove,15:57,5,Burrows Sonic,516504,Sporting Life,https://www.sportinglife.com/greyhounds/racecards/2026-09-16/hove/racecard/516504
2026-09-16,Hove,16:16,1,Gigis Parachute,516505,Sporting Life,https://www.sportinglife.com/greyhounds/racecards/2026-09-16/hove/racecard/516505
2026-09-16,Hove,16:16,2,Aeschylus,516505,Sporting Life,https://www.sportinglife.com/greyhounds/racecards/2026-09-16/hove/racecard/516505
2026-09-16,Hove,16:16,3,Showjumper,516505,Sporting Life,https://www.sportinglife.com/greyhounds/racecards/2026-09-16/hove/racecard/516505
2026-09-16,Hove,16:16,4,Mad Mouse,516505,Sporting Life,https://www.sportinglife.com/greyhounds/racecards/2026-09-16/hove/racecard/516505
2026-09-16,Hove,16:16,5,We Try Again,516505,Sporting Life,https://www.sportinglife.com/greyhounds/racecards/2026-09-16/hove/racecard/516505
2026-09-16,Hove,16:34,1,Dereks Pamela,516506,Sporting Life,https://www.sportinglife.com/greyhounds/racecards/2026-09-16/hove/racecard/516506
2026-09-16,Hove,16:34,2,Courty Ivy,516506,Sporting Life,https://www.sportinglife.com/greyhounds/racecards/2026-09-16/hove/racecard/516506
2026-09-16,Hove,16:34,3,Small Boss,516506,Sporting Life,https://www.sportinglife.com/greyhounds/racecards/2026-09-16/hove/racecard/516506
2026-09-16,Hove,16:34,4,Kamikaze Star,516506,Sporting Life,https://www.sportinglife.com/greyhounds/racecards/2026-09-16/hove/racecard/516506
2026-09-16,Hove,16:34,6,Kates Honey,516506,Sporting Life,https://www.sportinglife.com/greyhounds/racecards/2026-09-16/hove/racecard/516506
2026-09-16,Hove,16:53,1,Jacktavern Mojo,516507,Sporting Life,https://www.sportinglife.com/greyhounds/racecards/2026-09-16/hove/racecard/516507
2026-09-16,Hove,16:53,2,Harlequin Libby,516507,Sporting Life,https://www.sportinglife.com/greyhounds/racecards/2026-09-16/hove/racecard/516507
2026-09-16,Hove,16:53,3,Moody Rudy,516507,Sporting Life,https://www.sportinglife.com/greyhounds/racecards/2026-09-16/hove/racecard/516507
2026-09-16,Hove,16:53,4,Unlock The Ace,516507,Sporting Life,https://www.sportinglife.com/greyhounds/racecards/2026-09-16/hove/racecard/516507
2026-09-16,Hove,16:53,6,Montalto Ranger,516507,Sporting Life,https://www.sportinglife.com/greyhounds/racecards/2026-09-16/hove/racecard/516507
2026-09-16,Hove,17:12,1,Shinobi Gail,516508,Sporting Life,https://www.sportinglife.com/greyhounds/racecards/2026-09-16/hove/racecard/516508
2026-09-16,Hove,17:12,2,Ballymac Humilis,516508,Sporting Life,https://www.sportinglife.com/greyhounds/racecards/2026-09-16/hove/racecard/516508
2026-09-16,Hove,17:12,3,Low Or High,516508,Sporting Life,https://www.sportinglife.com/greyhounds/racecards/2026-09-16/hove/racecard/516508
2026-09-16,Hove,17:12,4,Cloheena Rodney,516508,Sporting Life,https://www.sportinglife.com/greyhounds/racecards/2026-09-16/hove/racecard/516508
2026-09-16,Hove,17:12,6,Yassoo Mell,516508,Sporting Life,https://www.sportinglife.com/greyhounds/racecards/2026-09-16/hove/racecard/516508
2026-09-16,Hove,17:31,1,Avarua Sarah,516509,Sporting Life,https://www.sportinglife.com/greyhounds/racecards/2026-09-16/hove/racecard/516509
2026-09-16,Hove,17:31,2,Yougo Jazz,516509,Sporting Life,https://www.sportinglife.com/greyhounds/racecards/2026-09-16/hove/racecard/516509
2026-09-16,Hove,17:31,3,Coolavanny Sissy,516509,Sporting Life,https://www.sportinglife.com/greyhounds/racecards/2026-09-16/hove/racecard/516509
2026-09-16,Hove,17:31,4,Riverside Ada,516509,Sporting Life,https://www.sportinglife.com/greyhounds/racecards/2026-09-16/hove/racecard/516509
2026-09-16,Hove,17:31,5,Annadown Jacob,516509,Sporting Life,https://www.sportinglife.com/greyhounds/racecards/2026-09-16/hove/racecard/516509
2026-09-16,Hove,17:49,1,Double The Odds,516510,Sporting Life,https://www.sportinglife.com/greyhounds/racecards/2026-09-16/hove/racecard/516510
2026-09-16,Hove,17:49,2,Radical Kylian,516510,Sporting Life,https://www.sportinglife.com/greyhounds/racecards/2026-09-16/hove/racecard/516510
2026-09-16,Hove,17:49,3,Conscientious,516510,Sporting Life,https://www.sportinglife.com/greyhounds/racecards/2026-09-16/hove/racecard/516510
2026-09-16,Hove,17:49,4,Digbys Maverick,516510,Sporting Life,https://www.sportinglife.com/greyhounds/racecards/2026-09-16/hove/racecard/516510
2026-09-16,Hove,17:49,6,Kates Bart,516510,Sporting Life,https://www.sportinglife.com/greyhounds/racecards/2026-09-16/hove/racecard/516510
2026-09-16,Kinsley,11:14,1,Golan Zoe,516535,Sporting Life,https://www.sportinglife.com/greyhounds/racecards/2026-09-16/kinsley/racecard/516535
2026-09-16,Kinsley,11:14,2,Caddells Pride,516535,Sporting Life,https://www.sportinglife.com/greyhounds/racecards/2026-09-16/kinsley/racecard/516535
2026-09-16,Kinsley,11:14,3,Sporting Chicpea,516535,Sporting Life,https://www.sportinglife.com/greyhounds/racecards/2026-09-16/kinsley/racecard/516535
2026-09-16,Kinsley,11:14,4,Deecee Ava,516535,Sporting Life,https://www.sportinglife.com/greyhounds/racecards/2026-09-16/kinsley/racecard/516535
2026-09-16,Kinsley,11:14,5,Bells Meadow,516535,Sporting Life,https://www.sportinglife.com/greyhounds/racecards/2026-09-16/kinsley/racecard/516535
2026-09-16,Kinsley,11:14,6,Shrewd Amiee,516535,Sporting Life,https://www.sportinglife.com/greyhounds/racecards/2026-09-16/kinsley/racecard/516535
2026-09-16,Kinsley,11:30,1,Urgent Call,516536,Sporting Life,https://www.sportinglife.com/greyhounds/racecards/2026-09-16/kinsley/racecard/516536
2026-09-16,Kinsley,11:30,2,Highview Arrow,516536,Sporting Life,https://www.sportinglife.com/greyhounds/racecards/2026-09-16/kinsley/racecard/516536
2026-09-16,Kinsley,11:30,3,Got The Ballymac,516536,Sporting Life,https://www.sportinglife.com/greyhounds/racecards/2026-09-16/kinsley/racecard/516536
2026-09-16,Kinsley,11:30,4,Move Over Manly,516536,Sporting Life,https://www.sportinglife.com/greyhounds/racecards/2026-09-16/kinsley/racecard/516536
2026-09-16,Kinsley,11:30,6,Swift Kat,516536,Sporting Life,https://www.sportinglife.com/greyhounds/racecards/2026-09-16/kinsley/racecard/516536
2026-09-16,Kinsley,11:46,1,Not Wired Up,516537,Sporting Life,https://www.sportinglife.com/greyhounds/racecards/2026-09-16/kinsley/racecard/516537
2026-09-16,Kinsley,11:46,2,Queen Nina,516537,Sporting Life,https://www.sportinglife.com/greyhounds/racecards/2026-09-16/kinsley/racecard/516537
2026-09-16,Kinsley,11:46,3,Monroe Marley,516537,Sporting Life,https://www.sportinglife.com/greyhounds/racecards/2026-09-16/kinsley/racecard/516537
2026-09-16,Kinsley,11:46,4,Hazelgrove Dawn,516537,Sporting Life,https://www.sportinglife.com/greyhounds/racecards/2026-09-16/kinsley/racecard/516537
2026-09-16,Kinsley,11:46,5,Roanna Nena,516537,Sporting Life,https://www.sportinglife.com/greyhounds/racecards/2026-09-16/kinsley/racecard/516537
2026-09-16,Kinsley,11:46,6,Me Birthday,516537,Sporting Life,https://www.sportinglife.com/greyhounds/racecards/2026-09-16/kinsley/racecard/516537
2026-09-16,Kinsley,12:03,1,Tommys Clodagh,516538,Sporting Life,https://www.sportinglife.com/greyhounds/racecards/2026-09-16/kinsley/racecard/516538
2026-09-16,Kinsley,12:03,2,Mohican Yoshi,516538,Sporting Life,https://www.sportinglife.com/greyhounds/racecards/2026-09-16/kinsley/racecard/516538
2026-09-16,Kinsley,12:03,3,Listen Nelly,516538,Sporting Life,https://www.sportinglife.com/greyhounds/racecards/2026-09-16/kinsley/racecard/516538
2026-09-16,Kinsley,12:03,4,Blackbell Mini,516538,Sporting Life,https://www.sportinglife.com/greyhounds/racecards/2026-09-16/kinsley/racecard/516538
2026-09-16,Kinsley,12:03,5,Scotrath Kiki,516538,Sporting Life,https://www.sportinglife.com/greyhounds/racecards/2026-09-16/kinsley/racecard/516538
2026-09-16,Kinsley,12:03,6,Swift Vienna,516538,Sporting Life,https://www.sportinglife.com/greyhounds/racecards/2026-09-16/kinsley/racecard/516538
2026-09-16,Kinsley,12:20,1,Eimhears Girl,516539,Sporting Life,https://www.sportinglife.com/greyhounds/racecards/2026-09-16/kinsley/racecard/516539
2026-09-16,Kinsley,12:20,2,Glenshee,516539,Sporting Life,https://www.sportinglife.com/greyhounds/racecards/2026-09-16/kinsley/racecard/516539
2026-09-16,Kinsley,12:20,3,Forgotten Girl,516539,Sporting Life,https://www.sportinglife.com/greyhounds/racecards/2026-09-16/kinsley/racecard/516539
2026-09-16,Kinsley,12:20,4,Mid Tipp Scar,516539,Sporting Life,https://www.sportinglife.com/greyhounds/racecards/2026-09-16/kinsley/racecard/516539
2026-09-16,Kinsley,12:20,5,Clay Twister,516539,Sporting Life,https://www.sportinglife.com/greyhounds/racecards/2026-09-16/kinsley/racecard/516539
2026-09-16,Kinsley,12:20,6,Twoshookmen,516539,Sporting Life,https://www.sportinglife.com/greyhounds/racecards/2026-09-16/kinsley/racecard/516539
2026-09-16,Kinsley,12:37,1,Swift Remi,516540,Sporting Life,https://www.sportinglife.com/greyhounds/racecards/2026-09-16/kinsley/racecard/516540
2026-09-16,Kinsley,12:37,2,Private Bucks,516540,Sporting Life,https://www.sportinglife.com/greyhounds/racecards/2026-09-16/kinsley/racecard/516540
2026-09-16,Kinsley,12:37,3,Darver Pigeon,516540,Sporting Life,https://www.sportinglife.com/greyhounds/racecards/2026-09-16/kinsley/racecard/516540
2026-09-16,Kinsley,12:37,4,Hazelgrove Raven,516540,Sporting Life,https://www.sportinglife.com/greyhounds/racecards/2026-09-16/kinsley/racecard/516540
2026-09-16,Kinsley,12:37,5,Deecee Phoenix,516540,Sporting Life,https://www.sportinglife.com/greyhounds/racecards/2026-09-16/kinsley/racecard/516540
2026-09-16,Kinsley,12:37,6,Julies Treat,516540,Sporting Life,https://www.sportinglife.com/greyhounds/racecards/2026-09-16/kinsley/racecard/516540
2026-09-16,Kinsley,12:53,1,Coastal Fever,516541,Sporting Life,https://www.sportinglife.com/greyhounds/racecards/2026-09-16/kinsley/racecard/516541
2026-09-16,Kinsley,12:53,2,Crystal Twodots,516541,Sporting Life,https://www.sportinglife.com/greyhounds/racecards/2026-09-16/kinsley/racecard/516541
2026-09-16,Kinsley,12:53,3,Tomahurra Winter,516541,Sporting Life,https://www.sportinglife.com/greyhounds/racecards/2026-09-16/kinsley/racecard/516541
2026-09-16,Kinsley,12:53,5,Laylas Friend,516541,Sporting Life,https://www.sportinglife.com/greyhounds/racecards/2026-09-16/kinsley/racecard/516541
2026-09-16,Kinsley,12:53,6,Ferndale Gin,516541,Sporting Life,https://www.sportinglife.com/greyhounds/racecards/2026-09-16/kinsley/racecard/516541
2026-09-16,Kinsley,13:11,1,Dairyland Jose,516542,Sporting Life,https://www.sportinglife.com/greyhounds/racecards/2026-09-16/kinsley/racecard/516542
2026-09-16,Kinsley,13:11,2,Slanestown Cindy,516542,Sporting Life,https://www.sportinglife.com/greyhounds/racecards/2026-09-16/kinsley/racecard/516542
2026-09-16,Kinsley,13:11,4,Lantern Bright,516542,Sporting Life,https://www.sportinglife.com/greyhounds/racecards/2026-09-16/kinsley/racecard/516542
2026-09-16,Kinsley,13:11,5,Revilo Eagle,516542,Sporting Life,https://www.sportinglife.com/greyhounds/racecards/2026-09-16/kinsley/racecard/516542
2026-09-16,Kinsley,13:11,6,Grange Bell,516542,Sporting Life,https://www.sportinglife.com/greyhounds/racecards/2026-09-16/kinsley/racecard/516542
2026-09-16,Kinsley,13:26,1,Metric Mari,516543,Sporting Life,https://www.sportinglife.com/greyhounds/racecards/2026-09-16/kinsley/racecard/516543
2026-09-16,Kinsley,13:26,2,Real Queen,516543,Sporting Life,https://www.sportinglife.com/greyhounds/racecards/2026-09-16/kinsley/racecard/516543
2026-09-16,Kinsley,13:26,3,Crystal Willow,516543,Sporting Life,https://www.sportinglife.com/greyhounds/racecards/2026-09-16/kinsley/racecard/516543
2026-09-16,Kinsley,13:26,4,Crossfield Nora,516543,Sporting Life,https://www.sportinglife.com/greyhounds/racecards/2026-09-16/kinsley/racecard/516543
2026-09-16,Kinsley,13:26,5,Queen Ariana,516543,Sporting Life,https://www.sportinglife.com/greyhounds/racecards/2026-09-16/kinsley/racecard/516543
2026-09-16,Kinsley,13:26,6,De Girl Annie,516543,Sporting Life,https://www.sportinglife.com/greyhounds/racecards/2026-09-16/kinsley/racecard/516543
2026-09-16,Kinsley,13:41,1,Popular Bruno,516544,Sporting Life,https://www.sportinglife.com/greyhounds/racecards/2026-09-16/kinsley/racecard/516544
2026-09-16,Kinsley,13:41,2,Dromana Milo,516544,Sporting Life,https://www.sportinglife.com/greyhounds/racecards/2026-09-16/kinsley/racecard/516544
2026-09-16,Kinsley,13:41,3,Beckys Cashout,516544,Sporting Life,https://www.sportinglife.com/greyhounds/racecards/2026-09-16/kinsley/racecard/516544
2026-09-16,Kinsley,13:41,5,Gazes Boby,516544,Sporting Life,https://www.sportinglife.com/greyhounds/racecards/2026-09-16/kinsley/racecard/516544
2026-09-16,Kinsley,13:41,6,Kilgarran Rickey,516544,Sporting Life,https://www.sportinglife.com/greyhounds/racecards/2026-09-16/kinsley/racecard/516544
2026-09-16,Kinsley,13:58,1,Chosen Lady,516545,Sporting Life,https://www.sportinglife.com/greyhounds/racecards/2026-09-16/kinsley/racecard/516545
2026-09-16,Kinsley,13:58,2,Crystal Ranger,516545,Sporting Life,https://www.sportinglife.com/greyhounds/racecards/2026-09-16/kinsley/racecard/516545
2026-09-16,Kinsley,13:58,3,Unknown Daisy,516545,Sporting Life,https://www.sportinglife.com/greyhounds/racecards/2026-09-16/kinsley/racecard/516545
2026-09-16,Kinsley,13:58,4,Zaconey Venus,516545,Sporting Life,https://www.sportinglife.com/greyhounds/racecards/2026-09-16/kinsley/racecard/516545
2026-09-16,Kinsley,13:58,5,Jennyontheblock,516545,Sporting Life,https://www.sportinglife.com/greyhounds/racecards/2026-09-16/kinsley/racecard/516545
2026-09-16,Kinsley,14:14,1,Call Me Swift,516546,Sporting Life,https://www.sportinglife.com/greyhounds/racecards/2026-09-16/kinsley/racecard/516546
2026-09-16,Kinsley,14:14,2,Elite Lizzie,516546,Sporting Life,https://www.sportinglife.com/greyhounds/racecards/2026-09-16/kinsley/racecard/516546
2026-09-16,Kinsley,14:14,3,Golan Hazel,516546,Sporting Life,https://www.sportinglife.com/greyhounds/racecards/2026-09-16/kinsley/racecard/516546
2026-09-16,Kinsley,14:14,4,Norden Girl,516546,Sporting Life,https://www.sportinglife.com/greyhounds/racecards/2026-09-16/kinsley/racecard/516546
2026-09-16,Kinsley,14:14,5,Individual Man,516546,Sporting Life,https://www.sportinglife.com/greyhounds/racecards/2026-09-16/kinsley/racecard/516546
2026-09-16,Monmore,11:03,1,Newinn Sally,516451,Sporting Life,https://www.sportinglife.com/greyhounds/racecards/2026-09-16/monmore/racecard/516451
2026-09-16,Monmore,11:03,2,Noduff Venetian,516451,Sporting Life,https://www.sportinglife.com/greyhounds/racecards/2026-09-16/monmore/racecard/516451
2026-09-16,Monmore,11:03,3,Tromora Boomer,516451,Sporting Life,https://www.sportinglife.com/greyhounds/racecards/2026-09-16/monmore/racecard/516451
2026-09-16,Monmore,11:03,4,Kilwest Barney,516451,Sporting Life,https://www.sportinglife.com/greyhounds/racecards/2026-09-16/monmore/racecard/516451
2026-09-16,Monmore,11:03,5,Eagles Gift,516451,Sporting Life,https://www.sportinglife.com/greyhounds/racecards/2026-09-16/monmore/racecard/516451
2026-09-16,Monmore,11:03,6,Small Hours,516451,Sporting Life,https://www.sportinglife.com/greyhounds/racecards/2026-09-16/monmore/racecard/516451
2026-09-16,Monmore,11:19,1,Dhustone Nita,516452,Sporting Life,https://www.sportinglife.com/greyhounds/racecards/2026-09-16/monmore/racecard/516452
2026-09-16,Monmore,11:19,2,Rambling Home,516452,Sporting Life,https://www.sportinglife.com/greyhounds/racecards/2026-09-16/monmore/racecard/516452
2026-09-16,Monmore,11:19,3,Whisky N Coke,516452,Sporting Life,https://www.sportinglife.com/greyhounds/racecards/2026-09-16/monmore/racecard/516452
2026-09-16,Monmore,11:19,4,Cazzers Ade,516452,Sporting Life,https://www.sportinglife.com/greyhounds/racecards/2026-09-16/monmore/racecard/516452
2026-09-16,Monmore,11:19,5,Alone All Alone,516452,Sporting Life,https://www.sportinglife.com/greyhounds/racecards/2026-09-16/monmore/racecard/516452
2026-09-16,Monmore,11:19,6,Longacres Noah,516452,Sporting Life,https://www.sportinglife.com/greyhounds/racecards/2026-09-16/monmore/racecard/516452
2026-09-16,Monmore,11:36,1,Whisky Time,516453,Sporting Life,https://www.sportinglife.com/greyhounds/racecards/2026-09-16/monmore/racecard/516453
2026-09-16,Monmore,11:36,2,Zenith Fotospor,516453,Sporting Life,https://www.sportinglife.com/greyhounds/racecards/2026-09-16/monmore/racecard/516453
2026-09-16,Monmore,11:36,3,Swift Jam,516453,Sporting Life,https://www.sportinglife.com/greyhounds/racecards/2026-09-16/monmore/racecard/516453
2026-09-16,Monmore,11:36,4,Phoenix Diva,516453,Sporting Life,https://www.sportinglife.com/greyhounds/racecards/2026-09-16/monmore/racecard/516453
2026-09-16,Monmore,11:36,5,Remarkable Scamp,516453,Sporting Life,https://www.sportinglife.com/greyhounds/racecards/2026-09-16/monmore/racecard/516453
2026-09-16,Monmore,11:36,6,Killimor Canya,516453,Sporting Life,https://www.sportinglife.com/greyhounds/racecards/2026-09-16/monmore/racecard/516453
2026-09-16,Monmore,11:52,1,Record Legacy,516454,Sporting Life,https://www.sportinglife.com/greyhounds/racecards/2026-09-16/monmore/racecard/516454
2026-09-16,Monmore,11:52,2,Dromano Echo,516454,Sporting Life,https://www.sportinglife.com/greyhounds/racecards/2026-09-16/monmore/racecard/516454
2026-09-16,Monmore,11:52,3,Millview Mags,516454,Sporting Life,https://www.sportinglife.com/greyhounds/racecards/2026-09-16/monmore/racecard/516454
2026-09-16,Monmore,11:52,4,Crafty Techno,516454,Sporting Life,https://www.sportinglife.com/greyhounds/racecards/2026-09-16/monmore/racecard/516454
2026-09-16,Monmore,11:52,5,Aero Superstar,516454,Sporting Life,https://www.sportinglife.com/greyhounds/racecards/2026-09-16/monmore/racecard/516454
2026-09-16,Monmore,11:52,6,Boxing Friends,516454,Sporting Life,https://www.sportinglife.com/greyhounds/racecards/2026-09-16/monmore/racecard/516454
2026-09-16,Monmore,12:09,1,Whisky Jet,516455,Sporting Life,https://www.sportinglife.com/greyhounds/racecards/2026-09-16/monmore/racecard/516455
2026-09-16,Monmore,12:09,2,Whelan,516455,Sporting Life,https://www.sportinglife.com/greyhounds/racecards/2026-09-16/monmore/racecard/516455
2026-09-16,Monmore,12:09,4,Aero Walsh,516455,Sporting Life,https://www.sportinglife.com/greyhounds/racecards/2026-09-16/monmore/racecard/516455
2026-09-16,Monmore,12:09,5,Bridge Of Dreams,516455,Sporting Life,https://www.sportinglife.com/greyhounds/racecards/2026-09-16/monmore/racecard/516455
2026-09-16,Monmore,12:09,6,Oblivion,516455,Sporting Life,https://www.sportinglife.com/greyhounds/racecards/2026-09-16/monmore/racecard/516455
2026-09-16,Monmore,12:26,1,Longrange Comet,516456,Sporting Life,https://www.sportinglife.com/greyhounds/racecards/2026-09-16/monmore/racecard/516456
2026-09-16,Monmore,12:26,2,Sugar Sherbut,516456,Sporting Life,https://www.sportinglife.com/greyhounds/racecards/2026-09-16/monmore/racecard/516456
2026-09-16,Monmore,12:26,3,Magical Be Lucky,516456,Sporting Life,https://www.sportinglife.com/greyhounds/racecards/2026-09-16/monmore/racecard/516456
2026-09-16,Monmore,12:26,4,Bang On Bonnie,516456,Sporting Life,https://www.sportinglife.com/greyhounds/racecards/2026-09-16/monmore/racecard/516456
2026-09-16,Monmore,12:26,5,Kinaffe Star,516456,Sporting Life,https://www.sportinglife.com/greyhounds/racecards/2026-09-16/monmore/racecard/516456
2026-09-16,Monmore,12:26,6,Bealtaine,516456,Sporting Life,https://www.sportinglife.com/greyhounds/racecards/2026-09-16/monmore/racecard/516456
2026-09-16,Monmore,12:42,1,Aero Imagine,516457,Sporting Life,https://www.sportinglife.com/greyhounds/racecards/2026-09-16/monmore/racecard/516457
2026-09-16,Monmore,12:42,2,Darley Digger,516457,Sporting Life,https://www.sportinglife.com/greyhounds/racecards/2026-09-16/monmore/racecard/516457
2026-09-16,Monmore,12:42,3,Remorseful Day,516457,Sporting Life,https://www.sportinglife.com/greyhounds/racecards/2026-09-16/monmore/racecard/516457
2026-09-16,Monmore,12:42,4,Blarney Castle,516457,Sporting Life,https://www.sportinglife.com/greyhounds/racecards/2026-09-16/monmore/racecard/516457
2026-09-16,Monmore,12:42,5,Speedy Dog,516457,Sporting Life,https://www.sportinglife.com/greyhounds/racecards/2026-09-16/monmore/racecard/516457
2026-09-16,Monmore,12:42,6,Kurious George,516457,Sporting Life,https://www.sportinglife.com/greyhounds/racecards/2026-09-16/monmore/racecard/516457
2026-09-16,Monmore,12:59,1,Droopys Highfive,516458,Sporting Life,https://www.sportinglife.com/greyhounds/racecards/2026-09-16/monmore/racecard/516458
2026-09-16,Monmore,12:59,2,Relentless I Am,516458,Sporting Life,https://www.sportinglife.com/greyhounds/racecards/2026-09-16/monmore/racecard/516458
2026-09-16,Monmore,12:59,3,Get In Line,516458,Sporting Life,https://www.sportinglife.com/greyhounds/racecards/2026-09-16/monmore/racecard/516458
2026-09-16,Monmore,12:59,4,Sheerans Boy,516458,Sporting Life,https://www.sportinglife.com/greyhounds/racecards/2026-09-16/monmore/racecard/516458
2026-09-16,Monmore,12:59,5,Swoop Swoop,516458,Sporting Life,https://www.sportinglife.com/greyhounds/racecards/2026-09-16/monmore/racecard/516458
2026-09-16,Monmore,12:59,6,Longacres Bertie,516458,Sporting Life,https://www.sportinglife.com/greyhounds/racecards/2026-09-16/monmore/racecard/516458
2026-09-16,Monmore,13:16,1,Ballyhealy Star,516459,Sporting Life,https://www.sportinglife.com/greyhounds/racecards/2026-09-16/monmore/racecard/516459
2026-09-16,Monmore,13:16,2,Crossfield Jess,516459,Sporting Life,https://www.sportinglife.com/greyhounds/racecards/2026-09-16/monmore/racecard/516459
2026-09-16,Monmore,13:16,4,Like Lightning,516459,Sporting Life,https://www.sportinglife.com/greyhounds/racecards/2026-09-16/monmore/racecard/516459
2026-09-16,Monmore,13:16,5,Whiterock Ace,516459,Sporting Life,https://www.sportinglife.com/greyhounds/racecards/2026-09-16/monmore/racecard/516459
2026-09-16,Monmore,13:16,6,Magical Sparkle,516459,Sporting Life,https://www.sportinglife.com/greyhounds/racecards/2026-09-16/monmore/racecard/516459
2026-09-16,Monmore,13:31,1,Sporting Inca,516460,Sporting Life,https://www.sportinglife.com/greyhounds/racecards/2026-09-16/monmore/racecard/516460
2026-09-16,Monmore,13:31,2,Sugar Girl Katie,516460,Sporting Life,https://www.sportinglife.com/greyhounds/racecards/2026-09-16/monmore/racecard/516460
2026-09-16,Monmore,13:31,3,Sugar Rose,516460,Sporting Life,https://www.sportinglife.com/greyhounds/racecards/2026-09-16/monmore/racecard/516460
2026-09-16,Monmore,13:31,5,Aero Dignity,516460,Sporting Life,https://www.sportinglife.com/greyhounds/racecards/2026-09-16/monmore/racecard/516460
2026-09-16,Monmore,13:31,6,Swift Eaglestone,516460,Sporting Life,https://www.sportinglife.com/greyhounds/racecards/2026-09-16/monmore/racecard/516460
2026-09-16,Monmore,13:46,1,Hi Cara,516461,Sporting Life,https://www.sportinglife.com/greyhounds/racecards/2026-09-16/monmore/racecard/516461
2026-09-16,Monmore,13:46,2,Glasheen Eagle,516461,Sporting Life,https://www.sportinglife.com/greyhounds/racecards/2026-09-16/monmore/racecard/516461
2026-09-16,Monmore,13:46,3,Noduff Alpha,516461,Sporting Life,https://www.sportinglife.com/greyhounds/racecards/2026-09-16/monmore/racecard/516461
2026-09-16,Monmore,13:46,4,Cherry Bee,516461,Sporting Life,https://www.sportinglife.com/greyhounds/racecards/2026-09-16/monmore/racecard/516461
2026-09-16,Monmore,13:46,6,Longacres Daddy,516461,Sporting Life,https://www.sportinglife.com/greyhounds/racecards/2026-09-16/monmore/racecard/516461
2026-09-16,Monmore,14:04,1,Zenith Dazzler,516462,Sporting Life,https://www.sportinglife.com/greyhounds/racecards/2026-09-16/monmore/racecard/516462
2026-09-16,Monmore,14:04,2,Union Finale,516462,Sporting Life,https://www.sportinglife.com/greyhounds/racecards/2026-09-16/monmore/racecard/516462
2026-09-16,Monmore,14:04,3,Annie Up,516462,Sporting Life,https://www.sportinglife.com/greyhounds/racecards/2026-09-16/monmore/racecard/516462
2026-09-16,Monmore,14:04,4,Hello Katie,516462,Sporting Life,https://www.sportinglife.com/greyhounds/racecards/2026-09-16/monmore/racecard/516462
2026-09-16,Monmore,14:04,6,Droopys Melon,516462,Sporting Life,https://www.sportinglife.com/greyhounds/racecards/2026-09-16/monmore/racecard/516462
2026-09-16,Newcastle,14:29,1,Swift Rabbit,516547,Sporting Life,https://www.sportinglife.com/greyhounds/racecards/2026-09-16/newcastle/racecard/516547
2026-09-16,Newcastle,14:29,2,Some Might Say,516547,Sporting Life,https://www.sportinglife.com/greyhounds/racecards/2026-09-16/newcastle/racecard/516547
2026-09-16,Newcastle,14:29,3,Daunting Task,516547,Sporting Life,https://www.sportinglife.com/greyhounds/racecards/2026-09-16/newcastle/racecard/516547
2026-09-16,Newcastle,14:29,4,Whitehills Dawn,516547,Sporting Life,https://www.sportinglife.com/greyhounds/racecards/2026-09-16/newcastle/racecard/516547
2026-09-16,Newcastle,14:29,5,Alright Alright,516547,Sporting Life,https://www.sportinglife.com/greyhounds/racecards/2026-09-16/newcastle/racecard/516547
2026-09-16,Newcastle,14:29,6,Droopys Lakota,516547,Sporting Life,https://www.sportinglife.com/greyhounds/racecards/2026-09-16/newcastle/racecard/516547
2026-09-16,Newcastle,14:48,1,Killeacle Amy,516548,Sporting Life,https://www.sportinglife.com/greyhounds/racecards/2026-09-16/newcastle/racecard/516548
2026-09-16,Newcastle,14:48,2,Alnwick Brooke,516548,Sporting Life,https://www.sportinglife.com/greyhounds/racecards/2026-09-16/newcastle/racecard/516548
2026-09-16,Newcastle,14:48,3,Whitehills Birdy,516548,Sporting Life,https://www.sportinglife.com/greyhounds/racecards/2026-09-16/newcastle/racecard/516548
2026-09-16,Newcastle,14:48,4,Alnwick Nuke,516548,Sporting Life,https://www.sportinglife.com/greyhounds/racecards/2026-09-16/newcastle/racecard/516548
2026-09-16,Newcastle,14:48,5,Fruity Sprite,516548,Sporting Life,https://www.sportinglife.com/greyhounds/racecards/2026-09-16/newcastle/racecard/516548
2026-09-16,Newcastle,14:48,6,Moyvane Emotions,516548,Sporting Life,https://www.sportinglife.com/greyhounds/racecards/2026-09-16/newcastle/racecard/516548
2026-09-16,Newcastle,15:07,1,Ashwood Chanel,516549,Sporting Life,https://www.sportinglife.com/greyhounds/racecards/2026-09-16/newcastle/racecard/516549
2026-09-16,Newcastle,15:07,2,Sivako,516549,Sporting Life,https://www.sportinglife.com/greyhounds/racecards/2026-09-16/newcastle/racecard/516549
2026-09-16,Newcastle,15:07,3,Blackhousereggie,516549,Sporting Life,https://www.sportinglife.com/greyhounds/racecards/2026-09-16/newcastle/racecard/516549
2026-09-16,Newcastle,15:07,4,Howay Matteo,516549,Sporting Life,https://www.sportinglife.com/greyhounds/racecards/2026-09-16/newcastle/racecard/516549
2026-09-16,Newcastle,15:07,5,False Step,516549,Sporting Life,https://www.sportinglife.com/greyhounds/racecards/2026-09-16/newcastle/racecard/516549
2026-09-16,Newcastle,15:07,6,Swift Leon,516549,Sporting Life,https://www.sportinglife.com/greyhounds/racecards/2026-09-16/newcastle/racecard/516549
2026-09-16,Newcastle,15:26,1,Blackhouse Love,516550,Sporting Life,https://www.sportinglife.com/greyhounds/racecards/2026-09-16/newcastle/racecard/516550
2026-09-16,Newcastle,15:26,2,Churro,516550,Sporting Life,https://www.sportinglife.com/greyhounds/racecards/2026-09-16/newcastle/racecard/516550
2026-09-16,Newcastle,15:26,3,Santas Hurricane,516550,Sporting Life,https://www.sportinglife.com/greyhounds/racecards/2026-09-16/newcastle/racecard/516550
2026-09-16,Newcastle,15:26,4,Fabulous Myoki,516550,Sporting Life,https://www.sportinglife.com/greyhounds/racecards/2026-09-16/newcastle/racecard/516550
2026-09-16,Newcastle,15:26,5,Crooks Nottofar,516550,Sporting Life,https://www.sportinglife.com/greyhounds/racecards/2026-09-16/newcastle/racecard/516550
2026-09-16,Newcastle,15:44,1,Alnwick Alisha,516551,Sporting Life,https://www.sportinglife.com/greyhounds/racecards/2026-09-16/newcastle/racecard/516551
2026-09-16,Newcastle,15:44,2,Hasty Session,516551,Sporting Life,https://www.sportinglife.com/greyhounds/racecards/2026-09-16/newcastle/racecard/516551
2026-09-16,Newcastle,15:44,3,Howay Angel,516551,Sporting Life,https://www.sportinglife.com/greyhounds/racecards/2026-09-16/newcastle/racecard/516551
2026-09-16,Newcastle,15:44,4,Ridgedale Rob,516551,Sporting Life,https://www.sportinglife.com/greyhounds/racecards/2026-09-16/newcastle/racecard/516551
2026-09-16,Newcastle,15:44,5,Anglesey Savana,516551,Sporting Life,https://www.sportinglife.com/greyhounds/racecards/2026-09-16/newcastle/racecard/516551
2026-09-16,Newcastle,15:44,6,Slippy Poppy,516551,Sporting Life,https://www.sportinglife.com/greyhounds/racecards/2026-09-16/newcastle/racecard/516551
2026-09-16,Newcastle,16:03,1,Crooks Rocky,516552,Sporting Life,https://www.sportinglife.com/greyhounds/racecards/2026-09-16/newcastle/racecard/516552
2026-09-16,Newcastle,16:03,2,El Mirador,516552,Sporting Life,https://www.sportinglife.com/greyhounds/racecards/2026-09-16/newcastle/racecard/516552
2026-09-16,Newcastle,16:03,3,Working Boots,516552,Sporting Life,https://www.sportinglife.com/greyhounds/racecards/2026-09-16/newcastle/racecard/516552
2026-09-16,Newcastle,16:03,4,Coopers Richie,516552,Sporting Life,https://www.sportinglife.com/greyhounds/racecards/2026-09-16/newcastle/racecard/516552
2026-09-16,Newcastle,16:03,5,Megans Angel,516552,Sporting Life,https://www.sportinglife.com/greyhounds/racecards/2026-09-16/newcastle/racecard/516552
2026-09-16,Newcastle,16:03,6,Fabulous Leona,516552,Sporting Life,https://www.sportinglife.com/greyhounds/racecards/2026-09-16/newcastle/racecard/516552
2026-09-16,Newcastle,16:22,1,Puckane Light,516553,Sporting Life,https://www.sportinglife.com/greyhounds/racecards/2026-09-16/newcastle/racecard/516553
2026-09-16,Newcastle,16:22,2,Blackhouse Bolt,516553,Sporting Life,https://www.sportinglife.com/greyhounds/racecards/2026-09-16/newcastle/racecard/516553
2026-09-16,Newcastle,16:22,3,A Bit Ofa Bump,516553,Sporting Life,https://www.sportinglife.com/greyhounds/racecards/2026-09-16/newcastle/racecard/516553
2026-09-16,Newcastle,16:22,4,Do It Zara,516553,Sporting Life,https://www.sportinglife.com/greyhounds/racecards/2026-09-16/newcastle/racecard/516553
2026-09-16,Newcastle,16:22,5,Whitehills Louis,516553,Sporting Life,https://www.sportinglife.com/greyhounds/racecards/2026-09-16/newcastle/racecard/516553
2026-09-16,Newcastle,16:22,6,Lexis Bullet,516553,Sporting Life,https://www.sportinglife.com/greyhounds/racecards/2026-09-16/newcastle/racecard/516553
2026-09-16,Newcastle,16:41,1,Westons Skeleton,516554,Sporting Life,https://www.sportinglife.com/greyhounds/racecards/2026-09-16/newcastle/racecard/516554
2026-09-16,Newcastle,16:41,2,Trevorfoot,516554,Sporting Life,https://www.sportinglife.com/greyhounds/racecards/2026-09-16/newcastle/racecard/516554
2026-09-16,Newcastle,16:41,3,Crooks Willow,516554,Sporting Life,https://www.sportinglife.com/greyhounds/racecards/2026-09-16/newcastle/racecard/516554
2026-09-16,Newcastle,16:41,4,Jackos Flyte,516554,Sporting Life,https://www.sportinglife.com/greyhounds/racecards/2026-09-16/newcastle/racecard/516554
2026-09-16,Newcastle,16:41,5,Alove Supreme,516554,Sporting Life,https://www.sportinglife.com/greyhounds/racecards/2026-09-16/newcastle/racecard/516554
2026-09-16,Newcastle,16:41,6,Ridgedale Spirit,516554,Sporting Life,https://www.sportinglife.com/greyhounds/racecards/2026-09-16/newcastle/racecard/516554
2026-09-16,Newcastle,16:59,1,Balrobuck Tom,516555,Sporting Life,https://www.sportinglife.com/greyhounds/racecards/2026-09-16/newcastle/racecard/516555
2026-09-16,Newcastle,16:59,2,Crooks Sambuca,516555,Sporting Life,https://www.sportinglife.com/greyhounds/racecards/2026-09-16/newcastle/racecard/516555
2026-09-16,Newcastle,16:59,3,Crooks Peaky,516555,Sporting Life,https://www.sportinglife.com/greyhounds/racecards/2026-09-16/newcastle/racecard/516555
2026-09-16,Newcastle,16:59,4,Romeo Bro,516555,Sporting Life,https://www.sportinglife.com/greyhounds/racecards/2026-09-16/newcastle/racecard/516555
2026-09-16,Newcastle,16:59,5,Text Noah,516555,Sporting Life,https://www.sportinglife.com/greyhounds/racecards/2026-09-16/newcastle/racecard/516555
2026-09-16,Newcastle,16:59,6,Blackhouse Flock,516555,Sporting Life,https://www.sportinglife.com/greyhounds/racecards/2026-09-16/newcastle/racecard/516555
2026-09-16,Newcastle,17:18,1,Woo Hoos Hugo,516556,Sporting Life,https://www.sportinglife.com/greyhounds/racecards/2026-09-16/newcastle/racecard/516556
2026-09-16,Newcastle,17:18,2,Freedom Kestrel,516556,Sporting Life,https://www.sportinglife.com/greyhounds/racecards/2026-09-16/newcastle/racecard/516556
2026-09-16,Newcastle,17:18,3,Links Frankel,516556,Sporting Life,https://www.sportinglife.com/greyhounds/racecards/2026-09-16/newcastle/racecard/516556
2026-09-16,Newcastle,17:18,4,Alnwick Gem,516556,Sporting Life,https://www.sportinglife.com/greyhounds/racecards/2026-09-16/newcastle/racecard/516556
2026-09-16,Newcastle,17:18,5,Coolemount Raid,516556,Sporting Life,https://www.sportinglife.com/greyhounds/racecards/2026-09-16/newcastle/racecard/516556
2026-09-16,Newcastle,17:18,6,Blackhouse Peggy,516556,Sporting Life,https://www.sportinglife.com/greyhounds/racecards/2026-09-16/newcastle/racecard/516556
2026-09-16,Newcastle,17:37,1,Midtown Romeo,516557,Sporting Life,https://www.sportinglife.com/greyhounds/racecards/2026-09-16/newcastle/racecard/516557
2026-09-16,Newcastle,17:37,2,Anglesey Rolex,516557,Sporting Life,https://www.sportinglife.com/greyhounds/racecards/2026-09-16/newcastle/racecard/516557
2026-09-16,Newcastle,17:37,3,Whitehills Zoey,516557,Sporting Life,https://www.sportinglife.com/greyhounds/racecards/2026-09-16/newcastle/racecard/516557
2026-09-16,Newcastle,17:37,4,A Bit Of Hunter,516557,Sporting Life,https://www.sportinglife.com/greyhounds/racecards/2026-09-16/newcastle/racecard/516557
2026-09-16,Newcastle,17:37,5,Alnwick Tornado,516557,Sporting Life,https://www.sportinglife.com/greyhounds/racecards/2026-09-16/newcastle/racecard/516557
2026-09-16,Newcastle,17:37,6,Droopys Hanora,516557,Sporting Life,https://www.sportinglife.com/greyhounds/racecards/2026-09-16/newcastle/racecard/516557
2026-09-16,Newcastle,17:56,1,Some Concern,516558,Sporting Life,https://www.sportinglife.com/greyhounds/racecards/2026-09-16/newcastle/racecard/516558
2026-09-16,Newcastle,17:56,2,Bluebell Teddy,516558,Sporting Life,https://www.sportinglife.com/greyhounds/racecards/2026-09-16/newcastle/racecard/516558
2026-09-16,Newcastle,17:56,3,Brief News,516558,Sporting Life,https://www.sportinglife.com/greyhounds/racecards/2026-09-16/newcastle/racecard/516558
2026-09-16,Newcastle,17:56,4,A Bit Of Megan,516558,Sporting Life,https://www.sportinglife.com/greyhounds/racecards/2026-09-16/newcastle/racecard/516558
2026-09-16,Newcastle,17:56,6,Frankies Winner,516558,Sporting Life,https://www.sportinglife.com/greyhounds/racecards/2026-09-16/newcastle/racecard/516558
2026-09-16,Nottingham,11:25,1,Burrow Wildcat,516417,Sporting Life,https://www.sportinglife.com/greyhounds/racecards/2026-09-16/nottingham/racecard/516417
2026-09-16,Nottingham,11:25,2,Honour Tequila,516417,Sporting Life,https://www.sportinglife.com/greyhounds/racecards/2026-09-16/nottingham/racecard/516417
2026-09-16,Nottingham,11:25,3,Jacktavern Sadie,516417,Sporting Life,https://www.sportinglife.com/greyhounds/racecards/2026-09-16/nottingham/racecard/516417
2026-09-16,Nottingham,11:25,4,Honour Messi,516417,Sporting Life,https://www.sportinglife.com/greyhounds/racecards/2026-09-16/nottingham/racecard/516417
2026-09-16,Nottingham,11:25,5,No Luck,516417,Sporting Life,https://www.sportinglife.com/greyhounds/racecards/2026-09-16/nottingham/racecard/516417
2026-09-16,Nottingham,11:25,6,Jemmy,516417,Sporting Life,https://www.sportinglife.com/greyhounds/racecards/2026-09-16/nottingham/racecard/516417
2026-09-16,Nottingham,11:41,1,Madam Mim,516418,Sporting Life,https://www.sportinglife.com/greyhounds/racecards/2026-09-16/nottingham/racecard/516418
2026-09-16,Nottingham,11:41,2,Invincia Jewel,516418,Sporting Life,https://www.sportinglife.com/greyhounds/racecards/2026-09-16/nottingham/racecard/516418
2026-09-16,Nottingham,11:41,3,Sonic Reindeer,516418,Sporting Life,https://www.sportinglife.com/greyhounds/racecards/2026-09-16/nottingham/racecard/516418
2026-09-16,Nottingham,11:41,4,Honour Beckham,516418,Sporting Life,https://www.sportinglife.com/greyhounds/racecards/2026-09-16/nottingham/racecard/516418
2026-09-16,Nottingham,11:41,5,Cairo,516418,Sporting Life,https://www.sportinglife.com/greyhounds/racecards/2026-09-16/nottingham/racecard/516418
2026-09-16,Nottingham,11:58,1,Jades Catch,516419,Sporting Life,https://www.sportinglife.com/greyhounds/racecards/2026-09-16/nottingham/racecard/516419
2026-09-16,Nottingham,11:58,2,Westfield Sioux,516419,Sporting Life,https://www.sportinglife.com/greyhounds/racecards/2026-09-16/nottingham/racecard/516419
2026-09-16,Nottingham,11:58,3,Crafty Can Do,516419,Sporting Life,https://www.sportinglife.com/greyhounds/racecards/2026-09-16/nottingham/racecard/516419
2026-09-16,Nottingham,11:58,4,Beaming Kim,516419,Sporting Life,https://www.sportinglife.com/greyhounds/racecards/2026-09-16/nottingham/racecard/516419
2026-09-16,Nottingham,11:58,5,Honour Promise,516419,Sporting Life,https://www.sportinglife.com/greyhounds/racecards/2026-09-16/nottingham/racecard/516419
2026-09-16,Nottingham,11:58,6,Feora Kate,516419,Sporting Life,https://www.sportinglife.com/greyhounds/racecards/2026-09-16/nottingham/racecard/516419
2026-09-16,Nottingham,12:14,1,Churchill Boy,516420,Sporting Life,https://www.sportinglife.com/greyhounds/racecards/2026-09-16/nottingham/racecard/516420
2026-09-16,Nottingham,12:14,2,Monbeg Bella,516420,Sporting Life,https://www.sportinglife.com/greyhounds/racecards/2026-09-16/nottingham/racecard/516420
2026-09-16,Nottingham,12:14,3,Blue Danube,516420,Sporting Life,https://www.sportinglife.com/greyhounds/racecards/2026-09-16/nottingham/racecard/516420
2026-09-16,Nottingham,12:14,4,Barnfield Venus,516420,Sporting Life,https://www.sportinglife.com/greyhounds/racecards/2026-09-16/nottingham/racecard/516420
2026-09-16,Nottingham,12:14,5,Vair Little Legs,516420,Sporting Life,https://www.sportinglife.com/greyhounds/racecards/2026-09-16/nottingham/racecard/516420
2026-09-16,Nottingham,12:14,6,Annadown Guggy,516420,Sporting Life,https://www.sportinglife.com/greyhounds/racecards/2026-09-16/nottingham/racecard/516420
2026-09-16,Nottingham,12:31,1,Nidderdale Aonb,516421,Sporting Life,https://www.sportinglife.com/greyhounds/racecards/2026-09-16/nottingham/racecard/516421
2026-09-16,Nottingham,12:31,2,Harlequin Breeze,516421,Sporting Life,https://www.sportinglife.com/greyhounds/racecards/2026-09-16/nottingham/racecard/516421
2026-09-16,Nottingham,12:31,3,Freedom Venus,516421,Sporting Life,https://www.sportinglife.com/greyhounds/racecards/2026-09-16/nottingham/racecard/516421
2026-09-16,Nottingham,12:31,4,Blae No Play,516421,Sporting Life,https://www.sportinglife.com/greyhounds/racecards/2026-09-16/nottingham/racecard/516421
2026-09-16,Nottingham,12:31,5,Greybie,516421,Sporting Life,https://www.sportinglife.com/greyhounds/racecards/2026-09-16/nottingham/racecard/516421
2026-09-16,Nottingham,12:31,6,Loxleys Wildcat,516421,Sporting Life,https://www.sportinglife.com/greyhounds/racecards/2026-09-16/nottingham/racecard/516421
2026-09-16,Nottingham,12:48,1,Ballymac Selma,516422,Sporting Life,https://www.sportinglife.com/greyhounds/racecards/2026-09-16/nottingham/racecard/516422
2026-09-16,Nottingham,12:48,2,Nidderdale Kiln,516422,Sporting Life,https://www.sportinglife.com/greyhounds/racecards/2026-09-16/nottingham/racecard/516422
2026-09-16,Nottingham,12:48,3,Bene N Hot,516422,Sporting Life,https://www.sportinglife.com/greyhounds/racecards/2026-09-16/nottingham/racecard/516422
2026-09-16,Nottingham,12:48,4,Basic Instinct,516422,Sporting Life,https://www.sportinglife.com/greyhounds/racecards/2026-09-16/nottingham/racecard/516422
2026-09-16,Nottingham,12:48,5,Bub Huddy,516422,Sporting Life,https://www.sportinglife.com/greyhounds/racecards/2026-09-16/nottingham/racecard/516422
2026-09-16,Nottingham,12:48,6,Vair Rumpol,516422,Sporting Life,https://www.sportinglife.com/greyhounds/racecards/2026-09-16/nottingham/racecard/516422
2026-09-16,Nottingham,13:06,1,Puckane Emma,516423,Sporting Life,https://www.sportinglife.com/greyhounds/racecards/2026-09-16/nottingham/racecard/516423
2026-09-16,Nottingham,13:06,2,Honour Break,516423,Sporting Life,https://www.sportinglife.com/greyhounds/racecards/2026-09-16/nottingham/racecard/516423
2026-09-16,Nottingham,13:06,3,Unlikely Tom,516423,Sporting Life,https://www.sportinglife.com/greyhounds/racecards/2026-09-16/nottingham/racecard/516423
2026-09-16,Nottingham,13:06,4,Sas Opa,516423,Sporting Life,https://www.sportinglife.com/greyhounds/racecards/2026-09-16/nottingham/racecard/516423
2026-09-16,Nottingham,13:06,5,Hotshot Molly,516423,Sporting Life,https://www.sportinglife.com/greyhounds/racecards/2026-09-16/nottingham/racecard/516423
2026-09-16,Nottingham,13:21,1,Mid Tipp Nora,516424,Sporting Life,https://www.sportinglife.com/greyhounds/racecards/2026-09-16/nottingham/racecard/516424
2026-09-16,Nottingham,13:21,2,Newland Bear,516424,Sporting Life,https://www.sportinglife.com/greyhounds/racecards/2026-09-16/nottingham/racecard/516424
2026-09-16,Nottingham,13:21,3,Charcoal,516424,Sporting Life,https://www.sportinglife.com/greyhounds/racecards/2026-09-16/nottingham/racecard/516424
2026-09-16,Nottingham,13:21,4,Kinielty Bex,516424,Sporting Life,https://www.sportinglife.com/greyhounds/racecards/2026-09-16/nottingham/racecard/516424
2026-09-16,Nottingham,13:21,5,Fercullen Champ,516424,Sporting Life,https://www.sportinglife.com/greyhounds/racecards/2026-09-16/nottingham/racecard/516424
2026-09-16,Nottingham,13:21,6,Honour Boomerang,516424,Sporting Life,https://www.sportinglife.com/greyhounds/racecards/2026-09-16/nottingham/racecard/516424
2026-09-16,Nottingham,13:36,1,Romantic Rosie,516425,Sporting Life,https://www.sportinglife.com/greyhounds/racecards/2026-09-16/nottingham/racecard/516425
2026-09-16,Nottingham,13:36,2,Elite Max,516425,Sporting Life,https://www.sportinglife.com/greyhounds/racecards/2026-09-16/nottingham/racecard/516425
2026-09-16,Nottingham,13:36,3,Ryder Ripple,516425,Sporting Life,https://www.sportinglife.com/greyhounds/racecards/2026-09-16/nottingham/racecard/516425
2026-09-16,Nottingham,13:36,4,Keefill Beth,516425,Sporting Life,https://www.sportinglife.com/greyhounds/racecards/2026-09-16/nottingham/racecard/516425
2026-09-16,Nottingham,13:36,5,Franco Magic,516425,Sporting Life,https://www.sportinglife.com/greyhounds/racecards/2026-09-16/nottingham/racecard/516425
2026-09-16,Nottingham,13:36,6,Rialto Ben,516425,Sporting Life,https://www.sportinglife.com/greyhounds/racecards/2026-09-16/nottingham/racecard/516425
2026-09-16,Nottingham,13:52,1,Ballymac Otti,516426,Sporting Life,https://www.sportinglife.com/greyhounds/racecards/2026-09-16/nottingham/racecard/516426
2026-09-16,Nottingham,13:52,2,Westfield Tigris,516426,Sporting Life,https://www.sportinglife.com/greyhounds/racecards/2026-09-16/nottingham/racecard/516426
2026-09-16,Nottingham,13:52,3,Black River,516426,Sporting Life,https://www.sportinglife.com/greyhounds/racecards/2026-09-16/nottingham/racecard/516426
2026-09-16,Nottingham,13:52,4,Westfield Bleu,516426,Sporting Life,https://www.sportinglife.com/greyhounds/racecards/2026-09-16/nottingham/racecard/516426
2026-09-16,Nottingham,13:52,5,Karpackie,516426,Sporting Life,https://www.sportinglife.com/greyhounds/racecards/2026-09-16/nottingham/racecard/516426
2026-09-16,Nottingham,13:52,6,Wolf Woodie,516426,Sporting Life,https://www.sportinglife.com/greyhounds/racecards/2026-09-16/nottingham/racecard/516426
2026-09-16,Nottingham,14:09,1,Missouri Dove,516427,Sporting Life,https://www.sportinglife.com/greyhounds/racecards/2026-09-16/nottingham/racecard/516427
2026-09-16,Nottingham,14:09,2,Swift Lama,516427,Sporting Life,https://www.sportinglife.com/greyhounds/racecards/2026-09-16/nottingham/racecard/516427
2026-09-16,Nottingham,14:09,3,Vair Misinformed,516427,Sporting Life,https://www.sportinglife.com/greyhounds/racecards/2026-09-16/nottingham/racecard/516427
2026-09-16,Nottingham,14:09,4,Swift Dive,516427,Sporting Life,https://www.sportinglife.com/greyhounds/racecards/2026-09-16/nottingham/racecard/516427
2026-09-16,Nottingham,14:09,5,Rowington Reign,516427,Sporting Life,https://www.sportinglife.com/greyhounds/racecards/2026-09-16/nottingham/racecard/516427
2026-09-16,Romford,18:37,1,Pin Point,516463,Sporting Life,https://www.sportinglife.com/greyhounds/racecards/2026-09-16/romford/racecard/516463
2026-09-16,Romford,18:37,2,Milton Ariel,516463,Sporting Life,https://www.sportinglife.com/greyhounds/racecards/2026-09-16/romford/racecard/516463
2026-09-16,Romford,18:37,3,Hams Twin Turbo,516463,Sporting Life,https://www.sportinglife.com/greyhounds/racecards/2026-09-16/romford/racecard/516463
2026-09-16,Romford,18:37,4,Distant Milo,516463,Sporting Life,https://www.sportinglife.com/greyhounds/racecards/2026-09-16/romford/racecard/516463
2026-09-16,Romford,18:37,5,Droopys Ma,516463,Sporting Life,https://www.sportinglife.com/greyhounds/racecards/2026-09-16/romford/racecard/516463
2026-09-16,Romford,18:37,6,Chelms Simmo,516463,Sporting Life,https://www.sportinglife.com/greyhounds/racecards/2026-09-16/romford/racecard/516463
2026-09-16,Romford,18:53,1,Fionns Rafa,516464,Sporting Life,https://www.sportinglife.com/greyhounds/racecards/2026-09-16/romford/racecard/516464
2026-09-16,Romford,18:53,2,Bacon Hotpot,516464,Sporting Life,https://www.sportinglife.com/greyhounds/racecards/2026-09-16/romford/racecard/516464
2026-09-16,Romford,18:53,3,Newinn Tinkerbel,516464,Sporting Life,https://www.sportinglife.com/greyhounds/racecards/2026-09-16/romford/racecard/516464
2026-09-16,Romford,18:53,4,Jacktavern Taz,516464,Sporting Life,https://www.sportinglife.com/greyhounds/racecards/2026-09-16/romford/racecard/516464
2026-09-16,Romford,18:53,5,Ardera Actor,516464,Sporting Life,https://www.sportinglife.com/greyhounds/racecards/2026-09-16/romford/racecard/516464
2026-09-16,Romford,18:53,6,Swift Agile,516464,Sporting Life,https://www.sportinglife.com/greyhounds/racecards/2026-09-16/romford/racecard/516464
2026-09-16,Romford,19:11,1,Pharis Cashout,516465,Sporting Life,https://www.sportinglife.com/greyhounds/racecards/2026-09-16/romford/racecard/516465
2026-09-16,Romford,19:11,2,Tuna No Crust,516465,Sporting Life,https://www.sportinglife.com/greyhounds/racecards/2026-09-16/romford/racecard/516465
2026-09-16,Romford,19:11,3,Snoopys Ren,516465,Sporting Life,https://www.sportinglife.com/greyhounds/racecards/2026-09-16/romford/racecard/516465
2026-09-16,Romford,19:11,5,Gosport Girl,516465,Sporting Life,https://www.sportinglife.com/greyhounds/racecards/2026-09-16/romford/racecard/516465
2026-09-16,Romford,19:11,6,Catunda Nemo,516465,Sporting Life,https://www.sportinglife.com/greyhounds/racecards/2026-09-16/romford/racecard/516465
2026-09-16,Romford,19:27,1,Links Viper,516466,Sporting Life,https://www.sportinglife.com/greyhounds/racecards/2026-09-16/romford/racecard/516466
2026-09-16,Romford,19:27,2,Emers Marnie,516466,Sporting Life,https://www.sportinglife.com/greyhounds/racecards/2026-09-16/romford/racecard/516466
2026-09-16,Romford,19:27,3,Essex Crazy,516466,Sporting Life,https://www.sportinglife.com/greyhounds/racecards/2026-09-16/romford/racecard/516466
2026-09-16,Romford,19:27,4,Funky Adz,516466,Sporting Life,https://www.sportinglife.com/greyhounds/racecards/2026-09-16/romford/racecard/516466
2026-09-16,Romford,19:27,5,Stormy Pat,516466,Sporting Life,https://www.sportinglife.com/greyhounds/racecards/2026-09-16/romford/racecard/516466
2026-09-16,Romford,19:27,6,Another Solution,516466,Sporting Life,https://www.sportinglife.com/greyhounds/racecards/2026-09-16/romford/racecard/516466
2026-09-16,Romford,19:44,1,Bloos Mr Maguire,516467,Sporting Life,https://www.sportinglife.com/greyhounds/racecards/2026-09-16/romford/racecard/516467
2026-09-16,Romford,19:44,2,Joescourtsad,516467,Sporting Life,https://www.sportinglife.com/greyhounds/racecards/2026-09-16/romford/racecard/516467
2026-09-16,Romford,19:44,3,Ruadhans Boy,516467,Sporting Life,https://www.sportinglife.com/greyhounds/racecards/2026-09-16/romford/racecard/516467
2026-09-16,Romford,19:44,4,Hollywood Ron,516467,Sporting Life,https://www.sportinglife.com/greyhounds/racecards/2026-09-16/romford/racecard/516467
2026-09-16,Romford,19:44,5,Swift Quick,516467,Sporting Life,https://www.sportinglife.com/greyhounds/racecards/2026-09-16/romford/racecard/516467
2026-09-16,Romford,20:01,1,Droopys Saoirse,516468,Sporting Life,https://www.sportinglife.com/greyhounds/racecards/2026-09-16/romford/racecard/516468
2026-09-16,Romford,20:01,2,Churchfield King,516468,Sporting Life,https://www.sportinglife.com/greyhounds/racecards/2026-09-16/romford/racecard/516468
2026-09-16,Romford,20:01,3,Highway Bobby,516468,Sporting Life,https://www.sportinglife.com/greyhounds/racecards/2026-09-16/romford/racecard/516468
2026-09-16,Romford,20:01,4,Distant Layla,516468,Sporting Life,https://www.sportinglife.com/greyhounds/racecards/2026-09-16/romford/racecard/516468
2026-09-16,Romford,20:01,5,Lil Bo Beep,516468,Sporting Life,https://www.sportinglife.com/greyhounds/racecards/2026-09-16/romford/racecard/516468
2026-09-16,Romford,20:01,6,Headford Eimear,516468,Sporting Life,https://www.sportinglife.com/greyhounds/racecards/2026-09-16/romford/racecard/516468
2026-09-16,Romford,20:19,1,Lemming Panna,516469,Sporting Life,https://www.sportinglife.com/greyhounds/racecards/2026-09-16/romford/racecard/516469
2026-09-16,Romford,20:19,2,Crossfield Jazz,516469,Sporting Life,https://www.sportinglife.com/greyhounds/racecards/2026-09-16/romford/racecard/516469
2026-09-16,Romford,20:19,3,San Siro,516469,Sporting Life,https://www.sportinglife.com/greyhounds/racecards/2026-09-16/romford/racecard/516469
2026-09-16,Romford,20:19,4,Deelish Dawn,516469,Sporting Life,https://www.sportinglife.com/greyhounds/racecards/2026-09-16/romford/racecard/516469
2026-09-16,Romford,20:19,5,Droopys Granny,516469,Sporting Life,https://www.sportinglife.com/greyhounds/racecards/2026-09-16/romford/racecard/516469
2026-09-16,Romford,20:19,6,Hollywood Topcat,516469,Sporting Life,https://www.sportinglife.com/greyhounds/racecards/2026-09-16/romford/racecard/516469
2026-09-16,Romford,20:36,1,Catunda Harlow,516470,Sporting Life,https://www.sportinglife.com/greyhounds/racecards/2026-09-16/romford/racecard/516470
2026-09-16,Romford,20:36,2,Thirtyapop,516470,Sporting Life,https://www.sportinglife.com/greyhounds/racecards/2026-09-16/romford/racecard/516470
2026-09-16,Romford,20:36,3,Four Under Par,516470,Sporting Life,https://www.sportinglife.com/greyhounds/racecards/2026-09-16/romford/racecard/516470
2026-09-16,Romford,20:36,4,Dinos Yogi,516470,Sporting Life,https://www.sportinglife.com/greyhounds/racecards/2026-09-16/romford/racecard/516470
2026-09-16,Romford,20:36,5,Seomra Miska,516470,Sporting Life,https://www.sportinglife.com/greyhounds/racecards/2026-09-16/romford/racecard/516470
2026-09-16,Romford,20:36,6,Tea Leaf Thor,516470,Sporting Life,https://www.sportinglife.com/greyhounds/racecards/2026-09-16/romford/racecard/516470
2026-09-16,Romford,20:54,1,Inclement Motion,516471,Sporting Life,https://www.sportinglife.com/greyhounds/racecards/2026-09-16/romford/racecard/516471
2026-09-16,Romford,20:54,2,Rattling Coko,516471,Sporting Life,https://www.sportinglife.com/greyhounds/racecards/2026-09-16/romford/racecard/516471
2026-09-16,Romford,20:54,3,Twizzle,516471,Sporting Life,https://www.sportinglife.com/greyhounds/racecards/2026-09-16/romford/racecard/516471
2026-09-16,Romford,20:54,4,Amelias Tag,516471,Sporting Life,https://www.sportinglife.com/greyhounds/racecards/2026-09-16/romford/racecard/516471
2026-09-16,Romford,20:54,5,Yahoo Orla,516471,Sporting Life,https://www.sportinglife.com/greyhounds/racecards/2026-09-16/romford/racecard/516471
2026-09-16,Romford,20:54,6,Hawkfield Grant,516471,Sporting Life,https://www.sportinglife.com/greyhounds/racecards/2026-09-16/romford/racecard/516471
2026-09-16,Romford,21:11,1,Tasty Turkish,516472,Sporting Life,https://www.sportinglife.com/greyhounds/racecards/2026-09-16/romford/racecard/516472
2026-09-16,Romford,21:11,2,Bretons Boy,516472,Sporting Life,https://www.sportinglife.com/greyhounds/racecards/2026-09-16/romford/racecard/516472
2026-09-16,Romford,21:11,3,Phoenix Izzy,516472,Sporting Life,https://www.sportinglife.com/greyhounds/racecards/2026-09-16/romford/racecard/516472
2026-09-16,Romford,21:11,4,Jacktavern Luna,516472,Sporting Life,https://www.sportinglife.com/greyhounds/racecards/2026-09-16/romford/racecard/516472
2026-09-16,Romford,21:11,5,Bubbly Everest,516472,Sporting Life,https://www.sportinglife.com/greyhounds/racecards/2026-09-16/romford/racecard/516472
2026-09-16,Romford,21:11,6,Romantic Romeo,516472,Sporting Life,https://www.sportinglife.com/greyhounds/racecards/2026-09-16/romford/racecard/516472
2026-09-16,Romford,21:28,1,Scooby Topaz,516473,Sporting Life,https://www.sportinglife.com/greyhounds/racecards/2026-09-16/romford/racecard/516473
2026-09-16,Romford,21:28,2,Bir Sultan,516473,Sporting Life,https://www.sportinglife.com/greyhounds/racecards/2026-09-16/romford/racecard/516473
2026-09-16,Romford,21:28,3,Itsur View,516473,Sporting Life,https://www.sportinglife.com/greyhounds/racecards/2026-09-16/romford/racecard/516473
2026-09-16,Romford,21:28,4,Bubbly Queenie,516473,Sporting Life,https://www.sportinglife.com/greyhounds/racecards/2026-09-16/romford/racecard/516473
2026-09-16,Romford,21:28,5,Express Tag,516473,Sporting Life,https://www.sportinglife.com/greyhounds/racecards/2026-09-16/romford/racecard/516473
2026-09-16,Romford,21:28,6,Not Now Alan,516473,Sporting Life,https://www.sportinglife.com/greyhounds/racecards/2026-09-16/romford/racecard/516473
2026-09-16,Romford,21:46,1,Alana The Second,516474,Sporting Life,https://www.sportinglife.com/greyhounds/racecards/2026-09-16/romford/racecard/516474
2026-09-16,Romford,21:46,2,Full Monty,516474,Sporting Life,https://www.sportinglife.com/greyhounds/racecards/2026-09-16/romford/racecard/516474
2026-09-16,Romford,21:46,3,Newtown Sinead,516474,Sporting Life,https://www.sportinglife.com/greyhounds/racecards/2026-09-16/romford/racecard/516474
2026-09-16,Romford,21:46,4,Aint Bothered,516474,Sporting Life,https://www.sportinglife.com/greyhounds/racecards/2026-09-16/romford/racecard/516474
2026-09-16,Romford,21:46,5,Drombeg Doro,516474,Sporting Life,https://www.sportinglife.com/greyhounds/racecards/2026-09-16/romford/racecard/516474
2026-09-16,Sunderland,14:36,1,Trumpers Calvin,516559,Sporting Life,https://www.sportinglife.com/greyhounds/racecards/2026-09-16/sunderland/racecard/516559
2026-09-16,Sunderland,14:36,2,Fardoe Majestic,516559,Sporting Life,https://www.sportinglife.com/greyhounds/racecards/2026-09-16/sunderland/racecard/516559
2026-09-16,Sunderland,14:36,3,Cloondarone Lucy,516559,Sporting Life,https://www.sportinglife.com/greyhounds/racecards/2026-09-16/sunderland/racecard/516559
2026-09-16,Sunderland,14:36,4,Scarty Finnoula,516559,Sporting Life,https://www.sportinglife.com/greyhounds/racecards/2026-09-16/sunderland/racecard/516559
2026-09-16,Sunderland,14:36,5,Fagans Diva,516559,Sporting Life,https://www.sportinglife.com/greyhounds/racecards/2026-09-16/sunderland/racecard/516559
2026-09-16,Sunderland,14:54,1,Strike It Ali,516560,Sporting Life,https://www.sportinglife.com/greyhounds/racecards/2026-09-16/sunderland/racecard/516560
2026-09-16,Sunderland,14:54,2,Newmoors Amore,516560,Sporting Life,https://www.sportinglife.com/greyhounds/racecards/2026-09-16/sunderland/racecard/516560
2026-09-16,Sunderland,14:54,3,Ballymac Deboss,516560,Sporting Life,https://www.sportinglife.com/greyhounds/racecards/2026-09-16/sunderland/racecard/516560
2026-09-16,Sunderland,14:54,4,Shinjim Magic,516560,Sporting Life,https://www.sportinglife.com/greyhounds/racecards/2026-09-16/sunderland/racecard/516560
2026-09-16,Sunderland,14:54,5,Currans Dodge,516560,Sporting Life,https://www.sportinglife.com/greyhounds/racecards/2026-09-16/sunderland/racecard/516560
2026-09-16,Sunderland,14:54,6,Cloncunny Black,516560,Sporting Life,https://www.sportinglife.com/greyhounds/racecards/2026-09-16/sunderland/racecard/516560
2026-09-16,Sunderland,15:13,1,Crokers Derek,516561,Sporting Life,https://www.sportinglife.com/greyhounds/racecards/2026-09-16/sunderland/racecard/516561
2026-09-16,Sunderland,15:13,2,Extended Dreams,516561,Sporting Life,https://www.sportinglife.com/greyhounds/racecards/2026-09-16/sunderland/racecard/516561
2026-09-16,Sunderland,15:13,3,Comawn Ginny,516561,Sporting Life,https://www.sportinglife.com/greyhounds/racecards/2026-09-16/sunderland/racecard/516561
2026-09-16,Sunderland,15:13,4,Debbies Hope,516561,Sporting Life,https://www.sportinglife.com/greyhounds/racecards/2026-09-16/sunderland/racecard/516561
2026-09-16,Sunderland,15:13,5,Freeway Sky,516561,Sporting Life,https://www.sportinglife.com/greyhounds/racecards/2026-09-16/sunderland/racecard/516561
2026-09-16,Sunderland,15:13,6,Greenhill Patch,516561,Sporting Life,https://www.sportinglife.com/greyhounds/racecards/2026-09-16/sunderland/racecard/516561
2026-09-16,Sunderland,15:32,2,Linton Ralph,516562,Sporting Life,https://www.sportinglife.com/greyhounds/racecards/2026-09-16/sunderland/racecard/516562
2026-09-16,Sunderland,15:32,3,Charlottes Hope,516562,Sporting Life,https://www.sportinglife.com/greyhounds/racecards/2026-09-16/sunderland/racecard/516562
2026-09-16,Sunderland,15:32,4,Deelish Crofty,516562,Sporting Life,https://www.sportinglife.com/greyhounds/racecards/2026-09-16/sunderland/racecard/516562
2026-09-16,Sunderland,15:32,5,Vale Bucko,516562,Sporting Life,https://www.sportinglife.com/greyhounds/racecards/2026-09-16/sunderland/racecard/516562
2026-09-16,Sunderland,15:32,6,Swift Kylie,516562,Sporting Life,https://www.sportinglife.com/greyhounds/racecards/2026-09-16/sunderland/racecard/516562
2026-09-16,Sunderland,15:51,1,Liffeyside Oak,516563,Sporting Life,https://www.sportinglife.com/greyhounds/racecards/2026-09-16/sunderland/racecard/516563
2026-09-16,Sunderland,15:51,2,Rileys Rex,516563,Sporting Life,https://www.sportinglife.com/greyhounds/racecards/2026-09-16/sunderland/racecard/516563
2026-09-16,Sunderland,15:51,3,Panda Panda,516563,Sporting Life,https://www.sportinglife.com/greyhounds/racecards/2026-09-16/sunderland/racecard/516563
2026-09-16,Sunderland,15:51,5,Balrobuck Ash,516563,Sporting Life,https://www.sportinglife.com/greyhounds/racecards/2026-09-16/sunderland/racecard/516563
2026-09-16,Sunderland,15:51,6,Crossfield Conni,516563,Sporting Life,https://www.sportinglife.com/greyhounds/racecards/2026-09-16/sunderland/racecard/516563
2026-09-16,Sunderland,16:09,1,Beretta Makala,516564,Sporting Life,https://www.sportinglife.com/greyhounds/racecards/2026-09-16/sunderland/racecard/516564
2026-09-16,Sunderland,16:09,2,Robeen Rio,516564,Sporting Life,https://www.sportinglife.com/greyhounds/racecards/2026-09-16/sunderland/racecard/516564
2026-09-16,Sunderland,16:09,3,Ambers Hope,516564,Sporting Life,https://www.sportinglife.com/greyhounds/racecards/2026-09-16/sunderland/racecard/516564
2026-09-16,Sunderland,16:09,4,Hollyhill Layla,516564,Sporting Life,https://www.sportinglife.com/greyhounds/racecards/2026-09-16/sunderland/racecard/516564
2026-09-16,Sunderland,16:09,5,Autumn Meadow,516564,Sporting Life,https://www.sportinglife.com/greyhounds/racecards/2026-09-16/sunderland/racecard/516564
2026-09-16,Sunderland,16:09,6,Statsman,516564,Sporting Life,https://www.sportinglife.com/greyhounds/racecards/2026-09-16/sunderland/racecard/516564
2026-09-16,Sunderland,16:28,1,Helicopter Jacob,516565,Sporting Life,https://www.sportinglife.com/greyhounds/racecards/2026-09-16/sunderland/racecard/516565
2026-09-16,Sunderland,16:28,2,Obsessed,516565,Sporting Life,https://www.sportinglife.com/greyhounds/racecards/2026-09-16/sunderland/racecard/516565
2026-09-16,Sunderland,16:28,3,Aero Tioman,516565,Sporting Life,https://www.sportinglife.com/greyhounds/racecards/2026-09-16/sunderland/racecard/516565
2026-09-16,Sunderland,16:28,4,Dream And Do,516565,Sporting Life,https://www.sportinglife.com/greyhounds/racecards/2026-09-16/sunderland/racecard/516565
2026-09-16,Sunderland,16:28,5,Mascot Delilah,516565,Sporting Life,https://www.sportinglife.com/greyhounds/racecards/2026-09-16/sunderland/racecard/516565
2026-09-16,Sunderland,16:28,6,Hollyhill Gaby,516565,Sporting Life,https://www.sportinglife.com/greyhounds/racecards/2026-09-16/sunderland/racecard/516565
2026-09-16,Sunderland,16:47,1,Nicoles Noir,516566,Sporting Life,https://www.sportinglife.com/greyhounds/racecards/2026-09-16/sunderland/racecard/516566
2026-09-16,Sunderland,16:47,2,Ballinulty Sue,516566,Sporting Life,https://www.sportinglife.com/greyhounds/racecards/2026-09-16/sunderland/racecard/516566
2026-09-16,Sunderland,16:47,3,Rios Mags,516566,Sporting Life,https://www.sportinglife.com/greyhounds/racecards/2026-09-16/sunderland/racecard/516566
2026-09-16,Sunderland,16:47,4,Allowdale Bono,516566,Sporting Life,https://www.sportinglife.com/greyhounds/racecards/2026-09-16/sunderland/racecard/516566
2026-09-16,Sunderland,16:47,5,Fruity Ninja,516566,Sporting Life,https://www.sportinglife.com/greyhounds/racecards/2026-09-16/sunderland/racecard/516566
2026-09-16,Sunderland,16:47,6,Incarcerated,516566,Sporting Life,https://www.sportinglife.com/greyhounds/racecards/2026-09-16/sunderland/racecard/516566
2026-09-16,Sunderland,17:06,1,Maes Star,516567,Sporting Life,https://www.sportinglife.com/greyhounds/racecards/2026-09-16/sunderland/racecard/516567
2026-09-16,Sunderland,17:06,2,Catch You Later,516567,Sporting Life,https://www.sportinglife.com/greyhounds/racecards/2026-09-16/sunderland/racecard/516567
2026-09-16,Sunderland,17:06,3,Dashing Elvis,516567,Sporting Life,https://www.sportinglife.com/greyhounds/racecards/2026-09-16/sunderland/racecard/516567
2026-09-16,Sunderland,17:06,4,Church St Katie,516567,Sporting Life,https://www.sportinglife.com/greyhounds/racecards/2026-09-16/sunderland/racecard/516567
2026-09-16,Sunderland,17:06,5,Timahoe Shark,516567,Sporting Life,https://www.sportinglife.com/greyhounds/racecards/2026-09-16/sunderland/racecard/516567
2026-09-16,Sunderland,17:06,6,Shalefield Azure,516567,Sporting Life,https://www.sportinglife.com/greyhounds/racecards/2026-09-16/sunderland/racecard/516567
2026-09-16,Sunderland,17:24,1,Whitisit,516568,Sporting Life,https://www.sportinglife.com/greyhounds/racecards/2026-09-16/sunderland/racecard/516568
2026-09-16,Sunderland,17:24,2,Droopys Marie,516568,Sporting Life,https://www.sportinglife.com/greyhounds/racecards/2026-09-16/sunderland/racecard/516568
2026-09-16,Sunderland,17:24,4,Vale Blackbird,516568,Sporting Life,https://www.sportinglife.com/greyhounds/racecards/2026-09-16/sunderland/racecard/516568
2026-09-16,Sunderland,17:24,5,Willows Hope,516568,Sporting Life,https://www.sportinglife.com/greyhounds/racecards/2026-09-16/sunderland/racecard/516568
2026-09-16,Sunderland,17:24,6,Kennys Choice,516568,Sporting Life,https://www.sportinglife.com/greyhounds/racecards/2026-09-16/sunderland/racecard/516568
2026-09-16,Sunderland,17:43,1,Lightupthesky,516569,Sporting Life,https://www.sportinglife.com/greyhounds/racecards/2026-09-16/sunderland/racecard/516569
2026-09-16,Sunderland,17:43,2,Black Rikke,516569,Sporting Life,https://www.sportinglife.com/greyhounds/racecards/2026-09-16/sunderland/racecard/516569
2026-09-16,Sunderland,17:43,3,Monroe Milo,516569,Sporting Life,https://www.sportinglife.com/greyhounds/racecards/2026-09-16/sunderland/racecard/516569
2026-09-16,Sunderland,17:43,4,That Is It,516569,Sporting Life,https://www.sportinglife.com/greyhounds/racecards/2026-09-16/sunderland/racecard/516569
2026-09-16,Sunderland,17:43,5,Blackeyed Keyes,516569,Sporting Life,https://www.sportinglife.com/greyhounds/racecards/2026-09-16/sunderland/racecard/516569
2026-09-16,Sunderland,17:43,6,Timmys Diva,516569,Sporting Life,https://www.sportinglife.com/greyhounds/racecards/2026-09-16/sunderland/racecard/516569
2026-09-16,Sunderland,18:02,1,Nellys Magoo,516570,Sporting Life,https://www.sportinglife.com/greyhounds/racecards/2026-09-16/sunderland/racecard/516570
2026-09-16,Sunderland,18:02,2,Zesty Kiwi,516570,Sporting Life,https://www.sportinglife.com/greyhounds/racecards/2026-09-16/sunderland/racecard/516570
2026-09-16,Sunderland,18:02,3,Rebel William,516570,Sporting Life,https://www.sportinglife.com/greyhounds/racecards/2026-09-16/sunderland/racecard/516570
2026-09-16,Sunderland,18:02,5,Chanceme Richi,516570,Sporting Life,https://www.sportinglife.com/greyhounds/racecards/2026-09-16/sunderland/racecard/516570
2026-09-16,Sunderland,18:02,6,Rising Forrest,516570,Sporting Life,https://www.sportinglife.com/greyhounds/racecards/2026-09-16/sunderland/racecard/516570
2026-09-16,Valley,13:49,2,Afan Louie,516428,Sporting Life,https://www.sportinglife.com/greyhounds/racecards/2026-09-16/valley/racecard/516428
2026-09-16,Valley,13:49,3,Trionas Destiny,516428,Sporting Life,https://www.sportinglife.com/greyhounds/racecards/2026-09-16/valley/racecard/516428
2026-09-16,Valley,13:49,4,Crokers Lola,516428,Sporting Life,https://www.sportinglife.com/greyhounds/racecards/2026-09-16/valley/racecard/516428
2026-09-16,Valley,13:49,5,Breffni Tina,516428,Sporting Life,https://www.sportinglife.com/greyhounds/racecards/2026-09-16/valley/racecard/516428
2026-09-16,Valley,13:49,6,Poker Aces,516428,Sporting Life,https://www.sportinglife.com/greyhounds/racecards/2026-09-16/valley/racecard/516428
2026-09-16,Valley,14:08,1,Battle Lass,516429,Sporting Life,https://www.sportinglife.com/greyhounds/racecards/2026-09-16/valley/racecard/516429
2026-09-16,Valley,14:08,2,Miss Ball,516429,Sporting Life,https://www.sportinglife.com/greyhounds/racecards/2026-09-16/valley/racecard/516429
2026-09-16,Valley,14:08,3,Kilbride Daisy,516429,Sporting Life,https://www.sportinglife.com/greyhounds/racecards/2026-09-16/valley/racecard/516429
2026-09-16,Valley,14:08,4,Droopys Glaze,516429,Sporting Life,https://www.sportinglife.com/greyhounds/racecards/2026-09-16/valley/racecard/516429
2026-09-16,Valley,14:08,5,Crokers Mary,516429,Sporting Life,https://www.sportinglife.com/greyhounds/racecards/2026-09-16/valley/racecard/516429
2026-09-16,Valley,14:08,6,Astro Mary,516429,Sporting Life,https://www.sportinglife.com/greyhounds/racecards/2026-09-16/valley/racecard/516429
2026-09-16,Valley,14:26,1,Grovenor Sienna,516430,Sporting Life,https://www.sportinglife.com/greyhounds/racecards/2026-09-16/valley/racecard/516430
2026-09-16,Valley,14:26,2,Affleck Henbit,516430,Sporting Life,https://www.sportinglife.com/greyhounds/racecards/2026-09-16/valley/racecard/516430
2026-09-16,Valley,14:26,3,Ashway Jessie,516430,Sporting Life,https://www.sportinglife.com/greyhounds/racecards/2026-09-16/valley/racecard/516430
2026-09-16,Valley,14:26,4,Billis Sniper,516430,Sporting Life,https://www.sportinglife.com/greyhounds/racecards/2026-09-16/valley/racecard/516430
2026-09-16,Valley,14:26,5,Burkos Delaney,516430,Sporting Life,https://www.sportinglife.com/greyhounds/racecards/2026-09-16/valley/racecard/516430
2026-09-16,Valley,14:26,6,Puckane Ceol,516430,Sporting Life,https://www.sportinglife.com/greyhounds/racecards/2026-09-16/valley/racecard/516430
2026-09-16,Valley,14:44,1,Spice Bag,516431,Sporting Life,https://www.sportinglife.com/greyhounds/racecards/2026-09-16/valley/racecard/516431
2026-09-16,Valley,14:44,2,Chadwell Fly,516431,Sporting Life,https://www.sportinglife.com/greyhounds/racecards/2026-09-16/valley/racecard/516431
2026-09-16,Valley,14:44,3,Tobergal Suzanne,516431,Sporting Life,https://www.sportinglife.com/greyhounds/racecards/2026-09-16/valley/racecard/516431
2026-09-16,Valley,14:44,4,Chadwell Tyson,516431,Sporting Life,https://www.sportinglife.com/greyhounds/racecards/2026-09-16/valley/racecard/516431
2026-09-16,Valley,14:44,5,Vanessas Redrose,516431,Sporting Life,https://www.sportinglife.com/greyhounds/racecards/2026-09-16/valley/racecard/516431
2026-09-16,Valley,14:44,6,Da Gruffalo,516431,Sporting Life,https://www.sportinglife.com/greyhounds/racecards/2026-09-16/valley/racecard/516431
2026-09-16,Valley,15:03,1,Ohtherejet,516432,Sporting Life,https://www.sportinglife.com/greyhounds/racecards/2026-09-16/valley/racecard/516432
2026-09-16,Valley,15:03,2,Crokers Brian,516432,Sporting Life,https://www.sportinglife.com/greyhounds/racecards/2026-09-16/valley/racecard/516432
2026-09-16,Valley,15:03,3,Ashway Misty,516432,Sporting Life,https://www.sportinglife.com/greyhounds/racecards/2026-09-16/valley/racecard/516432
2026-09-16,Valley,15:03,4,Trump World,516432,Sporting Life,https://www.sportinglife.com/greyhounds/racecards/2026-09-16/valley/racecard/516432
2026-09-16,Valley,15:03,5,Crokers Grayson,516432,Sporting Life,https://www.sportinglife.com/greyhounds/racecards/2026-09-16/valley/racecard/516432
2026-09-16,Valley,15:03,6,Crokers Cian,516432,Sporting Life,https://www.sportinglife.com/greyhounds/racecards/2026-09-16/valley/racecard/516432
2026-09-16,Valley,15:22,1,Country Skipper,516433,Sporting Life,https://www.sportinglife.com/greyhounds/racecards/2026-09-16/valley/racecard/516433
2026-09-16,Valley,15:22,2,Russcon Hardy,516433,Sporting Life,https://www.sportinglife.com/greyhounds/racecards/2026-09-16/valley/racecard/516433
2026-09-16,Valley,15:22,3,Rapido Firmino,516433,Sporting Life,https://www.sportinglife.com/greyhounds/racecards/2026-09-16/valley/racecard/516433
2026-09-16,Valley,15:22,4,Hawkfield Jazz,516433,Sporting Life,https://www.sportinglife.com/greyhounds/racecards/2026-09-16/valley/racecard/516433
2026-09-16,Valley,15:22,5,Affleck Nashwan,516433,Sporting Life,https://www.sportinglife.com/greyhounds/racecards/2026-09-16/valley/racecard/516433
2026-09-16,Valley,15:22,6,Affleck Salsabil,516433,Sporting Life,https://www.sportinglife.com/greyhounds/racecards/2026-09-16/valley/racecard/516433
2026-09-16,Valley,15:41,1,Daisy Doo,516434,Sporting Life,https://www.sportinglife.com/greyhounds/racecards/2026-09-16/valley/racecard/516434
2026-09-16,Valley,15:41,2,Hawkfield Bailey,516434,Sporting Life,https://www.sportinglife.com/greyhounds/racecards/2026-09-16/valley/racecard/516434
2026-09-16,Valley,15:41,3,Hawkfield Feral,516434,Sporting Life,https://www.sportinglife.com/greyhounds/racecards/2026-09-16/valley/racecard/516434
2026-09-16,Valley,15:41,4,Crokers Pat,516434,Sporting Life,https://www.sportinglife.com/greyhounds/racecards/2026-09-16/valley/racecard/516434
2026-09-16,Valley,15:41,5,Rockmount Polly,516434,Sporting Life,https://www.sportinglife.com/greyhounds/racecards/2026-09-16/valley/racecard/516434
2026-09-16,Valley,15:59,2,Ballinabola Phil,516435,Sporting Life,https://www.sportinglife.com/greyhounds/racecards/2026-09-16/valley/racecard/516435
2026-09-16,Valley,15:59,3,Trionas Tangle,516435,Sporting Life,https://www.sportinglife.com/greyhounds/racecards/2026-09-16/valley/racecard/516435
2026-09-16,Valley,15:59,4,Ballyregan Tara,516435,Sporting Life,https://www.sportinglife.com/greyhounds/racecards/2026-09-16/valley/racecard/516435
2026-09-16,Valley,15:59,5,Arrigle Buster,516435,Sporting Life,https://www.sportinglife.com/greyhounds/racecards/2026-09-16/valley/racecard/516435
2026-09-16,Valley,15:59,6,Hawkfield Hugo,516435,Sporting Life,https://www.sportinglife.com/greyhounds/racecards/2026-09-16/valley/racecard/516435
2026-09-16,Valley,16:18,1,Lucky Luciano,516436,Sporting Life,https://www.sportinglife.com/greyhounds/racecards/2026-09-16/valley/racecard/516436
2026-09-16,Valley,16:18,2,Runaway May,516436,Sporting Life,https://www.sportinglife.com/greyhounds/racecards/2026-09-16/valley/racecard/516436
2026-09-16,Valley,16:18,3,Baggios Gizmo,516436,Sporting Life,https://www.sportinglife.com/greyhounds/racecards/2026-09-16/valley/racecard/516436
2026-09-16,Valley,16:18,4,Riot Co Martin,516436,Sporting Life,https://www.sportinglife.com/greyhounds/racecards/2026-09-16/valley/racecard/516436
2026-09-16,Valley,16:18,5,Ballyregan Niamh,516436,Sporting Life,https://www.sportinglife.com/greyhounds/racecards/2026-09-16/valley/racecard/516436
2026-09-16,Valley,16:18,6,Taxi Joe,516436,Sporting Life,https://www.sportinglife.com/greyhounds/racecards/2026-09-16/valley/racecard/516436
2026-09-16,Valley,16:37,1,Boherdota Angel,516437,Sporting Life,https://www.sportinglife.com/greyhounds/racecards/2026-09-16/valley/racecard/516437
2026-09-16,Valley,16:37,2,Scala Brew,516437,Sporting Life,https://www.sportinglife.com/greyhounds/racecards/2026-09-16/valley/racecard/516437
2026-09-16,Valley,16:37,3,Flomur Smokie,516437,Sporting Life,https://www.sportinglife.com/greyhounds/racecards/2026-09-16/valley/racecard/516437
2026-09-16,Valley,16:37,4,Boherdota Flash,516437,Sporting Life,https://www.sportinglife.com/greyhounds/racecards/2026-09-16/valley/racecard/516437
2026-09-16,Valley,16:37,5,Scotrath Buck,516437,Sporting Life,https://www.sportinglife.com/greyhounds/racecards/2026-09-16/valley/racecard/516437
2026-09-16,Valley,16:56,1,Crokers Sista,516438,Sporting Life,https://www.sportinglife.com/greyhounds/racecards/2026-09-16/valley/racecard/516438
2026-09-16,Valley,16:56,2,Captainannie,516438,Sporting Life,https://www.sportinglife.com/greyhounds/racecards/2026-09-16/valley/racecard/516438
2026-09-16,Valley,16:56,3,Tobergal Denise,516438,Sporting Life,https://www.sportinglife.com/greyhounds/racecards/2026-09-16/valley/racecard/516438
2026-09-16,Valley,16:56,4,Ballygibba Liv,516438,Sporting Life,https://www.sportinglife.com/greyhounds/racecards/2026-09-16/valley/racecard/516438
2026-09-16,Valley,16:56,5,Kildallon Poppy,516438,Sporting Life,https://www.sportinglife.com/greyhounds/racecards/2026-09-16/valley/racecard/516438
2026-09-16,Valley,16:56,6,Cashback Express,516438,Sporting Life,https://www.sportinglife.com/greyhounds/racecards/2026-09-16/valley/racecard/516438
2026-09-16,Yarmouth,18:14,1,Who Dares Wins,516523,Sporting Life,https://www.sportinglife.com/greyhounds/racecards/2026-09-16/yarmouth/racecard/516523
2026-09-16,Yarmouth,18:14,2,Forgottotellya,516523,Sporting Life,https://www.sportinglife.com/greyhounds/racecards/2026-09-16/yarmouth/racecard/516523
2026-09-16,Yarmouth,18:14,3,Flashing Fender,516523,Sporting Life,https://www.sportinglife.com/greyhounds/racecards/2026-09-16/yarmouth/racecard/516523
2026-09-16,Yarmouth,18:14,4,Charlie Loves Me,516523,Sporting Life,https://www.sportinglife.com/greyhounds/racecards/2026-09-16/yarmouth/racecard/516523
2026-09-16,Yarmouth,18:14,5,Backing It Up,516523,Sporting Life,https://www.sportinglife.com/greyhounds/racecards/2026-09-16/yarmouth/racecard/516523
2026-09-16,Yarmouth,18:14,6,Ballymac Stud,516523,Sporting Life,https://www.sportinglife.com/greyhounds/racecards/2026-09-16/yarmouth/racecard/516523
2026-09-16,Yarmouth,18:31,1,Gundy,516524,Sporting Life,https://www.sportinglife.com/greyhounds/racecards/2026-09-16/yarmouth/racecard/516524
2026-09-16,Yarmouth,18:31,2,Crafty Alejandro,516524,Sporting Life,https://www.sportinglife.com/greyhounds/racecards/2026-09-16/yarmouth/racecard/516524
2026-09-16,Yarmouth,18:31,3,White Rolls,516524,Sporting Life,https://www.sportinglife.com/greyhounds/racecards/2026-09-16/yarmouth/racecard/516524
2026-09-16,Yarmouth,18:31,4,Alfies Lad,516524,Sporting Life,https://www.sportinglife.com/greyhounds/racecards/2026-09-16/yarmouth/racecard/516524
2026-09-16,Yarmouth,18:31,5,Essex Gunner,516524,Sporting Life,https://www.sportinglife.com/greyhounds/racecards/2026-09-16/yarmouth/racecard/516524
2026-09-16,Yarmouth,18:31,6,Emers Honeybee,516524,Sporting Life,https://www.sportinglife.com/greyhounds/racecards/2026-09-16/yarmouth/racecard/516524
2026-09-16,Yarmouth,18:48,1,Maggie Bombastic,516525,Sporting Life,https://www.sportinglife.com/greyhounds/racecards/2026-09-16/yarmouth/racecard/516525
2026-09-16,Yarmouth,18:48,2,Always Wrighty,516525,Sporting Life,https://www.sportinglife.com/greyhounds/racecards/2026-09-16/yarmouth/racecard/516525
2026-09-16,Yarmouth,18:48,3,Savana Cosmic,516525,Sporting Life,https://www.sportinglife.com/greyhounds/racecards/2026-09-16/yarmouth/racecard/516525
2026-09-16,Yarmouth,18:48,4,Venom Storm,516525,Sporting Life,https://www.sportinglife.com/greyhounds/racecards/2026-09-16/yarmouth/racecard/516525
2026-09-16,Yarmouth,18:48,5,Laugh Alot,516525,Sporting Life,https://www.sportinglife.com/greyhounds/racecards/2026-09-16/yarmouth/racecard/516525
2026-09-16,Yarmouth,18:48,6,Queen Lana,516525,Sporting Life,https://www.sportinglife.com/greyhounds/racecards/2026-09-16/yarmouth/racecard/516525
2026-09-16,Yarmouth,19:06,1,Lady Gambet,516526,Sporting Life,https://www.sportinglife.com/greyhounds/racecards/2026-09-16/yarmouth/racecard/516526
2026-09-16,Yarmouth,19:06,2,Old Rival,516526,Sporting Life,https://www.sportinglife.com/greyhounds/racecards/2026-09-16/yarmouth/racecard/516526
2026-09-16,Yarmouth,19:06,3,Droopys Mamie,516526,Sporting Life,https://www.sportinglife.com/greyhounds/racecards/2026-09-16/yarmouth/racecard/516526
2026-09-16,Yarmouth,19:06,4,Frankton Grange,516526,Sporting Life,https://www.sportinglife.com/greyhounds/racecards/2026-09-16/yarmouth/racecard/516526
2026-09-16,Yarmouth,19:06,5,Fastnet Freeze,516526,Sporting Life,https://www.sportinglife.com/greyhounds/racecards/2026-09-16/yarmouth/racecard/516526
2026-09-16,Yarmouth,19:06,6,Coalville Clown,516526,Sporting Life,https://www.sportinglife.com/greyhounds/racecards/2026-09-16/yarmouth/racecard/516526
2026-09-16,Yarmouth,19:22,1,Wait For This,516527,Sporting Life,https://www.sportinglife.com/greyhounds/racecards/2026-09-16/yarmouth/racecard/516527
2026-09-16,Yarmouth,19:22,2,Adamant Erin,516527,Sporting Life,https://www.sportinglife.com/greyhounds/racecards/2026-09-16/yarmouth/racecard/516527
2026-09-16,Yarmouth,19:22,3,Fashionably Late,516527,Sporting Life,https://www.sportinglife.com/greyhounds/racecards/2026-09-16/yarmouth/racecard/516527
2026-09-16,Yarmouth,19:22,4,Deelish Jack,516527,Sporting Life,https://www.sportinglife.com/greyhounds/racecards/2026-09-16/yarmouth/racecard/516527
2026-09-16,Yarmouth,19:22,5,Golden Acre,516527,Sporting Life,https://www.sportinglife.com/greyhounds/racecards/2026-09-16/yarmouth/racecard/516527
2026-09-16,Yarmouth,19:22,6,Murrow Pinatubo,516527,Sporting Life,https://www.sportinglife.com/greyhounds/racecards/2026-09-16/yarmouth/racecard/516527
2026-09-16,Yarmouth,19:39,1,Roanna Mamba,516528,Sporting Life,https://www.sportinglife.com/greyhounds/racecards/2026-09-16/yarmouth/racecard/516528
2026-09-16,Yarmouth,19:39,2,Nightingale Crew,516528,Sporting Life,https://www.sportinglife.com/greyhounds/racecards/2026-09-16/yarmouth/racecard/516528
2026-09-16,Yarmouth,19:39,3,Yahoo Megan,516528,Sporting Life,https://www.sportinglife.com/greyhounds/racecards/2026-09-16/yarmouth/racecard/516528
2026-09-16,Yarmouth,19:39,4,Up Quick,516528,Sporting Life,https://www.sportinglife.com/greyhounds/racecards/2026-09-16/yarmouth/racecard/516528
2026-09-16,Yarmouth,19:39,5,Cassandras Girl,516528,Sporting Life,https://www.sportinglife.com/greyhounds/racecards/2026-09-16/yarmouth/racecard/516528
2026-09-16,Yarmouth,19:39,6,Rileys Daughter,516528,Sporting Life,https://www.sportinglife.com/greyhounds/racecards/2026-09-16/yarmouth/racecard/516528
2026-09-16,Yarmouth,19:56,1,Capel Fortuna,516529,Sporting Life,https://www.sportinglife.com/greyhounds/racecards/2026-09-16/yarmouth/racecard/516529
2026-09-16,Yarmouth,19:56,2,Heres Ringo,516529,Sporting Life,https://www.sportinglife.com/greyhounds/racecards/2026-09-16/yarmouth/racecard/516529
2026-09-16,Yarmouth,19:56,3,New Ground,516529,Sporting Life,https://www.sportinglife.com/greyhounds/racecards/2026-09-16/yarmouth/racecard/516529
2026-09-16,Yarmouth,19:56,4,Cartoonist,516529,Sporting Life,https://www.sportinglife.com/greyhounds/racecards/2026-09-16/yarmouth/racecard/516529
2026-09-16,Yarmouth,19:56,5,Crypto Only Mate,516529,Sporting Life,https://www.sportinglife.com/greyhounds/racecards/2026-09-16/yarmouth/racecard/516529
2026-09-16,Yarmouth,19:56,6,Royal Hotshot,516529,Sporting Life,https://www.sportinglife.com/greyhounds/racecards/2026-09-16/yarmouth/racecard/516529
2026-09-16,Yarmouth,20:13,1,Chelms Charmer,516530,Sporting Life,https://www.sportinglife.com/greyhounds/racecards/2026-09-16/yarmouth/racecard/516530
2026-09-16,Yarmouth,20:13,2,Romeo Empire,516530,Sporting Life,https://www.sportinglife.com/greyhounds/racecards/2026-09-16/yarmouth/racecard/516530
2026-09-16,Yarmouth,20:13,3,Outdoor Cracker,516530,Sporting Life,https://www.sportinglife.com/greyhounds/racecards/2026-09-16/yarmouth/racecard/516530
2026-09-16,Yarmouth,20:13,4,Newinn Cloud,516530,Sporting Life,https://www.sportinglife.com/greyhounds/racecards/2026-09-16/yarmouth/racecard/516530
2026-09-16,Yarmouth,20:13,5,Aayamza Legend,516530,Sporting Life,https://www.sportinglife.com/greyhounds/racecards/2026-09-16/yarmouth/racecard/516530
2026-09-16,Yarmouth,20:13,6,Swift Depot,516530,Sporting Life,https://www.sportinglife.com/greyhounds/racecards/2026-09-16/yarmouth/racecard/516530
2026-09-16,Yarmouth,20:31,1,Bombay Magnetism,516531,Sporting Life,https://www.sportinglife.com/greyhounds/racecards/2026-09-16/yarmouth/racecard/516531
2026-09-16,Yarmouth,20:31,2,Wee Mac Kate,516531,Sporting Life,https://www.sportinglife.com/greyhounds/racecards/2026-09-16/yarmouth/racecard/516531
2026-09-16,Yarmouth,20:31,3,Rosshill Storm,516531,Sporting Life,https://www.sportinglife.com/greyhounds/racecards/2026-09-16/yarmouth/racecard/516531
2026-09-16,Yarmouth,20:31,4,Made Of Stone,516531,Sporting Life,https://www.sportinglife.com/greyhounds/racecards/2026-09-16/yarmouth/racecard/516531
2026-09-16,Yarmouth,20:31,5,Farneys Tilly,516531,Sporting Life,https://www.sportinglife.com/greyhounds/racecards/2026-09-16/yarmouth/racecard/516531
2026-09-16,Yarmouth,20:31,6,Roanna Twostroke,516531,Sporting Life,https://www.sportinglife.com/greyhounds/racecards/2026-09-16/yarmouth/racecard/516531
2026-09-16,Yarmouth,20:47,1,Hasselbomb,516532,Sporting Life,https://www.sportinglife.com/greyhounds/racecards/2026-09-16/yarmouth/racecard/516532
2026-09-16,Yarmouth,20:47,2,Montana Tiger,516532,Sporting Life,https://www.sportinglife.com/greyhounds/racecards/2026-09-16/yarmouth/racecard/516532
2026-09-16,Yarmouth,20:47,3,Romeo Ability,516532,Sporting Life,https://www.sportinglife.com/greyhounds/racecards/2026-09-16/yarmouth/racecard/516532
2026-09-16,Yarmouth,20:47,4,Aayamza Shazza,516532,Sporting Life,https://www.sportinglife.com/greyhounds/racecards/2026-09-16/yarmouth/racecard/516532
2026-09-16,Yarmouth,20:47,5,Strathrannoch,516532,Sporting Life,https://www.sportinglife.com/greyhounds/racecards/2026-09-16/yarmouth/racecard/516532
2026-09-16,Yarmouth,20:47,6,Droopys Buck,516532,Sporting Life,https://www.sportinglife.com/greyhounds/racecards/2026-09-16/yarmouth/racecard/516532
2026-09-16,Yarmouth,21:04,1,Rebel Joseph,516533,Sporting Life,https://www.sportinglife.com/greyhounds/racecards/2026-09-16/yarmouth/racecard/516533
2026-09-16,Yarmouth,21:04,2,Hunsdon Thor,516533,Sporting Life,https://www.sportinglife.com/greyhounds/racecards/2026-09-16/yarmouth/racecard/516533
2026-09-16,Yarmouth,21:04,3,Swift Illinois,516533,Sporting Life,https://www.sportinglife.com/greyhounds/racecards/2026-09-16/yarmouth/racecard/516533
2026-09-16,Yarmouth,21:04,4,Essjay Whisper,516533,Sporting Life,https://www.sportinglife.com/greyhounds/racecards/2026-09-16/yarmouth/racecard/516533
2026-09-16,Yarmouth,21:04,5,Dakota Lady,516533,Sporting Life,https://www.sportinglife.com/greyhounds/racecards/2026-09-16/yarmouth/racecard/516533
2026-09-16,Yarmouth,21:04,6,Longvale Elle,516533,Sporting Life,https://www.sportinglife.com/greyhounds/racecards/2026-09-16/yarmouth/racecard/516533
2026-09-16,Yarmouth,21:23,1,Isthatmyfella,516534,Sporting Life,https://www.sportinglife.com/greyhounds/racecards/2026-09-16/yarmouth/racecard/516534
2026-09-16,Yarmouth,21:23,2,Stormy Neymar,516534,Sporting Life,https://www.sportinglife.com/greyhounds/racecards/2026-09-16/yarmouth/racecard/516534
2026-09-16,Yarmouth,21:23,3,Lesleys Buddy,516534,Sporting Life,https://www.sportinglife.com/greyhounds/racecards/2026-09-16/yarmouth/racecard/516534
2026-09-16,Yarmouth,21:23,4,Dick Turpin,516534,Sporting Life,https://www.sportinglife.com/greyhounds/racecards/2026-09-16/yarmouth/racecard/516534
2026-09-16,Yarmouth,21:23,5,Jenesaisquoi,516534,Sporting Life,https://www.sportinglife.com/greyhounds/racecards/2026-09-16/yarmouth/racecard/516534
2026-09-16,Yarmouth,21:23,6,Bockos Waka Waka,516534,Sporting Life,https://www.sportinglife.com/greyhounds/racecards/2026-09-16/yarmouth/racecard/516534
