date,track,race_time,runner_number,dog_name,race_id,source,race_url
2026-09-11,Central Park,11:09,2,Speedy Delilah,515829,Sporting Life,https://www.sportinglife.com/greyhounds/racecards/2026-09-11/central-park/racecard/515829
2026-09-11,Central Park,11:09,3,Foxwood Dolly,515829,Sporting Life,https://www.sportinglife.com/greyhounds/racecards/2026-09-11/central-park/racecard/515829
2026-09-11,Central Park,11:09,4,Ivy Hill Angel,515829,Sporting Life,https://www.sportinglife.com/greyhounds/racecards/2026-09-11/central-park/racecard/515829
2026-09-11,Central Park,11:09,5,Earls Rosie,515829,Sporting Life,https://www.sportinglife.com/greyhounds/racecards/2026-09-11/central-park/racecard/515829
2026-09-11,Central Park,11:09,6,Hollyoak Speedy,515829,Sporting Life,https://www.sportinglife.com/greyhounds/racecards/2026-09-11/central-park/racecard/515829
2026-09-11,Central Park,11:27,1,Barmaid Michelle,515830,Sporting Life,https://www.sportinglife.com/greyhounds/racecards/2026-09-11/central-park/racecard/515830
2026-09-11,Central Park,11:27,2,Cold Blow Lane,515830,Sporting Life,https://www.sportinglife.com/greyhounds/racecards/2026-09-11/central-park/racecard/515830
2026-09-11,Central Park,11:27,3,Scary Moll Dolls,515830,Sporting Life,https://www.sportinglife.com/greyhounds/racecards/2026-09-11/central-park/racecard/515830
2026-09-11,Central Park,11:27,4,Silver Medal,515830,Sporting Life,https://www.sportinglife.com/greyhounds/racecards/2026-09-11/central-park/racecard/515830
2026-09-11,Central Park,11:27,5,Broadway Mist,515830,Sporting Life,https://www.sportinglife.com/greyhounds/racecards/2026-09-11/central-park/racecard/515830
2026-09-11,Central Park,11:27,6,Pearces Magic,515830,Sporting Life,https://www.sportinglife.com/greyhounds/racecards/2026-09-11/central-park/racecard/515830
2026-09-11,Central Park,11:43,1,Broadway Rose,515831,Sporting Life,https://www.sportinglife.com/greyhounds/racecards/2026-09-11/central-park/racecard/515831
2026-09-11,Central Park,11:43,2,Swift Vacation,515831,Sporting Life,https://www.sportinglife.com/greyhounds/racecards/2026-09-11/central-park/racecard/515831
2026-09-11,Central Park,11:43,3,Droopys Package,515831,Sporting Life,https://www.sportinglife.com/greyhounds/racecards/2026-09-11/central-park/racecard/515831
2026-09-11,Central Park,11:43,4,Pearces Bluebell,515831,Sporting Life,https://www.sportinglife.com/greyhounds/racecards/2026-09-11/central-park/racecard/515831
2026-09-11,Central Park,11:43,6,Rossa Annie,515831,Sporting Life,https://www.sportinglife.com/greyhounds/racecards/2026-09-11/central-park/racecard/515831
2026-09-11,Central Park,12:01,1,Socrates Smiled,515832,Sporting Life,https://www.sportinglife.com/greyhounds/racecards/2026-09-11/central-park/racecard/515832
2026-09-11,Central Park,12:01,2,Hollyoak Siobhan,515832,Sporting Life,https://www.sportinglife.com/greyhounds/racecards/2026-09-11/central-park/racecard/515832
2026-09-11,Central Park,12:01,3,Beach Bum,515832,Sporting Life,https://www.sportinglife.com/greyhounds/racecards/2026-09-11/central-park/racecard/515832
2026-09-11,Central Park,12:01,4,Shadow Warrior,515832,Sporting Life,https://www.sportinglife.com/greyhounds/racecards/2026-09-11/central-park/racecard/515832
2026-09-11,Central Park,12:01,5,Notorious Sue,515832,Sporting Life,https://www.sportinglife.com/greyhounds/racecards/2026-09-11/central-park/racecard/515832
2026-09-11,Central Park,12:18,1,Seals Beauty,515833,Sporting Life,https://www.sportinglife.com/greyhounds/racecards/2026-09-11/central-park/racecard/515833
2026-09-11,Central Park,12:18,3,Russmur Dancer,515833,Sporting Life,https://www.sportinglife.com/greyhounds/racecards/2026-09-11/central-park/racecard/515833
2026-09-11,Central Park,12:18,4,Whosdogisthat,515833,Sporting Life,https://www.sportinglife.com/greyhounds/racecards/2026-09-11/central-park/racecard/515833
2026-09-11,Central Park,12:18,5,Lively Gezza,515833,Sporting Life,https://www.sportinglife.com/greyhounds/racecards/2026-09-11/central-park/racecard/515833
2026-09-11,Central Park,12:18,6,Airlie Nambucca,515833,Sporting Life,https://www.sportinglife.com/greyhounds/racecards/2026-09-11/central-park/racecard/515833
2026-09-11,Central Park,12:34,1,Devonshire Lad,515834,Sporting Life,https://www.sportinglife.com/greyhounds/racecards/2026-09-11/central-park/racecard/515834
2026-09-11,Central Park,12:34,2,Westwood Betty,515834,Sporting Life,https://www.sportinglife.com/greyhounds/racecards/2026-09-11/central-park/racecard/515834
2026-09-11,Central Park,12:34,3,Westwood Gem,515834,Sporting Life,https://www.sportinglife.com/greyhounds/racecards/2026-09-11/central-park/racecard/515834
2026-09-11,Central Park,12:34,4,Miami Eagle,515834,Sporting Life,https://www.sportinglife.com/greyhounds/racecards/2026-09-11/central-park/racecard/515834
2026-09-11,Central Park,12:34,5,Swift Bree,515834,Sporting Life,https://www.sportinglife.com/greyhounds/racecards/2026-09-11/central-park/racecard/515834
2026-09-11,Central Park,12:34,6,Hardy Gringo,515834,Sporting Life,https://www.sportinglife.com/greyhounds/racecards/2026-09-11/central-park/racecard/515834
2026-09-11,Central Park,12:51,1,Tommys Goldstar,515835,Sporting Life,https://www.sportinglife.com/greyhounds/racecards/2026-09-11/central-park/racecard/515835
2026-09-11,Central Park,12:51,2,Hollyoak Maggie,515835,Sporting Life,https://www.sportinglife.com/greyhounds/racecards/2026-09-11/central-park/racecard/515835
2026-09-11,Central Park,12:51,4,Woodys Womble,515835,Sporting Life,https://www.sportinglife.com/greyhounds/racecards/2026-09-11/central-park/racecard/515835
2026-09-11,Central Park,12:51,5,Fawkham Sunrise,515835,Sporting Life,https://www.sportinglife.com/greyhounds/racecards/2026-09-11/central-park/racecard/515835
2026-09-11,Central Park,12:51,6,Catunda Miley,515835,Sporting Life,https://www.sportinglife.com/greyhounds/racecards/2026-09-11/central-park/racecard/515835
2026-09-11,Central Park,13:08,1,Ravestock Buck,515836,Sporting Life,https://www.sportinglife.com/greyhounds/racecards/2026-09-11/central-park/racecard/515836
2026-09-11,Central Park,13:08,2,Harlequin Upbeat,515836,Sporting Life,https://www.sportinglife.com/greyhounds/racecards/2026-09-11/central-park/racecard/515836
2026-09-11,Central Park,13:08,3,Speedy Uso,515836,Sporting Life,https://www.sportinglife.com/greyhounds/racecards/2026-09-11/central-park/racecard/515836
2026-09-11,Central Park,13:08,4,Millbank Jasmine,515836,Sporting Life,https://www.sportinglife.com/greyhounds/racecards/2026-09-11/central-park/racecard/515836
2026-09-11,Central Park,13:08,5,Devon Dolly,515836,Sporting Life,https://www.sportinglife.com/greyhounds/racecards/2026-09-11/central-park/racecard/515836
2026-09-11,Central Park,13:08,6,Ballydoyle Megan,515836,Sporting Life,https://www.sportinglife.com/greyhounds/racecards/2026-09-11/central-park/racecard/515836
2026-09-11,Central Park,13:26,1,Freda My Blondie,515837,Sporting Life,https://www.sportinglife.com/greyhounds/racecards/2026-09-11/central-park/racecard/515837
2026-09-11,Central Park,13:26,2,Run On Queen,515837,Sporting Life,https://www.sportinglife.com/greyhounds/racecards/2026-09-11/central-park/racecard/515837
2026-09-11,Central Park,13:26,3,Hollyoak Mercury,515837,Sporting Life,https://www.sportinglife.com/greyhounds/racecards/2026-09-11/central-park/racecard/515837
2026-09-11,Central Park,13:26,4,Yellow Submarine,515837,Sporting Life,https://www.sportinglife.com/greyhounds/racecards/2026-09-11/central-park/racecard/515837
2026-09-11,Central Park,13:26,5,Hollyhill Patsy,515837,Sporting Life,https://www.sportinglife.com/greyhounds/racecards/2026-09-11/central-park/racecard/515837
2026-09-11,Central Park,13:26,6,Marinas Bubble,515837,Sporting Life,https://www.sportinglife.com/greyhounds/racecards/2026-09-11/central-park/racecard/515837
2026-09-11,Central Park,13:42,1,Catch My Girl,515838,Sporting Life,https://www.sportinglife.com/greyhounds/racecards/2026-09-11/central-park/racecard/515838
2026-09-11,Central Park,13:42,2,Snowdon Mel,515838,Sporting Life,https://www.sportinglife.com/greyhounds/racecards/2026-09-11/central-park/racecard/515838
2026-09-11,Central Park,13:42,3,Bower Kerry,515838,Sporting Life,https://www.sportinglife.com/greyhounds/racecards/2026-09-11/central-park/racecard/515838
2026-09-11,Central Park,13:42,5,Jumpstart Sarah,515838,Sporting Life,https://www.sportinglife.com/greyhounds/racecards/2026-09-11/central-park/racecard/515838
2026-09-11,Central Park,13:42,6,Simon John,515838,Sporting Life,https://www.sportinglife.com/greyhounds/racecards/2026-09-11/central-park/racecard/515838
2026-09-11,Central Park,13:59,1,Eire Beetle,515839,Sporting Life,https://www.sportinglife.com/greyhounds/racecards/2026-09-11/central-park/racecard/515839
2026-09-11,Central Park,13:59,2,Keggal Sadie,515839,Sporting Life,https://www.sportinglife.com/greyhounds/racecards/2026-09-11/central-park/racecard/515839
2026-09-11,Central Park,13:59,3,Montana Lady,515839,Sporting Life,https://www.sportinglife.com/greyhounds/racecards/2026-09-11/central-park/racecard/515839
2026-09-11,Central Park,13:59,4,Samrose Jet,515839,Sporting Life,https://www.sportinglife.com/greyhounds/racecards/2026-09-11/central-park/racecard/515839
2026-09-11,Central Park,13:59,5,Kajoruns Bert,515839,Sporting Life,https://www.sportinglife.com/greyhounds/racecards/2026-09-11/central-park/racecard/515839
2026-09-11,Central Park,13:59,6,Classic Orla,515839,Sporting Life,https://www.sportinglife.com/greyhounds/racecards/2026-09-11/central-park/racecard/515839
2026-09-11,Central Park,14:14,1,Dunbolg Stream,515840,Sporting Life,https://www.sportinglife.com/greyhounds/racecards/2026-09-11/central-park/racecard/515840
2026-09-11,Central Park,14:14,2,Traceys Mol,515840,Sporting Life,https://www.sportinglife.com/greyhounds/racecards/2026-09-11/central-park/racecard/515840
2026-09-11,Central Park,14:14,3,Moaning Saka,515840,Sporting Life,https://www.sportinglife.com/greyhounds/racecards/2026-09-11/central-park/racecard/515840
2026-09-11,Central Park,14:14,4,Darley Devaletta,515840,Sporting Life,https://www.sportinglife.com/greyhounds/racecards/2026-09-11/central-park/racecard/515840
2026-09-11,Central Park,14:14,5,Beach Penny,515840,Sporting Life,https://www.sportinglife.com/greyhounds/racecards/2026-09-11/central-park/racecard/515840
2026-09-11,Central Park,14:14,6,Hollyoak Dally,515840,Sporting Life,https://www.sportinglife.com/greyhounds/racecards/2026-09-11/central-park/racecard/515840
2026-09-11,Harlow,10:32,1,Moaning Martini,515865,Sporting Life,https://www.sportinglife.com/greyhounds/racecards/2026-09-11/harlow/racecard/515865
2026-09-11,Harlow,10:32,2,Gooner Be Good,515865,Sporting Life,https://www.sportinglife.com/greyhounds/racecards/2026-09-11/harlow/racecard/515865
2026-09-11,Harlow,10:32,3,Nipper,515865,Sporting Life,https://www.sportinglife.com/greyhounds/racecards/2026-09-11/harlow/racecard/515865
2026-09-11,Harlow,10:32,4,Donegal Shane,515865,Sporting Life,https://www.sportinglife.com/greyhounds/racecards/2026-09-11/harlow/racecard/515865
2026-09-11,Harlow,10:32,5,Coolruss Izzy,515865,Sporting Life,https://www.sportinglife.com/greyhounds/racecards/2026-09-11/harlow/racecard/515865
2026-09-11,Harlow,10:32,6,Ballinabola Vol,515865,Sporting Life,https://www.sportinglife.com/greyhounds/racecards/2026-09-11/harlow/racecard/515865
2026-09-11,Harlow,10:48,1,Fenview Ladygrey,515866,Sporting Life,https://www.sportinglife.com/greyhounds/racecards/2026-09-11/harlow/racecard/515866
2026-09-11,Harlow,10:48,2,Rhombus Lass,515866,Sporting Life,https://www.sportinglife.com/greyhounds/racecards/2026-09-11/harlow/racecard/515866
2026-09-11,Harlow,10:48,3,Moaning Louise,515866,Sporting Life,https://www.sportinglife.com/greyhounds/racecards/2026-09-11/harlow/racecard/515866
2026-09-11,Harlow,10:48,4,Crying Jonesy,515866,Sporting Life,https://www.sportinglife.com/greyhounds/racecards/2026-09-11/harlow/racecard/515866
2026-09-11,Harlow,10:48,5,Kiskillo,515866,Sporting Life,https://www.sportinglife.com/greyhounds/racecards/2026-09-11/harlow/racecard/515866
2026-09-11,Harlow,10:48,6,Jamaica Luna,515866,Sporting Life,https://www.sportinglife.com/greyhounds/racecards/2026-09-11/harlow/racecard/515866
2026-09-11,Harlow,11:04,1,Blue Gemstone,515867,Sporting Life,https://www.sportinglife.com/greyhounds/racecards/2026-09-11/harlow/racecard/515867
2026-09-11,Harlow,11:04,2,Moaning Mccoist,515867,Sporting Life,https://www.sportinglife.com/greyhounds/racecards/2026-09-11/harlow/racecard/515867
2026-09-11,Harlow,11:04,3,Caislean Champ,515867,Sporting Life,https://www.sportinglife.com/greyhounds/racecards/2026-09-11/harlow/racecard/515867
2026-09-11,Harlow,11:04,4,Foxrock Alfie,515867,Sporting Life,https://www.sportinglife.com/greyhounds/racecards/2026-09-11/harlow/racecard/515867
2026-09-11,Harlow,11:04,5,Smiling Ollie,515867,Sporting Life,https://www.sportinglife.com/greyhounds/racecards/2026-09-11/harlow/racecard/515867
2026-09-11,Harlow,11:04,6,Miss Margaret,515867,Sporting Life,https://www.sportinglife.com/greyhounds/racecards/2026-09-11/harlow/racecard/515867
2026-09-11,Harlow,11:21,1,Likeyoustoleit,515868,Sporting Life,https://www.sportinglife.com/greyhounds/racecards/2026-09-11/harlow/racecard/515868
2026-09-11,Harlow,11:21,2,Joys Of Danielle,515868,Sporting Life,https://www.sportinglife.com/greyhounds/racecards/2026-09-11/harlow/racecard/515868
2026-09-11,Harlow,11:21,3,No Worries Dave,515868,Sporting Life,https://www.sportinglife.com/greyhounds/racecards/2026-09-11/harlow/racecard/515868
2026-09-11,Harlow,11:21,4,Cofam Princess,515868,Sporting Life,https://www.sportinglife.com/greyhounds/racecards/2026-09-11/harlow/racecard/515868
2026-09-11,Harlow,11:21,5,Honeygar Duke,515868,Sporting Life,https://www.sportinglife.com/greyhounds/racecards/2026-09-11/harlow/racecard/515868
2026-09-11,Harlow,11:38,1,Fenview Tammy,515869,Sporting Life,https://www.sportinglife.com/greyhounds/racecards/2026-09-11/harlow/racecard/515869
2026-09-11,Harlow,11:38,3,Townsend Peggy,515869,Sporting Life,https://www.sportinglife.com/greyhounds/racecards/2026-09-11/harlow/racecard/515869
2026-09-11,Harlow,11:38,4,Moaning Gamble,515869,Sporting Life,https://www.sportinglife.com/greyhounds/racecards/2026-09-11/harlow/racecard/515869
2026-09-11,Harlow,11:38,5,Salems Mickey,515869,Sporting Life,https://www.sportinglife.com/greyhounds/racecards/2026-09-11/harlow/racecard/515869
2026-09-11,Harlow,11:38,6,For Noreen,515869,Sporting Life,https://www.sportinglife.com/greyhounds/racecards/2026-09-11/harlow/racecard/515869
2026-09-11,Harlow,11:54,1,Sunnyside Ellie,515870,Sporting Life,https://www.sportinglife.com/greyhounds/racecards/2026-09-11/harlow/racecard/515870
2026-09-11,Harlow,11:54,2,Ballyer Rallyer,515870,Sporting Life,https://www.sportinglife.com/greyhounds/racecards/2026-09-11/harlow/racecard/515870
2026-09-11,Harlow,11:54,3,Catunda Alex,515870,Sporting Life,https://www.sportinglife.com/greyhounds/racecards/2026-09-11/harlow/racecard/515870
2026-09-11,Harlow,11:54,4,Traptoline Elena,515870,Sporting Life,https://www.sportinglife.com/greyhounds/racecards/2026-09-11/harlow/racecard/515870
2026-09-11,Harlow,11:54,5,Westfield Aida,515870,Sporting Life,https://www.sportinglife.com/greyhounds/racecards/2026-09-11/harlow/racecard/515870
2026-09-11,Harlow,11:54,6,Simply Perfect,515870,Sporting Life,https://www.sportinglife.com/greyhounds/racecards/2026-09-11/harlow/racecard/515870
2026-09-11,Harlow,12:12,1,Glenadda Lily,515871,Sporting Life,https://www.sportinglife.com/greyhounds/racecards/2026-09-11/harlow/racecard/515871
2026-09-11,Harlow,12:12,2,Day Tripper,515871,Sporting Life,https://www.sportinglife.com/greyhounds/racecards/2026-09-11/harlow/racecard/515871
2026-09-11,Harlow,12:12,3,Salems Anarchy,515871,Sporting Life,https://www.sportinglife.com/greyhounds/racecards/2026-09-11/harlow/racecard/515871
2026-09-11,Harlow,12:12,4,Minnies Volga,515871,Sporting Life,https://www.sportinglife.com/greyhounds/racecards/2026-09-11/harlow/racecard/515871
2026-09-11,Harlow,12:12,5,Tis The Time,515871,Sporting Life,https://www.sportinglife.com/greyhounds/racecards/2026-09-11/harlow/racecard/515871
2026-09-11,Harlow,12:12,6,Ardnasool Hulk,515871,Sporting Life,https://www.sportinglife.com/greyhounds/racecards/2026-09-11/harlow/racecard/515871
2026-09-11,Harlow,12:29,2,Pavilion Hoggie,515872,Sporting Life,https://www.sportinglife.com/greyhounds/racecards/2026-09-11/harlow/racecard/515872
2026-09-11,Harlow,12:29,3,Manic Monday,515872,Sporting Life,https://www.sportinglife.com/greyhounds/racecards/2026-09-11/harlow/racecard/515872
2026-09-11,Harlow,12:29,4,Fairhill Autumn,515872,Sporting Life,https://www.sportinglife.com/greyhounds/racecards/2026-09-11/harlow/racecard/515872
2026-09-11,Harlow,12:29,5,Barrington Chap,515872,Sporting Life,https://www.sportinglife.com/greyhounds/racecards/2026-09-11/harlow/racecard/515872
2026-09-11,Harlow,12:29,6,Moaning Versace,515872,Sporting Life,https://www.sportinglife.com/greyhounds/racecards/2026-09-11/harlow/racecard/515872
2026-09-11,Harlow,12:46,1,Budge Up,515873,Sporting Life,https://www.sportinglife.com/greyhounds/racecards/2026-09-11/harlow/racecard/515873
2026-09-11,Harlow,12:46,2,Marys Glen,515873,Sporting Life,https://www.sportinglife.com/greyhounds/racecards/2026-09-11/harlow/racecard/515873
2026-09-11,Harlow,12:46,3,Paradise Liberty,515873,Sporting Life,https://www.sportinglife.com/greyhounds/racecards/2026-09-11/harlow/racecard/515873
2026-09-11,Harlow,12:46,4,Syls Angel,515873,Sporting Life,https://www.sportinglife.com/greyhounds/racecards/2026-09-11/harlow/racecard/515873
2026-09-11,Harlow,12:46,5,Mikeys Pick,515873,Sporting Life,https://www.sportinglife.com/greyhounds/racecards/2026-09-11/harlow/racecard/515873
2026-09-11,Harlow,12:46,6,Skidrow Strongbo,515873,Sporting Life,https://www.sportinglife.com/greyhounds/racecards/2026-09-11/harlow/racecard/515873
2026-09-11,Harlow,13:03,1,Tapa Torpedo,515874,Sporting Life,https://www.sportinglife.com/greyhounds/racecards/2026-09-11/harlow/racecard/515874
2026-09-11,Harlow,13:03,2,Rathmeehan Suzy,515874,Sporting Life,https://www.sportinglife.com/greyhounds/racecards/2026-09-11/harlow/racecard/515874
2026-09-11,Harlow,13:03,3,Edanmount Lady,515874,Sporting Life,https://www.sportinglife.com/greyhounds/racecards/2026-09-11/harlow/racecard/515874
2026-09-11,Harlow,13:03,4,Moaning Tini,515874,Sporting Life,https://www.sportinglife.com/greyhounds/racecards/2026-09-11/harlow/racecard/515874
2026-09-11,Harlow,13:03,5,Sine Nomine,515874,Sporting Life,https://www.sportinglife.com/greyhounds/racecards/2026-09-11/harlow/racecard/515874
2026-09-11,Harlow,13:03,6,Kilbobbin Benny,515874,Sporting Life,https://www.sportinglife.com/greyhounds/racecards/2026-09-11/harlow/racecard/515874
2026-09-11,Harlow,13:19,1,Havana Kaci,515875,Sporting Life,https://www.sportinglife.com/greyhounds/racecards/2026-09-11/harlow/racecard/515875
2026-09-11,Harlow,13:19,2,Da Danna,515875,Sporting Life,https://www.sportinglife.com/greyhounds/racecards/2026-09-11/harlow/racecard/515875
2026-09-11,Harlow,13:19,3,Alfies Jet,515875,Sporting Life,https://www.sportinglife.com/greyhounds/racecards/2026-09-11/harlow/racecard/515875
2026-09-11,Harlow,13:19,4,Ballymac Julia,515875,Sporting Life,https://www.sportinglife.com/greyhounds/racecards/2026-09-11/harlow/racecard/515875
2026-09-11,Harlow,13:19,5,Whodoyoucolm,515875,Sporting Life,https://www.sportinglife.com/greyhounds/racecards/2026-09-11/harlow/racecard/515875
2026-09-11,Harlow,13:19,6,Edermine Bucks,515875,Sporting Life,https://www.sportinglife.com/greyhounds/racecards/2026-09-11/harlow/racecard/515875
2026-09-11,Harlow,13:37,2,Crucial Ruby,515876,Sporting Life,https://www.sportinglife.com/greyhounds/racecards/2026-09-11/harlow/racecard/515876
2026-09-11,Harlow,13:37,3,Moaning Hagler,515876,Sporting Life,https://www.sportinglife.com/greyhounds/racecards/2026-09-11/harlow/racecard/515876
2026-09-11,Harlow,13:37,4,Moaning May,515876,Sporting Life,https://www.sportinglife.com/greyhounds/racecards/2026-09-11/harlow/racecard/515876
2026-09-11,Harlow,13:37,5,Pips Rosie,515876,Sporting Life,https://www.sportinglife.com/greyhounds/racecards/2026-09-11/harlow/racecard/515876
2026-09-11,Harlow,13:37,6,Tinas Liberty,515876,Sporting Life,https://www.sportinglife.com/greyhounds/racecards/2026-09-11/harlow/racecard/515876
2026-09-11,Harlow,13:54,1,Salems Lily,515877,Sporting Life,https://www.sportinglife.com/greyhounds/racecards/2026-09-11/harlow/racecard/515877
2026-09-11,Harlow,13:54,2,Bit Of Cover,515877,Sporting Life,https://www.sportinglife.com/greyhounds/racecards/2026-09-11/harlow/racecard/515877
2026-09-11,Harlow,13:54,3,Edermine Magic,515877,Sporting Life,https://www.sportinglife.com/greyhounds/racecards/2026-09-11/harlow/racecard/515877
2026-09-11,Harlow,13:54,4,Cree Lullaby,515877,Sporting Life,https://www.sportinglife.com/greyhounds/racecards/2026-09-11/harlow/racecard/515877
2026-09-11,Harlow,13:54,5,Scroggy Moe,515877,Sporting Life,https://www.sportinglife.com/greyhounds/racecards/2026-09-11/harlow/racecard/515877
2026-09-11,Harlow,13:54,6,Divine Rule,515877,Sporting Life,https://www.sportinglife.com/greyhounds/racecards/2026-09-11/harlow/racecard/515877
2026-09-11,Harlow,14:11,1,Soldeu,515878,Sporting Life,https://www.sportinglife.com/greyhounds/racecards/2026-09-11/harlow/racecard/515878
2026-09-11,Harlow,14:11,2,Adamant Breeze,515878,Sporting Life,https://www.sportinglife.com/greyhounds/racecards/2026-09-11/harlow/racecard/515878
2026-09-11,Harlow,14:11,3,Trapper Joe,515878,Sporting Life,https://www.sportinglife.com/greyhounds/racecards/2026-09-11/harlow/racecard/515878
2026-09-11,Harlow,14:11,4,Brandywell King,515878,Sporting Life,https://www.sportinglife.com/greyhounds/racecards/2026-09-11/harlow/racecard/515878
2026-09-11,Harlow,14:11,5,Catunda Remi,515878,Sporting Life,https://www.sportinglife.com/greyhounds/racecards/2026-09-11/harlow/racecard/515878
2026-09-11,Harlow,14:11,6,Dynamic Logan,515878,Sporting Life,https://www.sportinglife.com/greyhounds/racecards/2026-09-11/harlow/racecard/515878
2026-09-11,Harlow,17:51,1,Sweetpea,515888,Sporting Life,https://www.sportinglife.com/greyhounds/racecards/2026-09-11/harlow/racecard/515888
2026-09-11,Harlow,17:51,2,Harveys Girl,515888,Sporting Life,https://www.sportinglife.com/greyhounds/racecards/2026-09-11/harlow/racecard/515888
2026-09-11,Harlow,17:51,3,Colrose Queen,515888,Sporting Life,https://www.sportinglife.com/greyhounds/racecards/2026-09-11/harlow/racecard/515888
2026-09-11,Harlow,17:51,4,Slipalong Don,515888,Sporting Life,https://www.sportinglife.com/greyhounds/racecards/2026-09-11/harlow/racecard/515888
2026-09-11,Harlow,17:51,5,Hell Mary,515888,Sporting Life,https://www.sportinglife.com/greyhounds/racecards/2026-09-11/harlow/racecard/515888
2026-09-11,Harlow,17:51,6,Baran Maverick,515888,Sporting Life,https://www.sportinglife.com/greyhounds/racecards/2026-09-11/harlow/racecard/515888
2026-09-11,Harlow,18:11,1,Savana Bridget,515889,Sporting Life,https://www.sportinglife.com/greyhounds/racecards/2026-09-11/harlow/racecard/515889
2026-09-11,Harlow,18:11,2,Savana Ohmy Jo,515889,Sporting Life,https://www.sportinglife.com/greyhounds/racecards/2026-09-11/harlow/racecard/515889
2026-09-11,Harlow,18:11,3,Grouchos King,515889,Sporting Life,https://www.sportinglife.com/greyhounds/racecards/2026-09-11/harlow/racecard/515889
2026-09-11,Harlow,18:11,4,Spade Work,515889,Sporting Life,https://www.sportinglife.com/greyhounds/racecards/2026-09-11/harlow/racecard/515889
2026-09-11,Harlow,18:11,5,Essjay Tornado,515889,Sporting Life,https://www.sportinglife.com/greyhounds/racecards/2026-09-11/harlow/racecard/515889
2026-09-11,Harlow,18:11,6,Lily Sixtyeight,515889,Sporting Life,https://www.sportinglife.com/greyhounds/racecards/2026-09-11/harlow/racecard/515889
2026-09-11,Harlow,18:29,1,Savana Ripple,515890,Sporting Life,https://www.sportinglife.com/greyhounds/racecards/2026-09-11/harlow/racecard/515890
2026-09-11,Harlow,18:29,2,Dashgrove Sam,515890,Sporting Life,https://www.sportinglife.com/greyhounds/racecards/2026-09-11/harlow/racecard/515890
2026-09-11,Harlow,18:29,3,Sals Pepsi,515890,Sporting Life,https://www.sportinglife.com/greyhounds/racecards/2026-09-11/harlow/racecard/515890
2026-09-11,Harlow,18:29,4,Early Pace,515890,Sporting Life,https://www.sportinglife.com/greyhounds/racecards/2026-09-11/harlow/racecard/515890
2026-09-11,Harlow,18:29,6,Good Rex,515890,Sporting Life,https://www.sportinglife.com/greyhounds/racecards/2026-09-11/harlow/racecard/515890
2026-09-11,Harlow,18:46,1,Luscious Linda,515891,Sporting Life,https://www.sportinglife.com/greyhounds/racecards/2026-09-11/harlow/racecard/515891
2026-09-11,Harlow,18:46,2,Keefill Coco,515891,Sporting Life,https://www.sportinglife.com/greyhounds/racecards/2026-09-11/harlow/racecard/515891
2026-09-11,Harlow,18:46,3,Headford Duchess,515891,Sporting Life,https://www.sportinglife.com/greyhounds/racecards/2026-09-11/harlow/racecard/515891
2026-09-11,Harlow,18:46,4,Likely Lads,515891,Sporting Life,https://www.sportinglife.com/greyhounds/racecards/2026-09-11/harlow/racecard/515891
2026-09-11,Harlow,18:46,5,Savana Shady,515891,Sporting Life,https://www.sportinglife.com/greyhounds/racecards/2026-09-11/harlow/racecard/515891
2026-09-11,Harlow,18:46,6,Bisto Rio,515891,Sporting Life,https://www.sportinglife.com/greyhounds/racecards/2026-09-11/harlow/racecard/515891
2026-09-11,Harlow,19:04,1,Kender,515892,Sporting Life,https://www.sportinglife.com/greyhounds/racecards/2026-09-11/harlow/racecard/515892
2026-09-11,Harlow,19:04,2,Glenvale Sasha,515892,Sporting Life,https://www.sportinglife.com/greyhounds/racecards/2026-09-11/harlow/racecard/515892
2026-09-11,Harlow,19:04,3,Swift Zaylee,515892,Sporting Life,https://www.sportinglife.com/greyhounds/racecards/2026-09-11/harlow/racecard/515892
2026-09-11,Harlow,19:04,4,Fortunate Rose,515892,Sporting Life,https://www.sportinglife.com/greyhounds/racecards/2026-09-11/harlow/racecard/515892
2026-09-11,Harlow,19:04,6,Leathems Bingo,515892,Sporting Life,https://www.sportinglife.com/greyhounds/racecards/2026-09-11/harlow/racecard/515892
2026-09-11,Harlow,19:24,1,Skirk Sky,515893,Sporting Life,https://www.sportinglife.com/greyhounds/racecards/2026-09-11/harlow/racecard/515893
2026-09-11,Harlow,19:24,2,Swift Uno,515893,Sporting Life,https://www.sportinglife.com/greyhounds/racecards/2026-09-11/harlow/racecard/515893
2026-09-11,Harlow,19:24,3,Savana Snowflake,515893,Sporting Life,https://www.sportinglife.com/greyhounds/racecards/2026-09-11/harlow/racecard/515893
2026-09-11,Harlow,19:24,4,Britbull Mafia,515893,Sporting Life,https://www.sportinglife.com/greyhounds/racecards/2026-09-11/harlow/racecard/515893
2026-09-11,Harlow,19:24,5,Savana Bueno,515893,Sporting Life,https://www.sportinglife.com/greyhounds/racecards/2026-09-11/harlow/racecard/515893
2026-09-11,Harlow,19:24,6,Snoozing Plum,515893,Sporting Life,https://www.sportinglife.com/greyhounds/racecards/2026-09-11/harlow/racecard/515893
2026-09-11,Harlow,19:42,1,Yo Twilight,515894,Sporting Life,https://www.sportinglife.com/greyhounds/racecards/2026-09-11/harlow/racecard/515894
2026-09-11,Harlow,19:42,2,Savana Kayce,515894,Sporting Life,https://www.sportinglife.com/greyhounds/racecards/2026-09-11/harlow/racecard/515894
2026-09-11,Harlow,19:42,3,Mabels Ribbons,515894,Sporting Life,https://www.sportinglife.com/greyhounds/racecards/2026-09-11/harlow/racecard/515894
2026-09-11,Harlow,19:42,4,Alohas Dream,515894,Sporting Life,https://www.sportinglife.com/greyhounds/racecards/2026-09-11/harlow/racecard/515894
2026-09-11,Harlow,19:42,5,Tobergal Poppy,515894,Sporting Life,https://www.sportinglife.com/greyhounds/racecards/2026-09-11/harlow/racecard/515894
2026-09-11,Harlow,19:42,6,Signet Toofy,515894,Sporting Life,https://www.sportinglife.com/greyhounds/racecards/2026-09-11/harlow/racecard/515894
2026-09-11,Harlow,19:58,1,Salems Blues,515895,Sporting Life,https://www.sportinglife.com/greyhounds/racecards/2026-09-11/harlow/racecard/515895
2026-09-11,Harlow,19:58,2,Townsend Abby,515895,Sporting Life,https://www.sportinglife.com/greyhounds/racecards/2026-09-11/harlow/racecard/515895
2026-09-11,Harlow,19:58,3,Doreens Poppy,515895,Sporting Life,https://www.sportinglife.com/greyhounds/racecards/2026-09-11/harlow/racecard/515895
2026-09-11,Harlow,19:58,4,Samrose Taylor,515895,Sporting Life,https://www.sportinglife.com/greyhounds/racecards/2026-09-11/harlow/racecard/515895
2026-09-11,Harlow,19:58,6,Alno Sue,515895,Sporting Life,https://www.sportinglife.com/greyhounds/racecards/2026-09-11/harlow/racecard/515895
2026-09-11,Harlow,20:16,1,Old Fort Lakota,515896,Sporting Life,https://www.sportinglife.com/greyhounds/racecards/2026-09-11/harlow/racecard/515896
2026-09-11,Harlow,20:16,3,Signet Dude,515896,Sporting Life,https://www.sportinglife.com/greyhounds/racecards/2026-09-11/harlow/racecard/515896
2026-09-11,Harlow,20:16,4,Savana Catapilla,515896,Sporting Life,https://www.sportinglife.com/greyhounds/racecards/2026-09-11/harlow/racecard/515896
2026-09-11,Harlow,20:16,5,Crafty Hopscotch,515896,Sporting Life,https://www.sportinglife.com/greyhounds/racecards/2026-09-11/harlow/racecard/515896
2026-09-11,Harlow,20:16,6,Baggins Lad,515896,Sporting Life,https://www.sportinglife.com/greyhounds/racecards/2026-09-11/harlow/racecard/515896
2026-09-11,Harlow,20:34,1,Hawkfield Kopek,515897,Sporting Life,https://www.sportinglife.com/greyhounds/racecards/2026-09-11/harlow/racecard/515897
2026-09-11,Harlow,20:34,2,Jura Yala Enki,515897,Sporting Life,https://www.sportinglife.com/greyhounds/racecards/2026-09-11/harlow/racecard/515897
2026-09-11,Harlow,20:34,3,Savana Heaven,515897,Sporting Life,https://www.sportinglife.com/greyhounds/racecards/2026-09-11/harlow/racecard/515897
2026-09-11,Harlow,20:34,4,Luminous Cutie,515897,Sporting Life,https://www.sportinglife.com/greyhounds/racecards/2026-09-11/harlow/racecard/515897
2026-09-11,Harlow,20:34,6,Canya Queue,515897,Sporting Life,https://www.sportinglife.com/greyhounds/racecards/2026-09-11/harlow/racecard/515897
2026-09-11,Harlow,20:52,1,Yo Cashout,515898,Sporting Life,https://www.sportinglife.com/greyhounds/racecards/2026-09-11/harlow/racecard/515898
2026-09-11,Harlow,20:52,3,Jura Go Bucko,515898,Sporting Life,https://www.sportinglife.com/greyhounds/racecards/2026-09-11/harlow/racecard/515898
2026-09-11,Harlow,20:52,4,Eden Weasley,515898,Sporting Life,https://www.sportinglife.com/greyhounds/racecards/2026-09-11/harlow/racecard/515898
2026-09-11,Harlow,20:52,5,Green Giants,515898,Sporting Life,https://www.sportinglife.com/greyhounds/racecards/2026-09-11/harlow/racecard/515898
2026-09-11,Harlow,20:52,6,Alohas Comet,515898,Sporting Life,https://www.sportinglife.com/greyhounds/racecards/2026-09-11/harlow/racecard/515898
2026-09-11,Harlow,21:09,1,Nolas Bigfoot,515899,Sporting Life,https://www.sportinglife.com/greyhounds/racecards/2026-09-11/harlow/racecard/515899
2026-09-11,Harlow,21:09,2,Dunnanelly Exit,515899,Sporting Life,https://www.sportinglife.com/greyhounds/racecards/2026-09-11/harlow/racecard/515899
2026-09-11,Harlow,21:09,3,Savana Albert,515899,Sporting Life,https://www.sportinglife.com/greyhounds/racecards/2026-09-11/harlow/racecard/515899
2026-09-11,Harlow,21:09,4,Tullycanna Sadie,515899,Sporting Life,https://www.sportinglife.com/greyhounds/racecards/2026-09-11/harlow/racecard/515899
2026-09-11,Harlow,21:09,5,Solo,515899,Sporting Life,https://www.sportinglife.com/greyhounds/racecards/2026-09-11/harlow/racecard/515899
2026-09-11,Harlow,21:09,6,Tableseventyone,515899,Sporting Life,https://www.sportinglife.com/greyhounds/racecards/2026-09-11/harlow/racecard/515899
2026-09-11,Harlow,21:26,1,Kilgarran Rub,515900,Sporting Life,https://www.sportinglife.com/greyhounds/racecards/2026-09-11/harlow/racecard/515900
2026-09-11,Harlow,21:26,2,Jumbos Cairo,515900,Sporting Life,https://www.sportinglife.com/greyhounds/racecards/2026-09-11/harlow/racecard/515900
2026-09-11,Harlow,21:26,3,Ello Elle,515900,Sporting Life,https://www.sportinglife.com/greyhounds/racecards/2026-09-11/harlow/racecard/515900
2026-09-11,Harlow,21:26,4,My Bella Rose,515900,Sporting Life,https://www.sportinglife.com/greyhounds/racecards/2026-09-11/harlow/racecard/515900
2026-09-11,Harlow,21:26,5,Artys Corner,515900,Sporting Life,https://www.sportinglife.com/greyhounds/racecards/2026-09-11/harlow/racecard/515900
2026-09-11,Harlow,21:26,6,Maybe Later,515900,Sporting Life,https://www.sportinglife.com/greyhounds/racecards/2026-09-11/harlow/racecard/515900
2026-09-11,Hove,11:01,1,Elite Wilson,515817,Sporting Life,https://www.sportinglife.com/greyhounds/racecards/2026-09-11/hove/racecard/515817
2026-09-11,Hove,11:01,2,Speedy Sadie,515817,Sporting Life,https://www.sportinglife.com/greyhounds/racecards/2026-09-11/hove/racecard/515817
2026-09-11,Hove,11:01,3,Digbys Maverick,515817,Sporting Life,https://www.sportinglife.com/greyhounds/racecards/2026-09-11/hove/racecard/515817
2026-09-11,Hove,11:01,4,Signet Clo Clo,515817,Sporting Life,https://www.sportinglife.com/greyhounds/racecards/2026-09-11/hove/racecard/515817
2026-09-11,Hove,11:01,6,Droopys Bafta,515817,Sporting Life,https://www.sportinglife.com/greyhounds/racecards/2026-09-11/hove/racecard/515817
2026-09-11,Hove,11:18,1,Droopys Invent,515818,Sporting Life,https://www.sportinglife.com/greyhounds/racecards/2026-09-11/hove/racecard/515818
2026-09-11,Hove,11:18,2,Candolim Typhoon,515818,Sporting Life,https://www.sportinglife.com/greyhounds/racecards/2026-09-11/hove/racecard/515818
2026-09-11,Hove,11:18,3,Rebel California,515818,Sporting Life,https://www.sportinglife.com/greyhounds/racecards/2026-09-11/hove/racecard/515818
2026-09-11,Hove,11:18,5,Clona Kody,515818,Sporting Life,https://www.sportinglife.com/greyhounds/racecards/2026-09-11/hove/racecard/515818
2026-09-11,Hove,11:18,6,Ballymac Kinga,515818,Sporting Life,https://www.sportinglife.com/greyhounds/racecards/2026-09-11/hove/racecard/515818
2026-09-11,Hove,11:34,1,Chisem John,515819,Sporting Life,https://www.sportinglife.com/greyhounds/racecards/2026-09-11/hove/racecard/515819
2026-09-11,Hove,11:34,2,Streets Of Bono,515819,Sporting Life,https://www.sportinglife.com/greyhounds/racecards/2026-09-11/hove/racecard/515819
2026-09-11,Hove,11:34,3,Seomra Pipp,515819,Sporting Life,https://www.sportinglife.com/greyhounds/racecards/2026-09-11/hove/racecard/515819
2026-09-11,Hove,11:34,4,We Try Again,515819,Sporting Life,https://www.sportinglife.com/greyhounds/racecards/2026-09-11/hove/racecard/515819
2026-09-11,Hove,11:34,5,Leslies King,515819,Sporting Life,https://www.sportinglife.com/greyhounds/racecards/2026-09-11/hove/racecard/515819
2026-09-11,Hove,11:34,6,Coppice Frank,515819,Sporting Life,https://www.sportinglife.com/greyhounds/racecards/2026-09-11/hove/racecard/515819
2026-09-11,Hove,11:52,1,Shinobi Gail,515820,Sporting Life,https://www.sportinglife.com/greyhounds/racecards/2026-09-11/hove/racecard/515820
2026-09-11,Hove,11:52,2,Smashngrabpunk,515820,Sporting Life,https://www.sportinglife.com/greyhounds/racecards/2026-09-11/hove/racecard/515820
2026-09-11,Hove,11:52,3,Low Or High,515820,Sporting Life,https://www.sportinglife.com/greyhounds/racecards/2026-09-11/hove/racecard/515820
2026-09-11,Hove,11:52,4,Courancove Cat,515820,Sporting Life,https://www.sportinglife.com/greyhounds/racecards/2026-09-11/hove/racecard/515820
2026-09-11,Hove,11:52,5,Cloheena Rodney,515820,Sporting Life,https://www.sportinglife.com/greyhounds/racecards/2026-09-11/hove/racecard/515820
2026-09-11,Hove,11:52,6,Yassoo Mell,515820,Sporting Life,https://www.sportinglife.com/greyhounds/racecards/2026-09-11/hove/racecard/515820
2026-09-11,Hove,12:09,1,Minstrels Six,515821,Sporting Life,https://www.sportinglife.com/greyhounds/racecards/2026-09-11/hove/racecard/515821
2026-09-11,Hove,12:09,2,Yougo Jazz,515821,Sporting Life,https://www.sportinglife.com/greyhounds/racecards/2026-09-11/hove/racecard/515821
2026-09-11,Hove,12:09,3,Droopys Playgirl,515821,Sporting Life,https://www.sportinglife.com/greyhounds/racecards/2026-09-11/hove/racecard/515821
2026-09-11,Hove,12:09,4,Signet Force,515821,Sporting Life,https://www.sportinglife.com/greyhounds/racecards/2026-09-11/hove/racecard/515821
2026-09-11,Hove,12:09,6,Tuono Dave,515821,Sporting Life,https://www.sportinglife.com/greyhounds/racecards/2026-09-11/hove/racecard/515821
2026-09-11,Hove,12:26,1,Antigua Luigi,515822,Sporting Life,https://www.sportinglife.com/greyhounds/racecards/2026-09-11/hove/racecard/515822
2026-09-11,Hove,12:26,2,Deadly Ruben,515822,Sporting Life,https://www.sportinglife.com/greyhounds/racecards/2026-09-11/hove/racecard/515822
2026-09-11,Hove,12:26,3,Glideaway Joey,515822,Sporting Life,https://www.sportinglife.com/greyhounds/racecards/2026-09-11/hove/racecard/515822
2026-09-11,Hove,12:26,4,Clonkeen Jim,515822,Sporting Life,https://www.sportinglife.com/greyhounds/racecards/2026-09-11/hove/racecard/515822
2026-09-11,Hove,12:26,5,Westwood Jet,515822,Sporting Life,https://www.sportinglife.com/greyhounds/racecards/2026-09-11/hove/racecard/515822
2026-09-11,Hove,12:42,1,First Chosen,515823,Sporting Life,https://www.sportinglife.com/greyhounds/racecards/2026-09-11/hove/racecard/515823
2026-09-11,Hove,12:42,2,Why So Blue,515823,Sporting Life,https://www.sportinglife.com/greyhounds/racecards/2026-09-11/hove/racecard/515823
2026-09-11,Hove,12:42,3,Fastlane Reg,515823,Sporting Life,https://www.sportinglife.com/greyhounds/racecards/2026-09-11/hove/racecard/515823
2026-09-11,Hove,12:42,4,Gorgeous Girl,515823,Sporting Life,https://www.sportinglife.com/greyhounds/racecards/2026-09-11/hove/racecard/515823
2026-09-11,Hove,12:42,5,Forever Tender,515823,Sporting Life,https://www.sportinglife.com/greyhounds/racecards/2026-09-11/hove/racecard/515823
2026-09-11,Hove,12:42,6,Mustang Maverick,515823,Sporting Life,https://www.sportinglife.com/greyhounds/racecards/2026-09-11/hove/racecard/515823
2026-09-11,Hove,12:59,2,Bengals Champ,515824,Sporting Life,https://www.sportinglife.com/greyhounds/racecards/2026-09-11/hove/racecard/515824
2026-09-11,Hove,12:59,3,Ambiguous,515824,Sporting Life,https://www.sportinglife.com/greyhounds/racecards/2026-09-11/hove/racecard/515824
2026-09-11,Hove,12:59,4,Cloheena Boyce,515824,Sporting Life,https://www.sportinglife.com/greyhounds/racecards/2026-09-11/hove/racecard/515824
2026-09-11,Hove,12:59,5,Montalto Star,515824,Sporting Life,https://www.sportinglife.com/greyhounds/racecards/2026-09-11/hove/racecard/515824
2026-09-11,Hove,12:59,6,Guzzler,515824,Sporting Life,https://www.sportinglife.com/greyhounds/racecards/2026-09-11/hove/racecard/515824
2026-09-11,Hove,13:17,1,Seomra Gobi,515825,Sporting Life,https://www.sportinglife.com/greyhounds/racecards/2026-09-11/hove/racecard/515825
2026-09-11,Hove,13:17,2,Spiritual Gift,515825,Sporting Life,https://www.sportinglife.com/greyhounds/racecards/2026-09-11/hove/racecard/515825
2026-09-11,Hove,13:17,3,Coolavanny Sissy,515825,Sporting Life,https://www.sportinglife.com/greyhounds/racecards/2026-09-11/hove/racecard/515825
2026-09-11,Hove,13:17,4,Feora Cara,515825,Sporting Life,https://www.sportinglife.com/greyhounds/racecards/2026-09-11/hove/racecard/515825
2026-09-11,Hove,13:17,5,Candolim Spice,515825,Sporting Life,https://www.sportinglife.com/greyhounds/racecards/2026-09-11/hove/racecard/515825
2026-09-11,Hove,13:17,6,Millers Gem,515825,Sporting Life,https://www.sportinglife.com/greyhounds/racecards/2026-09-11/hove/racecard/515825
2026-09-11,Hove,13:33,1,Dereks Pamela,515826,Sporting Life,https://www.sportinglife.com/greyhounds/racecards/2026-09-11/hove/racecard/515826
2026-09-11,Hove,13:33,2,Burrow Lightyear,515826,Sporting Life,https://www.sportinglife.com/greyhounds/racecards/2026-09-11/hove/racecard/515826
2026-09-11,Hove,13:33,4,Highfield Lass,515826,Sporting Life,https://www.sportinglife.com/greyhounds/racecards/2026-09-11/hove/racecard/515826
2026-09-11,Hove,13:33,5,Curtin Raiser,515826,Sporting Life,https://www.sportinglife.com/greyhounds/racecards/2026-09-11/hove/racecard/515826
2026-09-11,Hove,13:33,6,Kates Honey,515826,Sporting Life,https://www.sportinglife.com/greyhounds/racecards/2026-09-11/hove/racecard/515826
2026-09-11,Hove,13:51,1,Letter Eileen,515827,Sporting Life,https://www.sportinglife.com/greyhounds/racecards/2026-09-11/hove/racecard/515827
2026-09-11,Hove,13:51,2,Zenith Aslan,515827,Sporting Life,https://www.sportinglife.com/greyhounds/racecards/2026-09-11/hove/racecard/515827
2026-09-11,Hove,13:51,3,Moody Rudy,515827,Sporting Life,https://www.sportinglife.com/greyhounds/racecards/2026-09-11/hove/racecard/515827
2026-09-11,Hove,13:51,4,Broncos Bullet,515827,Sporting Life,https://www.sportinglife.com/greyhounds/racecards/2026-09-11/hove/racecard/515827
2026-09-11,Hove,13:51,6,Untold Aave,515827,Sporting Life,https://www.sportinglife.com/greyhounds/racecards/2026-09-11/hove/racecard/515827
2026-09-11,Hove,14:07,1,Westwood Bill,515828,Sporting Life,https://www.sportinglife.com/greyhounds/racecards/2026-09-11/hove/racecard/515828
2026-09-11,Hove,14:07,2,Tommys Goodtime,515828,Sporting Life,https://www.sportinglife.com/greyhounds/racecards/2026-09-11/hove/racecard/515828
2026-09-11,Hove,14:07,3,Montalto Mist,515828,Sporting Life,https://www.sportinglife.com/greyhounds/racecards/2026-09-11/hove/racecard/515828
2026-09-11,Hove,14:07,4,Signet Ell,515828,Sporting Life,https://www.sportinglife.com/greyhounds/racecards/2026-09-11/hove/racecard/515828
2026-09-11,Hove,14:07,5,Emers Dasha,515828,Sporting Life,https://www.sportinglife.com/greyhounds/racecards/2026-09-11/hove/racecard/515828
2026-09-11,Kinsley,14:29,1,Ballymac Dalton,515781,Sporting Life,https://www.sportinglife.com/greyhounds/racecards/2026-09-11/kinsley/racecard/515781
2026-09-11,Kinsley,14:29,2,Lundhill Ellie,515781,Sporting Life,https://www.sportinglife.com/greyhounds/racecards/2026-09-11/kinsley/racecard/515781
2026-09-11,Kinsley,14:29,3,Crystal Jess,515781,Sporting Life,https://www.sportinglife.com/greyhounds/racecards/2026-09-11/kinsley/racecard/515781
2026-09-11,Kinsley,14:29,4,Lamia,515781,Sporting Life,https://www.sportinglife.com/greyhounds/racecards/2026-09-11/kinsley/racecard/515781
2026-09-11,Kinsley,14:29,5,Swift Qay,515781,Sporting Life,https://www.sportinglife.com/greyhounds/racecards/2026-09-11/kinsley/racecard/515781
2026-09-11,Kinsley,14:29,6,Raise The Beat,515781,Sporting Life,https://www.sportinglife.com/greyhounds/racecards/2026-09-11/kinsley/racecard/515781
2026-09-11,Kinsley,14:48,2,Glenshee,515782,Sporting Life,https://www.sportinglife.com/greyhounds/racecards/2026-09-11/kinsley/racecard/515782
2026-09-11,Kinsley,14:48,3,Crossfield Nora,515782,Sporting Life,https://www.sportinglife.com/greyhounds/racecards/2026-09-11/kinsley/racecard/515782
2026-09-11,Kinsley,14:48,4,Deacon Hope,515782,Sporting Life,https://www.sportinglife.com/greyhounds/racecards/2026-09-11/kinsley/racecard/515782
2026-09-11,Kinsley,14:48,5,Glenvale Jolly,515782,Sporting Life,https://www.sportinglife.com/greyhounds/racecards/2026-09-11/kinsley/racecard/515782
2026-09-11,Kinsley,14:48,6,De Girl Annie,515782,Sporting Life,https://www.sportinglife.com/greyhounds/racecards/2026-09-11/kinsley/racecard/515782
2026-09-11,Kinsley,15:07,1,Crystal Camila,515783,Sporting Life,https://www.sportinglife.com/greyhounds/racecards/2026-09-11/kinsley/racecard/515783
2026-09-11,Kinsley,15:07,3,Hazelgrove Dawn,515783,Sporting Life,https://www.sportinglife.com/greyhounds/racecards/2026-09-11/kinsley/racecard/515783
2026-09-11,Kinsley,15:07,4,Swift Often,515783,Sporting Life,https://www.sportinglife.com/greyhounds/racecards/2026-09-11/kinsley/racecard/515783
2026-09-11,Kinsley,15:07,5,Deecee Phoenix,515783,Sporting Life,https://www.sportinglife.com/greyhounds/racecards/2026-09-11/kinsley/racecard/515783
2026-09-11,Kinsley,15:07,6,Bellmore Ozzy,515783,Sporting Life,https://www.sportinglife.com/greyhounds/racecards/2026-09-11/kinsley/racecard/515783
2026-09-11,Kinsley,15:26,1,Westfield Frank,515784,Sporting Life,https://www.sportinglife.com/greyhounds/racecards/2026-09-11/kinsley/racecard/515784
2026-09-11,Kinsley,15:26,2,Da Boy Frank,515784,Sporting Life,https://www.sportinglife.com/greyhounds/racecards/2026-09-11/kinsley/racecard/515784
2026-09-11,Kinsley,15:26,3,Ballymac Baxter,515784,Sporting Life,https://www.sportinglife.com/greyhounds/racecards/2026-09-11/kinsley/racecard/515784
2026-09-11,Kinsley,15:26,4,Ramblin Frosty,515784,Sporting Life,https://www.sportinglife.com/greyhounds/racecards/2026-09-11/kinsley/racecard/515784
2026-09-11,Kinsley,15:26,5,Lundhill Alfie,515784,Sporting Life,https://www.sportinglife.com/greyhounds/racecards/2026-09-11/kinsley/racecard/515784
2026-09-11,Kinsley,15:26,6,Speedy Killeavy,515784,Sporting Life,https://www.sportinglife.com/greyhounds/racecards/2026-09-11/kinsley/racecard/515784
2026-09-11,Kinsley,15:44,1,Tommys Clodagh,515785,Sporting Life,https://www.sportinglife.com/greyhounds/racecards/2026-09-11/kinsley/racecard/515785
2026-09-11,Kinsley,15:44,2,Thats So True,515785,Sporting Life,https://www.sportinglife.com/greyhounds/racecards/2026-09-11/kinsley/racecard/515785
2026-09-11,Kinsley,15:44,4,Blackbell Mini,515785,Sporting Life,https://www.sportinglife.com/greyhounds/racecards/2026-09-11/kinsley/racecard/515785
2026-09-11,Kinsley,15:44,5,Shrewd Amiee,515785,Sporting Life,https://www.sportinglife.com/greyhounds/racecards/2026-09-11/kinsley/racecard/515785
2026-09-11,Kinsley,15:44,6,Swift Vienna,515785,Sporting Life,https://www.sportinglife.com/greyhounds/racecards/2026-09-11/kinsley/racecard/515785
2026-09-11,Kinsley,16:03,1,Coastal Fever,515786,Sporting Life,https://www.sportinglife.com/greyhounds/racecards/2026-09-11/kinsley/racecard/515786
2026-09-11,Kinsley,16:03,2,Crystal Twodots,515786,Sporting Life,https://www.sportinglife.com/greyhounds/racecards/2026-09-11/kinsley/racecard/515786
2026-09-11,Kinsley,16:03,3,Noirs Coach,515786,Sporting Life,https://www.sportinglife.com/greyhounds/racecards/2026-09-11/kinsley/racecard/515786
2026-09-11,Kinsley,16:03,4,Real Queen,515786,Sporting Life,https://www.sportinglife.com/greyhounds/racecards/2026-09-11/kinsley/racecard/515786
2026-09-11,Kinsley,16:03,5,Laylas Friend,515786,Sporting Life,https://www.sportinglife.com/greyhounds/racecards/2026-09-11/kinsley/racecard/515786
2026-09-11,Kinsley,16:03,6,Canal View Blue,515786,Sporting Life,https://www.sportinglife.com/greyhounds/racecards/2026-09-11/kinsley/racecard/515786
2026-09-11,Kinsley,16:22,1,Slanestown Cindy,515787,Sporting Life,https://www.sportinglife.com/greyhounds/racecards/2026-09-11/kinsley/racecard/515787
2026-09-11,Kinsley,16:22,2,Dairyland Jose,515787,Sporting Life,https://www.sportinglife.com/greyhounds/racecards/2026-09-11/kinsley/racecard/515787
2026-09-11,Kinsley,16:22,3,Zebedee Vienna,515787,Sporting Life,https://www.sportinglife.com/greyhounds/racecards/2026-09-11/kinsley/racecard/515787
2026-09-11,Kinsley,16:22,4,Lantern Bright,515787,Sporting Life,https://www.sportinglife.com/greyhounds/racecards/2026-09-11/kinsley/racecard/515787
2026-09-11,Kinsley,16:22,6,Swift Kat,515787,Sporting Life,https://www.sportinglife.com/greyhounds/racecards/2026-09-11/kinsley/racecard/515787
2026-09-11,Kinsley,16:41,1,Not Wired Up,515788,Sporting Life,https://www.sportinglife.com/greyhounds/racecards/2026-09-11/kinsley/racecard/515788
2026-09-11,Kinsley,16:41,2,Ballymac Frisby,515788,Sporting Life,https://www.sportinglife.com/greyhounds/racecards/2026-09-11/kinsley/racecard/515788
2026-09-11,Kinsley,16:41,3,Lauragh Ebony,515788,Sporting Life,https://www.sportinglife.com/greyhounds/racecards/2026-09-11/kinsley/racecard/515788
2026-09-11,Kinsley,16:41,4,Golan Zara,515788,Sporting Life,https://www.sportinglife.com/greyhounds/racecards/2026-09-11/kinsley/racecard/515788
2026-09-11,Kinsley,16:41,6,Me Birthday,515788,Sporting Life,https://www.sportinglife.com/greyhounds/racecards/2026-09-11/kinsley/racecard/515788
2026-09-11,Kinsley,16:59,1,Call Me Swift,515789,Sporting Life,https://www.sportinglife.com/greyhounds/racecards/2026-09-11/kinsley/racecard/515789
2026-09-11,Kinsley,16:59,2,Tomahurra Winter,515789,Sporting Life,https://www.sportinglife.com/greyhounds/racecards/2026-09-11/kinsley/racecard/515789
2026-09-11,Kinsley,16:59,3,Forgotten Girl,515789,Sporting Life,https://www.sportinglife.com/greyhounds/racecards/2026-09-11/kinsley/racecard/515789
2026-09-11,Kinsley,16:59,4,Mid Tipp Scar,515789,Sporting Life,https://www.sportinglife.com/greyhounds/racecards/2026-09-11/kinsley/racecard/515789
2026-09-11,Kinsley,16:59,5,Clay Twister,515789,Sporting Life,https://www.sportinglife.com/greyhounds/racecards/2026-09-11/kinsley/racecard/515789
2026-09-11,Kinsley,16:59,6,Queen Babs,515789,Sporting Life,https://www.sportinglife.com/greyhounds/racecards/2026-09-11/kinsley/racecard/515789
2026-09-11,Kinsley,17:18,1,Private Bucks,515790,Sporting Life,https://www.sportinglife.com/greyhounds/racecards/2026-09-11/kinsley/racecard/515790
2026-09-11,Kinsley,17:18,2,Mid Tipp Sophie,515790,Sporting Life,https://www.sportinglife.com/greyhounds/racecards/2026-09-11/kinsley/racecard/515790
2026-09-11,Kinsley,17:18,3,Darver Pigeon,515790,Sporting Life,https://www.sportinglife.com/greyhounds/racecards/2026-09-11/kinsley/racecard/515790
2026-09-11,Kinsley,17:18,4,Swift Loch,515790,Sporting Life,https://www.sportinglife.com/greyhounds/racecards/2026-09-11/kinsley/racecard/515790
2026-09-11,Kinsley,17:18,5,Da Maureens Star,515790,Sporting Life,https://www.sportinglife.com/greyhounds/racecards/2026-09-11/kinsley/racecard/515790
2026-09-11,Kinsley,17:18,6,Hazelgrove Pearl,515790,Sporting Life,https://www.sportinglife.com/greyhounds/racecards/2026-09-11/kinsley/racecard/515790
2026-09-11,Kinsley,17:37,1,Chosen Lady,515791,Sporting Life,https://www.sportinglife.com/greyhounds/racecards/2026-09-11/kinsley/racecard/515791
2026-09-11,Kinsley,17:37,2,Sporting Chicpea,515791,Sporting Life,https://www.sportinglife.com/greyhounds/racecards/2026-09-11/kinsley/racecard/515791
2026-09-11,Kinsley,17:37,3,Mingdrum Focus,515791,Sporting Life,https://www.sportinglife.com/greyhounds/racecards/2026-09-11/kinsley/racecard/515791
2026-09-11,Kinsley,17:37,4,Unknown Daisy,515791,Sporting Life,https://www.sportinglife.com/greyhounds/racecards/2026-09-11/kinsley/racecard/515791
2026-09-11,Kinsley,17:37,5,Norden Girl,515791,Sporting Life,https://www.sportinglife.com/greyhounds/racecards/2026-09-11/kinsley/racecard/515791
2026-09-11,Kinsley,17:37,6,Revilo Eagle,515791,Sporting Life,https://www.sportinglife.com/greyhounds/racecards/2026-09-11/kinsley/racecard/515791
2026-09-11,Kinsley,17:56,1,Critical Katie,515792,Sporting Life,https://www.sportinglife.com/greyhounds/racecards/2026-09-11/kinsley/racecard/515792
2026-09-11,Kinsley,17:56,2,Caddells Pride,515792,Sporting Life,https://www.sportinglife.com/greyhounds/racecards/2026-09-11/kinsley/racecard/515792
2026-09-11,Kinsley,17:56,3,Canya Moll,515792,Sporting Life,https://www.sportinglife.com/greyhounds/racecards/2026-09-11/kinsley/racecard/515792
2026-09-11,Kinsley,17:56,4,Crystal Willow,515792,Sporting Life,https://www.sportinglife.com/greyhounds/racecards/2026-09-11/kinsley/racecard/515792
2026-09-11,Kinsley,17:56,5,Glenvale Dave,515792,Sporting Life,https://www.sportinglife.com/greyhounds/racecards/2026-09-11/kinsley/racecard/515792
2026-09-11,Newcastle,14:36,1,Cahermone Best,515913,Sporting Life,https://www.sportinglife.com/greyhounds/racecards/2026-09-11/newcastle/racecard/515913
2026-09-11,Newcastle,14:36,3,Vinegarhill Rhys,515913,Sporting Life,https://www.sportinglife.com/greyhounds/racecards/2026-09-11/newcastle/racecard/515913
2026-09-11,Newcastle,14:36,4,Our Chief,515913,Sporting Life,https://www.sportinglife.com/greyhounds/racecards/2026-09-11/newcastle/racecard/515913
2026-09-11,Newcastle,14:36,5,Fardoe Sleek,515913,Sporting Life,https://www.sportinglife.com/greyhounds/racecards/2026-09-11/newcastle/racecard/515913
2026-09-11,Newcastle,14:36,6,Frankies Winner,515913,Sporting Life,https://www.sportinglife.com/greyhounds/racecards/2026-09-11/newcastle/racecard/515913
2026-09-11,Newcastle,14:54,1,Jackos Cody,515914,Sporting Life,https://www.sportinglife.com/greyhounds/racecards/2026-09-11/newcastle/racecard/515914
2026-09-11,Newcastle,14:54,2,Howay Big Dan,515914,Sporting Life,https://www.sportinglife.com/greyhounds/racecards/2026-09-11/newcastle/racecard/515914
2026-09-11,Newcastle,14:54,3,Solway Leo,515914,Sporting Life,https://www.sportinglife.com/greyhounds/racecards/2026-09-11/newcastle/racecard/515914
2026-09-11,Newcastle,14:54,4,Please Sadie,515914,Sporting Life,https://www.sportinglife.com/greyhounds/racecards/2026-09-11/newcastle/racecard/515914
2026-09-11,Newcastle,14:54,6,Dromana Kranky,515914,Sporting Life,https://www.sportinglife.com/greyhounds/racecards/2026-09-11/newcastle/racecard/515914
2026-09-11,Newcastle,15:13,1,Clona Levi,515915,Sporting Life,https://www.sportinglife.com/greyhounds/racecards/2026-09-11/newcastle/racecard/515915
2026-09-11,Newcastle,15:13,2,Bramble Harvey,515915,Sporting Life,https://www.sportinglife.com/greyhounds/racecards/2026-09-11/newcastle/racecard/515915
2026-09-11,Newcastle,15:13,3,Solway Breeze,515915,Sporting Life,https://www.sportinglife.com/greyhounds/racecards/2026-09-11/newcastle/racecard/515915
2026-09-11,Newcastle,15:13,4,Toddys Ace,515915,Sporting Life,https://www.sportinglife.com/greyhounds/racecards/2026-09-11/newcastle/racecard/515915
2026-09-11,Newcastle,15:13,5,Slingshot Clyde,515915,Sporting Life,https://www.sportinglife.com/greyhounds/racecards/2026-09-11/newcastle/racecard/515915
2026-09-11,Newcastle,15:32,1,Solway Charm,515916,Sporting Life,https://www.sportinglife.com/greyhounds/racecards/2026-09-11/newcastle/racecard/515916
2026-09-11,Newcastle,15:32,2,Killinick Rebel,515916,Sporting Life,https://www.sportinglife.com/greyhounds/racecards/2026-09-11/newcastle/racecard/515916
2026-09-11,Newcastle,15:32,3,Aero Donishall,515916,Sporting Life,https://www.sportinglife.com/greyhounds/racecards/2026-09-11/newcastle/racecard/515916
2026-09-11,Newcastle,15:32,4,Working Boots,515916,Sporting Life,https://www.sportinglife.com/greyhounds/racecards/2026-09-11/newcastle/racecard/515916
2026-09-11,Newcastle,15:32,5,Footfield Squeak,515916,Sporting Life,https://www.sportinglife.com/greyhounds/racecards/2026-09-11/newcastle/racecard/515916
2026-09-11,Newcastle,15:32,6,Ambers Hero,515916,Sporting Life,https://www.sportinglife.com/greyhounds/racecards/2026-09-11/newcastle/racecard/515916
2026-09-11,Newcastle,15:51,1,Alnwick Tommy,515917,Sporting Life,https://www.sportinglife.com/greyhounds/racecards/2026-09-11/newcastle/racecard/515917
2026-09-11,Newcastle,15:51,2,Howay Ramsey,515917,Sporting Life,https://www.sportinglife.com/greyhounds/racecards/2026-09-11/newcastle/racecard/515917
2026-09-11,Newcastle,15:51,3,Hasty Session,515917,Sporting Life,https://www.sportinglife.com/greyhounds/racecards/2026-09-11/newcastle/racecard/515917
2026-09-11,Newcastle,15:51,4,Daunting Task,515917,Sporting Life,https://www.sportinglife.com/greyhounds/racecards/2026-09-11/newcastle/racecard/515917
2026-09-11,Newcastle,15:51,5,Anglesey Savana,515917,Sporting Life,https://www.sportinglife.com/greyhounds/racecards/2026-09-11/newcastle/racecard/515917
2026-09-11,Newcastle,15:51,6,Alnwick Bolt,515917,Sporting Life,https://www.sportinglife.com/greyhounds/racecards/2026-09-11/newcastle/racecard/515917
2026-09-11,Newcastle,16:09,1,Mongys Sapphire,515918,Sporting Life,https://www.sportinglife.com/greyhounds/racecards/2026-09-11/newcastle/racecard/515918
2026-09-11,Newcastle,16:09,2,Anglesey Rolex,515918,Sporting Life,https://www.sportinglife.com/greyhounds/racecards/2026-09-11/newcastle/racecard/515918
2026-09-11,Newcastle,16:09,3,Medusa,515918,Sporting Life,https://www.sportinglife.com/greyhounds/racecards/2026-09-11/newcastle/racecard/515918
2026-09-11,Newcastle,16:09,4,Howay Matteo,515918,Sporting Life,https://www.sportinglife.com/greyhounds/racecards/2026-09-11/newcastle/racecard/515918
2026-09-11,Newcastle,16:09,5,Anglesey Flight,515918,Sporting Life,https://www.sportinglife.com/greyhounds/racecards/2026-09-11/newcastle/racecard/515918
2026-09-11,Newcastle,16:09,6,Ridgedale Spirit,515918,Sporting Life,https://www.sportinglife.com/greyhounds/racecards/2026-09-11/newcastle/racecard/515918
2026-09-11,Newcastle,16:28,1,Alnwick Alisha,515919,Sporting Life,https://www.sportinglife.com/greyhounds/racecards/2026-09-11/newcastle/racecard/515919
2026-09-11,Newcastle,16:28,2,Whitehills Ted,515919,Sporting Life,https://www.sportinglife.com/greyhounds/racecards/2026-09-11/newcastle/racecard/515919
2026-09-11,Newcastle,16:28,3,Garrisons Gunner,515919,Sporting Life,https://www.sportinglife.com/greyhounds/racecards/2026-09-11/newcastle/racecard/515919
2026-09-11,Newcastle,16:28,4,Under The Skin,515919,Sporting Life,https://www.sportinglife.com/greyhounds/racecards/2026-09-11/newcastle/racecard/515919
2026-09-11,Newcastle,16:28,5,Easy Oz,515919,Sporting Life,https://www.sportinglife.com/greyhounds/racecards/2026-09-11/newcastle/racecard/515919
2026-09-11,Newcastle,16:28,6,Hazelhill Blue,515919,Sporting Life,https://www.sportinglife.com/greyhounds/racecards/2026-09-11/newcastle/racecard/515919
2026-09-11,Newcastle,16:47,1,Alnwick Brooke,515920,Sporting Life,https://www.sportinglife.com/greyhounds/racecards/2026-09-11/newcastle/racecard/515920
2026-09-11,Newcastle,16:47,2,Solway Ocean,515920,Sporting Life,https://www.sportinglife.com/greyhounds/racecards/2026-09-11/newcastle/racecard/515920
2026-09-11,Newcastle,16:47,3,Alnwick Ava,515920,Sporting Life,https://www.sportinglife.com/greyhounds/racecards/2026-09-11/newcastle/racecard/515920
2026-09-11,Newcastle,16:47,4,Bramble Idris,515920,Sporting Life,https://www.sportinglife.com/greyhounds/racecards/2026-09-11/newcastle/racecard/515920
2026-09-11,Newcastle,16:47,5,Fruity Sprite,515920,Sporting Life,https://www.sportinglife.com/greyhounds/racecards/2026-09-11/newcastle/racecard/515920
2026-09-11,Newcastle,16:47,6,Moyvane Emotions,515920,Sporting Life,https://www.sportinglife.com/greyhounds/racecards/2026-09-11/newcastle/racecard/515920
2026-09-11,Newcastle,17:06,1,Ashwood Chanel,515921,Sporting Life,https://www.sportinglife.com/greyhounds/racecards/2026-09-11/newcastle/racecard/515921
2026-09-11,Newcastle,17:06,2,Trevorfoot,515921,Sporting Life,https://www.sportinglife.com/greyhounds/racecards/2026-09-11/newcastle/racecard/515921
2026-09-11,Newcastle,17:06,3,Onyago Kathy,515921,Sporting Life,https://www.sportinglife.com/greyhounds/racecards/2026-09-11/newcastle/racecard/515921
2026-09-11,Newcastle,17:06,4,Jackos Flyte,515921,Sporting Life,https://www.sportinglife.com/greyhounds/racecards/2026-09-11/newcastle/racecard/515921
2026-09-11,Newcastle,17:06,5,Alnwick Tornado,515921,Sporting Life,https://www.sportinglife.com/greyhounds/racecards/2026-09-11/newcastle/racecard/515921
2026-09-11,Newcastle,17:06,6,Droopys Hanora,515921,Sporting Life,https://www.sportinglife.com/greyhounds/racecards/2026-09-11/newcastle/racecard/515921
2026-09-11,Newcastle,17:24,1,Coppice Survivor,515922,Sporting Life,https://www.sportinglife.com/greyhounds/racecards/2026-09-11/newcastle/racecard/515922
2026-09-11,Newcastle,17:24,2,Hollywell Ernie,515922,Sporting Life,https://www.sportinglife.com/greyhounds/racecards/2026-09-11/newcastle/racecard/515922
2026-09-11,Newcastle,17:24,3,Droopys Turf,515922,Sporting Life,https://www.sportinglife.com/greyhounds/racecards/2026-09-11/newcastle/racecard/515922
2026-09-11,Newcastle,17:24,4,Do It Zara,515922,Sporting Life,https://www.sportinglife.com/greyhounds/racecards/2026-09-11/newcastle/racecard/515922
2026-09-11,Newcastle,17:24,5,Whitehills Louis,515922,Sporting Life,https://www.sportinglife.com/greyhounds/racecards/2026-09-11/newcastle/racecard/515922
2026-09-11,Newcastle,17:24,6,Lexis Bullet,515922,Sporting Life,https://www.sportinglife.com/greyhounds/racecards/2026-09-11/newcastle/racecard/515922
2026-09-11,Newcastle,17:43,1,Malt Sally,515923,Sporting Life,https://www.sportinglife.com/greyhounds/racecards/2026-09-11/newcastle/racecard/515923
2026-09-11,Newcastle,17:43,2,Alnwick News,515923,Sporting Life,https://www.sportinglife.com/greyhounds/racecards/2026-09-11/newcastle/racecard/515923
2026-09-11,Newcastle,17:43,3,Killeacle Denise,515923,Sporting Life,https://www.sportinglife.com/greyhounds/racecards/2026-09-11/newcastle/racecard/515923
2026-09-11,Newcastle,17:43,4,Droopys Seducer,515923,Sporting Life,https://www.sportinglife.com/greyhounds/racecards/2026-09-11/newcastle/racecard/515923
2026-09-11,Newcastle,17:43,5,Amazing Persia,515923,Sporting Life,https://www.sportinglife.com/greyhounds/racecards/2026-09-11/newcastle/racecard/515923
2026-09-11,Newcastle,17:43,6,Slippy Poppy,515923,Sporting Life,https://www.sportinglife.com/greyhounds/racecards/2026-09-11/newcastle/racecard/515923
2026-09-11,Newcastle,18:02,1,Ballymac Neems,515924,Sporting Life,https://www.sportinglife.com/greyhounds/racecards/2026-09-11/newcastle/racecard/515924
2026-09-11,Newcastle,18:02,2,Abbeyside Enda,515924,Sporting Life,https://www.sportinglife.com/greyhounds/racecards/2026-09-11/newcastle/racecard/515924
2026-09-11,Newcastle,18:02,3,Brief News,515924,Sporting Life,https://www.sportinglife.com/greyhounds/racecards/2026-09-11/newcastle/racecard/515924
2026-09-11,Newcastle,18:02,4,Droopys Coach,515924,Sporting Life,https://www.sportinglife.com/greyhounds/racecards/2026-09-11/newcastle/racecard/515924
2026-09-11,Newcastle,18:02,6,Solway Ernie,515924,Sporting Life,https://www.sportinglife.com/greyhounds/racecards/2026-09-11/newcastle/racecard/515924
2026-09-11,Nottingham,18:08,1,Wolf Goggins,515793,Sporting Life,https://www.sportinglife.com/greyhounds/racecards/2026-09-11/nottingham/racecard/515793
2026-09-11,Nottingham,18:08,2,Inclement Dream,515793,Sporting Life,https://www.sportinglife.com/greyhounds/racecards/2026-09-11/nottingham/racecard/515793
2026-09-11,Nottingham,18:08,3,Our Moll,515793,Sporting Life,https://www.sportinglife.com/greyhounds/racecards/2026-09-11/nottingham/racecard/515793
2026-09-11,Nottingham,18:08,4,Platinumsapphire,515793,Sporting Life,https://www.sportinglife.com/greyhounds/racecards/2026-09-11/nottingham/racecard/515793
2026-09-11,Nottingham,18:08,5,Hillend Maise,515793,Sporting Life,https://www.sportinglife.com/greyhounds/racecards/2026-09-11/nottingham/racecard/515793
2026-09-11,Nottingham,18:08,6,Hitthebottleneil,515793,Sporting Life,https://www.sportinglife.com/greyhounds/racecards/2026-09-11/nottingham/racecard/515793
2026-09-11,Nottingham,18:28,1,Kelva Brie,515794,Sporting Life,https://www.sportinglife.com/greyhounds/racecards/2026-09-11/nottingham/racecard/515794
2026-09-11,Nottingham,18:28,2,Good Romeo,515794,Sporting Life,https://www.sportinglife.com/greyhounds/racecards/2026-09-11/nottingham/racecard/515794
2026-09-11,Nottingham,18:28,3,Sonic Pixie,515794,Sporting Life,https://www.sportinglife.com/greyhounds/racecards/2026-09-11/nottingham/racecard/515794
2026-09-11,Nottingham,18:28,4,Viva Elvette,515794,Sporting Life,https://www.sportinglife.com/greyhounds/racecards/2026-09-11/nottingham/racecard/515794
2026-09-11,Nottingham,18:28,5,Sunset Years,515794,Sporting Life,https://www.sportinglife.com/greyhounds/racecards/2026-09-11/nottingham/racecard/515794
2026-09-11,Nottingham,18:28,6,Flame Wood,515794,Sporting Life,https://www.sportinglife.com/greyhounds/racecards/2026-09-11/nottingham/racecard/515794
2026-09-11,Nottingham,18:48,1,He Ran Exile,515795,Sporting Life,https://www.sportinglife.com/greyhounds/racecards/2026-09-11/nottingham/racecard/515795
2026-09-11,Nottingham,18:48,2,Swift Micah,515795,Sporting Life,https://www.sportinglife.com/greyhounds/racecards/2026-09-11/nottingham/racecard/515795
2026-09-11,Nottingham,18:48,3,Tetra Revenge,515795,Sporting Life,https://www.sportinglife.com/greyhounds/racecards/2026-09-11/nottingham/racecard/515795
2026-09-11,Nottingham,18:48,4,Yankee Leader,515795,Sporting Life,https://www.sportinglife.com/greyhounds/racecards/2026-09-11/nottingham/racecard/515795
2026-09-11,Nottingham,18:48,5,Honeyhill Bert,515795,Sporting Life,https://www.sportinglife.com/greyhounds/racecards/2026-09-11/nottingham/racecard/515795
2026-09-11,Nottingham,18:48,6,Bonnies Legacy,515795,Sporting Life,https://www.sportinglife.com/greyhounds/racecards/2026-09-11/nottingham/racecard/515795
2026-09-11,Nottingham,19:08,1,In Form Lady,515796,Sporting Life,https://www.sportinglife.com/greyhounds/racecards/2026-09-11/nottingham/racecard/515796
2026-09-11,Nottingham,19:08,2,Aghaburren Lewis,515796,Sporting Life,https://www.sportinglife.com/greyhounds/racecards/2026-09-11/nottingham/racecard/515796
2026-09-11,Nottingham,19:08,3,Glideaway Fever,515796,Sporting Life,https://www.sportinglife.com/greyhounds/racecards/2026-09-11/nottingham/racecard/515796
2026-09-11,Nottingham,19:08,5,Wizards Dual,515796,Sporting Life,https://www.sportinglife.com/greyhounds/racecards/2026-09-11/nottingham/racecard/515796
2026-09-11,Nottingham,19:08,6,Lynnia Max,515796,Sporting Life,https://www.sportinglife.com/greyhounds/racecards/2026-09-11/nottingham/racecard/515796
2026-09-11,Nottingham,19:28,1,Bellmore Queen,515797,Sporting Life,https://www.sportinglife.com/greyhounds/racecards/2026-09-11/nottingham/racecard/515797
2026-09-11,Nottingham,19:28,2,Flyers Swiftly,515797,Sporting Life,https://www.sportinglife.com/greyhounds/racecards/2026-09-11/nottingham/racecard/515797
2026-09-11,Nottingham,19:28,3,Sambar Dream,515797,Sporting Life,https://www.sportinglife.com/greyhounds/racecards/2026-09-11/nottingham/racecard/515797
2026-09-11,Nottingham,19:28,4,Wynwuff,515797,Sporting Life,https://www.sportinglife.com/greyhounds/racecards/2026-09-11/nottingham/racecard/515797
2026-09-11,Nottingham,19:28,5,Bobsleigh Act,515797,Sporting Life,https://www.sportinglife.com/greyhounds/racecards/2026-09-11/nottingham/racecard/515797
2026-09-11,Nottingham,19:28,6,Lisnakill Donnie,515797,Sporting Life,https://www.sportinglife.com/greyhounds/racecards/2026-09-11/nottingham/racecard/515797
2026-09-11,Nottingham,19:48,1,Perdey,515798,Sporting Life,https://www.sportinglife.com/greyhounds/racecards/2026-09-11/nottingham/racecard/515798
2026-09-11,Nottingham,19:48,2,Honeygar Flow,515798,Sporting Life,https://www.sportinglife.com/greyhounds/racecards/2026-09-11/nottingham/racecard/515798
2026-09-11,Nottingham,19:48,3,Springwood Frida,515798,Sporting Life,https://www.sportinglife.com/greyhounds/racecards/2026-09-11/nottingham/racecard/515798
2026-09-11,Nottingham,19:48,4,Honour Fifi,515798,Sporting Life,https://www.sportinglife.com/greyhounds/racecards/2026-09-11/nottingham/racecard/515798
2026-09-11,Nottingham,19:48,5,Swift Kendall,515798,Sporting Life,https://www.sportinglife.com/greyhounds/racecards/2026-09-11/nottingham/racecard/515798
2026-09-11,Nottingham,20:08,1,Blackfriars Buzz,515799,Sporting Life,https://www.sportinglife.com/greyhounds/racecards/2026-09-11/nottingham/racecard/515799
2026-09-11,Nottingham,20:08,2,Swift Talk,515799,Sporting Life,https://www.sportinglife.com/greyhounds/racecards/2026-09-11/nottingham/racecard/515799
2026-09-11,Nottingham,20:08,3,Soapbox Keli,515799,Sporting Life,https://www.sportinglife.com/greyhounds/racecards/2026-09-11/nottingham/racecard/515799
2026-09-11,Nottingham,20:08,4,Saleen Stunner,515799,Sporting Life,https://www.sportinglife.com/greyhounds/racecards/2026-09-11/nottingham/racecard/515799
2026-09-11,Nottingham,20:08,5,Worra Cuddle,515799,Sporting Life,https://www.sportinglife.com/greyhounds/racecards/2026-09-11/nottingham/racecard/515799
2026-09-11,Nottingham,20:08,6,Sparta Pro,515799,Sporting Life,https://www.sportinglife.com/greyhounds/racecards/2026-09-11/nottingham/racecard/515799
2026-09-11,Nottingham,20:28,1,Olwinn Ginge,515800,Sporting Life,https://www.sportinglife.com/greyhounds/racecards/2026-09-11/nottingham/racecard/515800
2026-09-11,Nottingham,20:28,2,Silverwing,515800,Sporting Life,https://www.sportinglife.com/greyhounds/racecards/2026-09-11/nottingham/racecard/515800
2026-09-11,Nottingham,20:28,3,Rowington Raven,515800,Sporting Life,https://www.sportinglife.com/greyhounds/racecards/2026-09-11/nottingham/racecard/515800
2026-09-11,Nottingham,20:28,4,Swift Doireann,515800,Sporting Life,https://www.sportinglife.com/greyhounds/racecards/2026-09-11/nottingham/racecard/515800
2026-09-11,Nottingham,20:28,5,Ballyhimikin Lee,515800,Sporting Life,https://www.sportinglife.com/greyhounds/racecards/2026-09-11/nottingham/racecard/515800
2026-09-11,Nottingham,20:28,6,Kellies Jewel,515800,Sporting Life,https://www.sportinglife.com/greyhounds/racecards/2026-09-11/nottingham/racecard/515800
2026-09-11,Nottingham,20:48,1,Spruce Blaze,515801,Sporting Life,https://www.sportinglife.com/greyhounds/racecards/2026-09-11/nottingham/racecard/515801
2026-09-11,Nottingham,20:48,2,Skyfall Bliss,515801,Sporting Life,https://www.sportinglife.com/greyhounds/racecards/2026-09-11/nottingham/racecard/515801
2026-09-11,Nottingham,20:48,3,Dairyland Roxy,515801,Sporting Life,https://www.sportinglife.com/greyhounds/racecards/2026-09-11/nottingham/racecard/515801
2026-09-11,Nottingham,20:48,4,Honour Roll,515801,Sporting Life,https://www.sportinglife.com/greyhounds/racecards/2026-09-11/nottingham/racecard/515801
2026-09-11,Nottingham,20:48,5,Rosshill Sue,515801,Sporting Life,https://www.sportinglife.com/greyhounds/racecards/2026-09-11/nottingham/racecard/515801
2026-09-11,Nottingham,20:48,6,Worra Babe,515801,Sporting Life,https://www.sportinglife.com/greyhounds/racecards/2026-09-11/nottingham/racecard/515801
2026-09-11,Nottingham,21:08,1,Nidderdaleautumn,515802,Sporting Life,https://www.sportinglife.com/greyhounds/racecards/2026-09-11/nottingham/racecard/515802
2026-09-11,Nottingham,21:08,2,Tory Yvonne,515802,Sporting Life,https://www.sportinglife.com/greyhounds/racecards/2026-09-11/nottingham/racecard/515802
2026-09-11,Nottingham,21:08,3,Chasing Niamh,515802,Sporting Life,https://www.sportinglife.com/greyhounds/racecards/2026-09-11/nottingham/racecard/515802
2026-09-11,Nottingham,21:08,4,Honour Precious,515802,Sporting Life,https://www.sportinglife.com/greyhounds/racecards/2026-09-11/nottingham/racecard/515802
2026-09-11,Nottingham,21:08,5,Noirs Fly,515802,Sporting Life,https://www.sportinglife.com/greyhounds/racecards/2026-09-11/nottingham/racecard/515802
2026-09-11,Nottingham,21:08,6,Saleen Swan,515802,Sporting Life,https://www.sportinglife.com/greyhounds/racecards/2026-09-11/nottingham/racecard/515802
2026-09-11,Nottingham,21:28,1,Sallagh Goofy,515803,Sporting Life,https://www.sportinglife.com/greyhounds/racecards/2026-09-11/nottingham/racecard/515803
2026-09-11,Nottingham,21:28,2,Braceys Boy,515803,Sporting Life,https://www.sportinglife.com/greyhounds/racecards/2026-09-11/nottingham/racecard/515803
2026-09-11,Nottingham,21:28,3,Legsintheair,515803,Sporting Life,https://www.sportinglife.com/greyhounds/racecards/2026-09-11/nottingham/racecard/515803
2026-09-11,Nottingham,21:28,4,Ballinabola Mona,515803,Sporting Life,https://www.sportinglife.com/greyhounds/racecards/2026-09-11/nottingham/racecard/515803
2026-09-11,Nottingham,21:28,5,Broomfleet Flyer,515803,Sporting Life,https://www.sportinglife.com/greyhounds/racecards/2026-09-11/nottingham/racecard/515803
2026-09-11,Nottingham,21:28,6,Crafty Elmo,515803,Sporting Life,https://www.sportinglife.com/greyhounds/racecards/2026-09-11/nottingham/racecard/515803
2026-09-11,Nottingham,21:48,1,Honour Tracy,515804,Sporting Life,https://www.sportinglife.com/greyhounds/racecards/2026-09-11/nottingham/racecard/515804
2026-09-11,Nottingham,21:48,2,Brocquy,515804,Sporting Life,https://www.sportinglife.com/greyhounds/racecards/2026-09-11/nottingham/racecard/515804
2026-09-11,Nottingham,21:48,3,Wolf Eclipse,515804,Sporting Life,https://www.sportinglife.com/greyhounds/racecards/2026-09-11/nottingham/racecard/515804
2026-09-11,Nottingham,21:48,5,Blae No Play,515804,Sporting Life,https://www.sportinglife.com/greyhounds/racecards/2026-09-11/nottingham/racecard/515804
2026-09-11,Nottingham,21:48,6,Clonlost Deedee,515804,Sporting Life,https://www.sportinglife.com/greyhounds/racecards/2026-09-11/nottingham/racecard/515804
2026-09-11,Romford,18:33,1,Droopys Nanette,515841,Sporting Life,https://www.sportinglife.com/greyhounds/racecards/2026-09-11/romford/racecard/515841
2026-09-11,Romford,18:33,2,Outfoxed,515841,Sporting Life,https://www.sportinglife.com/greyhounds/racecards/2026-09-11/romford/racecard/515841
2026-09-11,Romford,18:33,3,Links Viper,515841,Sporting Life,https://www.sportinglife.com/greyhounds/racecards/2026-09-11/romford/racecard/515841
2026-09-11,Romford,18:33,4,Lincoln Impulse,515841,Sporting Life,https://www.sportinglife.com/greyhounds/racecards/2026-09-11/romford/racecard/515841
2026-09-11,Romford,18:33,5,Swap Around,515841,Sporting Life,https://www.sportinglife.com/greyhounds/racecards/2026-09-11/romford/racecard/515841
2026-09-11,Romford,18:53,1,Hesdaguvnor,515842,Sporting Life,https://www.sportinglife.com/greyhounds/racecards/2026-09-11/romford/racecard/515842
2026-09-11,Romford,18:53,2,Emers Marnie,515842,Sporting Life,https://www.sportinglife.com/greyhounds/racecards/2026-09-11/romford/racecard/515842
2026-09-11,Romford,18:53,3,Ontherun Jamie,515842,Sporting Life,https://www.sportinglife.com/greyhounds/racecards/2026-09-11/romford/racecard/515842
2026-09-11,Romford,18:53,4,Allowdale Risoto,515842,Sporting Life,https://www.sportinglife.com/greyhounds/racecards/2026-09-11/romford/racecard/515842
2026-09-11,Romford,18:53,5,Speedy Simone,515842,Sporting Life,https://www.sportinglife.com/greyhounds/racecards/2026-09-11/romford/racecard/515842
2026-09-11,Romford,18:53,6,Snoopys Gold,515842,Sporting Life,https://www.sportinglife.com/greyhounds/racecards/2026-09-11/romford/racecard/515842
2026-09-11,Romford,19:13,1,Headford Sarah,515843,Sporting Life,https://www.sportinglife.com/greyhounds/racecards/2026-09-11/romford/racecard/515843
2026-09-11,Romford,19:13,2,Savana Cosmic,515843,Sporting Life,https://www.sportinglife.com/greyhounds/racecards/2026-09-11/romford/racecard/515843
2026-09-11,Romford,19:13,3,Always Wrighty,515843,Sporting Life,https://www.sportinglife.com/greyhounds/racecards/2026-09-11/romford/racecard/515843
2026-09-11,Romford,19:13,4,Zenith Impact,515843,Sporting Life,https://www.sportinglife.com/greyhounds/racecards/2026-09-11/romford/racecard/515843
2026-09-11,Romford,19:13,6,Rapido Rosin,515843,Sporting Life,https://www.sportinglife.com/greyhounds/racecards/2026-09-11/romford/racecard/515843
2026-09-11,Romford,19:33,1,Ballymac Carlina,515844,Sporting Life,https://www.sportinglife.com/greyhounds/racecards/2026-09-11/romford/racecard/515844
2026-09-11,Romford,19:33,2,Geneva Betsy,515844,Sporting Life,https://www.sportinglife.com/greyhounds/racecards/2026-09-11/romford/racecard/515844
2026-09-11,Romford,19:33,3,Coonough Laura,515844,Sporting Life,https://www.sportinglife.com/greyhounds/racecards/2026-09-11/romford/racecard/515844
2026-09-11,Romford,19:33,4,Bubbly Babs,515844,Sporting Life,https://www.sportinglife.com/greyhounds/racecards/2026-09-11/romford/racecard/515844
2026-09-11,Romford,19:33,5,Goldcash Prince,515844,Sporting Life,https://www.sportinglife.com/greyhounds/racecards/2026-09-11/romford/racecard/515844
2026-09-11,Romford,19:53,1,Bubbly Holly,515845,Sporting Life,https://www.sportinglife.com/greyhounds/racecards/2026-09-11/romford/racecard/515845
2026-09-11,Romford,19:53,2,Powerhouse Duke,515845,Sporting Life,https://www.sportinglife.com/greyhounds/racecards/2026-09-11/romford/racecard/515845
2026-09-11,Romford,19:53,3,Izzys Tenpin,515845,Sporting Life,https://www.sportinglife.com/greyhounds/racecards/2026-09-11/romford/racecard/515845
2026-09-11,Romford,19:53,4,Crossfield Roger,515845,Sporting Life,https://www.sportinglife.com/greyhounds/racecards/2026-09-11/romford/racecard/515845
2026-09-11,Romford,19:53,5,Finally Matched,515845,Sporting Life,https://www.sportinglife.com/greyhounds/racecards/2026-09-11/romford/racecard/515845
2026-09-11,Romford,20:13,1,Honey Rex,515846,Sporting Life,https://www.sportinglife.com/greyhounds/racecards/2026-09-11/romford/racecard/515846
2026-09-11,Romford,20:13,2,Goldstar Connie,515846,Sporting Life,https://www.sportinglife.com/greyhounds/racecards/2026-09-11/romford/racecard/515846
2026-09-11,Romford,20:13,3,Droopys Pioneer,515846,Sporting Life,https://www.sportinglife.com/greyhounds/racecards/2026-09-11/romford/racecard/515846
2026-09-11,Romford,20:13,4,Jacquesinthebox,515846,Sporting Life,https://www.sportinglife.com/greyhounds/racecards/2026-09-11/romford/racecard/515846
2026-09-11,Romford,20:13,5,Paradise Probono,515846,Sporting Life,https://www.sportinglife.com/greyhounds/racecards/2026-09-11/romford/racecard/515846
2026-09-11,Romford,20:13,6,Ivy Hill Ariel,515846,Sporting Life,https://www.sportinglife.com/greyhounds/racecards/2026-09-11/romford/racecard/515846
2026-09-11,Romford,20:33,1,The Other Hudson,515847,Sporting Life,https://www.sportinglife.com/greyhounds/racecards/2026-09-11/romford/racecard/515847
2026-09-11,Romford,20:33,2,Bellini Bullet,515847,Sporting Life,https://www.sportinglife.com/greyhounds/racecards/2026-09-11/romford/racecard/515847
2026-09-11,Romford,20:33,3,Rosstemple Vivo,515847,Sporting Life,https://www.sportinglife.com/greyhounds/racecards/2026-09-11/romford/racecard/515847
2026-09-11,Romford,20:33,4,Whisky Villarico,515847,Sporting Life,https://www.sportinglife.com/greyhounds/racecards/2026-09-11/romford/racecard/515847
2026-09-11,Romford,20:33,5,Darcys Dude,515847,Sporting Life,https://www.sportinglife.com/greyhounds/racecards/2026-09-11/romford/racecard/515847
2026-09-11,Romford,20:33,6,Populist,515847,Sporting Life,https://www.sportinglife.com/greyhounds/racecards/2026-09-11/romford/racecard/515847
2026-09-11,Romford,20:53,1,Carrigoon Cece,515848,Sporting Life,https://www.sportinglife.com/greyhounds/racecards/2026-09-11/romford/racecard/515848
2026-09-11,Romford,20:53,2,Churchfield King,515848,Sporting Life,https://www.sportinglife.com/greyhounds/racecards/2026-09-11/romford/racecard/515848
2026-09-11,Romford,20:53,3,Puntos Opinion,515848,Sporting Life,https://www.sportinglife.com/greyhounds/racecards/2026-09-11/romford/racecard/515848
2026-09-11,Romford,20:53,4,Westway Mario,515848,Sporting Life,https://www.sportinglife.com/greyhounds/racecards/2026-09-11/romford/racecard/515848
2026-09-11,Romford,20:53,5,Cloheena Caelan,515848,Sporting Life,https://www.sportinglife.com/greyhounds/racecards/2026-09-11/romford/racecard/515848
2026-09-11,Romford,20:53,6,Not Now Alan,515848,Sporting Life,https://www.sportinglife.com/greyhounds/racecards/2026-09-11/romford/racecard/515848
2026-09-11,Romford,21:13,1,Too Spicy,515849,Sporting Life,https://www.sportinglife.com/greyhounds/racecards/2026-09-11/romford/racecard/515849
2026-09-11,Romford,21:13,2,Bonville Paddy,515849,Sporting Life,https://www.sportinglife.com/greyhounds/racecards/2026-09-11/romford/racecard/515849
2026-09-11,Romford,21:13,3,Essex Gunner,515849,Sporting Life,https://www.sportinglife.com/greyhounds/racecards/2026-09-11/romford/racecard/515849
2026-09-11,Romford,21:13,4,Brother Patrick,515849,Sporting Life,https://www.sportinglife.com/greyhounds/racecards/2026-09-11/romford/racecard/515849
2026-09-11,Romford,21:13,5,Hollywood Leo,515849,Sporting Life,https://www.sportinglife.com/greyhounds/racecards/2026-09-11/romford/racecard/515849
2026-09-11,Romford,21:13,6,Another Solution,515849,Sporting Life,https://www.sportinglife.com/greyhounds/racecards/2026-09-11/romford/racecard/515849
2026-09-11,Romford,21:33,1,Full Monty,515850,Sporting Life,https://www.sportinglife.com/greyhounds/racecards/2026-09-11/romford/racecard/515850
2026-09-11,Romford,21:33,2,Underground Navy,515850,Sporting Life,https://www.sportinglife.com/greyhounds/racecards/2026-09-11/romford/racecard/515850
2026-09-11,Romford,21:33,3,Drombeg Flash,515850,Sporting Life,https://www.sportinglife.com/greyhounds/racecards/2026-09-11/romford/racecard/515850
2026-09-11,Romford,21:33,5,Swift What,515850,Sporting Life,https://www.sportinglife.com/greyhounds/racecards/2026-09-11/romford/racecard/515850
2026-09-11,Romford,21:33,6,Droopys Samara,515850,Sporting Life,https://www.sportinglife.com/greyhounds/racecards/2026-09-11/romford/racecard/515850
2026-09-11,Romford,21:53,1,Headford Wayne,515851,Sporting Life,https://www.sportinglife.com/greyhounds/racecards/2026-09-11/romford/racecard/515851
2026-09-11,Romford,21:53,2,Piemans Goalie,515851,Sporting Life,https://www.sportinglife.com/greyhounds/racecards/2026-09-11/romford/racecard/515851
2026-09-11,Romford,21:53,3,Bubbly Crusader,515851,Sporting Life,https://www.sportinglife.com/greyhounds/racecards/2026-09-11/romford/racecard/515851
2026-09-11,Romford,21:53,4,Bombay Buck,515851,Sporting Life,https://www.sportinglife.com/greyhounds/racecards/2026-09-11/romford/racecard/515851
2026-09-11,Romford,21:53,5,Satin Barney,515851,Sporting Life,https://www.sportinglife.com/greyhounds/racecards/2026-09-11/romford/racecard/515851
2026-09-11,Romford,21:53,6,Brindle Bully,515851,Sporting Life,https://www.sportinglife.com/greyhounds/racecards/2026-09-11/romford/racecard/515851
2026-09-11,Romford,22:13,1,Swift Youth,515852,Sporting Life,https://www.sportinglife.com/greyhounds/racecards/2026-09-11/romford/racecard/515852
2026-09-11,Romford,22:13,2,Maggie Bombastic,515852,Sporting Life,https://www.sportinglife.com/greyhounds/racecards/2026-09-11/romford/racecard/515852
2026-09-11,Romford,22:13,3,Underground Matt,515852,Sporting Life,https://www.sportinglife.com/greyhounds/racecards/2026-09-11/romford/racecard/515852
2026-09-11,Romford,22:13,4,Swift Quaid,515852,Sporting Life,https://www.sportinglife.com/greyhounds/racecards/2026-09-11/romford/racecard/515852
2026-09-11,Romford,22:13,5,Kilbride Office,515852,Sporting Life,https://www.sportinglife.com/greyhounds/racecards/2026-09-11/romford/racecard/515852
2026-09-11,Romford,22:13,6,Lincoln Impact,515852,Sporting Life,https://www.sportinglife.com/greyhounds/racecards/2026-09-11/romford/racecard/515852
2026-09-11,Sheffield,18:18,1,Tip Top Peaky,515853,Sporting Life,https://www.sportinglife.com/greyhounds/racecards/2026-09-11/sheffield/racecard/515853
2026-09-11,Sheffield,18:18,2,Small Fun,515853,Sporting Life,https://www.sportinglife.com/greyhounds/racecards/2026-09-11/sheffield/racecard/515853
2026-09-11,Sheffield,18:18,3,Ardrahan Aldante,515853,Sporting Life,https://www.sportinglife.com/greyhounds/racecards/2026-09-11/sheffield/racecard/515853
2026-09-11,Sheffield,18:18,4,Ballymac Whaler,515853,Sporting Life,https://www.sportinglife.com/greyhounds/racecards/2026-09-11/sheffield/racecard/515853
2026-09-11,Sheffield,18:18,6,Brushbrushtaptap,515853,Sporting Life,https://www.sportinglife.com/greyhounds/racecards/2026-09-11/sheffield/racecard/515853
2026-09-11,Sheffield,18:38,1,Dot To Dash,515854,Sporting Life,https://www.sportinglife.com/greyhounds/racecards/2026-09-11/sheffield/racecard/515854
2026-09-11,Sheffield,18:38,3,Helicopter Wilma,515854,Sporting Life,https://www.sportinglife.com/greyhounds/racecards/2026-09-11/sheffield/racecard/515854
2026-09-11,Sheffield,18:38,4,Camacho,515854,Sporting Life,https://www.sportinglife.com/greyhounds/racecards/2026-09-11/sheffield/racecard/515854
2026-09-11,Sheffield,18:38,5,Easy Mix,515854,Sporting Life,https://www.sportinglife.com/greyhounds/racecards/2026-09-11/sheffield/racecard/515854
2026-09-11,Sheffield,18:38,6,Unique Flight,515854,Sporting Life,https://www.sportinglife.com/greyhounds/racecards/2026-09-11/sheffield/racecard/515854
2026-09-11,Sheffield,18:58,1,Honey Trigger,515855,Sporting Life,https://www.sportinglife.com/greyhounds/racecards/2026-09-11/sheffield/racecard/515855
2026-09-11,Sheffield,18:58,2,What A Storm,515855,Sporting Life,https://www.sportinglife.com/greyhounds/racecards/2026-09-11/sheffield/racecard/515855
2026-09-11,Sheffield,18:58,3,Catunda Missy,515855,Sporting Life,https://www.sportinglife.com/greyhounds/racecards/2026-09-11/sheffield/racecard/515855
2026-09-11,Sheffield,18:58,4,Inca Brook,515855,Sporting Life,https://www.sportinglife.com/greyhounds/racecards/2026-09-11/sheffield/racecard/515855
2026-09-11,Sheffield,18:58,6,Romeo On Point,515855,Sporting Life,https://www.sportinglife.com/greyhounds/racecards/2026-09-11/sheffield/racecard/515855
2026-09-11,Sheffield,19:18,1,Keady Sapphire,515856,Sporting Life,https://www.sportinglife.com/greyhounds/racecards/2026-09-11/sheffield/racecard/515856
2026-09-11,Sheffield,19:18,2,Critical Anja,515856,Sporting Life,https://www.sportinglife.com/greyhounds/racecards/2026-09-11/sheffield/racecard/515856
2026-09-11,Sheffield,19:18,3,Rowington Rebel,515856,Sporting Life,https://www.sportinglife.com/greyhounds/racecards/2026-09-11/sheffield/racecard/515856
2026-09-11,Sheffield,19:18,4,Ardnasool Hodor,515856,Sporting Life,https://www.sportinglife.com/greyhounds/racecards/2026-09-11/sheffield/racecard/515856
2026-09-11,Sheffield,19:18,5,Rathronan Ida,515856,Sporting Life,https://www.sportinglife.com/greyhounds/racecards/2026-09-11/sheffield/racecard/515856
2026-09-11,Sheffield,19:18,6,Colrose Flyer,515856,Sporting Life,https://www.sportinglife.com/greyhounds/racecards/2026-09-11/sheffield/racecard/515856
2026-09-11,Sheffield,19:38,1,Marlfield Arthur,515857,Sporting Life,https://www.sportinglife.com/greyhounds/racecards/2026-09-11/sheffield/racecard/515857
2026-09-11,Sheffield,19:38,2,Crokers Emma,515857,Sporting Life,https://www.sportinglife.com/greyhounds/racecards/2026-09-11/sheffield/racecard/515857
2026-09-11,Sheffield,19:38,3,Cavies Orla,515857,Sporting Life,https://www.sportinglife.com/greyhounds/racecards/2026-09-11/sheffield/racecard/515857
2026-09-11,Sheffield,19:38,4,Teasys Pet,515857,Sporting Life,https://www.sportinglife.com/greyhounds/racecards/2026-09-11/sheffield/racecard/515857
2026-09-11,Sheffield,19:38,5,When Its Over,515857,Sporting Life,https://www.sportinglife.com/greyhounds/racecards/2026-09-11/sheffield/racecard/515857
2026-09-11,Sheffield,19:38,6,Not A Lot,515857,Sporting Life,https://www.sportinglife.com/greyhounds/racecards/2026-09-11/sheffield/racecard/515857
2026-09-11,Sheffield,19:58,1,High Power,515858,Sporting Life,https://www.sportinglife.com/greyhounds/racecards/2026-09-11/sheffield/racecard/515858
2026-09-11,Sheffield,19:58,2,Robbiethepostie,515858,Sporting Life,https://www.sportinglife.com/greyhounds/racecards/2026-09-11/sheffield/racecard/515858
2026-09-11,Sheffield,19:58,3,Good Dreamer,515858,Sporting Life,https://www.sportinglife.com/greyhounds/racecards/2026-09-11/sheffield/racecard/515858
2026-09-11,Sheffield,19:58,4,Autumn Lydia,515858,Sporting Life,https://www.sportinglife.com/greyhounds/racecards/2026-09-11/sheffield/racecard/515858
2026-09-11,Sheffield,19:58,5,Kilgarran Holly,515858,Sporting Life,https://www.sportinglife.com/greyhounds/racecards/2026-09-11/sheffield/racecard/515858
2026-09-11,Sheffield,19:58,6,Swift Step,515858,Sporting Life,https://www.sportinglife.com/greyhounds/racecards/2026-09-11/sheffield/racecard/515858
2026-09-11,Sheffield,20:18,1,Keady Corky,515859,Sporting Life,https://www.sportinglife.com/greyhounds/racecards/2026-09-11/sheffield/racecard/515859
2026-09-11,Sheffield,20:18,2,Quality Style,515859,Sporting Life,https://www.sportinglife.com/greyhounds/racecards/2026-09-11/sheffield/racecard/515859
2026-09-11,Sheffield,20:18,3,Hold A Dream,515859,Sporting Life,https://www.sportinglife.com/greyhounds/racecards/2026-09-11/sheffield/racecard/515859
2026-09-11,Sheffield,20:18,4,March On Kit,515859,Sporting Life,https://www.sportinglife.com/greyhounds/racecards/2026-09-11/sheffield/racecard/515859
2026-09-11,Sheffield,20:18,5,Ardnasool North,515859,Sporting Life,https://www.sportinglife.com/greyhounds/racecards/2026-09-11/sheffield/racecard/515859
2026-09-11,Sheffield,20:18,6,Old Fort Jukebox,515859,Sporting Life,https://www.sportinglife.com/greyhounds/racecards/2026-09-11/sheffield/racecard/515859
2026-09-11,Sheffield,20:38,1,Cape Liberty,515860,Sporting Life,https://www.sportinglife.com/greyhounds/racecards/2026-09-11/sheffield/racecard/515860
2026-09-11,Sheffield,20:38,2,Easy Rhi,515860,Sporting Life,https://www.sportinglife.com/greyhounds/racecards/2026-09-11/sheffield/racecard/515860
2026-09-11,Sheffield,20:38,3,Dance Lovee,515860,Sporting Life,https://www.sportinglife.com/greyhounds/racecards/2026-09-11/sheffield/racecard/515860
2026-09-11,Sheffield,20:38,4,Easy Next One,515860,Sporting Life,https://www.sportinglife.com/greyhounds/racecards/2026-09-11/sheffield/racecard/515860
2026-09-11,Sheffield,20:38,5,Be My Lass,515860,Sporting Life,https://www.sportinglife.com/greyhounds/racecards/2026-09-11/sheffield/racecard/515860
2026-09-11,Sheffield,20:38,6,Tumbledown,515860,Sporting Life,https://www.sportinglife.com/greyhounds/racecards/2026-09-11/sheffield/racecard/515860
2026-09-11,Sheffield,20:58,1,Braemar Millie,515861,Sporting Life,https://www.sportinglife.com/greyhounds/racecards/2026-09-11/sheffield/racecard/515861
2026-09-11,Sheffield,20:58,2,Newline Ray,515861,Sporting Life,https://www.sportinglife.com/greyhounds/racecards/2026-09-11/sheffield/racecard/515861
2026-09-11,Sheffield,20:58,3,Beepers Cash In,515861,Sporting Life,https://www.sportinglife.com/greyhounds/racecards/2026-09-11/sheffield/racecard/515861
2026-09-11,Sheffield,20:58,4,Slippy Falcon,515861,Sporting Life,https://www.sportinglife.com/greyhounds/racecards/2026-09-11/sheffield/racecard/515861
2026-09-11,Sheffield,20:58,5,Ten Ton Simba,515861,Sporting Life,https://www.sportinglife.com/greyhounds/racecards/2026-09-11/sheffield/racecard/515861
2026-09-11,Sheffield,21:18,1,Saleen Action,515862,Sporting Life,https://www.sportinglife.com/greyhounds/racecards/2026-09-11/sheffield/racecard/515862
2026-09-11,Sheffield,21:18,2,Da Safety Net,515862,Sporting Life,https://www.sportinglife.com/greyhounds/racecards/2026-09-11/sheffield/racecard/515862
2026-09-11,Sheffield,21:18,3,Ticket Back,515862,Sporting Life,https://www.sportinglife.com/greyhounds/racecards/2026-09-11/sheffield/racecard/515862
2026-09-11,Sheffield,21:18,4,Listen Jessie,515862,Sporting Life,https://www.sportinglife.com/greyhounds/racecards/2026-09-11/sheffield/racecard/515862
2026-09-11,Sheffield,21:18,5,Birdwell Belle,515862,Sporting Life,https://www.sportinglife.com/greyhounds/racecards/2026-09-11/sheffield/racecard/515862
2026-09-11,Sheffield,21:18,6,Sunline Eabha,515862,Sporting Life,https://www.sportinglife.com/greyhounds/racecards/2026-09-11/sheffield/racecard/515862
2026-09-11,Sheffield,21:38,1,Russanda Fire,515863,Sporting Life,https://www.sportinglife.com/greyhounds/racecards/2026-09-11/sheffield/racecard/515863
2026-09-11,Sheffield,21:38,2,Elegant Joey,515863,Sporting Life,https://www.sportinglife.com/greyhounds/racecards/2026-09-11/sheffield/racecard/515863
2026-09-11,Sheffield,21:38,3,Colliers Brynner,515863,Sporting Life,https://www.sportinglife.com/greyhounds/racecards/2026-09-11/sheffield/racecard/515863
2026-09-11,Sheffield,21:38,5,Krak On Katie,515863,Sporting Life,https://www.sportinglife.com/greyhounds/racecards/2026-09-11/sheffield/racecard/515863
2026-09-11,Sheffield,21:38,6,Russanda Zara,515863,Sporting Life,https://www.sportinglife.com/greyhounds/racecards/2026-09-11/sheffield/racecard/515863
2026-09-11,Sheffield,21:58,1,Truly Special,515864,Sporting Life,https://www.sportinglife.com/greyhounds/racecards/2026-09-11/sheffield/racecard/515864
2026-09-11,Sheffield,21:58,2,Sheffield Bella,515864,Sporting Life,https://www.sportinglife.com/greyhounds/racecards/2026-09-11/sheffield/racecard/515864
2026-09-11,Sheffield,21:58,4,Frantic Friday,515864,Sporting Life,https://www.sportinglife.com/greyhounds/racecards/2026-09-11/sheffield/racecard/515864
2026-09-11,Sheffield,21:58,5,Troubled Water,515864,Sporting Life,https://www.sportinglife.com/greyhounds/racecards/2026-09-11/sheffield/racecard/515864
2026-09-11,Sheffield,21:58,6,Rockmount Kate,515864,Sporting Life,https://www.sportinglife.com/greyhounds/racecards/2026-09-11/sheffield/racecard/515864
2026-09-11,Star Pelaw,14:26,1,Baby Cupcakes,515879,Sporting Life,https://www.sportinglife.com/greyhounds/racecards/2026-09-11/star-pelaw/racecard/515879
2026-09-11,Star Pelaw,14:26,3,Loxleys Ace,515879,Sporting Life,https://www.sportinglife.com/greyhounds/racecards/2026-09-11/star-pelaw/racecard/515879
2026-09-11,Star Pelaw,14:26,4,Caseys Jarod,515879,Sporting Life,https://www.sportinglife.com/greyhounds/racecards/2026-09-11/star-pelaw/racecard/515879
2026-09-11,Star Pelaw,14:26,5,Loxleys Rex,515879,Sporting Life,https://www.sportinglife.com/greyhounds/racecards/2026-09-11/star-pelaw/racecard/515879
2026-09-11,Star Pelaw,14:26,6,Ainster Jim,515879,Sporting Life,https://www.sportinglife.com/greyhounds/racecards/2026-09-11/star-pelaw/racecard/515879
2026-09-11,Star Pelaw,14:44,1,Fruity Loxleys,515880,Sporting Life,https://www.sportinglife.com/greyhounds/racecards/2026-09-11/star-pelaw/racecard/515880
2026-09-11,Star Pelaw,14:44,2,Romeo Torres,515880,Sporting Life,https://www.sportinglife.com/greyhounds/racecards/2026-09-11/star-pelaw/racecard/515880
2026-09-11,Star Pelaw,14:44,3,Saltees Kayla,515880,Sporting Life,https://www.sportinglife.com/greyhounds/racecards/2026-09-11/star-pelaw/racecard/515880
2026-09-11,Star Pelaw,14:44,4,Wheatsheaf Star,515880,Sporting Life,https://www.sportinglife.com/greyhounds/racecards/2026-09-11/star-pelaw/racecard/515880
2026-09-11,Star Pelaw,14:44,6,Dorotas Diamond,515880,Sporting Life,https://www.sportinglife.com/greyhounds/racecards/2026-09-11/star-pelaw/racecard/515880
2026-09-11,Star Pelaw,15:03,1,Fruity Licious,515881,Sporting Life,https://www.sportinglife.com/greyhounds/racecards/2026-09-11/star-pelaw/racecard/515881
2026-09-11,Star Pelaw,15:03,2,Malibu Jota,515881,Sporting Life,https://www.sportinglife.com/greyhounds/racecards/2026-09-11/star-pelaw/racecard/515881
2026-09-11,Star Pelaw,15:03,4,Society Scary,515881,Sporting Life,https://www.sportinglife.com/greyhounds/racecards/2026-09-11/star-pelaw/racecard/515881
2026-09-11,Star Pelaw,15:03,5,Mall Could Do,515881,Sporting Life,https://www.sportinglife.com/greyhounds/racecards/2026-09-11/star-pelaw/racecard/515881
2026-09-11,Star Pelaw,15:03,6,Get Thumper,515881,Sporting Life,https://www.sportinglife.com/greyhounds/racecards/2026-09-11/star-pelaw/racecard/515881
2026-09-11,Star Pelaw,15:22,1,Listen Rascal,515882,Sporting Life,https://www.sportinglife.com/greyhounds/racecards/2026-09-11/star-pelaw/racecard/515882
2026-09-11,Star Pelaw,15:22,2,Deelish Rapid,515882,Sporting Life,https://www.sportinglife.com/greyhounds/racecards/2026-09-11/star-pelaw/racecard/515882
2026-09-11,Star Pelaw,15:22,3,Links Ginola,515882,Sporting Life,https://www.sportinglife.com/greyhounds/racecards/2026-09-11/star-pelaw/racecard/515882
2026-09-11,Star Pelaw,15:22,4,Knockduff Don,515882,Sporting Life,https://www.sportinglife.com/greyhounds/racecards/2026-09-11/star-pelaw/racecard/515882
2026-09-11,Star Pelaw,15:22,5,Hawkfield Lexi,515882,Sporting Life,https://www.sportinglife.com/greyhounds/racecards/2026-09-11/star-pelaw/racecard/515882
2026-09-11,Star Pelaw,15:41,1,Playing Nice,515883,Sporting Life,https://www.sportinglife.com/greyhounds/racecards/2026-09-11/star-pelaw/racecard/515883
2026-09-11,Star Pelaw,15:41,2,Rosstemple Bell,515883,Sporting Life,https://www.sportinglife.com/greyhounds/racecards/2026-09-11/star-pelaw/racecard/515883
2026-09-11,Star Pelaw,15:41,3,Caseys Molly,515883,Sporting Life,https://www.sportinglife.com/greyhounds/racecards/2026-09-11/star-pelaw/racecard/515883
2026-09-11,Star Pelaw,15:41,5,Caseys Shadrack,515883,Sporting Life,https://www.sportinglife.com/greyhounds/racecards/2026-09-11/star-pelaw/racecard/515883
2026-09-11,Star Pelaw,15:41,6,Rolo Twirl,515883,Sporting Life,https://www.sportinglife.com/greyhounds/racecards/2026-09-11/star-pelaw/racecard/515883
2026-09-11,Star Pelaw,15:59,1,Franklins Pace,515884,Sporting Life,https://www.sportinglife.com/greyhounds/racecards/2026-09-11/star-pelaw/racecard/515884
2026-09-11,Star Pelaw,15:59,2,Violets Girl,515884,Sporting Life,https://www.sportinglife.com/greyhounds/racecards/2026-09-11/star-pelaw/racecard/515884
2026-09-11,Star Pelaw,15:59,3,Rocking Skye,515884,Sporting Life,https://www.sportinglife.com/greyhounds/racecards/2026-09-11/star-pelaw/racecard/515884
2026-09-11,Star Pelaw,15:59,4,Onyago Giorgio,515884,Sporting Life,https://www.sportinglife.com/greyhounds/racecards/2026-09-11/star-pelaw/racecard/515884
2026-09-11,Star Pelaw,15:59,5,Boris Billy,515884,Sporting Life,https://www.sportinglife.com/greyhounds/racecards/2026-09-11/star-pelaw/racecard/515884
2026-09-11,Star Pelaw,16:18,1,Birtley Hoopstar,515885,Sporting Life,https://www.sportinglife.com/greyhounds/racecards/2026-09-11/star-pelaw/racecard/515885
2026-09-11,Star Pelaw,16:18,2,Wanted Louise,515885,Sporting Life,https://www.sportinglife.com/greyhounds/racecards/2026-09-11/star-pelaw/racecard/515885
2026-09-11,Star Pelaw,16:18,3,Caseys Hoffa,515885,Sporting Life,https://www.sportinglife.com/greyhounds/racecards/2026-09-11/star-pelaw/racecard/515885
2026-09-11,Star Pelaw,16:18,4,Maglass Bucks,515885,Sporting Life,https://www.sportinglife.com/greyhounds/racecards/2026-09-11/star-pelaw/racecard/515885
2026-09-11,Star Pelaw,16:18,5,Bitzer Maloney,515885,Sporting Life,https://www.sportinglife.com/greyhounds/racecards/2026-09-11/star-pelaw/racecard/515885
2026-09-11,Star Pelaw,16:37,1,Reign Of Power,515886,Sporting Life,https://www.sportinglife.com/greyhounds/racecards/2026-09-11/star-pelaw/racecard/515886
2026-09-11,Star Pelaw,16:37,2,Moanteen Pudding,515886,Sporting Life,https://www.sportinglife.com/greyhounds/racecards/2026-09-11/star-pelaw/racecard/515886
2026-09-11,Star Pelaw,16:37,3,Jacktavern Remi,515886,Sporting Life,https://www.sportinglife.com/greyhounds/racecards/2026-09-11/star-pelaw/racecard/515886
2026-09-11,Star Pelaw,16:37,4,Funky Noodle,515886,Sporting Life,https://www.sportinglife.com/greyhounds/racecards/2026-09-11/star-pelaw/racecard/515886
2026-09-11,Star Pelaw,16:37,6,Santas Bugatti,515886,Sporting Life,https://www.sportinglife.com/greyhounds/racecards/2026-09-11/star-pelaw/racecard/515886
2026-09-11,Star Pelaw,16:56,1,Freedom Ozark,515887,Sporting Life,https://www.sportinglife.com/greyhounds/racecards/2026-09-11/star-pelaw/racecard/515887
2026-09-11,Star Pelaw,16:56,3,Bogger Cutie,515887,Sporting Life,https://www.sportinglife.com/greyhounds/racecards/2026-09-11/star-pelaw/racecard/515887
2026-09-11,Star Pelaw,16:56,4,Mcdara Bella,515887,Sporting Life,https://www.sportinglife.com/greyhounds/racecards/2026-09-11/star-pelaw/racecard/515887
2026-09-11,Star Pelaw,16:56,5,Glenbowen Mabel,515887,Sporting Life,https://www.sportinglife.com/greyhounds/racecards/2026-09-11/star-pelaw/racecard/515887
2026-09-11,Star Pelaw,16:56,6,Snazzy Shelby,515887,Sporting Life,https://www.sportinglife.com/greyhounds/racecards/2026-09-11/star-pelaw/racecard/515887
2026-09-11,Sunderland,18:23,1,Zesty Pineapple,515805,Sporting Life,https://www.sportinglife.com/greyhounds/racecards/2026-09-11/sunderland/racecard/515805
2026-09-11,Sunderland,18:23,2,Rileys Rex,515805,Sporting Life,https://www.sportinglife.com/greyhounds/racecards/2026-09-11/sunderland/racecard/515805
2026-09-11,Sunderland,18:23,3,That Is It,515805,Sporting Life,https://www.sportinglife.com/greyhounds/racecards/2026-09-11/sunderland/racecard/515805
2026-09-11,Sunderland,18:23,4,Hollyhill Beauty,515805,Sporting Life,https://www.sportinglife.com/greyhounds/racecards/2026-09-11/sunderland/racecard/515805
2026-09-11,Sunderland,18:23,6,Stormy Shelby,515805,Sporting Life,https://www.sportinglife.com/greyhounds/racecards/2026-09-11/sunderland/racecard/515805
2026-09-11,Sunderland,18:43,1,Whitisit,515806,Sporting Life,https://www.sportinglife.com/greyhounds/racecards/2026-09-11/sunderland/racecard/515806
2026-09-11,Sunderland,18:43,2,Whitburnwarriors,515806,Sporting Life,https://www.sportinglife.com/greyhounds/racecards/2026-09-11/sunderland/racecard/515806
2026-09-11,Sunderland,18:43,4,Droopys Marie,515806,Sporting Life,https://www.sportinglife.com/greyhounds/racecards/2026-09-11/sunderland/racecard/515806
2026-09-11,Sunderland,18:43,5,Polerone Kop,515806,Sporting Life,https://www.sportinglife.com/greyhounds/racecards/2026-09-11/sunderland/racecard/515806
2026-09-11,Sunderland,18:43,6,Willows Hope,515806,Sporting Life,https://www.sportinglife.com/greyhounds/racecards/2026-09-11/sunderland/racecard/515806
2026-09-11,Sunderland,19:03,1,Maes Star,515807,Sporting Life,https://www.sportinglife.com/greyhounds/racecards/2026-09-11/sunderland/racecard/515807
2026-09-11,Sunderland,19:03,2,Watermill Emara,515807,Sporting Life,https://www.sportinglife.com/greyhounds/racecards/2026-09-11/sunderland/racecard/515807
2026-09-11,Sunderland,19:03,4,Allowdale Yuno,515807,Sporting Life,https://www.sportinglife.com/greyhounds/racecards/2026-09-11/sunderland/racecard/515807
2026-09-11,Sunderland,19:03,5,Monadreen Jazz,515807,Sporting Life,https://www.sportinglife.com/greyhounds/racecards/2026-09-11/sunderland/racecard/515807
2026-09-11,Sunderland,19:03,6,Mid Tipp Fran,515807,Sporting Life,https://www.sportinglife.com/greyhounds/racecards/2026-09-11/sunderland/racecard/515807
2026-09-11,Sunderland,19:23,1,Raha Shadow,515808,Sporting Life,https://www.sportinglife.com/greyhounds/racecards/2026-09-11/sunderland/racecard/515808
2026-09-11,Sunderland,19:23,2,Untold Kava,515808,Sporting Life,https://www.sportinglife.com/greyhounds/racecards/2026-09-11/sunderland/racecard/515808
2026-09-11,Sunderland,19:23,3,Elegant Shadow,515808,Sporting Life,https://www.sportinglife.com/greyhounds/racecards/2026-09-11/sunderland/racecard/515808
2026-09-11,Sunderland,19:23,4,Soapy Bubbles,515808,Sporting Life,https://www.sportinglife.com/greyhounds/racecards/2026-09-11/sunderland/racecard/515808
2026-09-11,Sunderland,19:23,5,Cornforth Fire,515808,Sporting Life,https://www.sportinglife.com/greyhounds/racecards/2026-09-11/sunderland/racecard/515808
2026-09-11,Sunderland,19:43,1,Timmys Duo,515809,Sporting Life,https://www.sportinglife.com/greyhounds/racecards/2026-09-11/sunderland/racecard/515809
2026-09-11,Sunderland,19:43,2,Tromora Puma,515809,Sporting Life,https://www.sportinglife.com/greyhounds/racecards/2026-09-11/sunderland/racecard/515809
2026-09-11,Sunderland,19:43,4,Distant Barbie,515809,Sporting Life,https://www.sportinglife.com/greyhounds/racecards/2026-09-11/sunderland/racecard/515809
2026-09-11,Sunderland,19:43,5,Hot Sully,515809,Sporting Life,https://www.sportinglife.com/greyhounds/racecards/2026-09-11/sunderland/racecard/515809
2026-09-11,Sunderland,19:43,6,Wraysbury Rhyme,515809,Sporting Life,https://www.sportinglife.com/greyhounds/racecards/2026-09-11/sunderland/racecard/515809
2026-09-11,Sunderland,20:03,1,Trooper Trippett,515810,Sporting Life,https://www.sportinglife.com/greyhounds/racecards/2026-09-11/sunderland/racecard/515810
2026-09-11,Sunderland,20:03,2,Ballymac Buddy,515810,Sporting Life,https://www.sportinglife.com/greyhounds/racecards/2026-09-11/sunderland/racecard/515810
2026-09-11,Sunderland,20:03,3,Coppice Saphire,515810,Sporting Life,https://www.sportinglife.com/greyhounds/racecards/2026-09-11/sunderland/racecard/515810
2026-09-11,Sunderland,20:03,4,Ballyhimikin Meg,515810,Sporting Life,https://www.sportinglife.com/greyhounds/racecards/2026-09-11/sunderland/racecard/515810
2026-09-11,Sunderland,20:03,5,Mossend Brute,515810,Sporting Life,https://www.sportinglife.com/greyhounds/racecards/2026-09-11/sunderland/racecard/515810
2026-09-11,Sunderland,20:03,6,Toonrlee,515810,Sporting Life,https://www.sportinglife.com/greyhounds/racecards/2026-09-11/sunderland/racecard/515810
2026-09-11,Sunderland,20:23,1,Born Scooby,515811,Sporting Life,https://www.sportinglife.com/greyhounds/racecards/2026-09-11/sunderland/racecard/515811
2026-09-11,Sunderland,20:23,2,Millhill May,515811,Sporting Life,https://www.sportinglife.com/greyhounds/racecards/2026-09-11/sunderland/racecard/515811
2026-09-11,Sunderland,20:23,3,Links Jester,515811,Sporting Life,https://www.sportinglife.com/greyhounds/racecards/2026-09-11/sunderland/racecard/515811
2026-09-11,Sunderland,20:23,4,Romeo Vega,515811,Sporting Life,https://www.sportinglife.com/greyhounds/racecards/2026-09-11/sunderland/racecard/515811
2026-09-11,Sunderland,20:23,5,Ballymac Shontae,515811,Sporting Life,https://www.sportinglife.com/greyhounds/racecards/2026-09-11/sunderland/racecard/515811
2026-09-11,Sunderland,20:23,6,Taylor The Best,515811,Sporting Life,https://www.sportinglife.com/greyhounds/racecards/2026-09-11/sunderland/racecard/515811
2026-09-11,Sunderland,20:43,1,Liffeyside Oak,515812,Sporting Life,https://www.sportinglife.com/greyhounds/racecards/2026-09-11/sunderland/racecard/515812
2026-09-11,Sunderland,20:43,2,Tip Top Flash,515812,Sporting Life,https://www.sportinglife.com/greyhounds/racecards/2026-09-11/sunderland/racecard/515812
2026-09-11,Sunderland,20:43,3,Up From Eskragh,515812,Sporting Life,https://www.sportinglife.com/greyhounds/racecards/2026-09-11/sunderland/racecard/515812
2026-09-11,Sunderland,20:43,4,Market Lough,515812,Sporting Life,https://www.sportinglife.com/greyhounds/racecards/2026-09-11/sunderland/racecard/515812
2026-09-11,Sunderland,20:43,5,Chanceme Richi,515812,Sporting Life,https://www.sportinglife.com/greyhounds/racecards/2026-09-11/sunderland/racecard/515812
2026-09-11,Sunderland,21:03,1,Nellys Magoo,515813,Sporting Life,https://www.sportinglife.com/greyhounds/racecards/2026-09-11/sunderland/racecard/515813
2026-09-11,Sunderland,21:03,2,Balmoral Lucy,515813,Sporting Life,https://www.sportinglife.com/greyhounds/racecards/2026-09-11/sunderland/racecard/515813
2026-09-11,Sunderland,21:03,3,Kennys Choice,515813,Sporting Life,https://www.sportinglife.com/greyhounds/racecards/2026-09-11/sunderland/racecard/515813
2026-09-11,Sunderland,21:03,4,Burkos Criminal,515813,Sporting Life,https://www.sportinglife.com/greyhounds/racecards/2026-09-11/sunderland/racecard/515813
2026-09-11,Sunderland,21:03,5,Kanturk Got It,515813,Sporting Life,https://www.sportinglife.com/greyhounds/racecards/2026-09-11/sunderland/racecard/515813
2026-09-11,Sunderland,21:03,6,Timmys Diva,515813,Sporting Life,https://www.sportinglife.com/greyhounds/racecards/2026-09-11/sunderland/racecard/515813
2026-09-11,Sunderland,21:23,1,Strike It Freya,515814,Sporting Life,https://www.sportinglife.com/greyhounds/racecards/2026-09-11/sunderland/racecard/515814
2026-09-11,Sunderland,21:23,2,Swing Ashly,515814,Sporting Life,https://www.sportinglife.com/greyhounds/racecards/2026-09-11/sunderland/racecard/515814
2026-09-11,Sunderland,21:23,3,Lynnia Ranger,515814,Sporting Life,https://www.sportinglife.com/greyhounds/racecards/2026-09-11/sunderland/racecard/515814
2026-09-11,Sunderland,21:23,4,Kerabellec Delph,515814,Sporting Life,https://www.sportinglife.com/greyhounds/racecards/2026-09-11/sunderland/racecard/515814
2026-09-11,Sunderland,21:23,5,Blackeyed Keyes,515814,Sporting Life,https://www.sportinglife.com/greyhounds/racecards/2026-09-11/sunderland/racecard/515814
2026-09-11,Sunderland,21:23,6,Stonepark Patsy,515814,Sporting Life,https://www.sportinglife.com/greyhounds/racecards/2026-09-11/sunderland/racecard/515814
2026-09-11,Sunderland,21:43,1,Ballinulty Sue,515815,Sporting Life,https://www.sportinglife.com/greyhounds/racecards/2026-09-11/sunderland/racecard/515815
2026-09-11,Sunderland,21:43,2,Scarty Finnoula,515815,Sporting Life,https://www.sportinglife.com/greyhounds/racecards/2026-09-11/sunderland/racecard/515815
2026-09-11,Sunderland,21:43,3,Panda Panda,515815,Sporting Life,https://www.sportinglife.com/greyhounds/racecards/2026-09-11/sunderland/racecard/515815
2026-09-11,Sunderland,21:43,4,Pomba Pauline,515815,Sporting Life,https://www.sportinglife.com/greyhounds/racecards/2026-09-11/sunderland/racecard/515815
2026-09-11,Sunderland,21:43,5,Dromulton Dream,515815,Sporting Life,https://www.sportinglife.com/greyhounds/racecards/2026-09-11/sunderland/racecard/515815
2026-09-11,Sunderland,21:43,6,Barnfield Chief,515815,Sporting Life,https://www.sportinglife.com/greyhounds/racecards/2026-09-11/sunderland/racecard/515815
2026-09-11,Sunderland,22:03,1,Put Onmy Socks,515816,Sporting Life,https://www.sportinglife.com/greyhounds/racecards/2026-09-11/sunderland/racecard/515816
2026-09-11,Sunderland,22:03,2,Latin Rose,515816,Sporting Life,https://www.sportinglife.com/greyhounds/racecards/2026-09-11/sunderland/racecard/515816
2026-09-11,Sunderland,22:03,3,Liberty Jess,515816,Sporting Life,https://www.sportinglife.com/greyhounds/racecards/2026-09-11/sunderland/racecard/515816
2026-09-11,Sunderland,22:03,4,Louies Lass,515816,Sporting Life,https://www.sportinglife.com/greyhounds/racecards/2026-09-11/sunderland/racecard/515816
2026-09-11,Sunderland,22:03,5,Swift Verified,515816,Sporting Life,https://www.sportinglife.com/greyhounds/racecards/2026-09-11/sunderland/racecard/515816
2026-09-11,Sunderland,22:03,6,Ferndale Coola,515816,Sporting Life,https://www.sportinglife.com/greyhounds/racecards/2026-09-11/sunderland/racecard/515816
2026-09-11,Towcester,14:23,1,Makeit Nissan,515901,Sporting Life,https://www.sportinglife.com/greyhounds/racecards/2026-09-11/towcester/racecard/515901
2026-09-11,Towcester,14:23,2,Shes Gone,515901,Sporting Life,https://www.sportinglife.com/greyhounds/racecards/2026-09-11/towcester/racecard/515901
2026-09-11,Towcester,14:23,3,The Rising Sun,515901,Sporting Life,https://www.sportinglife.com/greyhounds/racecards/2026-09-11/towcester/racecard/515901
2026-09-11,Towcester,14:23,4,Trapstyle Spud,515901,Sporting Life,https://www.sportinglife.com/greyhounds/racecards/2026-09-11/towcester/racecard/515901
2026-09-11,Towcester,14:23,5,Vegas Chatter,515901,Sporting Life,https://www.sportinglife.com/greyhounds/racecards/2026-09-11/towcester/racecard/515901
2026-09-11,Towcester,14:41,1,Contempt,515902,Sporting Life,https://www.sportinglife.com/greyhounds/racecards/2026-09-11/towcester/racecard/515902
2026-09-11,Towcester,14:41,2,Rallying Echo,515902,Sporting Life,https://www.sportinglife.com/greyhounds/racecards/2026-09-11/towcester/racecard/515902
2026-09-11,Towcester,14:41,3,Romantic Bingo,515902,Sporting Life,https://www.sportinglife.com/greyhounds/racecards/2026-09-11/towcester/racecard/515902
2026-09-11,Towcester,14:41,4,Fabulous Tamiko,515902,Sporting Life,https://www.sportinglife.com/greyhounds/racecards/2026-09-11/towcester/racecard/515902
2026-09-11,Towcester,14:41,5,Frankton Poppy,515902,Sporting Life,https://www.sportinglife.com/greyhounds/racecards/2026-09-11/towcester/racecard/515902
2026-09-11,Towcester,14:41,6,Tommys Poncho,515902,Sporting Life,https://www.sportinglife.com/greyhounds/racecards/2026-09-11/towcester/racecard/515902
2026-09-11,Towcester,15:01,1,Matts Eunice,515903,Sporting Life,https://www.sportinglife.com/greyhounds/racecards/2026-09-11/towcester/racecard/515903
2026-09-11,Towcester,15:01,2,Ballyquinsheldon,515903,Sporting Life,https://www.sportinglife.com/greyhounds/racecards/2026-09-11/towcester/racecard/515903
2026-09-11,Towcester,15:01,3,Slick Suir,515903,Sporting Life,https://www.sportinglife.com/greyhounds/racecards/2026-09-11/towcester/racecard/515903
2026-09-11,Towcester,15:01,4,Eire Katie,515903,Sporting Life,https://www.sportinglife.com/greyhounds/racecards/2026-09-11/towcester/racecard/515903
2026-09-11,Towcester,15:01,5,Slaheny Storm,515903,Sporting Life,https://www.sportinglife.com/greyhounds/racecards/2026-09-11/towcester/racecard/515903
2026-09-11,Towcester,15:01,6,Salacres Bullet,515903,Sporting Life,https://www.sportinglife.com/greyhounds/racecards/2026-09-11/towcester/racecard/515903
2026-09-11,Towcester,15:19,1,Blue Sparta,515904,Sporting Life,https://www.sportinglife.com/greyhounds/racecards/2026-09-11/towcester/racecard/515904
2026-09-11,Towcester,15:19,2,Rockstar Sally,515904,Sporting Life,https://www.sportinglife.com/greyhounds/racecards/2026-09-11/towcester/racecard/515904
2026-09-11,Towcester,15:19,3,Sharp N Smart,515904,Sporting Life,https://www.sportinglife.com/greyhounds/racecards/2026-09-11/towcester/racecard/515904
2026-09-11,Towcester,15:19,4,Amka Ember,515904,Sporting Life,https://www.sportinglife.com/greyhounds/racecards/2026-09-11/towcester/racecard/515904
2026-09-11,Towcester,15:19,5,Choices Jean,515904,Sporting Life,https://www.sportinglife.com/greyhounds/racecards/2026-09-11/towcester/racecard/515904
2026-09-11,Towcester,15:19,6,Cockneyloudmouth,515904,Sporting Life,https://www.sportinglife.com/greyhounds/racecards/2026-09-11/towcester/racecard/515904
2026-09-11,Towcester,15:38,1,Outlaw Gun,515905,Sporting Life,https://www.sportinglife.com/greyhounds/racecards/2026-09-11/towcester/racecard/515905
2026-09-11,Towcester,15:38,2,Sovereign Tifosi,515905,Sporting Life,https://www.sportinglife.com/greyhounds/racecards/2026-09-11/towcester/racecard/515905
2026-09-11,Towcester,15:38,3,Ballymac Tensel,515905,Sporting Life,https://www.sportinglife.com/greyhounds/racecards/2026-09-11/towcester/racecard/515905
2026-09-11,Towcester,15:38,4,Baran Tombstone,515905,Sporting Life,https://www.sportinglife.com/greyhounds/racecards/2026-09-11/towcester/racecard/515905
2026-09-11,Towcester,15:38,5,Ballymac Pallas,515905,Sporting Life,https://www.sportinglife.com/greyhounds/racecards/2026-09-11/towcester/racecard/515905
2026-09-11,Towcester,15:57,1,Ballymac Nats,515906,Sporting Life,https://www.sportinglife.com/greyhounds/racecards/2026-09-11/towcester/racecard/515906
2026-09-11,Towcester,15:57,2,Choices Jess,515906,Sporting Life,https://www.sportinglife.com/greyhounds/racecards/2026-09-11/towcester/racecard/515906
2026-09-11,Towcester,15:57,3,Greencroft Blaze,515906,Sporting Life,https://www.sportinglife.com/greyhounds/racecards/2026-09-11/towcester/racecard/515906
2026-09-11,Towcester,15:57,4,Makeit Thea,515906,Sporting Life,https://www.sportinglife.com/greyhounds/racecards/2026-09-11/towcester/racecard/515906
2026-09-11,Towcester,15:57,5,Swift One,515906,Sporting Life,https://www.sportinglife.com/greyhounds/racecards/2026-09-11/towcester/racecard/515906
2026-09-11,Towcester,15:57,6,Salacresgovernor,515906,Sporting Life,https://www.sportinglife.com/greyhounds/racecards/2026-09-11/towcester/racecard/515906
2026-09-11,Towcester,16:16,1,Choices Bev,515907,Sporting Life,https://www.sportinglife.com/greyhounds/racecards/2026-09-11/towcester/racecard/515907
2026-09-11,Towcester,16:16,2,Dreamin Madge,515907,Sporting Life,https://www.sportinglife.com/greyhounds/racecards/2026-09-11/towcester/racecard/515907
2026-09-11,Towcester,16:16,3,Swift Nissan,515907,Sporting Life,https://www.sportinglife.com/greyhounds/racecards/2026-09-11/towcester/racecard/515907
2026-09-11,Towcester,16:16,4,Grangewood Hope,515907,Sporting Life,https://www.sportinglife.com/greyhounds/racecards/2026-09-11/towcester/racecard/515907
2026-09-11,Towcester,16:16,5,Daleroad Max,515907,Sporting Life,https://www.sportinglife.com/greyhounds/racecards/2026-09-11/towcester/racecard/515907
2026-09-11,Towcester,16:16,6,Flee From Gossip,515907,Sporting Life,https://www.sportinglife.com/greyhounds/racecards/2026-09-11/towcester/racecard/515907
2026-09-11,Towcester,16:34,1,Unknown Tulip,515908,Sporting Life,https://www.sportinglife.com/greyhounds/racecards/2026-09-11/towcester/racecard/515908
2026-09-11,Towcester,16:34,2,Scooby Picasso,515908,Sporting Life,https://www.sportinglife.com/greyhounds/racecards/2026-09-11/towcester/racecard/515908
2026-09-11,Towcester,16:34,3,Footfield Mouse,515908,Sporting Life,https://www.sportinglife.com/greyhounds/racecards/2026-09-11/towcester/racecard/515908
2026-09-11,Towcester,16:34,4,Swift Wally,515908,Sporting Life,https://www.sportinglife.com/greyhounds/racecards/2026-09-11/towcester/racecard/515908
2026-09-11,Towcester,16:34,5,Ballycleary Java,515908,Sporting Life,https://www.sportinglife.com/greyhounds/racecards/2026-09-11/towcester/racecard/515908
2026-09-11,Towcester,16:34,6,Trapstyle Sneezy,515908,Sporting Life,https://www.sportinglife.com/greyhounds/racecards/2026-09-11/towcester/racecard/515908
2026-09-11,Towcester,16:53,1,Salacres Cath,515909,Sporting Life,https://www.sportinglife.com/greyhounds/racecards/2026-09-11/towcester/racecard/515909
2026-09-11,Towcester,16:53,2,Salacres Boris,515909,Sporting Life,https://www.sportinglife.com/greyhounds/racecards/2026-09-11/towcester/racecard/515909
2026-09-11,Towcester,16:53,3,Limerick Boy,515909,Sporting Life,https://www.sportinglife.com/greyhounds/racecards/2026-09-11/towcester/racecard/515909
2026-09-11,Towcester,16:53,4,Fabulous Islay,515909,Sporting Life,https://www.sportinglife.com/greyhounds/racecards/2026-09-11/towcester/racecard/515909
2026-09-11,Towcester,16:53,5,Frankton Daisy,515909,Sporting Life,https://www.sportinglife.com/greyhounds/racecards/2026-09-11/towcester/racecard/515909
2026-09-11,Towcester,16:53,6,Drohobych Falcon,515909,Sporting Life,https://www.sportinglife.com/greyhounds/racecards/2026-09-11/towcester/racecard/515909
2026-09-11,Towcester,17:12,1,Salacres Merkel,515910,Sporting Life,https://www.sportinglife.com/greyhounds/racecards/2026-09-11/towcester/racecard/515910
2026-09-11,Towcester,17:12,2,Romeo Regent,515910,Sporting Life,https://www.sportinglife.com/greyhounds/racecards/2026-09-11/towcester/racecard/515910
2026-09-11,Towcester,17:12,3,Eagles Dream,515910,Sporting Life,https://www.sportinglife.com/greyhounds/racecards/2026-09-11/towcester/racecard/515910
2026-09-11,Towcester,17:12,4,Tromora Bonnie,515910,Sporting Life,https://www.sportinglife.com/greyhounds/racecards/2026-09-11/towcester/racecard/515910
2026-09-11,Towcester,17:12,5,Dairyland Jimmy,515910,Sporting Life,https://www.sportinglife.com/greyhounds/racecards/2026-09-11/towcester/racecard/515910
2026-09-11,Towcester,17:12,6,Ballymac Andre,515910,Sporting Life,https://www.sportinglife.com/greyhounds/racecards/2026-09-11/towcester/racecard/515910
2026-09-11,Towcester,17:31,1,Makeit Power,515911,Sporting Life,https://www.sportinglife.com/greyhounds/racecards/2026-09-11/towcester/racecard/515911
2026-09-11,Towcester,17:31,2,Scooby Van Gogh,515911,Sporting Life,https://www.sportinglife.com/greyhounds/racecards/2026-09-11/towcester/racecard/515911
2026-09-11,Towcester,17:31,3,Trapstyle Egg,515911,Sporting Life,https://www.sportinglife.com/greyhounds/racecards/2026-09-11/towcester/racecard/515911
2026-09-11,Towcester,17:31,4,Rosegarland Gina,515911,Sporting Life,https://www.sportinglife.com/greyhounds/racecards/2026-09-11/towcester/racecard/515911
2026-09-11,Towcester,17:31,5,Vivlinles,515911,Sporting Life,https://www.sportinglife.com/greyhounds/racecards/2026-09-11/towcester/racecard/515911
2026-09-11,Towcester,17:31,6,Young Sheldon,515911,Sporting Life,https://www.sportinglife.com/greyhounds/racecards/2026-09-11/towcester/racecard/515911
2026-09-11,Towcester,17:49,1,Ballymac Chai,515912,Sporting Life,https://www.sportinglife.com/greyhounds/racecards/2026-09-11/towcester/racecard/515912
2026-09-11,Towcester,17:49,2,Donishall Jet,515912,Sporting Life,https://www.sportinglife.com/greyhounds/racecards/2026-09-11/towcester/racecard/515912
2026-09-11,Towcester,17:49,3,Trapstyle Grumpy,515912,Sporting Life,https://www.sportinglife.com/greyhounds/racecards/2026-09-11/towcester/racecard/515912
2026-09-11,Towcester,17:49,4,Bambis Miss,515912,Sporting Life,https://www.sportinglife.com/greyhounds/racecards/2026-09-11/towcester/racecard/515912
2026-09-11,Towcester,17:49,5,Passau,515912,Sporting Life,https://www.sportinglife.com/greyhounds/racecards/2026-09-11/towcester/racecard/515912
2026-09-11,Towcester,17:49,6,Fabulous Giulia,515912,Sporting Life,https://www.sportinglife.com/greyhounds/racecards/2026-09-11/towcester/racecard/515912
