date,track,race_time,runner_number,dog_name,race_id,source,race_url
2026-09-07,Central Park,14:36,1,Clovers Princess,515366,Sporting Life,https://www.sportinglife.com/greyhounds/racecards/2026-09-07/central-park/racecard/515366
2026-09-07,Central Park,14:36,2,Bawnfune Belle,515366,Sporting Life,https://www.sportinglife.com/greyhounds/racecards/2026-09-07/central-park/racecard/515366
2026-09-07,Central Park,14:36,3,Rushmoor Rosie,515366,Sporting Life,https://www.sportinglife.com/greyhounds/racecards/2026-09-07/central-park/racecard/515366
2026-09-07,Central Park,14:36,4,Rudy Milly,515366,Sporting Life,https://www.sportinglife.com/greyhounds/racecards/2026-09-07/central-park/racecard/515366
2026-09-07,Central Park,14:36,6,Greatdown Lad,515366,Sporting Life,https://www.sportinglife.com/greyhounds/racecards/2026-09-07/central-park/racecard/515366
2026-09-07,Central Park,14:54,1,Rocket Tic,515367,Sporting Life,https://www.sportinglife.com/greyhounds/racecards/2026-09-07/central-park/racecard/515367
2026-09-07,Central Park,14:54,2,Insane Ace,515367,Sporting Life,https://www.sportinglife.com/greyhounds/racecards/2026-09-07/central-park/racecard/515367
2026-09-07,Central Park,14:54,3,Five Alley Skye,515367,Sporting Life,https://www.sportinglife.com/greyhounds/racecards/2026-09-07/central-park/racecard/515367
2026-09-07,Central Park,14:54,4,Fagans Dreaming,515367,Sporting Life,https://www.sportinglife.com/greyhounds/racecards/2026-09-07/central-park/racecard/515367
2026-09-07,Central Park,14:54,5,Mikeys Rudy,515367,Sporting Life,https://www.sportinglife.com/greyhounds/racecards/2026-09-07/central-park/racecard/515367
2026-09-07,Central Park,14:54,6,Fawkham Sunrise,515367,Sporting Life,https://www.sportinglife.com/greyhounds/racecards/2026-09-07/central-park/racecard/515367
2026-09-07,Central Park,15:13,1,Front Layyah,515368,Sporting Life,https://www.sportinglife.com/greyhounds/racecards/2026-09-07/central-park/racecard/515368
2026-09-07,Central Park,15:13,2,Antigua Heat,515368,Sporting Life,https://www.sportinglife.com/greyhounds/racecards/2026-09-07/central-park/racecard/515368
2026-09-07,Central Park,15:13,3,Toems Sadie,515368,Sporting Life,https://www.sportinglife.com/greyhounds/racecards/2026-09-07/central-park/racecard/515368
2026-09-07,Central Park,15:13,4,Ask The Warden,515368,Sporting Life,https://www.sportinglife.com/greyhounds/racecards/2026-09-07/central-park/racecard/515368
2026-09-07,Central Park,15:13,6,Harlequin Messi,515368,Sporting Life,https://www.sportinglife.com/greyhounds/racecards/2026-09-07/central-park/racecard/515368
2026-09-07,Central Park,15:32,1,Savana Sparky,515369,Sporting Life,https://www.sportinglife.com/greyhounds/racecards/2026-09-07/central-park/racecard/515369
2026-09-07,Central Park,15:32,2,Deelish Nice,515369,Sporting Life,https://www.sportinglife.com/greyhounds/racecards/2026-09-07/central-park/racecard/515369
2026-09-07,Central Park,15:32,3,Hollyoak Prince,515369,Sporting Life,https://www.sportinglife.com/greyhounds/racecards/2026-09-07/central-park/racecard/515369
2026-09-07,Central Park,15:32,4,Peakys Doll,515369,Sporting Life,https://www.sportinglife.com/greyhounds/racecards/2026-09-07/central-park/racecard/515369
2026-09-07,Central Park,15:32,5,Sporting Haven,515369,Sporting Life,https://www.sportinglife.com/greyhounds/racecards/2026-09-07/central-park/racecard/515369
2026-09-07,Central Park,15:32,6,Bombay Boss,515369,Sporting Life,https://www.sportinglife.com/greyhounds/racecards/2026-09-07/central-park/racecard/515369
2026-09-07,Central Park,15:51,1,Hollyoak Artemis,515370,Sporting Life,https://www.sportinglife.com/greyhounds/racecards/2026-09-07/central-park/racecard/515370
2026-09-07,Central Park,15:51,2,Canal River,515370,Sporting Life,https://www.sportinglife.com/greyhounds/racecards/2026-09-07/central-park/racecard/515370
2026-09-07,Central Park,15:51,3,Stophers Dorito,515370,Sporting Life,https://www.sportinglife.com/greyhounds/racecards/2026-09-07/central-park/racecard/515370
2026-09-07,Central Park,15:51,4,Hollyoak Doogal,515370,Sporting Life,https://www.sportinglife.com/greyhounds/racecards/2026-09-07/central-park/racecard/515370
2026-09-07,Central Park,15:51,5,Autumn Annesley,515370,Sporting Life,https://www.sportinglife.com/greyhounds/racecards/2026-09-07/central-park/racecard/515370
2026-09-07,Central Park,15:51,6,Eire Tom,515370,Sporting Life,https://www.sportinglife.com/greyhounds/racecards/2026-09-07/central-park/racecard/515370
2026-09-07,Central Park,16:09,1,Harlequin Flick,515371,Sporting Life,https://www.sportinglife.com/greyhounds/racecards/2026-09-07/central-park/racecard/515371
2026-09-07,Central Park,16:09,3,Franco Devon,515371,Sporting Life,https://www.sportinglife.com/greyhounds/racecards/2026-09-07/central-park/racecard/515371
2026-09-07,Central Park,16:09,4,Savana Georgia,515371,Sporting Life,https://www.sportinglife.com/greyhounds/racecards/2026-09-07/central-park/racecard/515371
2026-09-07,Central Park,16:09,5,Coonough View,515371,Sporting Life,https://www.sportinglife.com/greyhounds/racecards/2026-09-07/central-park/racecard/515371
2026-09-07,Central Park,16:09,6,Charity,515371,Sporting Life,https://www.sportinglife.com/greyhounds/racecards/2026-09-07/central-park/racecard/515371
2026-09-07,Central Park,16:28,1,Hilight Rose,515372,Sporting Life,https://www.sportinglife.com/greyhounds/racecards/2026-09-07/central-park/racecard/515372
2026-09-07,Central Park,16:28,2,Bumble Brie,515372,Sporting Life,https://www.sportinglife.com/greyhounds/racecards/2026-09-07/central-park/racecard/515372
2026-09-07,Central Park,16:28,3,Blue Drout,515372,Sporting Life,https://www.sportinglife.com/greyhounds/racecards/2026-09-07/central-park/racecard/515372
2026-09-07,Central Park,16:28,4,Autumn Jane,515372,Sporting Life,https://www.sportinglife.com/greyhounds/racecards/2026-09-07/central-park/racecard/515372
2026-09-07,Central Park,16:28,5,Speedy Bas,515372,Sporting Life,https://www.sportinglife.com/greyhounds/racecards/2026-09-07/central-park/racecard/515372
2026-09-07,Central Park,16:28,6,Chelms Lambo,515372,Sporting Life,https://www.sportinglife.com/greyhounds/racecards/2026-09-07/central-park/racecard/515372
2026-09-07,Central Park,16:47,1,Getup Me Champ,515373,Sporting Life,https://www.sportinglife.com/greyhounds/racecards/2026-09-07/central-park/racecard/515373
2026-09-07,Central Park,16:47,2,Capel Icon,515373,Sporting Life,https://www.sportinglife.com/greyhounds/racecards/2026-09-07/central-park/racecard/515373
2026-09-07,Central Park,16:47,3,Whoopwhoop Molly,515373,Sporting Life,https://www.sportinglife.com/greyhounds/racecards/2026-09-07/central-park/racecard/515373
2026-09-07,Central Park,16:47,4,Franco Jojo,515373,Sporting Life,https://www.sportinglife.com/greyhounds/racecards/2026-09-07/central-park/racecard/515373
2026-09-07,Central Park,16:47,6,Swift Grinch,515373,Sporting Life,https://www.sportinglife.com/greyhounds/racecards/2026-09-07/central-park/racecard/515373
2026-09-07,Central Park,17:06,1,Aphantasia,515374,Sporting Life,https://www.sportinglife.com/greyhounds/racecards/2026-09-07/central-park/racecard/515374
2026-09-07,Central Park,17:06,2,Droopys Promise,515374,Sporting Life,https://www.sportinglife.com/greyhounds/racecards/2026-09-07/central-park/racecard/515374
2026-09-07,Central Park,17:06,3,Tonnta,515374,Sporting Life,https://www.sportinglife.com/greyhounds/racecards/2026-09-07/central-park/racecard/515374
2026-09-07,Central Park,17:06,4,Baggios Nikita,515374,Sporting Life,https://www.sportinglife.com/greyhounds/racecards/2026-09-07/central-park/racecard/515374
2026-09-07,Central Park,17:06,6,Howareya Habibi,515374,Sporting Life,https://www.sportinglife.com/greyhounds/racecards/2026-09-07/central-park/racecard/515374
2026-09-07,Central Park,17:24,1,Roseville Icon,515375,Sporting Life,https://www.sportinglife.com/greyhounds/racecards/2026-09-07/central-park/racecard/515375
2026-09-07,Central Park,17:24,2,Rylane Lady,515375,Sporting Life,https://www.sportinglife.com/greyhounds/racecards/2026-09-07/central-park/racecard/515375
2026-09-07,Central Park,17:24,3,Rocket Megzy,515375,Sporting Life,https://www.sportinglife.com/greyhounds/racecards/2026-09-07/central-park/racecard/515375
2026-09-07,Central Park,17:24,4,Knockroe Lucy,515375,Sporting Life,https://www.sportinglife.com/greyhounds/racecards/2026-09-07/central-park/racecard/515375
2026-09-07,Central Park,17:24,5,Proud Warrior,515375,Sporting Life,https://www.sportinglife.com/greyhounds/racecards/2026-09-07/central-park/racecard/515375
2026-09-07,Central Park,17:24,6,Lemon Luna,515375,Sporting Life,https://www.sportinglife.com/greyhounds/racecards/2026-09-07/central-park/racecard/515375
2026-09-07,Central Park,17:43,1,Tia Lilly Dancer,515376,Sporting Life,https://www.sportinglife.com/greyhounds/racecards/2026-09-07/central-park/racecard/515376
2026-09-07,Central Park,17:43,2,Swift Yesterday,515376,Sporting Life,https://www.sportinglife.com/greyhounds/racecards/2026-09-07/central-park/racecard/515376
2026-09-07,Central Park,17:43,3,Genuine Sambuca,515376,Sporting Life,https://www.sportinglife.com/greyhounds/racecards/2026-09-07/central-park/racecard/515376
2026-09-07,Central Park,17:43,4,Autumn Mary,515376,Sporting Life,https://www.sportinglife.com/greyhounds/racecards/2026-09-07/central-park/racecard/515376
2026-09-07,Central Park,17:43,5,Eire Force Two,515376,Sporting Life,https://www.sportinglife.com/greyhounds/racecards/2026-09-07/central-park/racecard/515376
2026-09-07,Central Park,17:43,6,King Pavarotti,515376,Sporting Life,https://www.sportinglife.com/greyhounds/racecards/2026-09-07/central-park/racecard/515376
2026-09-07,Central Park,18:02,1,Robinsons Clan,515377,Sporting Life,https://www.sportinglife.com/greyhounds/racecards/2026-09-07/central-park/racecard/515377
2026-09-07,Central Park,18:02,2,Ocean Summer,515377,Sporting Life,https://www.sportinglife.com/greyhounds/racecards/2026-09-07/central-park/racecard/515377
2026-09-07,Central Park,18:02,3,Bucks Queen,515377,Sporting Life,https://www.sportinglife.com/greyhounds/racecards/2026-09-07/central-park/racecard/515377
2026-09-07,Central Park,18:02,4,Lets Go Johnny,515377,Sporting Life,https://www.sportinglife.com/greyhounds/racecards/2026-09-07/central-park/racecard/515377
2026-09-07,Central Park,18:02,5,Devonshire Ace,515377,Sporting Life,https://www.sportinglife.com/greyhounds/racecards/2026-09-07/central-park/racecard/515377
2026-09-07,Central Park,18:02,6,Always Harlow,515377,Sporting Life,https://www.sportinglife.com/greyhounds/racecards/2026-09-07/central-park/racecard/515377
2026-09-07,Doncaster,14:26,1,Maybe Sydney,515282,Sporting Life,https://www.sportinglife.com/greyhounds/racecards/2026-09-07/doncaster/racecard/515282
2026-09-07,Doncaster,14:26,3,Cockneys Charm,515282,Sporting Life,https://www.sportinglife.com/greyhounds/racecards/2026-09-07/doncaster/racecard/515282
2026-09-07,Doncaster,14:26,4,Jimelle,515282,Sporting Life,https://www.sportinglife.com/greyhounds/racecards/2026-09-07/doncaster/racecard/515282
2026-09-07,Doncaster,14:26,5,Anchor Banken,515282,Sporting Life,https://www.sportinglife.com/greyhounds/racecards/2026-09-07/doncaster/racecard/515282
2026-09-07,Doncaster,14:26,6,Redbrick Cantona,515282,Sporting Life,https://www.sportinglife.com/greyhounds/racecards/2026-09-07/doncaster/racecard/515282
2026-09-07,Doncaster,14:44,1,Alno Dee,515283,Sporting Life,https://www.sportinglife.com/greyhounds/racecards/2026-09-07/doncaster/racecard/515283
2026-09-07,Doncaster,14:44,2,Triple Action,515283,Sporting Life,https://www.sportinglife.com/greyhounds/racecards/2026-09-07/doncaster/racecard/515283
2026-09-07,Doncaster,14:44,3,Kellyseyenoone,515283,Sporting Life,https://www.sportinglife.com/greyhounds/racecards/2026-09-07/doncaster/racecard/515283
2026-09-07,Doncaster,14:44,4,Grouchos Poppy,515283,Sporting Life,https://www.sportinglife.com/greyhounds/racecards/2026-09-07/doncaster/racecard/515283
2026-09-07,Doncaster,14:44,6,Hollyhill Mojo,515283,Sporting Life,https://www.sportinglife.com/greyhounds/racecards/2026-09-07/doncaster/racecard/515283
2026-09-07,Doncaster,15:03,1,Ferryforth Cody,515284,Sporting Life,https://www.sportinglife.com/greyhounds/racecards/2026-09-07/doncaster/racecard/515284
2026-09-07,Doncaster,15:03,2,Ballymac Ivanna,515284,Sporting Life,https://www.sportinglife.com/greyhounds/racecards/2026-09-07/doncaster/racecard/515284
2026-09-07,Doncaster,15:03,3,Ivy Hill Stella,515284,Sporting Life,https://www.sportinglife.com/greyhounds/racecards/2026-09-07/doncaster/racecard/515284
2026-09-07,Doncaster,15:03,4,Good Hormuz,515284,Sporting Life,https://www.sportinglife.com/greyhounds/racecards/2026-09-07/doncaster/racecard/515284
2026-09-07,Doncaster,15:03,5,Millhouse Len,515284,Sporting Life,https://www.sportinglife.com/greyhounds/racecards/2026-09-07/doncaster/racecard/515284
2026-09-07,Doncaster,15:03,6,Bombay Fantasy,515284,Sporting Life,https://www.sportinglife.com/greyhounds/racecards/2026-09-07/doncaster/racecard/515284
2026-09-07,Doncaster,15:22,1,Moss Boss,515285,Sporting Life,https://www.sportinglife.com/greyhounds/racecards/2026-09-07/doncaster/racecard/515285
2026-09-07,Doncaster,15:22,2,Abigails Marina,515285,Sporting Life,https://www.sportinglife.com/greyhounds/racecards/2026-09-07/doncaster/racecard/515285
2026-09-07,Doncaster,15:22,3,Trewmount Fury,515285,Sporting Life,https://www.sportinglife.com/greyhounds/racecards/2026-09-07/doncaster/racecard/515285
2026-09-07,Doncaster,15:22,4,Daleroad Dasher,515285,Sporting Life,https://www.sportinglife.com/greyhounds/racecards/2026-09-07/doncaster/racecard/515285
2026-09-07,Doncaster,15:22,6,Not Thatuasked,515285,Sporting Life,https://www.sportinglife.com/greyhounds/racecards/2026-09-07/doncaster/racecard/515285
2026-09-07,Doncaster,15:41,1,Sandwood Gabby,515286,Sporting Life,https://www.sportinglife.com/greyhounds/racecards/2026-09-07/doncaster/racecard/515286
2026-09-07,Doncaster,15:41,3,Grouchos Maverik,515286,Sporting Life,https://www.sportinglife.com/greyhounds/racecards/2026-09-07/doncaster/racecard/515286
2026-09-07,Doncaster,15:41,4,Dannys Flyer,515286,Sporting Life,https://www.sportinglife.com/greyhounds/racecards/2026-09-07/doncaster/racecard/515286
2026-09-07,Doncaster,15:41,5,Ruffian Blue,515286,Sporting Life,https://www.sportinglife.com/greyhounds/racecards/2026-09-07/doncaster/racecard/515286
2026-09-07,Doncaster,15:41,6,Mustang Mile,515286,Sporting Life,https://www.sportinglife.com/greyhounds/racecards/2026-09-07/doncaster/racecard/515286
2026-09-07,Doncaster,15:59,2,Rapido Ramona,515287,Sporting Life,https://www.sportinglife.com/greyhounds/racecards/2026-09-07/doncaster/racecard/515287
2026-09-07,Doncaster,15:59,3,Zero To Hero,515287,Sporting Life,https://www.sportinglife.com/greyhounds/racecards/2026-09-07/doncaster/racecard/515287
2026-09-07,Doncaster,15:59,4,Grouchos Links,515287,Sporting Life,https://www.sportinglife.com/greyhounds/racecards/2026-09-07/doncaster/racecard/515287
2026-09-07,Doncaster,15:59,5,Flosses Rolex,515287,Sporting Life,https://www.sportinglife.com/greyhounds/racecards/2026-09-07/doncaster/racecard/515287
2026-09-07,Doncaster,15:59,6,Skytrain,515287,Sporting Life,https://www.sportinglife.com/greyhounds/racecards/2026-09-07/doncaster/racecard/515287
2026-09-07,Doncaster,16:18,1,Droopys Trendy,515288,Sporting Life,https://www.sportinglife.com/greyhounds/racecards/2026-09-07/doncaster/racecard/515288
2026-09-07,Doncaster,16:18,2,Barmoney Magic,515288,Sporting Life,https://www.sportinglife.com/greyhounds/racecards/2026-09-07/doncaster/racecard/515288
2026-09-07,Doncaster,16:18,3,Easy Ozzie,515288,Sporting Life,https://www.sportinglife.com/greyhounds/racecards/2026-09-07/doncaster/racecard/515288
2026-09-07,Doncaster,16:18,4,Franco Eve,515288,Sporting Life,https://www.sportinglife.com/greyhounds/racecards/2026-09-07/doncaster/racecard/515288
2026-09-07,Doncaster,16:18,6,Redbrick Nuke,515288,Sporting Life,https://www.sportinglife.com/greyhounds/racecards/2026-09-07/doncaster/racecard/515288
2026-09-07,Doncaster,16:37,1,Magical Boss,515289,Sporting Life,https://www.sportinglife.com/greyhounds/racecards/2026-09-07/doncaster/racecard/515289
2026-09-07,Doncaster,16:37,2,Duggies Flyboy,515289,Sporting Life,https://www.sportinglife.com/greyhounds/racecards/2026-09-07/doncaster/racecard/515289
2026-09-07,Doncaster,16:37,3,Grouchos Panther,515289,Sporting Life,https://www.sportinglife.com/greyhounds/racecards/2026-09-07/doncaster/racecard/515289
2026-09-07,Doncaster,16:37,4,Sandwood Annie,515289,Sporting Life,https://www.sportinglife.com/greyhounds/racecards/2026-09-07/doncaster/racecard/515289
2026-09-07,Doncaster,16:37,5,Swift Kev,515289,Sporting Life,https://www.sportinglife.com/greyhounds/racecards/2026-09-07/doncaster/racecard/515289
2026-09-07,Doncaster,16:56,1,Lizzy Jezabelle,515290,Sporting Life,https://www.sportinglife.com/greyhounds/racecards/2026-09-07/doncaster/racecard/515290
2026-09-07,Doncaster,16:56,2,Mahomes,515290,Sporting Life,https://www.sportinglife.com/greyhounds/racecards/2026-09-07/doncaster/racecard/515290
2026-09-07,Doncaster,16:56,3,Cascade Electra,515290,Sporting Life,https://www.sportinglife.com/greyhounds/racecards/2026-09-07/doncaster/racecard/515290
2026-09-07,Doncaster,16:56,4,Hollyhill Blake,515290,Sporting Life,https://www.sportinglife.com/greyhounds/racecards/2026-09-07/doncaster/racecard/515290
2026-09-07,Doncaster,16:56,5,Devon Lucky,515290,Sporting Life,https://www.sportinglife.com/greyhounds/racecards/2026-09-07/doncaster/racecard/515290
2026-09-07,Doncaster,16:56,6,Killieford Zoe,515290,Sporting Life,https://www.sportinglife.com/greyhounds/racecards/2026-09-07/doncaster/racecard/515290
2026-09-07,Doncaster,17:14,2,Calgray Flyer,515291,Sporting Life,https://www.sportinglife.com/greyhounds/racecards/2026-09-07/doncaster/racecard/515291
2026-09-07,Doncaster,17:14,3,Ballymac Nellie,515291,Sporting Life,https://www.sportinglife.com/greyhounds/racecards/2026-09-07/doncaster/racecard/515291
2026-09-07,Doncaster,17:14,4,Glitter Cooky,515291,Sporting Life,https://www.sportinglife.com/greyhounds/racecards/2026-09-07/doncaster/racecard/515291
2026-09-07,Doncaster,17:14,5,Royal Flush,515291,Sporting Life,https://www.sportinglife.com/greyhounds/racecards/2026-09-07/doncaster/racecard/515291
2026-09-07,Doncaster,17:14,6,Gordons Bennett,515291,Sporting Life,https://www.sportinglife.com/greyhounds/racecards/2026-09-07/doncaster/racecard/515291
2026-09-07,Doncaster,17:29,1,Heathmill Barron,515292,Sporting Life,https://www.sportinglife.com/greyhounds/racecards/2026-09-07/doncaster/racecard/515292
2026-09-07,Doncaster,17:29,3,Silver Spec,515292,Sporting Life,https://www.sportinglife.com/greyhounds/racecards/2026-09-07/doncaster/racecard/515292
2026-09-07,Doncaster,17:29,4,Crystal Bale,515292,Sporting Life,https://www.sportinglife.com/greyhounds/racecards/2026-09-07/doncaster/racecard/515292
2026-09-07,Doncaster,17:29,5,Time Bandit,515292,Sporting Life,https://www.sportinglife.com/greyhounds/racecards/2026-09-07/doncaster/racecard/515292
2026-09-07,Doncaster,17:29,6,Ballymac Tingle,515292,Sporting Life,https://www.sportinglife.com/greyhounds/racecards/2026-09-07/doncaster/racecard/515292
2026-09-07,Doncaster,17:46,1,Redbrick Rose,515293,Sporting Life,https://www.sportinglife.com/greyhounds/racecards/2026-09-07/doncaster/racecard/515293
2026-09-07,Doncaster,17:46,2,Abigail Surprise,515293,Sporting Life,https://www.sportinglife.com/greyhounds/racecards/2026-09-07/doncaster/racecard/515293
2026-09-07,Doncaster,17:46,3,Easy Guy,515293,Sporting Life,https://www.sportinglife.com/greyhounds/racecards/2026-09-07/doncaster/racecard/515293
2026-09-07,Doncaster,17:46,4,Cockneys Tyson,515293,Sporting Life,https://www.sportinglife.com/greyhounds/racecards/2026-09-07/doncaster/racecard/515293
2026-09-07,Doncaster,17:46,5,Flosses Fendi,515293,Sporting Life,https://www.sportinglife.com/greyhounds/racecards/2026-09-07/doncaster/racecard/515293
2026-09-07,Dunstall Park,11:01,1,Maddies Lass,515330,Sporting Life,https://www.sportinglife.com/greyhounds/racecards/2026-09-07/dunstall-park/racecard/515330
2026-09-07,Dunstall Park,11:01,2,Taffy Wrexham,515330,Sporting Life,https://www.sportinglife.com/greyhounds/racecards/2026-09-07/dunstall-park/racecard/515330
2026-09-07,Dunstall Park,11:01,3,Headford Katie,515330,Sporting Life,https://www.sportinglife.com/greyhounds/racecards/2026-09-07/dunstall-park/racecard/515330
2026-09-07,Dunstall Park,11:01,4,Erebor,515330,Sporting Life,https://www.sportinglife.com/greyhounds/racecards/2026-09-07/dunstall-park/racecard/515330
2026-09-07,Dunstall Park,11:01,5,Bluntys Blue Eye,515330,Sporting Life,https://www.sportinglife.com/greyhounds/racecards/2026-09-07/dunstall-park/racecard/515330
2026-09-07,Dunstall Park,11:01,6,Knock Voodoo,515330,Sporting Life,https://www.sportinglife.com/greyhounds/racecards/2026-09-07/dunstall-park/racecard/515330
2026-09-07,Dunstall Park,11:18,1,Ivys Violet,515331,Sporting Life,https://www.sportinglife.com/greyhounds/racecards/2026-09-07/dunstall-park/racecard/515331
2026-09-07,Dunstall Park,11:18,2,Hillend Julie,515331,Sporting Life,https://www.sportinglife.com/greyhounds/racecards/2026-09-07/dunstall-park/racecard/515331
2026-09-07,Dunstall Park,11:18,3,Shadow Diva,515331,Sporting Life,https://www.sportinglife.com/greyhounds/racecards/2026-09-07/dunstall-park/racecard/515331
2026-09-07,Dunstall Park,11:18,4,Slow Joe,515331,Sporting Life,https://www.sportinglife.com/greyhounds/racecards/2026-09-07/dunstall-park/racecard/515331
2026-09-07,Dunstall Park,11:18,5,Ivys Hope,515331,Sporting Life,https://www.sportinglife.com/greyhounds/racecards/2026-09-07/dunstall-park/racecard/515331
2026-09-07,Dunstall Park,11:18,6,Scaletric,515331,Sporting Life,https://www.sportinglife.com/greyhounds/racecards/2026-09-07/dunstall-park/racecard/515331
2026-09-07,Dunstall Park,11:34,1,Mercia Diana,515332,Sporting Life,https://www.sportinglife.com/greyhounds/racecards/2026-09-07/dunstall-park/racecard/515332
2026-09-07,Dunstall Park,11:34,2,Flyhigh Birdseye,515332,Sporting Life,https://www.sportinglife.com/greyhounds/racecards/2026-09-07/dunstall-park/racecard/515332
2026-09-07,Dunstall Park,11:34,3,Mickys Choice,515332,Sporting Life,https://www.sportinglife.com/greyhounds/racecards/2026-09-07/dunstall-park/racecard/515332
2026-09-07,Dunstall Park,11:34,4,Ridgedale Zuni,515332,Sporting Life,https://www.sportinglife.com/greyhounds/racecards/2026-09-07/dunstall-park/racecard/515332
2026-09-07,Dunstall Park,11:34,5,Ballinulty Cas,515332,Sporting Life,https://www.sportinglife.com/greyhounds/racecards/2026-09-07/dunstall-park/racecard/515332
2026-09-07,Dunstall Park,11:34,6,Swift Elm,515332,Sporting Life,https://www.sportinglife.com/greyhounds/racecards/2026-09-07/dunstall-park/racecard/515332
2026-09-07,Dunstall Park,11:52,1,Antigua Lumiere,515333,Sporting Life,https://www.sportinglife.com/greyhounds/racecards/2026-09-07/dunstall-park/racecard/515333
2026-09-07,Dunstall Park,11:52,2,Coalville Clover,515333,Sporting Life,https://www.sportinglife.com/greyhounds/racecards/2026-09-07/dunstall-park/racecard/515333
2026-09-07,Dunstall Park,11:52,3,Bombay Tilda,515333,Sporting Life,https://www.sportinglife.com/greyhounds/racecards/2026-09-07/dunstall-park/racecard/515333
2026-09-07,Dunstall Park,11:52,4,Popstar Rose,515333,Sporting Life,https://www.sportinglife.com/greyhounds/racecards/2026-09-07/dunstall-park/racecard/515333
2026-09-07,Dunstall Park,11:52,5,False Warrior,515333,Sporting Life,https://www.sportinglife.com/greyhounds/racecards/2026-09-07/dunstall-park/racecard/515333
2026-09-07,Dunstall Park,12:09,1,Detroit Sonny,515334,Sporting Life,https://www.sportinglife.com/greyhounds/racecards/2026-09-07/dunstall-park/racecard/515334
2026-09-07,Dunstall Park,12:09,2,Mr Fraser,515334,Sporting Life,https://www.sportinglife.com/greyhounds/racecards/2026-09-07/dunstall-park/racecard/515334
2026-09-07,Dunstall Park,12:09,3,We Dont Know,515334,Sporting Life,https://www.sportinglife.com/greyhounds/racecards/2026-09-07/dunstall-park/racecard/515334
2026-09-07,Dunstall Park,12:09,4,Racecourse Pat,515334,Sporting Life,https://www.sportinglife.com/greyhounds/racecards/2026-09-07/dunstall-park/racecard/515334
2026-09-07,Dunstall Park,12:09,5,Flyhigh Bully,515334,Sporting Life,https://www.sportinglife.com/greyhounds/racecards/2026-09-07/dunstall-park/racecard/515334
2026-09-07,Dunstall Park,12:09,6,Swift Zaria,515334,Sporting Life,https://www.sportinglife.com/greyhounds/racecards/2026-09-07/dunstall-park/racecard/515334
2026-09-07,Dunstall Park,12:26,1,Mercia Uhtred,515335,Sporting Life,https://www.sportinglife.com/greyhounds/racecards/2026-09-07/dunstall-park/racecard/515335
2026-09-07,Dunstall Park,12:26,2,Mercia Raven,515335,Sporting Life,https://www.sportinglife.com/greyhounds/racecards/2026-09-07/dunstall-park/racecard/515335
2026-09-07,Dunstall Park,12:26,3,Forest Liz,515335,Sporting Life,https://www.sportinglife.com/greyhounds/racecards/2026-09-07/dunstall-park/racecard/515335
2026-09-07,Dunstall Park,12:26,4,Headford Minella,515335,Sporting Life,https://www.sportinglife.com/greyhounds/racecards/2026-09-07/dunstall-park/racecard/515335
2026-09-07,Dunstall Park,12:26,5,Final Frontier,515335,Sporting Life,https://www.sportinglife.com/greyhounds/racecards/2026-09-07/dunstall-park/racecard/515335
2026-09-07,Dunstall Park,12:26,6,Mid Tipp Goose,515335,Sporting Life,https://www.sportinglife.com/greyhounds/racecards/2026-09-07/dunstall-park/racecard/515335
2026-09-07,Dunstall Park,12:42,1,Crokers Delight,515336,Sporting Life,https://www.sportinglife.com/greyhounds/racecards/2026-09-07/dunstall-park/racecard/515336
2026-09-07,Dunstall Park,12:42,2,Deecee Dusty,515336,Sporting Life,https://www.sportinglife.com/greyhounds/racecards/2026-09-07/dunstall-park/racecard/515336
2026-09-07,Dunstall Park,12:42,3,Crokers Bank,515336,Sporting Life,https://www.sportinglife.com/greyhounds/racecards/2026-09-07/dunstall-park/racecard/515336
2026-09-07,Dunstall Park,12:42,4,Shortwood Model,515336,Sporting Life,https://www.sportinglife.com/greyhounds/racecards/2026-09-07/dunstall-park/racecard/515336
2026-09-07,Dunstall Park,12:42,5,Edial Miracle,515336,Sporting Life,https://www.sportinglife.com/greyhounds/racecards/2026-09-07/dunstall-park/racecard/515336
2026-09-07,Dunstall Park,12:42,6,Kerrylane King,515336,Sporting Life,https://www.sportinglife.com/greyhounds/racecards/2026-09-07/dunstall-park/racecard/515336
2026-09-07,Dunstall Park,12:59,1,Canya Yesican,515337,Sporting Life,https://www.sportinglife.com/greyhounds/racecards/2026-09-07/dunstall-park/racecard/515337
2026-09-07,Dunstall Park,12:59,2,Moulton Melanie,515337,Sporting Life,https://www.sportinglife.com/greyhounds/racecards/2026-09-07/dunstall-park/racecard/515337
2026-09-07,Dunstall Park,12:59,3,Ashtons Bingo,515337,Sporting Life,https://www.sportinglife.com/greyhounds/racecards/2026-09-07/dunstall-park/racecard/515337
2026-09-07,Dunstall Park,12:59,4,Sharben Invictus,515337,Sporting Life,https://www.sportinglife.com/greyhounds/racecards/2026-09-07/dunstall-park/racecard/515337
2026-09-07,Dunstall Park,12:59,5,Swift Wife,515337,Sporting Life,https://www.sportinglife.com/greyhounds/racecards/2026-09-07/dunstall-park/racecard/515337
2026-09-07,Dunstall Park,12:59,6,Shenanigan Dream,515337,Sporting Life,https://www.sportinglife.com/greyhounds/racecards/2026-09-07/dunstall-park/racecard/515337
2026-09-07,Dunstall Park,13:17,1,Cloughtaney Chaz,515338,Sporting Life,https://www.sportinglife.com/greyhounds/racecards/2026-09-07/dunstall-park/racecard/515338
2026-09-07,Dunstall Park,13:17,2,Klassical Mia,515338,Sporting Life,https://www.sportinglife.com/greyhounds/racecards/2026-09-07/dunstall-park/racecard/515338
2026-09-07,Dunstall Park,13:17,3,Swift Zebu,515338,Sporting Life,https://www.sportinglife.com/greyhounds/racecards/2026-09-07/dunstall-park/racecard/515338
2026-09-07,Dunstall Park,13:17,4,Paddys Mazda,515338,Sporting Life,https://www.sportinglife.com/greyhounds/racecards/2026-09-07/dunstall-park/racecard/515338
2026-09-07,Dunstall Park,13:17,5,Ballygur Holly,515338,Sporting Life,https://www.sportinglife.com/greyhounds/racecards/2026-09-07/dunstall-park/racecard/515338
2026-09-07,Dunstall Park,13:17,6,Shuffle The Deck,515338,Sporting Life,https://www.sportinglife.com/greyhounds/racecards/2026-09-07/dunstall-park/racecard/515338
2026-09-07,Dunstall Park,13:33,1,Listen Angie,515339,Sporting Life,https://www.sportinglife.com/greyhounds/racecards/2026-09-07/dunstall-park/racecard/515339
2026-09-07,Dunstall Park,13:33,2,Elemjay Lass,515339,Sporting Life,https://www.sportinglife.com/greyhounds/racecards/2026-09-07/dunstall-park/racecard/515339
2026-09-07,Dunstall Park,13:33,3,Brosna Pine,515339,Sporting Life,https://www.sportinglife.com/greyhounds/racecards/2026-09-07/dunstall-park/racecard/515339
2026-09-07,Dunstall Park,13:33,4,Barnagrane Dream,515339,Sporting Life,https://www.sportinglife.com/greyhounds/racecards/2026-09-07/dunstall-park/racecard/515339
2026-09-07,Dunstall Park,13:33,5,Crokers Java,515339,Sporting Life,https://www.sportinglife.com/greyhounds/racecards/2026-09-07/dunstall-park/racecard/515339
2026-09-07,Dunstall Park,13:33,6,Grey Dove,515339,Sporting Life,https://www.sportinglife.com/greyhounds/racecards/2026-09-07/dunstall-park/racecard/515339
2026-09-07,Dunstall Park,13:51,1,Wendys Girl,515340,Sporting Life,https://www.sportinglife.com/greyhounds/racecards/2026-09-07/dunstall-park/racecard/515340
2026-09-07,Dunstall Park,13:51,2,Hillend Jesse,515340,Sporting Life,https://www.sportinglife.com/greyhounds/racecards/2026-09-07/dunstall-park/racecard/515340
2026-09-07,Dunstall Park,13:51,3,Kilwest Ruby,515340,Sporting Life,https://www.sportinglife.com/greyhounds/racecards/2026-09-07/dunstall-park/racecard/515340
2026-09-07,Dunstall Park,13:51,4,Shortwood Mint,515340,Sporting Life,https://www.sportinglife.com/greyhounds/racecards/2026-09-07/dunstall-park/racecard/515340
2026-09-07,Dunstall Park,13:51,5,Brosna Dave,515340,Sporting Life,https://www.sportinglife.com/greyhounds/racecards/2026-09-07/dunstall-park/racecard/515340
2026-09-07,Dunstall Park,13:51,6,Jimmys Gadgets,515340,Sporting Life,https://www.sportinglife.com/greyhounds/racecards/2026-09-07/dunstall-park/racecard/515340
2026-09-07,Dunstall Park,14:07,1,Flyhigh Sophie,515341,Sporting Life,https://www.sportinglife.com/greyhounds/racecards/2026-09-07/dunstall-park/racecard/515341
2026-09-07,Dunstall Park,14:07,2,Moulton Maxine,515341,Sporting Life,https://www.sportinglife.com/greyhounds/racecards/2026-09-07/dunstall-park/racecard/515341
2026-09-07,Dunstall Park,14:07,3,Point Break,515341,Sporting Life,https://www.sportinglife.com/greyhounds/racecards/2026-09-07/dunstall-park/racecard/515341
2026-09-07,Dunstall Park,14:07,4,Tee Emgee Outlaw,515341,Sporting Life,https://www.sportinglife.com/greyhounds/racecards/2026-09-07/dunstall-park/racecard/515341
2026-09-07,Dunstall Park,14:07,5,Mongys Boss,515341,Sporting Life,https://www.sportinglife.com/greyhounds/racecards/2026-09-07/dunstall-park/racecard/515341
2026-09-07,Harlow,10:32,1,Glenadda Lily,515269,Sporting Life,https://www.sportinglife.com/greyhounds/racecards/2026-09-07/harlow/racecard/515269
2026-09-07,Harlow,10:32,2,Day Tripper,515269,Sporting Life,https://www.sportinglife.com/greyhounds/racecards/2026-09-07/harlow/racecard/515269
2026-09-07,Harlow,10:32,3,Rosstemple Cody,515269,Sporting Life,https://www.sportinglife.com/greyhounds/racecards/2026-09-07/harlow/racecard/515269
2026-09-07,Harlow,10:32,4,Skinny Pete,515269,Sporting Life,https://www.sportinglife.com/greyhounds/racecards/2026-09-07/harlow/racecard/515269
2026-09-07,Harlow,10:32,5,Mikeys Pick,515269,Sporting Life,https://www.sportinglife.com/greyhounds/racecards/2026-09-07/harlow/racecard/515269
2026-09-07,Harlow,10:32,6,Ardnasool Hulk,515269,Sporting Life,https://www.sportinglife.com/greyhounds/racecards/2026-09-07/harlow/racecard/515269
2026-09-07,Harlow,10:48,2,Rallying Wood,515270,Sporting Life,https://www.sportinglife.com/greyhounds/racecards/2026-09-07/harlow/racecard/515270
2026-09-07,Harlow,10:48,3,Sloyans Ace,515270,Sporting Life,https://www.sportinglife.com/greyhounds/racecards/2026-09-07/harlow/racecard/515270
2026-09-07,Harlow,10:48,4,Very Busy,515270,Sporting Life,https://www.sportinglife.com/greyhounds/racecards/2026-09-07/harlow/racecard/515270
2026-09-07,Harlow,10:48,5,Whodoyoucolm,515270,Sporting Life,https://www.sportinglife.com/greyhounds/racecards/2026-09-07/harlow/racecard/515270
2026-09-07,Harlow,10:48,6,Darver Casemiro,515270,Sporting Life,https://www.sportinglife.com/greyhounds/racecards/2026-09-07/harlow/racecard/515270
2026-09-07,Harlow,11:04,1,My Fancy Ways,515271,Sporting Life,https://www.sportinglife.com/greyhounds/racecards/2026-09-07/harlow/racecard/515271
2026-09-07,Harlow,11:04,2,Tinks This,515271,Sporting Life,https://www.sportinglife.com/greyhounds/racecards/2026-09-07/harlow/racecard/515271
2026-09-07,Harlow,11:04,3,Edermine Magic,515271,Sporting Life,https://www.sportinglife.com/greyhounds/racecards/2026-09-07/harlow/racecard/515271
2026-09-07,Harlow,11:04,5,Donnybrook,515271,Sporting Life,https://www.sportinglife.com/greyhounds/racecards/2026-09-07/harlow/racecard/515271
2026-09-07,Harlow,11:04,6,Classic Turbo,515271,Sporting Life,https://www.sportinglife.com/greyhounds/racecards/2026-09-07/harlow/racecard/515271
2026-09-07,Harlow,11:21,1,Skirk Sky,515272,Sporting Life,https://www.sportinglife.com/greyhounds/racecards/2026-09-07/harlow/racecard/515272
2026-09-07,Harlow,11:21,2,Crystal Luna,515272,Sporting Life,https://www.sportinglife.com/greyhounds/racecards/2026-09-07/harlow/racecard/515272
2026-09-07,Harlow,11:21,3,Cree Lullaby,515272,Sporting Life,https://www.sportinglife.com/greyhounds/racecards/2026-09-07/harlow/racecard/515272
2026-09-07,Harlow,11:21,4,Dellser Nidge,515272,Sporting Life,https://www.sportinglife.com/greyhounds/racecards/2026-09-07/harlow/racecard/515272
2026-09-07,Harlow,11:21,5,Boreen Pearl,515272,Sporting Life,https://www.sportinglife.com/greyhounds/racecards/2026-09-07/harlow/racecard/515272
2026-09-07,Harlow,11:21,6,Classic Lisa,515272,Sporting Life,https://www.sportinglife.com/greyhounds/racecards/2026-09-07/harlow/racecard/515272
2026-09-07,Harlow,11:38,1,Burkos Destiny,515273,Sporting Life,https://www.sportinglife.com/greyhounds/racecards/2026-09-07/harlow/racecard/515273
2026-09-07,Harlow,11:38,2,Dashgrove Sam,515273,Sporting Life,https://www.sportinglife.com/greyhounds/racecards/2026-09-07/harlow/racecard/515273
2026-09-07,Harlow,11:38,3,Gooner Be Good,515273,Sporting Life,https://www.sportinglife.com/greyhounds/racecards/2026-09-07/harlow/racecard/515273
2026-09-07,Harlow,11:38,4,Foxrock Alfie,515273,Sporting Life,https://www.sportinglife.com/greyhounds/racecards/2026-09-07/harlow/racecard/515273
2026-09-07,Harlow,11:38,6,Pips Rosie,515273,Sporting Life,https://www.sportinglife.com/greyhounds/racecards/2026-09-07/harlow/racecard/515273
2026-09-07,Harlow,11:54,1,MOST READ,515274,Sporting Life,https://www.sportinglife.com/greyhounds/racecards/2026-09-07/harlow/racecard/515274
2026-09-07,Harlow,11:54,2,Headford Cooper,515274,Sporting Life,https://www.sportinglife.com/greyhounds/racecards/2026-09-07/harlow/racecard/515274
2026-09-07,Harlow,11:54,3,Caislean Champ,515274,Sporting Life,https://www.sportinglife.com/greyhounds/racecards/2026-09-07/harlow/racecard/515274
2026-09-07,Harlow,11:54,4,Cofam Princess,515274,Sporting Life,https://www.sportinglife.com/greyhounds/racecards/2026-09-07/harlow/racecard/515274
2026-09-07,Harlow,11:54,5,Barrington Chap,515274,Sporting Life,https://www.sportinglife.com/greyhounds/racecards/2026-09-07/harlow/racecard/515274
2026-09-07,Harlow,11:54,6,Ballinabola Vol,515274,Sporting Life,https://www.sportinglife.com/greyhounds/racecards/2026-09-07/harlow/racecard/515274
2026-09-07,Harlow,12:12,1,Centre Line,515275,Sporting Life,https://www.sportinglife.com/greyhounds/racecards/2026-09-07/harlow/racecard/515275
2026-09-07,Harlow,12:12,2,Donegal Shane,515275,Sporting Life,https://www.sportinglife.com/greyhounds/racecards/2026-09-07/harlow/racecard/515275
2026-09-07,Harlow,12:12,4,Nipper,515275,Sporting Life,https://www.sportinglife.com/greyhounds/racecards/2026-09-07/harlow/racecard/515275
2026-09-07,Harlow,12:12,5,Coolruss Izzy,515275,Sporting Life,https://www.sportinglife.com/greyhounds/racecards/2026-09-07/harlow/racecard/515275
2026-09-07,Harlow,12:12,6,For Noreen,515275,Sporting Life,https://www.sportinglife.com/greyhounds/racecards/2026-09-07/harlow/racecard/515275
2026-09-07,Harlow,12:29,1,Likeyoustoleit,515276,Sporting Life,https://www.sportinglife.com/greyhounds/racecards/2026-09-07/harlow/racecard/515276
2026-09-07,Harlow,12:29,2,Essjay Syd,515276,Sporting Life,https://www.sportinglife.com/greyhounds/racecards/2026-09-07/harlow/racecard/515276
2026-09-07,Harlow,12:29,3,No Worries Dave,515276,Sporting Life,https://www.sportinglife.com/greyhounds/racecards/2026-09-07/harlow/racecard/515276
2026-09-07,Harlow,12:29,4,Shesgoodcompany,515276,Sporting Life,https://www.sportinglife.com/greyhounds/racecards/2026-09-07/harlow/racecard/515276
2026-09-07,Harlow,12:29,5,Essjay Tornado,515276,Sporting Life,https://www.sportinglife.com/greyhounds/racecards/2026-09-07/harlow/racecard/515276
2026-09-07,Harlow,12:29,6,Minnies Vika,515276,Sporting Life,https://www.sportinglife.com/greyhounds/racecards/2026-09-07/harlow/racecard/515276
2026-09-07,Harlow,12:46,1,Blue Gemstone,515277,Sporting Life,https://www.sportinglife.com/greyhounds/racecards/2026-09-07/harlow/racecard/515277
2026-09-07,Harlow,12:46,2,Chasing Aiden,515277,Sporting Life,https://www.sportinglife.com/greyhounds/racecards/2026-09-07/harlow/racecard/515277
2026-09-07,Harlow,12:46,3,Tinks Jet,515277,Sporting Life,https://www.sportinglife.com/greyhounds/racecards/2026-09-07/harlow/racecard/515277
2026-09-07,Harlow,12:46,5,Westway Nelson,515277,Sporting Life,https://www.sportinglife.com/greyhounds/racecards/2026-09-07/harlow/racecard/515277
2026-09-07,Harlow,12:46,6,Tinas Liberty,515277,Sporting Life,https://www.sportinglife.com/greyhounds/racecards/2026-09-07/harlow/racecard/515277
2026-09-07,Harlow,13:03,1,Old Fort Rinty,515278,Sporting Life,https://www.sportinglife.com/greyhounds/racecards/2026-09-07/harlow/racecard/515278
2026-09-07,Harlow,13:03,2,Foxrock Buddy,515278,Sporting Life,https://www.sportinglife.com/greyhounds/racecards/2026-09-07/harlow/racecard/515278
2026-09-07,Harlow,13:03,3,Tanvalley Blonde,515278,Sporting Life,https://www.sportinglife.com/greyhounds/racecards/2026-09-07/harlow/racecard/515278
2026-09-07,Harlow,13:03,4,Random Lou,515278,Sporting Life,https://www.sportinglife.com/greyhounds/racecards/2026-09-07/harlow/racecard/515278
2026-09-07,Harlow,13:03,5,Burrow Bounty,515278,Sporting Life,https://www.sportinglife.com/greyhounds/racecards/2026-09-07/harlow/racecard/515278
2026-09-07,Harlow,13:03,6,Jamaica Luna,515278,Sporting Life,https://www.sportinglife.com/greyhounds/racecards/2026-09-07/harlow/racecard/515278
2026-09-07,Harlow,13:19,1,Muinteoir Jane,515279,Sporting Life,https://www.sportinglife.com/greyhounds/racecards/2026-09-07/harlow/racecard/515279
2026-09-07,Harlow,13:19,2,Marys Glen,515279,Sporting Life,https://www.sportinglife.com/greyhounds/racecards/2026-09-07/harlow/racecard/515279
2026-09-07,Harlow,13:19,3,Maddox Rose,515279,Sporting Life,https://www.sportinglife.com/greyhounds/racecards/2026-09-07/harlow/racecard/515279
2026-09-07,Harlow,13:19,4,Foxrock Bell,515279,Sporting Life,https://www.sportinglife.com/greyhounds/racecards/2026-09-07/harlow/racecard/515279
2026-09-07,Harlow,13:19,5,Syls Angel,515279,Sporting Life,https://www.sportinglife.com/greyhounds/racecards/2026-09-07/harlow/racecard/515279
2026-09-07,Harlow,13:19,6,Skidrow Strongbo,515279,Sporting Life,https://www.sportinglife.com/greyhounds/racecards/2026-09-07/harlow/racecard/515279
2026-09-07,Harlow,13:37,1,Havana Kaci,515280,Sporting Life,https://www.sportinglife.com/greyhounds/racecards/2026-09-07/harlow/racecard/515280
2026-09-07,Harlow,13:37,3,Minnies Volga,515280,Sporting Life,https://www.sportinglife.com/greyhounds/racecards/2026-09-07/harlow/racecard/515280
2026-09-07,Harlow,13:37,4,Millview Bobby,515280,Sporting Life,https://www.sportinglife.com/greyhounds/racecards/2026-09-07/harlow/racecard/515280
2026-09-07,Harlow,13:37,5,Smiling Ollie,515280,Sporting Life,https://www.sportinglife.com/greyhounds/racecards/2026-09-07/harlow/racecard/515280
2026-09-07,Harlow,13:37,6,Edermine Bucks,515280,Sporting Life,https://www.sportinglife.com/greyhounds/racecards/2026-09-07/harlow/racecard/515280
2026-09-07,Harlow,13:54,1,Tapa Torpedo,515281,Sporting Life,https://www.sportinglife.com/greyhounds/racecards/2026-09-07/harlow/racecard/515281
2026-09-07,Harlow,13:54,2,Rathmeehan Suzy,515281,Sporting Life,https://www.sportinglife.com/greyhounds/racecards/2026-09-07/harlow/racecard/515281
2026-09-07,Harlow,13:54,3,Salems Sangria,515281,Sporting Life,https://www.sportinglife.com/greyhounds/racecards/2026-09-07/harlow/racecard/515281
2026-09-07,Harlow,13:54,4,Classic Cindy,515281,Sporting Life,https://www.sportinglife.com/greyhounds/racecards/2026-09-07/harlow/racecard/515281
2026-09-07,Harlow,13:54,5,Tis The Time,515281,Sporting Life,https://www.sportinglife.com/greyhounds/racecards/2026-09-07/harlow/racecard/515281
2026-09-07,Harlow,13:54,6,Royston Rubble,515281,Sporting Life,https://www.sportinglife.com/greyhounds/racecards/2026-09-07/harlow/racecard/515281
2026-09-07,Harlow,18:11,1,Front Asha,515294,Sporting Life,https://www.sportinglife.com/greyhounds/racecards/2026-09-07/harlow/racecard/515294
2026-09-07,Harlow,18:11,2,Hillcroft Mick,515294,Sporting Life,https://www.sportinglife.com/greyhounds/racecards/2026-09-07/harlow/racecard/515294
2026-09-07,Harlow,18:11,3,Tommys Birdy,515294,Sporting Life,https://www.sportinglife.com/greyhounds/racecards/2026-09-07/harlow/racecard/515294
2026-09-07,Harlow,18:11,4,Early Pace,515294,Sporting Life,https://www.sportinglife.com/greyhounds/racecards/2026-09-07/harlow/racecard/515294
2026-09-07,Harlow,18:11,5,Jimbo Junior,515294,Sporting Life,https://www.sportinglife.com/greyhounds/racecards/2026-09-07/harlow/racecard/515294
2026-09-07,Harlow,18:11,6,Breakaway Bell,515294,Sporting Life,https://www.sportinglife.com/greyhounds/racecards/2026-09-07/harlow/racecard/515294
2026-09-07,Harlow,18:29,1,Rockmount Sylvie,515295,Sporting Life,https://www.sportinglife.com/greyhounds/racecards/2026-09-07/harlow/racecard/515295
2026-09-07,Harlow,18:29,2,Yo Cashout,515295,Sporting Life,https://www.sportinglife.com/greyhounds/racecards/2026-09-07/harlow/racecard/515295
2026-09-07,Harlow,18:29,3,Mustang Odyssey,515295,Sporting Life,https://www.sportinglife.com/greyhounds/racecards/2026-09-07/harlow/racecard/515295
2026-09-07,Harlow,18:29,4,Ballybreen Zeta,515295,Sporting Life,https://www.sportinglife.com/greyhounds/racecards/2026-09-07/harlow/racecard/515295
2026-09-07,Harlow,18:29,5,Front Milan,515295,Sporting Life,https://www.sportinglife.com/greyhounds/racecards/2026-09-07/harlow/racecard/515295
2026-09-07,Harlow,18:29,6,Tommys Crown,515295,Sporting Life,https://www.sportinglife.com/greyhounds/racecards/2026-09-07/harlow/racecard/515295
2026-09-07,Harlow,18:46,1,Yo Jonny,515296,Sporting Life,https://www.sportinglife.com/greyhounds/racecards/2026-09-07/harlow/racecard/515296
2026-09-07,Harlow,18:46,2,Triangle Trikari,515296,Sporting Life,https://www.sportinglife.com/greyhounds/racecards/2026-09-07/harlow/racecard/515296
2026-09-07,Harlow,18:46,3,Savana Heaven,515296,Sporting Life,https://www.sportinglife.com/greyhounds/racecards/2026-09-07/harlow/racecard/515296
2026-09-07,Harlow,18:46,4,Luminous Cutie,515296,Sporting Life,https://www.sportinglife.com/greyhounds/racecards/2026-09-07/harlow/racecard/515296
2026-09-07,Harlow,18:46,6,Leathems Bingo,515296,Sporting Life,https://www.sportinglife.com/greyhounds/racecards/2026-09-07/harlow/racecard/515296
2026-09-07,Harlow,19:04,1,Howsyerday Dolly,515297,Sporting Life,https://www.sportinglife.com/greyhounds/racecards/2026-09-07/harlow/racecard/515297
2026-09-07,Harlow,19:04,2,Tasmanian Devil,515297,Sporting Life,https://www.sportinglife.com/greyhounds/racecards/2026-09-07/harlow/racecard/515297
2026-09-07,Harlow,19:04,3,Jumbos Cairo,515297,Sporting Life,https://www.sportinglife.com/greyhounds/racecards/2026-09-07/harlow/racecard/515297
2026-09-07,Harlow,19:04,4,City Boss,515297,Sporting Life,https://www.sportinglife.com/greyhounds/racecards/2026-09-07/harlow/racecard/515297
2026-09-07,Harlow,19:04,5,Savana Shady,515297,Sporting Life,https://www.sportinglife.com/greyhounds/racecards/2026-09-07/harlow/racecard/515297
2026-09-07,Harlow,19:04,6,Bisto Rio,515297,Sporting Life,https://www.sportinglife.com/greyhounds/racecards/2026-09-07/harlow/racecard/515297
2026-09-07,Harlow,19:24,2,Bonnies Baby Boy,515298,Sporting Life,https://www.sportinglife.com/greyhounds/racecards/2026-09-07/harlow/racecard/515298
2026-09-07,Harlow,19:24,3,Badminton Debbie,515298,Sporting Life,https://www.sportinglife.com/greyhounds/racecards/2026-09-07/harlow/racecard/515298
2026-09-07,Harlow,19:24,4,Spade Work,515298,Sporting Life,https://www.sportinglife.com/greyhounds/racecards/2026-09-07/harlow/racecard/515298
2026-09-07,Harlow,19:24,5,Dapper Cash,515298,Sporting Life,https://www.sportinglife.com/greyhounds/racecards/2026-09-07/harlow/racecard/515298
2026-09-07,Harlow,19:24,6,Shivery Pants,515298,Sporting Life,https://www.sportinglife.com/greyhounds/racecards/2026-09-07/harlow/racecard/515298
2026-09-07,Harlow,19:42,1,Stonepark James,515299,Sporting Life,https://www.sportinglife.com/greyhounds/racecards/2026-09-07/harlow/racecard/515299
2026-09-07,Harlow,19:42,2,My Ballymac,515299,Sporting Life,https://www.sportinglife.com/greyhounds/racecards/2026-09-07/harlow/racecard/515299
2026-09-07,Harlow,19:42,3,Savana Catapilla,515299,Sporting Life,https://www.sportinglife.com/greyhounds/racecards/2026-09-07/harlow/racecard/515299
2026-09-07,Harlow,19:42,4,Snoozing Dracula,515299,Sporting Life,https://www.sportinglife.com/greyhounds/racecards/2026-09-07/harlow/racecard/515299
2026-09-07,Harlow,19:42,6,Tommys Clan,515299,Sporting Life,https://www.sportinglife.com/greyhounds/racecards/2026-09-07/harlow/racecard/515299
2026-09-07,Harlow,19:58,1,Deelish Mack,515300,Sporting Life,https://www.sportinglife.com/greyhounds/racecards/2026-09-07/harlow/racecard/515300
2026-09-07,Harlow,19:58,2,Dapper Dora,515300,Sporting Life,https://www.sportinglife.com/greyhounds/racecards/2026-09-07/harlow/racecard/515300
2026-09-07,Harlow,19:58,3,Drumdoit Dorgu,515300,Sporting Life,https://www.sportinglife.com/greyhounds/racecards/2026-09-07/harlow/racecard/515300
2026-09-07,Harlow,19:58,5,Devon Ruth,515300,Sporting Life,https://www.sportinglife.com/greyhounds/racecards/2026-09-07/harlow/racecard/515300
2026-09-07,Harlow,19:58,6,Up North,515300,Sporting Life,https://www.sportinglife.com/greyhounds/racecards/2026-09-07/harlow/racecard/515300
2026-09-07,Harlow,20:16,2,Canya Tick,515301,Sporting Life,https://www.sportinglife.com/greyhounds/racecards/2026-09-07/harlow/racecard/515301
2026-09-07,Harlow,20:16,3,Front Milo,515301,Sporting Life,https://www.sportinglife.com/greyhounds/racecards/2026-09-07/harlow/racecard/515301
2026-09-07,Harlow,20:16,4,Tullycanna Sadie,515301,Sporting Life,https://www.sportinglife.com/greyhounds/racecards/2026-09-07/harlow/racecard/515301
2026-09-07,Harlow,20:16,5,Alno Sue,515301,Sporting Life,https://www.sportinglife.com/greyhounds/racecards/2026-09-07/harlow/racecard/515301
2026-09-07,Harlow,20:16,6,Alohas Comet,515301,Sporting Life,https://www.sportinglife.com/greyhounds/racecards/2026-09-07/harlow/racecard/515301
2026-09-07,Harlow,20:34,1,Yo Dutchess,515302,Sporting Life,https://www.sportinglife.com/greyhounds/racecards/2026-09-07/harlow/racecard/515302
2026-09-07,Harlow,20:34,2,Cabriol Maggie,515302,Sporting Life,https://www.sportinglife.com/greyhounds/racecards/2026-09-07/harlow/racecard/515302
2026-09-07,Harlow,20:34,3,Savana Trigger,515302,Sporting Life,https://www.sportinglife.com/greyhounds/racecards/2026-09-07/harlow/racecard/515302
2026-09-07,Harlow,20:34,4,Pro Flo,515302,Sporting Life,https://www.sportinglife.com/greyhounds/racecards/2026-09-07/harlow/racecard/515302
2026-09-07,Harlow,20:34,5,Drumdoit Mainoo,515302,Sporting Life,https://www.sportinglife.com/greyhounds/racecards/2026-09-07/harlow/racecard/515302
2026-09-07,Harlow,20:34,6,Gagas Merry,515302,Sporting Life,https://www.sportinglife.com/greyhounds/racecards/2026-09-07/harlow/racecard/515302
2026-09-07,Harlow,20:52,1,Keeppullin Smurf,515303,Sporting Life,https://www.sportinglife.com/greyhounds/racecards/2026-09-07/harlow/racecard/515303
2026-09-07,Harlow,20:52,2,Tommys Handful,515303,Sporting Life,https://www.sportinglife.com/greyhounds/racecards/2026-09-07/harlow/racecard/515303
2026-09-07,Harlow,20:52,3,Maeda,515303,Sporting Life,https://www.sportinglife.com/greyhounds/racecards/2026-09-07/harlow/racecard/515303
2026-09-07,Harlow,20:52,4,Savana Albert,515303,Sporting Life,https://www.sportinglife.com/greyhounds/racecards/2026-09-07/harlow/racecard/515303
2026-09-07,Harlow,20:52,5,Keepers Notgrove,515303,Sporting Life,https://www.sportinglife.com/greyhounds/racecards/2026-09-07/harlow/racecard/515303
2026-09-07,Harlow,20:52,6,Savana Turtle,515303,Sporting Life,https://www.sportinglife.com/greyhounds/racecards/2026-09-07/harlow/racecard/515303
2026-09-07,Harlow,21:09,1,Savana Bridget,515304,Sporting Life,https://www.sportinglife.com/greyhounds/racecards/2026-09-07/harlow/racecard/515304
2026-09-07,Harlow,21:09,2,Armintas Jet,515304,Sporting Life,https://www.sportinglife.com/greyhounds/racecards/2026-09-07/harlow/racecard/515304
2026-09-07,Harlow,21:09,3,Plenty Of Trend,515304,Sporting Life,https://www.sportinglife.com/greyhounds/racecards/2026-09-07/harlow/racecard/515304
2026-09-07,Harlow,21:09,4,Romantic Yvonne,515304,Sporting Life,https://www.sportinglife.com/greyhounds/racecards/2026-09-07/harlow/racecard/515304
2026-09-07,Harlow,21:09,6,Canya Queue,515304,Sporting Life,https://www.sportinglife.com/greyhounds/racecards/2026-09-07/harlow/racecard/515304
2026-09-07,Harlow,21:26,1,Kilgarran Rub,515305,Sporting Life,https://www.sportinglife.com/greyhounds/racecards/2026-09-07/harlow/racecard/515305
2026-09-07,Harlow,21:26,2,Mabels Ribbons,515305,Sporting Life,https://www.sportinglife.com/greyhounds/racecards/2026-09-07/harlow/racecard/515305
2026-09-07,Harlow,21:26,3,Club Dream,515305,Sporting Life,https://www.sportinglife.com/greyhounds/racecards/2026-09-07/harlow/racecard/515305
2026-09-07,Harlow,21:26,4,Tagalong Ger,515305,Sporting Life,https://www.sportinglife.com/greyhounds/racecards/2026-09-07/harlow/racecard/515305
2026-09-07,Harlow,21:26,5,Skidrow Maria,515305,Sporting Life,https://www.sportinglife.com/greyhounds/racecards/2026-09-07/harlow/racecard/515305
2026-09-07,Harlow,21:26,6,Savana Bueno,515305,Sporting Life,https://www.sportinglife.com/greyhounds/racecards/2026-09-07/harlow/racecard/515305
2026-09-07,Monmore,14:23,1,Seven Stars,515354,Sporting Life,https://www.sportinglife.com/greyhounds/racecards/2026-09-07/monmore/racecard/515354
2026-09-07,Monmore,14:23,2,Cazzers Bassey,515354,Sporting Life,https://www.sportinglife.com/greyhounds/racecards/2026-09-07/monmore/racecard/515354
2026-09-07,Monmore,14:23,3,Tromora Boomer,515354,Sporting Life,https://www.sportinglife.com/greyhounds/racecards/2026-09-07/monmore/racecard/515354
2026-09-07,Monmore,14:23,4,Afternoondelight,515354,Sporting Life,https://www.sportinglife.com/greyhounds/racecards/2026-09-07/monmore/racecard/515354
2026-09-07,Monmore,14:23,5,Aurora Sky,515354,Sporting Life,https://www.sportinglife.com/greyhounds/racecards/2026-09-07/monmore/racecard/515354
2026-09-07,Monmore,14:23,6,Bloos Bro Bugsy,515354,Sporting Life,https://www.sportinglife.com/greyhounds/racecards/2026-09-07/monmore/racecard/515354
2026-09-07,Monmore,14:41,1,Swift Avid,515355,Sporting Life,https://www.sportinglife.com/greyhounds/racecards/2026-09-07/monmore/racecard/515355
2026-09-07,Monmore,14:41,2,Pennylane Ya Ya,515355,Sporting Life,https://www.sportinglife.com/greyhounds/racecards/2026-09-07/monmore/racecard/515355
2026-09-07,Monmore,14:41,3,Aero Mockery,515355,Sporting Life,https://www.sportinglife.com/greyhounds/racecards/2026-09-07/monmore/racecard/515355
2026-09-07,Monmore,14:41,4,Priceless Buzz,515355,Sporting Life,https://www.sportinglife.com/greyhounds/racecards/2026-09-07/monmore/racecard/515355
2026-09-07,Monmore,14:41,5,Swift Jolly,515355,Sporting Life,https://www.sportinglife.com/greyhounds/racecards/2026-09-07/monmore/racecard/515355
2026-09-07,Monmore,14:41,6,Tullymurry Skies,515355,Sporting Life,https://www.sportinglife.com/greyhounds/racecards/2026-09-07/monmore/racecard/515355
2026-09-07,Monmore,15:01,1,Aero Irruption,515356,Sporting Life,https://www.sportinglife.com/greyhounds/racecards/2026-09-07/monmore/racecard/515356
2026-09-07,Monmore,15:01,2,Alien Brat,515356,Sporting Life,https://www.sportinglife.com/greyhounds/racecards/2026-09-07/monmore/racecard/515356
2026-09-07,Monmore,15:01,3,Vixons Vanilla,515356,Sporting Life,https://www.sportinglife.com/greyhounds/racecards/2026-09-07/monmore/racecard/515356
2026-09-07,Monmore,15:01,4,Millview Mags,515356,Sporting Life,https://www.sportinglife.com/greyhounds/racecards/2026-09-07/monmore/racecard/515356
2026-09-07,Monmore,15:01,5,Whyaye Dubai,515356,Sporting Life,https://www.sportinglife.com/greyhounds/racecards/2026-09-07/monmore/racecard/515356
2026-09-07,Monmore,15:01,6,Aero Penda,515356,Sporting Life,https://www.sportinglife.com/greyhounds/racecards/2026-09-07/monmore/racecard/515356
2026-09-07,Monmore,15:19,1,Vixons Matt,515357,Sporting Life,https://www.sportinglife.com/greyhounds/racecards/2026-09-07/monmore/racecard/515357
2026-09-07,Monmore,15:19,2,Gatchells Jack,515357,Sporting Life,https://www.sportinglife.com/greyhounds/racecards/2026-09-07/monmore/racecard/515357
2026-09-07,Monmore,15:19,3,Clonkeen Terry,515357,Sporting Life,https://www.sportinglife.com/greyhounds/racecards/2026-09-07/monmore/racecard/515357
2026-09-07,Monmore,15:19,4,Rolling Flame,515357,Sporting Life,https://www.sportinglife.com/greyhounds/racecards/2026-09-07/monmore/racecard/515357
2026-09-07,Monmore,15:19,5,Do Gooder,515357,Sporting Life,https://www.sportinglife.com/greyhounds/racecards/2026-09-07/monmore/racecard/515357
2026-09-07,Monmore,15:19,6,Cazzers Ellie,515357,Sporting Life,https://www.sportinglife.com/greyhounds/racecards/2026-09-07/monmore/racecard/515357
2026-09-07,Monmore,15:38,1,Hello Youngfella,515358,Sporting Life,https://www.sportinglife.com/greyhounds/racecards/2026-09-07/monmore/racecard/515358
2026-09-07,Monmore,15:38,2,Hollywell Cookie,515358,Sporting Life,https://www.sportinglife.com/greyhounds/racecards/2026-09-07/monmore/racecard/515358
2026-09-07,Monmore,15:38,3,Citadel Bob,515358,Sporting Life,https://www.sportinglife.com/greyhounds/racecards/2026-09-07/monmore/racecard/515358
2026-09-07,Monmore,15:38,5,Whiterock Ace,515358,Sporting Life,https://www.sportinglife.com/greyhounds/racecards/2026-09-07/monmore/racecard/515358
2026-09-07,Monmore,15:38,6,Sadele,515358,Sporting Life,https://www.sportinglife.com/greyhounds/racecards/2026-09-07/monmore/racecard/515358
2026-09-07,Monmore,15:57,1,Final Jewel,515359,Sporting Life,https://www.sportinglife.com/greyhounds/racecards/2026-09-07/monmore/racecard/515359
2026-09-07,Monmore,15:57,2,Rushmoor Erney,515359,Sporting Life,https://www.sportinglife.com/greyhounds/racecards/2026-09-07/monmore/racecard/515359
2026-09-07,Monmore,15:57,3,Rackit Up Franco,515359,Sporting Life,https://www.sportinglife.com/greyhounds/racecards/2026-09-07/monmore/racecard/515359
2026-09-07,Monmore,15:57,4,Crafty Techno,515359,Sporting Life,https://www.sportinglife.com/greyhounds/racecards/2026-09-07/monmore/racecard/515359
2026-09-07,Monmore,15:57,5,Bits And Bobs,515359,Sporting Life,https://www.sportinglife.com/greyhounds/racecards/2026-09-07/monmore/racecard/515359
2026-09-07,Monmore,15:57,6,Swift Depend,515359,Sporting Life,https://www.sportinglife.com/greyhounds/racecards/2026-09-07/monmore/racecard/515359
2026-09-07,Monmore,16:16,1,Elderberry Mhysa,515360,Sporting Life,https://www.sportinglife.com/greyhounds/racecards/2026-09-07/monmore/racecard/515360
2026-09-07,Monmore,16:16,2,Return Fire,515360,Sporting Life,https://www.sportinglife.com/greyhounds/racecards/2026-09-07/monmore/racecard/515360
2026-09-07,Monmore,16:16,3,Sugar Gold,515360,Sporting Life,https://www.sportinglife.com/greyhounds/racecards/2026-09-07/monmore/racecard/515360
2026-09-07,Monmore,16:16,4,Magical Be Happy,515360,Sporting Life,https://www.sportinglife.com/greyhounds/racecards/2026-09-07/monmore/racecard/515360
2026-09-07,Monmore,16:16,5,Killimor Canya,515360,Sporting Life,https://www.sportinglife.com/greyhounds/racecards/2026-09-07/monmore/racecard/515360
2026-09-07,Monmore,16:16,6,Dash Power,515360,Sporting Life,https://www.sportinglife.com/greyhounds/racecards/2026-09-07/monmore/racecard/515360
2026-09-07,Monmore,16:34,1,Patoka,515361,Sporting Life,https://www.sportinglife.com/greyhounds/racecards/2026-09-07/monmore/racecard/515361
2026-09-07,Monmore,16:34,2,Droopys Highfive,515361,Sporting Life,https://www.sportinglife.com/greyhounds/racecards/2026-09-07/monmore/racecard/515361
2026-09-07,Monmore,16:34,3,Annie Up,515361,Sporting Life,https://www.sportinglife.com/greyhounds/racecards/2026-09-07/monmore/racecard/515361
2026-09-07,Monmore,16:34,4,Good Bobcat,515361,Sporting Life,https://www.sportinglife.com/greyhounds/racecards/2026-09-07/monmore/racecard/515361
2026-09-07,Monmore,16:34,5,Dubliners Flyer,515361,Sporting Life,https://www.sportinglife.com/greyhounds/racecards/2026-09-07/monmore/racecard/515361
2026-09-07,Monmore,16:34,6,Newinn Giggles,515361,Sporting Life,https://www.sportinglife.com/greyhounds/racecards/2026-09-07/monmore/racecard/515361
2026-09-07,Monmore,16:53,1,Whisky Ernest,515362,Sporting Life,https://www.sportinglife.com/greyhounds/racecards/2026-09-07/monmore/racecard/515362
2026-09-07,Monmore,16:53,2,Tullymurry Rishi,515362,Sporting Life,https://www.sportinglife.com/greyhounds/racecards/2026-09-07/monmore/racecard/515362
2026-09-07,Monmore,16:53,3,First Sight,515362,Sporting Life,https://www.sportinglife.com/greyhounds/racecards/2026-09-07/monmore/racecard/515362
2026-09-07,Monmore,16:53,4,Hello Young Girl,515362,Sporting Life,https://www.sportinglife.com/greyhounds/racecards/2026-09-07/monmore/racecard/515362
2026-09-07,Monmore,16:53,5,Oblivion,515362,Sporting Life,https://www.sportinglife.com/greyhounds/racecards/2026-09-07/monmore/racecard/515362
2026-09-07,Monmore,16:53,6,Youre Gone,515362,Sporting Life,https://www.sportinglife.com/greyhounds/racecards/2026-09-07/monmore/racecard/515362
2026-09-07,Monmore,17:12,1,Tommys Magical,515363,Sporting Life,https://www.sportinglife.com/greyhounds/racecards/2026-09-07/monmore/racecard/515363
2026-09-07,Monmore,17:12,2,Get In Line,515363,Sporting Life,https://www.sportinglife.com/greyhounds/racecards/2026-09-07/monmore/racecard/515363
2026-09-07,Monmore,17:12,3,Eternal Spirit,515363,Sporting Life,https://www.sportinglife.com/greyhounds/racecards/2026-09-07/monmore/racecard/515363
2026-09-07,Monmore,17:12,4,Getup Me Ava,515363,Sporting Life,https://www.sportinglife.com/greyhounds/racecards/2026-09-07/monmore/racecard/515363
2026-09-07,Monmore,17:12,5,Aero Stormrage,515363,Sporting Life,https://www.sportinglife.com/greyhounds/racecards/2026-09-07/monmore/racecard/515363
2026-09-07,Monmore,17:12,6,Ballymac Bardo,515363,Sporting Life,https://www.sportinglife.com/greyhounds/racecards/2026-09-07/monmore/racecard/515363
2026-09-07,Monmore,17:31,1,Vixons Ariel,515364,Sporting Life,https://www.sportinglife.com/greyhounds/racecards/2026-09-07/monmore/racecard/515364
2026-09-07,Monmore,17:31,2,Whisky Time,515364,Sporting Life,https://www.sportinglife.com/greyhounds/racecards/2026-09-07/monmore/racecard/515364
2026-09-07,Monmore,17:31,3,Tommys Prosecco,515364,Sporting Life,https://www.sportinglife.com/greyhounds/racecards/2026-09-07/monmore/racecard/515364
2026-09-07,Monmore,17:31,4,Swift Style,515364,Sporting Life,https://www.sportinglife.com/greyhounds/racecards/2026-09-07/monmore/racecard/515364
2026-09-07,Monmore,17:31,5,Speedy Dog,515364,Sporting Life,https://www.sportinglife.com/greyhounds/racecards/2026-09-07/monmore/racecard/515364
2026-09-07,Monmore,17:31,6,Yama Darlin,515364,Sporting Life,https://www.sportinglife.com/greyhounds/racecards/2026-09-07/monmore/racecard/515364
2026-09-07,Monmore,17:49,1,Dhustone Nita,515365,Sporting Life,https://www.sportinglife.com/greyhounds/racecards/2026-09-07/monmore/racecard/515365
2026-09-07,Monmore,17:49,2,Rambling Home,515365,Sporting Life,https://www.sportinglife.com/greyhounds/racecards/2026-09-07/monmore/racecard/515365
2026-09-07,Monmore,17:49,3,Whelan,515365,Sporting Life,https://www.sportinglife.com/greyhounds/racecards/2026-09-07/monmore/racecard/515365
2026-09-07,Monmore,17:49,5,Aero Cobra,515365,Sporting Life,https://www.sportinglife.com/greyhounds/racecards/2026-09-07/monmore/racecard/515365
2026-09-07,Monmore,17:49,6,Swoop Swoop,515365,Sporting Life,https://www.sportinglife.com/greyhounds/racecards/2026-09-07/monmore/racecard/515365
2026-09-07,Nottingham,18:37,1,Velvet Madrid,515318,Sporting Life,https://www.sportinglife.com/greyhounds/racecards/2026-09-07/nottingham/racecard/515318
2026-09-07,Nottingham,18:37,2,Aegean Song,515318,Sporting Life,https://www.sportinglife.com/greyhounds/racecards/2026-09-07/nottingham/racecard/515318
2026-09-07,Nottingham,18:37,3,Doubtful Diamond,515318,Sporting Life,https://www.sportinglife.com/greyhounds/racecards/2026-09-07/nottingham/racecard/515318
2026-09-07,Nottingham,18:37,4,Alwaysoptimistic,515318,Sporting Life,https://www.sportinglife.com/greyhounds/racecards/2026-09-07/nottingham/racecard/515318
2026-09-07,Nottingham,18:37,5,Tiznow,515318,Sporting Life,https://www.sportinglife.com/greyhounds/racecards/2026-09-07/nottingham/racecard/515318
2026-09-07,Nottingham,18:53,1,Halfway Ruby,515319,Sporting Life,https://www.sportinglife.com/greyhounds/racecards/2026-09-07/nottingham/racecard/515319
2026-09-07,Nottingham,18:53,2,Platinum Honey,515319,Sporting Life,https://www.sportinglife.com/greyhounds/racecards/2026-09-07/nottingham/racecard/515319
2026-09-07,Nottingham,18:53,3,Wolf Larry,515319,Sporting Life,https://www.sportinglife.com/greyhounds/racecards/2026-09-07/nottingham/racecard/515319
2026-09-07,Nottingham,18:53,4,Bluejig Polly,515319,Sporting Life,https://www.sportinglife.com/greyhounds/racecards/2026-09-07/nottingham/racecard/515319
2026-09-07,Nottingham,18:53,5,Broomfleet Magic,515319,Sporting Life,https://www.sportinglife.com/greyhounds/racecards/2026-09-07/nottingham/racecard/515319
2026-09-07,Nottingham,19:11,1,Swift Ursula,515320,Sporting Life,https://www.sportinglife.com/greyhounds/racecards/2026-09-07/nottingham/racecard/515320
2026-09-07,Nottingham,19:11,2,Bene N Hot,515320,Sporting Life,https://www.sportinglife.com/greyhounds/racecards/2026-09-07/nottingham/racecard/515320
2026-09-07,Nottingham,19:11,3,Unlikely Tom,515320,Sporting Life,https://www.sportinglife.com/greyhounds/racecards/2026-09-07/nottingham/racecard/515320
2026-09-07,Nottingham,19:11,4,Stellasbydesign,515320,Sporting Life,https://www.sportinglife.com/greyhounds/racecards/2026-09-07/nottingham/racecard/515320
2026-09-07,Nottingham,19:11,5,Basic Instinct,515320,Sporting Life,https://www.sportinglife.com/greyhounds/racecards/2026-09-07/nottingham/racecard/515320
2026-09-07,Nottingham,19:11,6,Wolf Diamond,515320,Sporting Life,https://www.sportinglife.com/greyhounds/racecards/2026-09-07/nottingham/racecard/515320
2026-09-07,Nottingham,19:27,1,Da Don,515321,Sporting Life,https://www.sportinglife.com/greyhounds/racecards/2026-09-07/nottingham/racecard/515321
2026-09-07,Nottingham,19:27,2,Swift Odran,515321,Sporting Life,https://www.sportinglife.com/greyhounds/racecards/2026-09-07/nottingham/racecard/515321
2026-09-07,Nottingham,19:27,3,No Dreamers,515321,Sporting Life,https://www.sportinglife.com/greyhounds/racecards/2026-09-07/nottingham/racecard/515321
2026-09-07,Nottingham,19:27,4,Raha Jayjay,515321,Sporting Life,https://www.sportinglife.com/greyhounds/racecards/2026-09-07/nottingham/racecard/515321
2026-09-07,Nottingham,19:27,5,Nunos Nugget,515321,Sporting Life,https://www.sportinglife.com/greyhounds/racecards/2026-09-07/nottingham/racecard/515321
2026-09-07,Nottingham,19:27,6,Blackburnybullet,515321,Sporting Life,https://www.sportinglife.com/greyhounds/racecards/2026-09-07/nottingham/racecard/515321
2026-09-07,Nottingham,19:44,1,Carrick Scholsey,515322,Sporting Life,https://www.sportinglife.com/greyhounds/racecards/2026-09-07/nottingham/racecard/515322
2026-09-07,Nottingham,19:44,2,Jet Stream Jane,515322,Sporting Life,https://www.sportinglife.com/greyhounds/racecards/2026-09-07/nottingham/racecard/515322
2026-09-07,Nottingham,19:44,4,Optic Helmet,515322,Sporting Life,https://www.sportinglife.com/greyhounds/racecards/2026-09-07/nottingham/racecard/515322
2026-09-07,Nottingham,19:44,5,Skylars Vision,515322,Sporting Life,https://www.sportinglife.com/greyhounds/racecards/2026-09-07/nottingham/racecard/515322
2026-09-07,Nottingham,19:44,6,Givemethemoney,515322,Sporting Life,https://www.sportinglife.com/greyhounds/racecards/2026-09-07/nottingham/racecard/515322
2026-09-07,Nottingham,20:01,1,Milos Delivery,515323,Sporting Life,https://www.sportinglife.com/greyhounds/racecards/2026-09-07/nottingham/racecard/515323
2026-09-07,Nottingham,20:01,2,Jager Bren,515323,Sporting Life,https://www.sportinglife.com/greyhounds/racecards/2026-09-07/nottingham/racecard/515323
2026-09-07,Nottingham,20:01,3,Look And Listen,515323,Sporting Life,https://www.sportinglife.com/greyhounds/racecards/2026-09-07/nottingham/racecard/515323
2026-09-07,Nottingham,20:01,4,Platinum Record,515323,Sporting Life,https://www.sportinglife.com/greyhounds/racecards/2026-09-07/nottingham/racecard/515323
2026-09-07,Nottingham,20:01,5,Swift Tax,515323,Sporting Life,https://www.sportinglife.com/greyhounds/racecards/2026-09-07/nottingham/racecard/515323
2026-09-07,Nottingham,20:01,6,Roanna Ash,515323,Sporting Life,https://www.sportinglife.com/greyhounds/racecards/2026-09-07/nottingham/racecard/515323
2026-09-07,Nottingham,20:19,1,Westfield Forno,515324,Sporting Life,https://www.sportinglife.com/greyhounds/racecards/2026-09-07/nottingham/racecard/515324
2026-09-07,Nottingham,20:19,2,Gruszka,515324,Sporting Life,https://www.sportinglife.com/greyhounds/racecards/2026-09-07/nottingham/racecard/515324
2026-09-07,Nottingham,20:19,3,Tetra Eco,515324,Sporting Life,https://www.sportinglife.com/greyhounds/racecards/2026-09-07/nottingham/racecard/515324
2026-09-07,Nottingham,20:19,4,Simpson Sniper,515324,Sporting Life,https://www.sportinglife.com/greyhounds/racecards/2026-09-07/nottingham/racecard/515324
2026-09-07,Nottingham,20:19,5,Swift Kipper,515324,Sporting Life,https://www.sportinglife.com/greyhounds/racecards/2026-09-07/nottingham/racecard/515324
2026-09-07,Nottingham,20:36,1,Dunbolg Formula,515325,Sporting Life,https://www.sportinglife.com/greyhounds/racecards/2026-09-07/nottingham/racecard/515325
2026-09-07,Nottingham,20:36,2,Droopys Extragud,515325,Sporting Life,https://www.sportinglife.com/greyhounds/racecards/2026-09-07/nottingham/racecard/515325
2026-09-07,Nottingham,20:36,3,Jackierua,515325,Sporting Life,https://www.sportinglife.com/greyhounds/racecards/2026-09-07/nottingham/racecard/515325
2026-09-07,Nottingham,20:36,4,Newinn Jolly,515325,Sporting Life,https://www.sportinglife.com/greyhounds/racecards/2026-09-07/nottingham/racecard/515325
2026-09-07,Nottingham,20:36,5,Grovenor Ozzy,515325,Sporting Life,https://www.sportinglife.com/greyhounds/racecards/2026-09-07/nottingham/racecard/515325
2026-09-07,Nottingham,20:54,1,Rapido Conti,515326,Sporting Life,https://www.sportinglife.com/greyhounds/racecards/2026-09-07/nottingham/racecard/515326
2026-09-07,Nottingham,20:54,2,Alana The Second,515326,Sporting Life,https://www.sportinglife.com/greyhounds/racecards/2026-09-07/nottingham/racecard/515326
2026-09-07,Nottingham,20:54,3,Miami Yeats,515326,Sporting Life,https://www.sportinglife.com/greyhounds/racecards/2026-09-07/nottingham/racecard/515326
2026-09-07,Nottingham,20:54,4,Cockneys Crafty,515326,Sporting Life,https://www.sportinglife.com/greyhounds/racecards/2026-09-07/nottingham/racecard/515326
2026-09-07,Nottingham,20:54,6,Mossend Bute,515326,Sporting Life,https://www.sportinglife.com/greyhounds/racecards/2026-09-07/nottingham/racecard/515326
2026-09-07,Nottingham,21:11,1,Swift Olivia,515327,Sporting Life,https://www.sportinglife.com/greyhounds/racecards/2026-09-07/nottingham/racecard/515327
2026-09-07,Nottingham,21:11,2,Swift Sale,515327,Sporting Life,https://www.sportinglife.com/greyhounds/racecards/2026-09-07/nottingham/racecard/515327
2026-09-07,Nottingham,21:11,3,Swift Lama,515327,Sporting Life,https://www.sportinglife.com/greyhounds/racecards/2026-09-07/nottingham/racecard/515327
2026-09-07,Nottingham,21:11,4,Hollys Magic,515327,Sporting Life,https://www.sportinglife.com/greyhounds/racecards/2026-09-07/nottingham/racecard/515327
2026-09-07,Nottingham,21:11,5,Macash Rose,515327,Sporting Life,https://www.sportinglife.com/greyhounds/racecards/2026-09-07/nottingham/racecard/515327
2026-09-07,Nottingham,21:28,1,Droopys Yeti,515328,Sporting Life,https://www.sportinglife.com/greyhounds/racecards/2026-09-07/nottingham/racecard/515328
2026-09-07,Nottingham,21:28,2,Dellser Sheeran,515328,Sporting Life,https://www.sportinglife.com/greyhounds/racecards/2026-09-07/nottingham/racecard/515328
2026-09-07,Nottingham,21:28,3,Churchill Queen,515328,Sporting Life,https://www.sportinglife.com/greyhounds/racecards/2026-09-07/nottingham/racecard/515328
2026-09-07,Nottingham,21:28,4,Grovenor Queen,515328,Sporting Life,https://www.sportinglife.com/greyhounds/racecards/2026-09-07/nottingham/racecard/515328
2026-09-07,Nottingham,21:28,5,Mynydd Frank,515328,Sporting Life,https://www.sportinglife.com/greyhounds/racecards/2026-09-07/nottingham/racecard/515328
2026-09-07,Nottingham,21:28,6,Gallant Taylor,515328,Sporting Life,https://www.sportinglife.com/greyhounds/racecards/2026-09-07/nottingham/racecard/515328
2026-09-07,Nottingham,21:46,1,Princes Legacy,515329,Sporting Life,https://www.sportinglife.com/greyhounds/racecards/2026-09-07/nottingham/racecard/515329
2026-09-07,Nottingham,21:46,2,Dower Holly,515329,Sporting Life,https://www.sportinglife.com/greyhounds/racecards/2026-09-07/nottingham/racecard/515329
2026-09-07,Nottingham,21:46,3,Untold Real,515329,Sporting Life,https://www.sportinglife.com/greyhounds/racecards/2026-09-07/nottingham/racecard/515329
2026-09-07,Nottingham,21:46,4,Honeygar Bessy,515329,Sporting Life,https://www.sportinglife.com/greyhounds/racecards/2026-09-07/nottingham/racecard/515329
2026-09-07,Nottingham,21:46,5,Loxleys Vinnie,515329,Sporting Life,https://www.sportinglife.com/greyhounds/racecards/2026-09-07/nottingham/racecard/515329
2026-09-07,Romford,11:09,1,Scooby Topaz,515342,Sporting Life,https://www.sportinglife.com/greyhounds/racecards/2026-09-07/romford/racecard/515342
2026-09-07,Romford,11:09,3,Yahoo Bree,515342,Sporting Life,https://www.sportinglife.com/greyhounds/racecards/2026-09-07/romford/racecard/515342
2026-09-07,Romford,11:09,4,Show Stopper,515342,Sporting Life,https://www.sportinglife.com/greyhounds/racecards/2026-09-07/romford/racecard/515342
2026-09-07,Romford,11:09,5,Droopys Standby,515342,Sporting Life,https://www.sportinglife.com/greyhounds/racecards/2026-09-07/romford/racecard/515342
2026-09-07,Romford,11:09,6,Da Blue Tiger,515342,Sporting Life,https://www.sportinglife.com/greyhounds/racecards/2026-09-07/romford/racecard/515342
2026-09-07,Romford,11:27,1,Smashing Major,515343,Sporting Life,https://www.sportinglife.com/greyhounds/racecards/2026-09-07/romford/racecard/515343
2026-09-07,Romford,11:27,2,Duggies Memory,515343,Sporting Life,https://www.sportinglife.com/greyhounds/racecards/2026-09-07/romford/racecard/515343
2026-09-07,Romford,11:27,4,Drovers Violet,515343,Sporting Life,https://www.sportinglife.com/greyhounds/racecards/2026-09-07/romford/racecard/515343
2026-09-07,Romford,11:27,5,Underground Bell,515343,Sporting Life,https://www.sportinglife.com/greyhounds/racecards/2026-09-07/romford/racecard/515343
2026-09-07,Romford,11:27,6,Louises Summer,515343,Sporting Life,https://www.sportinglife.com/greyhounds/racecards/2026-09-07/romford/racecard/515343
2026-09-07,Romford,11:43,1,Pin Point,515344,Sporting Life,https://www.sportinglife.com/greyhounds/racecards/2026-09-07/romford/racecard/515344
2026-09-07,Romford,11:43,2,Come On Sheileen,515344,Sporting Life,https://www.sportinglife.com/greyhounds/racecards/2026-09-07/romford/racecard/515344
2026-09-07,Romford,11:43,3,Lava Ace,515344,Sporting Life,https://www.sportinglife.com/greyhounds/racecards/2026-09-07/romford/racecard/515344
2026-09-07,Romford,11:43,4,Bubbly Queenie,515344,Sporting Life,https://www.sportinglife.com/greyhounds/racecards/2026-09-07/romford/racecard/515344
2026-09-07,Romford,11:43,5,Haverhill Ellie,515344,Sporting Life,https://www.sportinglife.com/greyhounds/racecards/2026-09-07/romford/racecard/515344
2026-09-07,Romford,12:01,1,Jogon Flo Joe,515345,Sporting Life,https://www.sportinglife.com/greyhounds/racecards/2026-09-07/romford/racecard/515345
2026-09-07,Romford,12:01,2,Newtown Sinead,515345,Sporting Life,https://www.sportinglife.com/greyhounds/racecards/2026-09-07/romford/racecard/515345
2026-09-07,Romford,12:01,3,Twizzle,515345,Sporting Life,https://www.sportinglife.com/greyhounds/racecards/2026-09-07/romford/racecard/515345
2026-09-07,Romford,12:01,4,Up The Fulham,515345,Sporting Life,https://www.sportinglife.com/greyhounds/racecards/2026-09-07/romford/racecard/515345
2026-09-07,Romford,12:01,5,Yahoo Orla,515345,Sporting Life,https://www.sportinglife.com/greyhounds/racecards/2026-09-07/romford/racecard/515345
2026-09-07,Romford,12:01,6,Carrick Stam,515345,Sporting Life,https://www.sportinglife.com/greyhounds/racecards/2026-09-07/romford/racecard/515345
2026-09-07,Romford,12:18,1,Lightfoot Jamie,515346,Sporting Life,https://www.sportinglife.com/greyhounds/racecards/2026-09-07/romford/racecard/515346
2026-09-07,Romford,12:18,2,Emers Marnie,515346,Sporting Life,https://www.sportinglife.com/greyhounds/racecards/2026-09-07/romford/racecard/515346
2026-09-07,Romford,12:18,3,Miami Sapphire,515346,Sporting Life,https://www.sportinglife.com/greyhounds/racecards/2026-09-07/romford/racecard/515346
2026-09-07,Romford,12:18,4,Jacko,515346,Sporting Life,https://www.sportinglife.com/greyhounds/racecards/2026-09-07/romford/racecard/515346
2026-09-07,Romford,12:18,5,Biscuit Dunker,515346,Sporting Life,https://www.sportinglife.com/greyhounds/racecards/2026-09-07/romford/racecard/515346
2026-09-07,Romford,12:34,1,Bloos Mr Maguire,515347,Sporting Life,https://www.sportinglife.com/greyhounds/racecards/2026-09-07/romford/racecard/515347
2026-09-07,Romford,12:34,2,Ricos Diamond,515347,Sporting Life,https://www.sportinglife.com/greyhounds/racecards/2026-09-07/romford/racecard/515347
2026-09-07,Romford,12:34,3,Kilshenane Blue,515347,Sporting Life,https://www.sportinglife.com/greyhounds/racecards/2026-09-07/romford/racecard/515347
2026-09-07,Romford,12:34,4,Young Poppy,515347,Sporting Life,https://www.sportinglife.com/greyhounds/racecards/2026-09-07/romford/racecard/515347
2026-09-07,Romford,12:34,5,Droopys Ma,515347,Sporting Life,https://www.sportinglife.com/greyhounds/racecards/2026-09-07/romford/racecard/515347
2026-09-07,Romford,12:51,1,Abbeyside Comet,515348,Sporting Life,https://www.sportinglife.com/greyhounds/racecards/2026-09-07/romford/racecard/515348
2026-09-07,Romford,12:51,2,Navys Dolly,515348,Sporting Life,https://www.sportinglife.com/greyhounds/racecards/2026-09-07/romford/racecard/515348
2026-09-07,Romford,12:51,3,Chiltern Queen,515348,Sporting Life,https://www.sportinglife.com/greyhounds/racecards/2026-09-07/romford/racecard/515348
2026-09-07,Romford,12:51,4,Dans Peach,515348,Sporting Life,https://www.sportinglife.com/greyhounds/racecards/2026-09-07/romford/racecard/515348
2026-09-07,Romford,12:51,5,Swift Quick,515348,Sporting Life,https://www.sportinglife.com/greyhounds/racecards/2026-09-07/romford/racecard/515348
2026-09-07,Romford,12:51,6,Harley Hitch,515348,Sporting Life,https://www.sportinglife.com/greyhounds/racecards/2026-09-07/romford/racecard/515348
2026-09-07,Romford,13:08,1,Sundance Sasha,515349,Sporting Life,https://www.sportinglife.com/greyhounds/racecards/2026-09-07/romford/racecard/515349
2026-09-07,Romford,13:08,2,Luminous Flyer,515349,Sporting Life,https://www.sportinglife.com/greyhounds/racecards/2026-09-07/romford/racecard/515349
2026-09-07,Romford,13:08,3,San Siro,515349,Sporting Life,https://www.sportinglife.com/greyhounds/racecards/2026-09-07/romford/racecard/515349
2026-09-07,Romford,13:08,4,Hollywood Hustle,515349,Sporting Life,https://www.sportinglife.com/greyhounds/racecards/2026-09-07/romford/racecard/515349
2026-09-07,Romford,13:08,5,Young Dotty,515349,Sporting Life,https://www.sportinglife.com/greyhounds/racecards/2026-09-07/romford/racecard/515349
2026-09-07,Romford,13:08,6,Rangey Lady,515349,Sporting Life,https://www.sportinglife.com/greyhounds/racecards/2026-09-07/romford/racecard/515349
2026-09-07,Romford,13:26,1,Ink Black Honey,515350,Sporting Life,https://www.sportinglife.com/greyhounds/racecards/2026-09-07/romford/racecard/515350
2026-09-07,Romford,13:26,2,Public Reaction,515350,Sporting Life,https://www.sportinglife.com/greyhounds/racecards/2026-09-07/romford/racecard/515350
2026-09-07,Romford,13:26,3,Mickey Red,515350,Sporting Life,https://www.sportinglife.com/greyhounds/racecards/2026-09-07/romford/racecard/515350
2026-09-07,Romford,13:26,5,Stonepark Susie,515350,Sporting Life,https://www.sportinglife.com/greyhounds/racecards/2026-09-07/romford/racecard/515350
2026-09-07,Romford,13:26,6,Hollywood Topcat,515350,Sporting Life,https://www.sportinglife.com/greyhounds/racecards/2026-09-07/romford/racecard/515350
2026-09-07,Romford,13:42,1,Pharis Cashout,515351,Sporting Life,https://www.sportinglife.com/greyhounds/racecards/2026-09-07/romford/racecard/515351
2026-09-07,Romford,13:42,3,Sparkling Millie,515351,Sporting Life,https://www.sportinglife.com/greyhounds/racecards/2026-09-07/romford/racecard/515351
2026-09-07,Romford,13:42,4,My Last Dog,515351,Sporting Life,https://www.sportinglife.com/greyhounds/racecards/2026-09-07/romford/racecard/515351
2026-09-07,Romford,13:42,5,Two Under Par,515351,Sporting Life,https://www.sportinglife.com/greyhounds/racecards/2026-09-07/romford/racecard/515351
2026-09-07,Romford,13:42,6,Moaning Dolly,515351,Sporting Life,https://www.sportinglife.com/greyhounds/racecards/2026-09-07/romford/racecard/515351
2026-09-07,Romford,13:59,2,Holding Lizzy,515352,Sporting Life,https://www.sportinglife.com/greyhounds/racecards/2026-09-07/romford/racecard/515352
2026-09-07,Romford,13:59,3,Sophies Diamond,515352,Sporting Life,https://www.sportinglife.com/greyhounds/racecards/2026-09-07/romford/racecard/515352
2026-09-07,Romford,13:59,4,Kingdom Monty,515352,Sporting Life,https://www.sportinglife.com/greyhounds/racecards/2026-09-07/romford/racecard/515352
2026-09-07,Romford,13:59,5,Surely Mad,515352,Sporting Life,https://www.sportinglife.com/greyhounds/racecards/2026-09-07/romford/racecard/515352
2026-09-07,Romford,13:59,6,Miami Hero,515352,Sporting Life,https://www.sportinglife.com/greyhounds/racecards/2026-09-07/romford/racecard/515352
2026-09-07,Romford,14:14,1,Allowdale Chloe,515353,Sporting Life,https://www.sportinglife.com/greyhounds/racecards/2026-09-07/romford/racecard/515353
2026-09-07,Romford,14:14,2,Icecool Albie,515353,Sporting Life,https://www.sportinglife.com/greyhounds/racecards/2026-09-07/romford/racecard/515353
2026-09-07,Romford,14:14,3,Bubbly Cinders,515353,Sporting Life,https://www.sportinglife.com/greyhounds/racecards/2026-09-07/romford/racecard/515353
2026-09-07,Romford,14:14,4,Swift Official,515353,Sporting Life,https://www.sportinglife.com/greyhounds/racecards/2026-09-07/romford/racecard/515353
2026-09-07,Romford,14:14,5,Lollipop Lucy,515353,Sporting Life,https://www.sportinglife.com/greyhounds/racecards/2026-09-07/romford/racecard/515353
2026-09-07,Sunderland,14:29,1,Kilara Majeste,515378,Sporting Life,https://www.sportinglife.com/greyhounds/racecards/2026-09-07/sunderland/racecard/515378
2026-09-07,Sunderland,14:29,2,Extended Dreams,515378,Sporting Life,https://www.sportinglife.com/greyhounds/racecards/2026-09-07/sunderland/racecard/515378
2026-09-07,Sunderland,14:29,3,Nickos Hunter,515378,Sporting Life,https://www.sportinglife.com/greyhounds/racecards/2026-09-07/sunderland/racecard/515378
2026-09-07,Sunderland,14:29,4,Linton Lucy,515378,Sporting Life,https://www.sportinglife.com/greyhounds/racecards/2026-09-07/sunderland/racecard/515378
2026-09-07,Sunderland,14:29,5,Happenedwas,515378,Sporting Life,https://www.sportinglife.com/greyhounds/racecards/2026-09-07/sunderland/racecard/515378
2026-09-07,Sunderland,14:29,6,Freeway Sky,515378,Sporting Life,https://www.sportinglife.com/greyhounds/racecards/2026-09-07/sunderland/racecard/515378
2026-09-07,Sunderland,14:48,1,Newmoors Amore,515379,Sporting Life,https://www.sportinglife.com/greyhounds/racecards/2026-09-07/sunderland/racecard/515379
2026-09-07,Sunderland,14:48,2,Reneas Boy,515379,Sporting Life,https://www.sportinglife.com/greyhounds/racecards/2026-09-07/sunderland/racecard/515379
2026-09-07,Sunderland,14:48,4,Currans Dodge,515379,Sporting Life,https://www.sportinglife.com/greyhounds/racecards/2026-09-07/sunderland/racecard/515379
2026-09-07,Sunderland,14:48,5,Deelish Crofty,515379,Sporting Life,https://www.sportinglife.com/greyhounds/racecards/2026-09-07/sunderland/racecard/515379
2026-09-07,Sunderland,14:48,6,Swift Kylie,515379,Sporting Life,https://www.sportinglife.com/greyhounds/racecards/2026-09-07/sunderland/racecard/515379
2026-09-07,Sunderland,15:07,2,Fantastic Dear,515380,Sporting Life,https://www.sportinglife.com/greyhounds/racecards/2026-09-07/sunderland/racecard/515380
2026-09-07,Sunderland,15:07,3,Sunnyside Penny,515380,Sporting Life,https://www.sportinglife.com/greyhounds/racecards/2026-09-07/sunderland/racecard/515380
2026-09-07,Sunderland,15:07,4,Lostrigg Benny,515380,Sporting Life,https://www.sportinglife.com/greyhounds/racecards/2026-09-07/sunderland/racecard/515380
2026-09-07,Sunderland,15:07,5,Speedy Checkout,515380,Sporting Life,https://www.sportinglife.com/greyhounds/racecards/2026-09-07/sunderland/racecard/515380
2026-09-07,Sunderland,15:07,6,Westforth Doit,515380,Sporting Life,https://www.sportinglife.com/greyhounds/racecards/2026-09-07/sunderland/racecard/515380
2026-09-07,Sunderland,15:26,1,Kerrylane Ivy,515381,Sporting Life,https://www.sportinglife.com/greyhounds/racecards/2026-09-07/sunderland/racecard/515381
2026-09-07,Sunderland,15:26,2,Roaming Ariana,515381,Sporting Life,https://www.sportinglife.com/greyhounds/racecards/2026-09-07/sunderland/racecard/515381
2026-09-07,Sunderland,15:26,3,Sunny Tab,515381,Sporting Life,https://www.sportinglife.com/greyhounds/racecards/2026-09-07/sunderland/racecard/515381
2026-09-07,Sunderland,15:26,4,Russmur Josh,515381,Sporting Life,https://www.sportinglife.com/greyhounds/racecards/2026-09-07/sunderland/racecard/515381
2026-09-07,Sunderland,15:26,5,Autumn Time,515381,Sporting Life,https://www.sportinglife.com/greyhounds/racecards/2026-09-07/sunderland/racecard/515381
2026-09-07,Sunderland,15:26,6,Freeway Sultan,515381,Sporting Life,https://www.sportinglife.com/greyhounds/racecards/2026-09-07/sunderland/racecard/515381
2026-09-07,Sunderland,15:44,1,Lacken Fun,515382,Sporting Life,https://www.sportinglife.com/greyhounds/racecards/2026-09-07/sunderland/racecard/515382
2026-09-07,Sunderland,15:44,2,Lillys A Lady,515382,Sporting Life,https://www.sportinglife.com/greyhounds/racecards/2026-09-07/sunderland/racecard/515382
2026-09-07,Sunderland,15:44,3,Leons Lucy,515382,Sporting Life,https://www.sportinglife.com/greyhounds/racecards/2026-09-07/sunderland/racecard/515382
2026-09-07,Sunderland,15:44,4,Real Action,515382,Sporting Life,https://www.sportinglife.com/greyhounds/racecards/2026-09-07/sunderland/racecard/515382
2026-09-07,Sunderland,15:44,5,Bathams Panther,515382,Sporting Life,https://www.sportinglife.com/greyhounds/racecards/2026-09-07/sunderland/racecard/515382
2026-09-07,Sunderland,15:44,6,Fruity Cocktail,515382,Sporting Life,https://www.sportinglife.com/greyhounds/racecards/2026-09-07/sunderland/racecard/515382
2026-09-07,Sunderland,16:03,1,Marinas Calgary,515383,Sporting Life,https://www.sportinglife.com/greyhounds/racecards/2026-09-07/sunderland/racecard/515383
2026-09-07,Sunderland,16:03,2,Ambers Hope,515383,Sporting Life,https://www.sportinglife.com/greyhounds/racecards/2026-09-07/sunderland/racecard/515383
2026-09-07,Sunderland,16:03,3,Drish River,515383,Sporting Life,https://www.sportinglife.com/greyhounds/racecards/2026-09-07/sunderland/racecard/515383
2026-09-07,Sunderland,16:03,4,Level Dubai,515383,Sporting Life,https://www.sportinglife.com/greyhounds/racecards/2026-09-07/sunderland/racecard/515383
2026-09-07,Sunderland,16:03,5,Strike It Hannah,515383,Sporting Life,https://www.sportinglife.com/greyhounds/racecards/2026-09-07/sunderland/racecard/515383
2026-09-07,Sunderland,16:03,6,Cooga Alan,515383,Sporting Life,https://www.sportinglife.com/greyhounds/racecards/2026-09-07/sunderland/racecard/515383
2026-09-07,Sunderland,16:22,1,Helicopter Jacob,515384,Sporting Life,https://www.sportinglife.com/greyhounds/racecards/2026-09-07/sunderland/racecard/515384
2026-09-07,Sunderland,16:22,2,Fruity Dazzler,515384,Sporting Life,https://www.sportinglife.com/greyhounds/racecards/2026-09-07/sunderland/racecard/515384
2026-09-07,Sunderland,16:22,3,Beanos Cody,515384,Sporting Life,https://www.sportinglife.com/greyhounds/racecards/2026-09-07/sunderland/racecard/515384
2026-09-07,Sunderland,16:22,4,Dream And Do,515384,Sporting Life,https://www.sportinglife.com/greyhounds/racecards/2026-09-07/sunderland/racecard/515384
2026-09-07,Sunderland,16:22,5,Mascot Delilah,515384,Sporting Life,https://www.sportinglife.com/greyhounds/racecards/2026-09-07/sunderland/racecard/515384
2026-09-07,Sunderland,16:22,6,Sooty View,515384,Sporting Life,https://www.sportinglife.com/greyhounds/racecards/2026-09-07/sunderland/racecard/515384
2026-09-07,Sunderland,16:41,1,Watermill Luca,515385,Sporting Life,https://www.sportinglife.com/greyhounds/racecards/2026-09-07/sunderland/racecard/515385
2026-09-07,Sunderland,16:41,2,Donegal Cashout,515385,Sporting Life,https://www.sportinglife.com/greyhounds/racecards/2026-09-07/sunderland/racecard/515385
2026-09-07,Sunderland,16:41,4,Neon Noble,515385,Sporting Life,https://www.sportinglife.com/greyhounds/racecards/2026-09-07/sunderland/racecard/515385
2026-09-07,Sunderland,16:41,5,Placeinmyheart,515385,Sporting Life,https://www.sportinglife.com/greyhounds/racecards/2026-09-07/sunderland/racecard/515385
2026-09-07,Sunderland,16:41,6,Glideaway Ellie,515385,Sporting Life,https://www.sportinglife.com/greyhounds/racecards/2026-09-07/sunderland/racecard/515385
2026-09-07,Sunderland,16:59,1,Finnery Julie,515386,Sporting Life,https://www.sportinglife.com/greyhounds/racecards/2026-09-07/sunderland/racecard/515386
2026-09-07,Sunderland,16:59,2,Dirty Cash,515386,Sporting Life,https://www.sportinglife.com/greyhounds/racecards/2026-09-07/sunderland/racecard/515386
2026-09-07,Sunderland,16:59,3,Neon Whisper,515386,Sporting Life,https://www.sportinglife.com/greyhounds/racecards/2026-09-07/sunderland/racecard/515386
2026-09-07,Sunderland,16:59,4,Kilmaloo Stilly,515386,Sporting Life,https://www.sportinglife.com/greyhounds/racecards/2026-09-07/sunderland/racecard/515386
2026-09-07,Sunderland,16:59,5,Ravens Girl,515386,Sporting Life,https://www.sportinglife.com/greyhounds/racecards/2026-09-07/sunderland/racecard/515386
2026-09-07,Sunderland,17:18,1,Easy Caoimhe,515387,Sporting Life,https://www.sportinglife.com/greyhounds/racecards/2026-09-07/sunderland/racecard/515387
2026-09-07,Sunderland,17:18,2,Laurens Queen,515387,Sporting Life,https://www.sportinglife.com/greyhounds/racecards/2026-09-07/sunderland/racecard/515387
2026-09-07,Sunderland,17:18,3,Obsessed,515387,Sporting Life,https://www.sportinglife.com/greyhounds/racecards/2026-09-07/sunderland/racecard/515387
2026-09-07,Sunderland,17:18,4,Easy Act,515387,Sporting Life,https://www.sportinglife.com/greyhounds/racecards/2026-09-07/sunderland/racecard/515387
2026-09-07,Sunderland,17:18,5,Watermill Aurora,515387,Sporting Life,https://www.sportinglife.com/greyhounds/racecards/2026-09-07/sunderland/racecard/515387
2026-09-07,Sunderland,17:37,1,Marwood Raven,515388,Sporting Life,https://www.sportinglife.com/greyhounds/racecards/2026-09-07/sunderland/racecard/515388
2026-09-07,Sunderland,17:37,2,Linton Ralph,515388,Sporting Life,https://www.sportinglife.com/greyhounds/racecards/2026-09-07/sunderland/racecard/515388
2026-09-07,Sunderland,17:37,3,Hollyhill Hunter,515388,Sporting Life,https://www.sportinglife.com/greyhounds/racecards/2026-09-07/sunderland/racecard/515388
2026-09-07,Sunderland,17:37,4,Cowardly John,515388,Sporting Life,https://www.sportinglife.com/greyhounds/racecards/2026-09-07/sunderland/racecard/515388
2026-09-07,Sunderland,17:37,5,Hollyhill Rose,515388,Sporting Life,https://www.sportinglife.com/greyhounds/racecards/2026-09-07/sunderland/racecard/515388
2026-09-07,Sunderland,17:56,1,Lurriga Darla,515389,Sporting Life,https://www.sportinglife.com/greyhounds/racecards/2026-09-07/sunderland/racecard/515389
2026-09-07,Sunderland,17:56,2,Ballintemple Fog,515389,Sporting Life,https://www.sportinglife.com/greyhounds/racecards/2026-09-07/sunderland/racecard/515389
2026-09-07,Sunderland,17:56,3,Allowdale Bono,515389,Sporting Life,https://www.sportinglife.com/greyhounds/racecards/2026-09-07/sunderland/racecard/515389
2026-09-07,Sunderland,17:56,4,Boozed Jasmin,515389,Sporting Life,https://www.sportinglife.com/greyhounds/racecards/2026-09-07/sunderland/racecard/515389
2026-09-07,Sunderland,17:56,5,Swift Sandcastle,515389,Sporting Life,https://www.sportinglife.com/greyhounds/racecards/2026-09-07/sunderland/racecard/515389
2026-09-07,Sunderland,17:56,6,Belle Midnight,515389,Sporting Life,https://www.sportinglife.com/greyhounds/racecards/2026-09-07/sunderland/racecard/515389
2026-09-07,Towcester,18:08,1,Kilcannon Jet,515390,Sporting Life,https://www.sportinglife.com/greyhounds/racecards/2026-09-07/towcester/racecard/515390
2026-09-07,Towcester,18:08,2,Bambis Daisy,515390,Sporting Life,https://www.sportinglife.com/greyhounds/racecards/2026-09-07/towcester/racecard/515390
2026-09-07,Towcester,18:08,3,Salacres Showman,515390,Sporting Life,https://www.sportinglife.com/greyhounds/racecards/2026-09-07/towcester/racecard/515390
2026-09-07,Towcester,18:08,4,Tyne View,515390,Sporting Life,https://www.sportinglife.com/greyhounds/racecards/2026-09-07/towcester/racecard/515390
2026-09-07,Towcester,18:08,5,Plaza Kathleen,515390,Sporting Life,https://www.sportinglife.com/greyhounds/racecards/2026-09-07/towcester/racecard/515390
2026-09-07,Towcester,18:08,6,Foulkscourtstorm,515390,Sporting Life,https://www.sportinglife.com/greyhounds/racecards/2026-09-07/towcester/racecard/515390
2026-09-07,Towcester,18:26,1,Hitthelids Marco,515391,Sporting Life,https://www.sportinglife.com/greyhounds/racecards/2026-09-07/towcester/racecard/515391
2026-09-07,Towcester,18:26,2,Melbury Meteor,515391,Sporting Life,https://www.sportinglife.com/greyhounds/racecards/2026-09-07/towcester/racecard/515391
2026-09-07,Towcester,18:26,3,Choices Cara,515391,Sporting Life,https://www.sportinglife.com/greyhounds/racecards/2026-09-07/towcester/racecard/515391
2026-09-07,Towcester,18:26,4,Topper Shea,515391,Sporting Life,https://www.sportinglife.com/greyhounds/racecards/2026-09-07/towcester/racecard/515391
2026-09-07,Towcester,18:26,5,Antigua Burn,515391,Sporting Life,https://www.sportinglife.com/greyhounds/racecards/2026-09-07/towcester/racecard/515391
2026-09-07,Towcester,18:26,6,Essex Abbie,515391,Sporting Life,https://www.sportinglife.com/greyhounds/racecards/2026-09-07/towcester/racecard/515391
2026-09-07,Towcester,18:42,1,Makeit Valentino,515392,Sporting Life,https://www.sportinglife.com/greyhounds/racecards/2026-09-07/towcester/racecard/515392
2026-09-07,Towcester,18:42,2,Swift Flourish,515392,Sporting Life,https://www.sportinglife.com/greyhounds/racecards/2026-09-07/towcester/racecard/515392
2026-09-07,Towcester,18:42,3,Outback Outlaw,515392,Sporting Life,https://www.sportinglife.com/greyhounds/racecards/2026-09-07/towcester/racecard/515392
2026-09-07,Towcester,18:42,5,Unknown Fever,515392,Sporting Life,https://www.sportinglife.com/greyhounds/racecards/2026-09-07/towcester/racecard/515392
2026-09-07,Towcester,18:42,6,Cragbrien Fire,515392,Sporting Life,https://www.sportinglife.com/greyhounds/racecards/2026-09-07/towcester/racecard/515392
2026-09-07,Towcester,18:59,1,Twominutes Ellie,515393,Sporting Life,https://www.sportinglife.com/greyhounds/racecards/2026-09-07/towcester/racecard/515393
2026-09-07,Towcester,18:59,2,Barnagrane Kid,515393,Sporting Life,https://www.sportinglife.com/greyhounds/racecards/2026-09-07/towcester/racecard/515393
2026-09-07,Towcester,18:59,3,Salacres Smiler,515393,Sporting Life,https://www.sportinglife.com/greyhounds/racecards/2026-09-07/towcester/racecard/515393
2026-09-07,Towcester,18:59,4,Unknown Biker,515393,Sporting Life,https://www.sportinglife.com/greyhounds/racecards/2026-09-07/towcester/racecard/515393
2026-09-07,Towcester,18:59,5,Moredramakirstie,515393,Sporting Life,https://www.sportinglife.com/greyhounds/racecards/2026-09-07/towcester/racecard/515393
2026-09-07,Towcester,18:59,6,Salacres Paige,515393,Sporting Life,https://www.sportinglife.com/greyhounds/racecards/2026-09-07/towcester/racecard/515393
2026-09-07,Towcester,19:16,1,Sals Simba,515394,Sporting Life,https://www.sportinglife.com/greyhounds/racecards/2026-09-07/towcester/racecard/515394
2026-09-07,Towcester,19:16,2,Stratton Girl,515394,Sporting Life,https://www.sportinglife.com/greyhounds/racecards/2026-09-07/towcester/racecard/515394
2026-09-07,Towcester,19:16,3,Mischievouskelly,515394,Sporting Life,https://www.sportinglife.com/greyhounds/racecards/2026-09-07/towcester/racecard/515394
2026-09-07,Towcester,19:16,4,Salacres Ann,515394,Sporting Life,https://www.sportinglife.com/greyhounds/racecards/2026-09-07/towcester/racecard/515394
2026-09-07,Towcester,19:16,5,Arrigle Blue,515394,Sporting Life,https://www.sportinglife.com/greyhounds/racecards/2026-09-07/towcester/racecard/515394
2026-09-07,Towcester,19:16,6,Dublin Jimmy,515394,Sporting Life,https://www.sportinglife.com/greyhounds/racecards/2026-09-07/towcester/racecard/515394
2026-09-07,Towcester,19:33,1,Romeo Go West,515395,Sporting Life,https://www.sportinglife.com/greyhounds/racecards/2026-09-07/towcester/racecard/515395
2026-09-07,Towcester,19:33,2,Maglass Rambler,515395,Sporting Life,https://www.sportinglife.com/greyhounds/racecards/2026-09-07/towcester/racecard/515395
2026-09-07,Towcester,19:33,3,Miss Newbury,515395,Sporting Life,https://www.sportinglife.com/greyhounds/racecards/2026-09-07/towcester/racecard/515395
2026-09-07,Towcester,19:33,4,Four Assassins,515395,Sporting Life,https://www.sportinglife.com/greyhounds/racecards/2026-09-07/towcester/racecard/515395
2026-09-07,Towcester,19:33,5,Salacres Jojo,515395,Sporting Life,https://www.sportinglife.com/greyhounds/racecards/2026-09-07/towcester/racecard/515395
2026-09-07,Towcester,19:49,1,Wraysbury Band,515396,Sporting Life,https://www.sportinglife.com/greyhounds/racecards/2026-09-07/towcester/racecard/515396
2026-09-07,Towcester,19:49,2,Johnie Oh,515396,Sporting Life,https://www.sportinglife.com/greyhounds/racecards/2026-09-07/towcester/racecard/515396
2026-09-07,Towcester,19:49,3,Salacres Nando,515396,Sporting Life,https://www.sportinglife.com/greyhounds/racecards/2026-09-07/towcester/racecard/515396
2026-09-07,Towcester,19:49,4,Makeit Shakira,515396,Sporting Life,https://www.sportinglife.com/greyhounds/racecards/2026-09-07/towcester/racecard/515396
2026-09-07,Towcester,19:49,5,Unknown Allie,515396,Sporting Life,https://www.sportinglife.com/greyhounds/racecards/2026-09-07/towcester/racecard/515396
2026-09-07,Towcester,20:07,1,Salacres Tipster,515397,Sporting Life,https://www.sportinglife.com/greyhounds/racecards/2026-09-07/towcester/racecard/515397
2026-09-07,Towcester,20:07,2,Ballyclearylinks,515397,Sporting Life,https://www.sportinglife.com/greyhounds/racecards/2026-09-07/towcester/racecard/515397
2026-09-07,Towcester,20:07,3,Dunbolg Grove,515397,Sporting Life,https://www.sportinglife.com/greyhounds/racecards/2026-09-07/towcester/racecard/515397
2026-09-07,Towcester,20:07,4,Salacres Prodigy,515397,Sporting Life,https://www.sportinglife.com/greyhounds/racecards/2026-09-07/towcester/racecard/515397
2026-09-07,Towcester,20:07,6,Be More Ruthless,515397,Sporting Life,https://www.sportinglife.com/greyhounds/racecards/2026-09-07/towcester/racecard/515397
2026-09-07,Towcester,20:24,1,Monroe Bess,515398,Sporting Life,https://www.sportinglife.com/greyhounds/racecards/2026-09-07/towcester/racecard/515398
2026-09-07,Towcester,20:24,2,Baggios Haze,515398,Sporting Life,https://www.sportinglife.com/greyhounds/racecards/2026-09-07/towcester/racecard/515398
2026-09-07,Towcester,20:24,3,Choices Range,515398,Sporting Life,https://www.sportinglife.com/greyhounds/racecards/2026-09-07/towcester/racecard/515398
2026-09-07,Towcester,20:24,5,Carlow Town,515398,Sporting Life,https://www.sportinglife.com/greyhounds/racecards/2026-09-07/towcester/racecard/515398
2026-09-07,Towcester,20:24,6,Trapstyle Henrik,515398,Sporting Life,https://www.sportinglife.com/greyhounds/racecards/2026-09-07/towcester/racecard/515398
2026-09-07,Towcester,20:41,1,Hitthelids Mateo,515399,Sporting Life,https://www.sportinglife.com/greyhounds/racecards/2026-09-07/towcester/racecard/515399
2026-09-07,Towcester,20:41,2,Freyas Lula,515399,Sporting Life,https://www.sportinglife.com/greyhounds/racecards/2026-09-07/towcester/racecard/515399
2026-09-07,Towcester,20:41,3,Vinies Pet,515399,Sporting Life,https://www.sportinglife.com/greyhounds/racecards/2026-09-07/towcester/racecard/515399
2026-09-07,Towcester,20:41,4,Choices Mile,515399,Sporting Life,https://www.sportinglife.com/greyhounds/racecards/2026-09-07/towcester/racecard/515399
2026-09-07,Towcester,20:41,5,Deerland Flyer,515399,Sporting Life,https://www.sportinglife.com/greyhounds/racecards/2026-09-07/towcester/racecard/515399
2026-09-07,Towcester,20:41,6,Swift Year Long,515399,Sporting Life,https://www.sportinglife.com/greyhounds/racecards/2026-09-07/towcester/racecard/515399
2026-09-07,Towcester,20:59,1,Salacres Frankie,515400,Sporting Life,https://www.sportinglife.com/greyhounds/racecards/2026-09-07/towcester/racecard/515400
2026-09-07,Towcester,20:59,2,Salacres Pip,515400,Sporting Life,https://www.sportinglife.com/greyhounds/racecards/2026-09-07/towcester/racecard/515400
2026-09-07,Towcester,20:59,3,Salacres Sahara,515400,Sporting Life,https://www.sportinglife.com/greyhounds/racecards/2026-09-07/towcester/racecard/515400
2026-09-07,Towcester,20:59,4,Freeway Dotty,515400,Sporting Life,https://www.sportinglife.com/greyhounds/racecards/2026-09-07/towcester/racecard/515400
2026-09-07,Towcester,20:59,5,Antigua Bubble,515400,Sporting Life,https://www.sportinglife.com/greyhounds/racecards/2026-09-07/towcester/racecard/515400
2026-09-07,Towcester,20:59,6,Fifis Lad,515400,Sporting Life,https://www.sportinglife.com/greyhounds/racecards/2026-09-07/towcester/racecard/515400
2026-09-07,Towcester,21:16,1,Da Fox,515401,Sporting Life,https://www.sportinglife.com/greyhounds/racecards/2026-09-07/towcester/racecard/515401
2026-09-07,Towcester,21:16,2,Ollys Jill,515401,Sporting Life,https://www.sportinglife.com/greyhounds/racecards/2026-09-07/towcester/racecard/515401
2026-09-07,Towcester,21:16,3,Trapstyle Joy,515401,Sporting Life,https://www.sportinglife.com/greyhounds/racecards/2026-09-07/towcester/racecard/515401
2026-09-07,Towcester,21:16,4,Choices Peridot,515401,Sporting Life,https://www.sportinglife.com/greyhounds/racecards/2026-09-07/towcester/racecard/515401
2026-09-07,Towcester,21:16,5,Charter Billy,515401,Sporting Life,https://www.sportinglife.com/greyhounds/racecards/2026-09-07/towcester/racecard/515401
2026-09-07,Towcester,21:16,6,Rowington Ruse,515401,Sporting Life,https://www.sportinglife.com/greyhounds/racecards/2026-09-07/towcester/racecard/515401
2026-09-07,Yarmouth,18:14,1,Jinksy Lass,515306,Sporting Life,https://www.sportinglife.com/greyhounds/racecards/2026-09-07/yarmouth/racecard/515306
2026-09-07,Yarmouth,18:14,2,Rathorpe Ogie,515306,Sporting Life,https://www.sportinglife.com/greyhounds/racecards/2026-09-07/yarmouth/racecard/515306
2026-09-07,Yarmouth,18:14,3,Cascade Hela,515306,Sporting Life,https://www.sportinglife.com/greyhounds/racecards/2026-09-07/yarmouth/racecard/515306
2026-09-07,Yarmouth,18:14,4,Savana Magique,515306,Sporting Life,https://www.sportinglife.com/greyhounds/racecards/2026-09-07/yarmouth/racecard/515306
2026-09-07,Yarmouth,18:14,5,Highview Laura,515306,Sporting Life,https://www.sportinglife.com/greyhounds/racecards/2026-09-07/yarmouth/racecard/515306
2026-09-07,Yarmouth,18:31,1,Bird About Town,515307,Sporting Life,https://www.sportinglife.com/greyhounds/racecards/2026-09-07/yarmouth/racecard/515307
2026-09-07,Yarmouth,18:31,2,Savana Robbie,515307,Sporting Life,https://www.sportinglife.com/greyhounds/racecards/2026-09-07/yarmouth/racecard/515307
2026-09-07,Yarmouth,18:31,3,Essjay Ben,515307,Sporting Life,https://www.sportinglife.com/greyhounds/racecards/2026-09-07/yarmouth/racecard/515307
2026-09-07,Yarmouth,18:31,4,Worth The Risk,515307,Sporting Life,https://www.sportinglife.com/greyhounds/racecards/2026-09-07/yarmouth/racecard/515307
2026-09-07,Yarmouth,18:31,5,Easy Liberty,515307,Sporting Life,https://www.sportinglife.com/greyhounds/racecards/2026-09-07/yarmouth/racecard/515307
2026-09-07,Yarmouth,18:48,1,Harlequin Gambit,515308,Sporting Life,https://www.sportinglife.com/greyhounds/racecards/2026-09-07/yarmouth/racecard/515308
2026-09-07,Yarmouth,18:48,2,Blackrose Tina,515308,Sporting Life,https://www.sportinglife.com/greyhounds/racecards/2026-09-07/yarmouth/racecard/515308
2026-09-07,Yarmouth,18:48,3,Murrow Krakatoa,515308,Sporting Life,https://www.sportinglife.com/greyhounds/racecards/2026-09-07/yarmouth/racecard/515308
2026-09-07,Yarmouth,18:48,4,Bodell Bucks,515308,Sporting Life,https://www.sportinglife.com/greyhounds/racecards/2026-09-07/yarmouth/racecard/515308
2026-09-07,Yarmouth,18:48,6,Saleen Ace,515308,Sporting Life,https://www.sportinglife.com/greyhounds/racecards/2026-09-07/yarmouth/racecard/515308
2026-09-07,Yarmouth,19:06,1,Savana Cosmic,515309,Sporting Life,https://www.sportinglife.com/greyhounds/racecards/2026-09-07/yarmouth/racecard/515309
2026-09-07,Yarmouth,19:06,2,Gundy,515309,Sporting Life,https://www.sportinglife.com/greyhounds/racecards/2026-09-07/yarmouth/racecard/515309
2026-09-07,Yarmouth,19:06,3,Fashionably Late,515309,Sporting Life,https://www.sportinglife.com/greyhounds/racecards/2026-09-07/yarmouth/racecard/515309
2026-09-07,Yarmouth,19:06,4,Venom Storm,515309,Sporting Life,https://www.sportinglife.com/greyhounds/racecards/2026-09-07/yarmouth/racecard/515309
2026-09-07,Yarmouth,19:06,5,Cryptography,515309,Sporting Life,https://www.sportinglife.com/greyhounds/racecards/2026-09-07/yarmouth/racecard/515309
2026-09-07,Yarmouth,19:22,1,Farneys Links,515310,Sporting Life,https://www.sportinglife.com/greyhounds/racecards/2026-09-07/yarmouth/racecard/515310
2026-09-07,Yarmouth,19:22,2,Olwinn Again,515310,Sporting Life,https://www.sportinglife.com/greyhounds/racecards/2026-09-07/yarmouth/racecard/515310
2026-09-07,Yarmouth,19:22,3,Ardagio,515310,Sporting Life,https://www.sportinglife.com/greyhounds/racecards/2026-09-07/yarmouth/racecard/515310
2026-09-07,Yarmouth,19:22,4,Savana Tango,515310,Sporting Life,https://www.sportinglife.com/greyhounds/racecards/2026-09-07/yarmouth/racecard/515310
2026-09-07,Yarmouth,19:22,5,Savana Buzz,515310,Sporting Life,https://www.sportinglife.com/greyhounds/racecards/2026-09-07/yarmouth/racecard/515310
2026-09-07,Yarmouth,19:39,1,Rapido Auz,515311,Sporting Life,https://www.sportinglife.com/greyhounds/racecards/2026-09-07/yarmouth/racecard/515311
2026-09-07,Yarmouth,19:39,2,Browns Swifties,515311,Sporting Life,https://www.sportinglife.com/greyhounds/racecards/2026-09-07/yarmouth/racecard/515311
2026-09-07,Yarmouth,19:39,3,My Jack Silver,515311,Sporting Life,https://www.sportinglife.com/greyhounds/racecards/2026-09-07/yarmouth/racecard/515311
2026-09-07,Yarmouth,19:39,4,Emers Honeybee,515311,Sporting Life,https://www.sportinglife.com/greyhounds/racecards/2026-09-07/yarmouth/racecard/515311
2026-09-07,Yarmouth,19:39,5,Oscar,515311,Sporting Life,https://www.sportinglife.com/greyhounds/racecards/2026-09-07/yarmouth/racecard/515311
2026-09-07,Yarmouth,19:56,1,Isthatmyfella,515312,Sporting Life,https://www.sportinglife.com/greyhounds/racecards/2026-09-07/yarmouth/racecard/515312
2026-09-07,Yarmouth,19:56,2,Hes Dynamite,515312,Sporting Life,https://www.sportinglife.com/greyhounds/racecards/2026-09-07/yarmouth/racecard/515312
2026-09-07,Yarmouth,19:56,3,Strideaway Gra,515312,Sporting Life,https://www.sportinglife.com/greyhounds/racecards/2026-09-07/yarmouth/racecard/515312
2026-09-07,Yarmouth,19:56,4,Jenesaisquoi,515312,Sporting Life,https://www.sportinglife.com/greyhounds/racecards/2026-09-07/yarmouth/racecard/515312
2026-09-07,Yarmouth,19:56,5,Bonzer Bono,515312,Sporting Life,https://www.sportinglife.com/greyhounds/racecards/2026-09-07/yarmouth/racecard/515312
2026-09-07,Yarmouth,20:13,1,I Feel Fine,515313,Sporting Life,https://www.sportinglife.com/greyhounds/racecards/2026-09-07/yarmouth/racecard/515313
2026-09-07,Yarmouth,20:13,2,Aurelia Geegee,515313,Sporting Life,https://www.sportinglife.com/greyhounds/racecards/2026-09-07/yarmouth/racecard/515313
2026-09-07,Yarmouth,20:13,3,Bobsleigh Shark,515313,Sporting Life,https://www.sportinglife.com/greyhounds/racecards/2026-09-07/yarmouth/racecard/515313
2026-09-07,Yarmouth,20:13,5,Savana Macey,515313,Sporting Life,https://www.sportinglife.com/greyhounds/racecards/2026-09-07/yarmouth/racecard/515313
2026-09-07,Yarmouth,20:13,6,Browns Bruce,515313,Sporting Life,https://www.sportinglife.com/greyhounds/racecards/2026-09-07/yarmouth/racecard/515313
2026-09-07,Yarmouth,20:31,1,Galinism,515314,Sporting Life,https://www.sportinglife.com/greyhounds/racecards/2026-09-07/yarmouth/racecard/515314
2026-09-07,Yarmouth,20:31,2,Redzer Rua,515314,Sporting Life,https://www.sportinglife.com/greyhounds/racecards/2026-09-07/yarmouth/racecard/515314
2026-09-07,Yarmouth,20:31,3,Harlequin Brinn,515314,Sporting Life,https://www.sportinglife.com/greyhounds/racecards/2026-09-07/yarmouth/racecard/515314
2026-09-07,Yarmouth,20:31,4,Fastnet Ranger,515314,Sporting Life,https://www.sportinglife.com/greyhounds/racecards/2026-09-07/yarmouth/racecard/515314
2026-09-07,Yarmouth,20:31,5,Epic Fire,515314,Sporting Life,https://www.sportinglife.com/greyhounds/racecards/2026-09-07/yarmouth/racecard/515314
2026-09-07,Yarmouth,20:47,1,Mystical Luke,515315,Sporting Life,https://www.sportinglife.com/greyhounds/racecards/2026-09-07/yarmouth/racecard/515315
2026-09-07,Yarmouth,20:47,2,Clononeen Ana,515315,Sporting Life,https://www.sportinglife.com/greyhounds/racecards/2026-09-07/yarmouth/racecard/515315
2026-09-07,Yarmouth,20:47,3,Magical Wolf,515315,Sporting Life,https://www.sportinglife.com/greyhounds/racecards/2026-09-07/yarmouth/racecard/515315
2026-09-07,Yarmouth,20:47,4,Kilara Rolex,515315,Sporting Life,https://www.sportinglife.com/greyhounds/racecards/2026-09-07/yarmouth/racecard/515315
2026-09-07,Yarmouth,20:47,6,Ballycowen Alfie,515315,Sporting Life,https://www.sportinglife.com/greyhounds/racecards/2026-09-07/yarmouth/racecard/515315
2026-09-07,Yarmouth,21:04,1,Blackrosepopcorn,515316,Sporting Life,https://www.sportinglife.com/greyhounds/racecards/2026-09-07/yarmouth/racecard/515316
2026-09-07,Yarmouth,21:04,2,Oldtrafford Girl,515316,Sporting Life,https://www.sportinglife.com/greyhounds/racecards/2026-09-07/yarmouth/racecard/515316
2026-09-07,Yarmouth,21:04,3,Assarula Judy,515316,Sporting Life,https://www.sportinglife.com/greyhounds/racecards/2026-09-07/yarmouth/racecard/515316
2026-09-07,Yarmouth,21:04,4,Mallogs Freddie,515316,Sporting Life,https://www.sportinglife.com/greyhounds/racecards/2026-09-07/yarmouth/racecard/515316
2026-09-07,Yarmouth,21:04,6,Value Added,515316,Sporting Life,https://www.sportinglife.com/greyhounds/racecards/2026-09-07/yarmouth/racecard/515316
2026-09-07,Yarmouth,21:23,1,Zoo Da Man,515317,Sporting Life,https://www.sportinglife.com/greyhounds/racecards/2026-09-07/yarmouth/racecard/515317
2026-09-07,Yarmouth,21:23,2,Razldazl Minty,515317,Sporting Life,https://www.sportinglife.com/greyhounds/racecards/2026-09-07/yarmouth/racecard/515317
2026-09-07,Yarmouth,21:23,3,Razzamatazz,515317,Sporting Life,https://www.sportinglife.com/greyhounds/racecards/2026-09-07/yarmouth/racecard/515317
2026-09-07,Yarmouth,21:23,4,Newinn Dancer,515317,Sporting Life,https://www.sportinglife.com/greyhounds/racecards/2026-09-07/yarmouth/racecard/515317
2026-09-07,Yarmouth,21:23,6,Melbury Loki,515317,Sporting Life,https://www.sportinglife.com/greyhounds/racecards/2026-09-07/yarmouth/racecard/515317
