date,track,race_time,runner_number,dog_name,race_id,source,race_url
2026-08-19,Doncaster,14:33,1,Droopys Trendy,512879,Sporting Life,https://www.sportinglife.com/greyhounds/racecards/2026-08-19/doncaster/racecard/512879
2026-08-19,Doncaster,14:33,2,Water Diviner,512879,Sporting Life,https://www.sportinglife.com/greyhounds/racecards/2026-08-19/doncaster/racecard/512879
2026-08-19,Doncaster,14:33,3,Abigail Surprise,512879,Sporting Life,https://www.sportinglife.com/greyhounds/racecards/2026-08-19/doncaster/racecard/512879
2026-08-19,Doncaster,14:33,4,Zari Hunter,512879,Sporting Life,https://www.sportinglife.com/greyhounds/racecards/2026-08-19/doncaster/racecard/512879
2026-08-19,Doncaster,14:33,6,Footfield Nala,512879,Sporting Life,https://www.sportinglife.com/greyhounds/racecards/2026-08-19/doncaster/racecard/512879
2026-08-19,Doncaster,14:52,1,Mia Jezabelle,512880,Sporting Life,https://www.sportinglife.com/greyhounds/racecards/2026-08-19/doncaster/racecard/512880
2026-08-19,Doncaster,14:52,2,Dellser Paidi,512880,Sporting Life,https://www.sportinglife.com/greyhounds/racecards/2026-08-19/doncaster/racecard/512880
2026-08-19,Doncaster,14:52,3,Barmoney Magic,512880,Sporting Life,https://www.sportinglife.com/greyhounds/racecards/2026-08-19/doncaster/racecard/512880
2026-08-19,Doncaster,14:52,4,Two Headcases,512880,Sporting Life,https://www.sportinglife.com/greyhounds/racecards/2026-08-19/doncaster/racecard/512880
2026-08-19,Doncaster,14:52,6,Skytrain,512880,Sporting Life,https://www.sportinglife.com/greyhounds/racecards/2026-08-19/doncaster/racecard/512880
2026-08-19,Doncaster,15:11,1,Grouchos Gail,512881,Sporting Life,https://www.sportinglife.com/greyhounds/racecards/2026-08-19/doncaster/racecard/512881
2026-08-19,Doncaster,15:11,2,Rapido Ramona,512881,Sporting Life,https://www.sportinglife.com/greyhounds/racecards/2026-08-19/doncaster/racecard/512881
2026-08-19,Doncaster,15:11,3,Devon Lucky,512881,Sporting Life,https://www.sportinglife.com/greyhounds/racecards/2026-08-19/doncaster/racecard/512881
2026-08-19,Doncaster,15:11,4,Avongate Queen,512881,Sporting Life,https://www.sportinglife.com/greyhounds/racecards/2026-08-19/doncaster/racecard/512881
2026-08-19,Doncaster,15:11,5,Flosses Rolex,512881,Sporting Life,https://www.sportinglife.com/greyhounds/racecards/2026-08-19/doncaster/racecard/512881
2026-08-19,Doncaster,15:11,6,Savana Brendo,512881,Sporting Life,https://www.sportinglife.com/greyhounds/racecards/2026-08-19/doncaster/racecard/512881
2026-08-19,Doncaster,15:29,1,Glens Lucky Dip,512882,Sporting Life,https://www.sportinglife.com/greyhounds/racecards/2026-08-19/doncaster/racecard/512882
2026-08-19,Doncaster,15:29,2,Dollar Jezabelle,512882,Sporting Life,https://www.sportinglife.com/greyhounds/racecards/2026-08-19/doncaster/racecard/512882
2026-08-19,Doncaster,15:29,3,Savana Trike,512882,Sporting Life,https://www.sportinglife.com/greyhounds/racecards/2026-08-19/doncaster/racecard/512882
2026-08-19,Doncaster,15:29,4,Creative Way,512882,Sporting Life,https://www.sportinglife.com/greyhounds/racecards/2026-08-19/doncaster/racecard/512882
2026-08-19,Doncaster,15:29,5,Diegos Talavara,512882,Sporting Life,https://www.sportinglife.com/greyhounds/racecards/2026-08-19/doncaster/racecard/512882
2026-08-19,Doncaster,15:49,1,Manx Saskia,512883,Sporting Life,https://www.sportinglife.com/greyhounds/racecards/2026-08-19/doncaster/racecard/512883
2026-08-19,Doncaster,15:49,2,Cockneys Zeus,512883,Sporting Life,https://www.sportinglife.com/greyhounds/racecards/2026-08-19/doncaster/racecard/512883
2026-08-19,Doncaster,15:49,3,Panaroma,512883,Sporting Life,https://www.sportinglife.com/greyhounds/racecards/2026-08-19/doncaster/racecard/512883
2026-08-19,Doncaster,15:49,4,Zero To Hero,512883,Sporting Life,https://www.sportinglife.com/greyhounds/racecards/2026-08-19/doncaster/racecard/512883
2026-08-19,Doncaster,15:49,5,Glitter Ronnie,512883,Sporting Life,https://www.sportinglife.com/greyhounds/racecards/2026-08-19/doncaster/racecard/512883
2026-08-19,Doncaster,15:49,6,Easy Stump,512883,Sporting Life,https://www.sportinglife.com/greyhounds/racecards/2026-08-19/doncaster/racecard/512883
2026-08-19,Doncaster,16:07,1,Odins Prince,512884,Sporting Life,https://www.sportinglife.com/greyhounds/racecards/2026-08-19/doncaster/racecard/512884
2026-08-19,Doncaster,16:07,2,Ferryforth Axel,512884,Sporting Life,https://www.sportinglife.com/greyhounds/racecards/2026-08-19/doncaster/racecard/512884
2026-08-19,Doncaster,16:07,3,Franco Eve,512884,Sporting Life,https://www.sportinglife.com/greyhounds/racecards/2026-08-19/doncaster/racecard/512884
2026-08-19,Doncaster,16:07,4,Keady Storm,512884,Sporting Life,https://www.sportinglife.com/greyhounds/racecards/2026-08-19/doncaster/racecard/512884
2026-08-19,Doncaster,16:07,5,Keady Cashout,512884,Sporting Life,https://www.sportinglife.com/greyhounds/racecards/2026-08-19/doncaster/racecard/512884
2026-08-19,Doncaster,16:26,1,Savana Sandy,512885,Sporting Life,https://www.sportinglife.com/greyhounds/racecards/2026-08-19/doncaster/racecard/512885
2026-08-19,Doncaster,16:26,2,Skilled Warrior,512885,Sporting Life,https://www.sportinglife.com/greyhounds/racecards/2026-08-19/doncaster/racecard/512885
2026-08-19,Doncaster,16:26,3,Ballymac Nellie,512885,Sporting Life,https://www.sportinglife.com/greyhounds/racecards/2026-08-19/doncaster/racecard/512885
2026-08-19,Doncaster,16:26,4,Amazing Emperor,512885,Sporting Life,https://www.sportinglife.com/greyhounds/racecards/2026-08-19/doncaster/racecard/512885
2026-08-19,Doncaster,16:26,6,Gordons Bennett,512885,Sporting Life,https://www.sportinglife.com/greyhounds/racecards/2026-08-19/doncaster/racecard/512885
2026-08-19,Doncaster,16:44,1,Lizzy Jezabelle,512886,Sporting Life,https://www.sportinglife.com/greyhounds/racecards/2026-08-19/doncaster/racecard/512886
2026-08-19,Doncaster,16:44,3,Easy Guy,512886,Sporting Life,https://www.sportinglife.com/greyhounds/racecards/2026-08-19/doncaster/racecard/512886
2026-08-19,Doncaster,16:44,4,Easy Chloe,512886,Sporting Life,https://www.sportinglife.com/greyhounds/racecards/2026-08-19/doncaster/racecard/512886
2026-08-19,Doncaster,16:44,5,Glitter Cooky,512886,Sporting Life,https://www.sportinglife.com/greyhounds/racecards/2026-08-19/doncaster/racecard/512886
2026-08-19,Doncaster,16:44,6,Cockney King Kev,512886,Sporting Life,https://www.sportinglife.com/greyhounds/racecards/2026-08-19/doncaster/racecard/512886
2026-08-19,Dunstall Park,18:08,1,Flyhigh Sienna,512797,Sporting Life,https://www.sportinglife.com/greyhounds/racecards/2026-08-19/dunstall-park/racecard/512797
2026-08-19,Dunstall Park,18:08,2,Ivys Violet,512797,Sporting Life,https://www.sportinglife.com/greyhounds/racecards/2026-08-19/dunstall-park/racecard/512797
2026-08-19,Dunstall Park,18:08,3,Mickys Choice,512797,Sporting Life,https://www.sportinglife.com/greyhounds/racecards/2026-08-19/dunstall-park/racecard/512797
2026-08-19,Dunstall Park,18:08,4,Slow Joe,512797,Sporting Life,https://www.sportinglife.com/greyhounds/racecards/2026-08-19/dunstall-park/racecard/512797
2026-08-19,Dunstall Park,18:08,5,Ivys Hope,512797,Sporting Life,https://www.sportinglife.com/greyhounds/racecards/2026-08-19/dunstall-park/racecard/512797
2026-08-19,Dunstall Park,18:08,6,Berniethebaliff,512797,Sporting Life,https://www.sportinglife.com/greyhounds/racecards/2026-08-19/dunstall-park/racecard/512797
2026-08-19,Dunstall Park,18:26,1,Cockney Marvel,512798,Sporting Life,https://www.sportinglife.com/greyhounds/racecards/2026-08-19/dunstall-park/racecard/512798
2026-08-19,Dunstall Park,18:26,2,Ivy Hill Archie,512798,Sporting Life,https://www.sportinglife.com/greyhounds/racecards/2026-08-19/dunstall-park/racecard/512798
2026-08-19,Dunstall Park,18:26,3,Wicky Bucko,512798,Sporting Life,https://www.sportinglife.com/greyhounds/racecards/2026-08-19/dunstall-park/racecard/512798
2026-08-19,Dunstall Park,18:26,4,Hello Mate,512798,Sporting Life,https://www.sportinglife.com/greyhounds/racecards/2026-08-19/dunstall-park/racecard/512798
2026-08-19,Dunstall Park,18:26,5,Devilgate Joe,512798,Sporting Life,https://www.sportinglife.com/greyhounds/racecards/2026-08-19/dunstall-park/racecard/512798
2026-08-19,Dunstall Park,18:26,6,Inclementweather,512798,Sporting Life,https://www.sportinglife.com/greyhounds/racecards/2026-08-19/dunstall-park/racecard/512798
2026-08-19,Dunstall Park,18:42,1,Buda Tom,512799,Sporting Life,https://www.sportinglife.com/greyhounds/racecards/2026-08-19/dunstall-park/racecard/512799
2026-08-19,Dunstall Park,18:42,2,Mahoonagh Finn,512799,Sporting Life,https://www.sportinglife.com/greyhounds/racecards/2026-08-19/dunstall-park/racecard/512799
2026-08-19,Dunstall Park,18:42,3,Crokers Bank,512799,Sporting Life,https://www.sportinglife.com/greyhounds/racecards/2026-08-19/dunstall-park/racecard/512799
2026-08-19,Dunstall Park,18:42,4,Paddys Mazda,512799,Sporting Life,https://www.sportinglife.com/greyhounds/racecards/2026-08-19/dunstall-park/racecard/512799
2026-08-19,Dunstall Park,18:42,5,Regent Sky,512799,Sporting Life,https://www.sportinglife.com/greyhounds/racecards/2026-08-19/dunstall-park/racecard/512799
2026-08-19,Dunstall Park,18:42,6,Brosna Dave,512799,Sporting Life,https://www.sportinglife.com/greyhounds/racecards/2026-08-19/dunstall-park/racecard/512799
2026-08-19,Dunstall Park,18:59,1,Burrows Shadow,512800,Sporting Life,https://www.sportinglife.com/greyhounds/racecards/2026-08-19/dunstall-park/racecard/512800
2026-08-19,Dunstall Park,18:59,2,Taffy Gwenllian,512800,Sporting Life,https://www.sportinglife.com/greyhounds/racecards/2026-08-19/dunstall-park/racecard/512800
2026-08-19,Dunstall Park,18:59,3,Scarsdale Sue,512800,Sporting Life,https://www.sportinglife.com/greyhounds/racecards/2026-08-19/dunstall-park/racecard/512800
2026-08-19,Dunstall Park,18:59,4,Taffy Tank,512800,Sporting Life,https://www.sportinglife.com/greyhounds/racecards/2026-08-19/dunstall-park/racecard/512800
2026-08-19,Dunstall Park,18:59,5,Roseville Ella,512800,Sporting Life,https://www.sportinglife.com/greyhounds/racecards/2026-08-19/dunstall-park/racecard/512800
2026-08-19,Dunstall Park,19:16,1,Mollys Melt,512801,Sporting Life,https://www.sportinglife.com/greyhounds/racecards/2026-08-19/dunstall-park/racecard/512801
2026-08-19,Dunstall Park,19:16,2,Keepers Nutty,512801,Sporting Life,https://www.sportinglife.com/greyhounds/racecards/2026-08-19/dunstall-park/racecard/512801
2026-08-19,Dunstall Park,19:16,3,Barnagrane Jan,512801,Sporting Life,https://www.sportinglife.com/greyhounds/racecards/2026-08-19/dunstall-park/racecard/512801
2026-08-19,Dunstall Park,19:16,4,Sharkeys Slough,512801,Sporting Life,https://www.sportinglife.com/greyhounds/racecards/2026-08-19/dunstall-park/racecard/512801
2026-08-19,Dunstall Park,19:16,5,Swift Zaria,512801,Sporting Life,https://www.sportinglife.com/greyhounds/racecards/2026-08-19/dunstall-park/racecard/512801
2026-08-19,Dunstall Park,19:16,6,Barnagrane Ed,512801,Sporting Life,https://www.sportinglife.com/greyhounds/racecards/2026-08-19/dunstall-park/racecard/512801
2026-08-19,Dunstall Park,19:33,1,Porthall Coco,512802,Sporting Life,https://www.sportinglife.com/greyhounds/racecards/2026-08-19/dunstall-park/racecard/512802
2026-08-19,Dunstall Park,19:33,2,Moyar Hill,512802,Sporting Life,https://www.sportinglife.com/greyhounds/racecards/2026-08-19/dunstall-park/racecard/512802
2026-08-19,Dunstall Park,19:33,3,Ballymac Elijah,512802,Sporting Life,https://www.sportinglife.com/greyhounds/racecards/2026-08-19/dunstall-park/racecard/512802
2026-08-19,Dunstall Park,19:33,4,Pennys Mawu,512802,Sporting Life,https://www.sportinglife.com/greyhounds/racecards/2026-08-19/dunstall-park/racecard/512802
2026-08-19,Dunstall Park,19:33,5,Swift Olympia,512802,Sporting Life,https://www.sportinglife.com/greyhounds/racecards/2026-08-19/dunstall-park/racecard/512802
2026-08-19,Dunstall Park,19:33,6,Mid Tipp Goose,512802,Sporting Life,https://www.sportinglife.com/greyhounds/racecards/2026-08-19/dunstall-park/racecard/512802
2026-08-19,Dunstall Park,19:49,1,Flush Seskin,512803,Sporting Life,https://www.sportinglife.com/greyhounds/racecards/2026-08-19/dunstall-park/racecard/512803
2026-08-19,Dunstall Park,19:49,2,Miss Tibbs,512803,Sporting Life,https://www.sportinglife.com/greyhounds/racecards/2026-08-19/dunstall-park/racecard/512803
2026-08-19,Dunstall Park,19:49,3,Basaljett,512803,Sporting Life,https://www.sportinglife.com/greyhounds/racecards/2026-08-19/dunstall-park/racecard/512803
2026-08-19,Dunstall Park,19:49,4,Breezer,512803,Sporting Life,https://www.sportinglife.com/greyhounds/racecards/2026-08-19/dunstall-park/racecard/512803
2026-08-19,Dunstall Park,19:49,5,Mr Gaffney,512803,Sporting Life,https://www.sportinglife.com/greyhounds/racecards/2026-08-19/dunstall-park/racecard/512803
2026-08-19,Dunstall Park,19:49,6,Seomra Ophelia,512803,Sporting Life,https://www.sportinglife.com/greyhounds/racecards/2026-08-19/dunstall-park/racecard/512803
2026-08-19,Dunstall Park,20:07,1,Tantalising Jess,512804,Sporting Life,https://www.sportinglife.com/greyhounds/racecards/2026-08-19/dunstall-park/racecard/512804
2026-08-19,Dunstall Park,20:07,2,Elemjay Lass,512804,Sporting Life,https://www.sportinglife.com/greyhounds/racecards/2026-08-19/dunstall-park/racecard/512804
2026-08-19,Dunstall Park,20:07,3,Swift Ida,512804,Sporting Life,https://www.sportinglife.com/greyhounds/racecards/2026-08-19/dunstall-park/racecard/512804
2026-08-19,Dunstall Park,20:07,4,Shortwood Mint,512804,Sporting Life,https://www.sportinglife.com/greyhounds/racecards/2026-08-19/dunstall-park/racecard/512804
2026-08-19,Dunstall Park,20:07,5,Porthall Island,512804,Sporting Life,https://www.sportinglife.com/greyhounds/racecards/2026-08-19/dunstall-park/racecard/512804
2026-08-19,Dunstall Park,20:07,6,Headford Wizard,512804,Sporting Life,https://www.sportinglife.com/greyhounds/racecards/2026-08-19/dunstall-park/racecard/512804
2026-08-19,Dunstall Park,20:24,1,Oode Lally,512805,Sporting Life,https://www.sportinglife.com/greyhounds/racecards/2026-08-19/dunstall-park/racecard/512805
2026-08-19,Dunstall Park,20:24,2,Distant Pablo,512805,Sporting Life,https://www.sportinglife.com/greyhounds/racecards/2026-08-19/dunstall-park/racecard/512805
2026-08-19,Dunstall Park,20:24,3,Ashtons Bingo,512805,Sporting Life,https://www.sportinglife.com/greyhounds/racecards/2026-08-19/dunstall-park/racecard/512805
2026-08-19,Dunstall Park,20:24,4,Racecourse Pluto,512805,Sporting Life,https://www.sportinglife.com/greyhounds/racecards/2026-08-19/dunstall-park/racecard/512805
2026-08-19,Dunstall Park,20:24,5,Shes Got Style,512805,Sporting Life,https://www.sportinglife.com/greyhounds/racecards/2026-08-19/dunstall-park/racecard/512805
2026-08-19,Dunstall Park,20:24,6,Midget Lee,512805,Sporting Life,https://www.sportinglife.com/greyhounds/racecards/2026-08-19/dunstall-park/racecard/512805
2026-08-19,Dunstall Park,20:41,1,Listen Angie,512806,Sporting Life,https://www.sportinglife.com/greyhounds/racecards/2026-08-19/dunstall-park/racecard/512806
2026-08-19,Dunstall Park,20:41,2,Blazeaway Tee,512806,Sporting Life,https://www.sportinglife.com/greyhounds/racecards/2026-08-19/dunstall-park/racecard/512806
2026-08-19,Dunstall Park,20:41,3,Brosna Wood,512806,Sporting Life,https://www.sportinglife.com/greyhounds/racecards/2026-08-19/dunstall-park/racecard/512806
2026-08-19,Dunstall Park,20:41,4,Crokers Java,512806,Sporting Life,https://www.sportinglife.com/greyhounds/racecards/2026-08-19/dunstall-park/racecard/512806
2026-08-19,Dunstall Park,20:41,5,Swift Elm,512806,Sporting Life,https://www.sportinglife.com/greyhounds/racecards/2026-08-19/dunstall-park/racecard/512806
2026-08-19,Dunstall Park,20:41,6,Rathsilla Gizmo,512806,Sporting Life,https://www.sportinglife.com/greyhounds/racecards/2026-08-19/dunstall-park/racecard/512806
2026-08-19,Dunstall Park,20:59,1,Antigua Lumiere,512807,Sporting Life,https://www.sportinglife.com/greyhounds/racecards/2026-08-19/dunstall-park/racecard/512807
2026-08-19,Dunstall Park,20:59,2,Moyar Princess,512807,Sporting Life,https://www.sportinglife.com/greyhounds/racecards/2026-08-19/dunstall-park/racecard/512807
2026-08-19,Dunstall Park,20:59,3,Moulton Kathleen,512807,Sporting Life,https://www.sportinglife.com/greyhounds/racecards/2026-08-19/dunstall-park/racecard/512807
2026-08-19,Dunstall Park,20:59,4,Drombeg Abby,512807,Sporting Life,https://www.sportinglife.com/greyhounds/racecards/2026-08-19/dunstall-park/racecard/512807
2026-08-19,Dunstall Park,20:59,5,Ashtons Deako,512807,Sporting Life,https://www.sportinglife.com/greyhounds/racecards/2026-08-19/dunstall-park/racecard/512807
2026-08-19,Dunstall Park,20:59,6,Headford Killian,512807,Sporting Life,https://www.sportinglife.com/greyhounds/racecards/2026-08-19/dunstall-park/racecard/512807
2026-08-19,Dunstall Park,21:16,1,Klassical Mia,512808,Sporting Life,https://www.sportinglife.com/greyhounds/racecards/2026-08-19/dunstall-park/racecard/512808
2026-08-19,Dunstall Park,21:16,2,Angels Oakley,512808,Sporting Life,https://www.sportinglife.com/greyhounds/racecards/2026-08-19/dunstall-park/racecard/512808
2026-08-19,Dunstall Park,21:16,3,Edial Tony,512808,Sporting Life,https://www.sportinglife.com/greyhounds/racecards/2026-08-19/dunstall-park/racecard/512808
2026-08-19,Dunstall Park,21:16,4,Ridgedale Zuni,512808,Sporting Life,https://www.sportinglife.com/greyhounds/racecards/2026-08-19/dunstall-park/racecard/512808
2026-08-19,Dunstall Park,21:16,5,Moyar Gossip,512808,Sporting Life,https://www.sportinglife.com/greyhounds/racecards/2026-08-19/dunstall-park/racecard/512808
2026-08-19,Dunstall Park,21:16,6,Swift Waitress,512808,Sporting Life,https://www.sportinglife.com/greyhounds/racecards/2026-08-19/dunstall-park/racecard/512808
2026-08-19,Harlow,10:32,1,Antalya,512832,Sporting Life,https://www.sportinglife.com/greyhounds/racecards/2026-08-19/harlow/racecard/512832
2026-08-19,Harlow,10:32,2,Muinteoir Jane,512832,Sporting Life,https://www.sportinglife.com/greyhounds/racecards/2026-08-19/harlow/racecard/512832
2026-08-19,Harlow,10:32,3,Skinny Pete,512832,Sporting Life,https://www.sportinglife.com/greyhounds/racecards/2026-08-19/harlow/racecard/512832
2026-08-19,Harlow,10:32,4,Minnies Volga,512832,Sporting Life,https://www.sportinglife.com/greyhounds/racecards/2026-08-19/harlow/racecard/512832
2026-08-19,Harlow,10:32,6,Moaning Countess,512832,Sporting Life,https://www.sportinglife.com/greyhounds/racecards/2026-08-19/harlow/racecard/512832
2026-08-19,Harlow,10:48,1,Fenview Ladygrey,512833,Sporting Life,https://www.sportinglife.com/greyhounds/racecards/2026-08-19/harlow/racecard/512833
2026-08-19,Harlow,10:48,2,Tinks This,512833,Sporting Life,https://www.sportinglife.com/greyhounds/racecards/2026-08-19/harlow/racecard/512833
2026-08-19,Harlow,10:48,3,Heres Victoria,512833,Sporting Life,https://www.sportinglife.com/greyhounds/racecards/2026-08-19/harlow/racecard/512833
2026-08-19,Harlow,10:48,4,Random Lou,512833,Sporting Life,https://www.sportinglife.com/greyhounds/racecards/2026-08-19/harlow/racecard/512833
2026-08-19,Harlow,10:48,5,Divine Rule,512833,Sporting Life,https://www.sportinglife.com/greyhounds/racecards/2026-08-19/harlow/racecard/512833
2026-08-19,Harlow,10:48,6,Doggy Parton,512833,Sporting Life,https://www.sportinglife.com/greyhounds/racecards/2026-08-19/harlow/racecard/512833
2026-08-19,Harlow,11:04,1,Blue Gemstone,512834,Sporting Life,https://www.sportinglife.com/greyhounds/racecards/2026-08-19/harlow/racecard/512834
2026-08-19,Harlow,11:04,2,Hollywell Orchid,512834,Sporting Life,https://www.sportinglife.com/greyhounds/racecards/2026-08-19/harlow/racecard/512834
2026-08-19,Harlow,11:04,3,Moaning Hagler,512834,Sporting Life,https://www.sportinglife.com/greyhounds/racecards/2026-08-19/harlow/racecard/512834
2026-08-19,Harlow,11:04,5,Barrington Chap,512834,Sporting Life,https://www.sportinglife.com/greyhounds/racecards/2026-08-19/harlow/racecard/512834
2026-08-19,Harlow,11:04,6,Salems Margarita,512834,Sporting Life,https://www.sportinglife.com/greyhounds/racecards/2026-08-19/harlow/racecard/512834
2026-08-19,Harlow,11:21,1,Havana Kaci,512835,Sporting Life,https://www.sportinglife.com/greyhounds/racecards/2026-08-19/harlow/racecard/512835
2026-08-19,Harlow,11:21,2,Alfies Jet,512835,Sporting Life,https://www.sportinglife.com/greyhounds/racecards/2026-08-19/harlow/racecard/512835
2026-08-19,Harlow,11:21,3,Moaning Taylor,512835,Sporting Life,https://www.sportinglife.com/greyhounds/racecards/2026-08-19/harlow/racecard/512835
2026-08-19,Harlow,11:21,4,Fridays Ariana,512835,Sporting Life,https://www.sportinglife.com/greyhounds/racecards/2026-08-19/harlow/racecard/512835
2026-08-19,Harlow,11:21,5,Tanvalley Robin,512835,Sporting Life,https://www.sportinglife.com/greyhounds/racecards/2026-08-19/harlow/racecard/512835
2026-08-19,Harlow,11:21,6,Edermine Bucks,512835,Sporting Life,https://www.sportinglife.com/greyhounds/racecards/2026-08-19/harlow/racecard/512835
2026-08-19,Harlow,11:38,1,Moaning Allora,512836,Sporting Life,https://www.sportinglife.com/greyhounds/racecards/2026-08-19/harlow/racecard/512836
2026-08-19,Harlow,11:38,2,Burkos Destiny,512836,Sporting Life,https://www.sportinglife.com/greyhounds/racecards/2026-08-19/harlow/racecard/512836
2026-08-19,Harlow,11:38,3,Nipper,512836,Sporting Life,https://www.sportinglife.com/greyhounds/racecards/2026-08-19/harlow/racecard/512836
2026-08-19,Harlow,11:38,4,Coolruss Izzy,512836,Sporting Life,https://www.sportinglife.com/greyhounds/racecards/2026-08-19/harlow/racecard/512836
2026-08-19,Harlow,11:38,6,For Noreen,512836,Sporting Life,https://www.sportinglife.com/greyhounds/racecards/2026-08-19/harlow/racecard/512836
2026-08-19,Harlow,11:54,1,Glynnscross Blue,512837,Sporting Life,https://www.sportinglife.com/greyhounds/racecards/2026-08-19/harlow/racecard/512837
2026-08-19,Harlow,11:54,3,Headford Gent,512837,Sporting Life,https://www.sportinglife.com/greyhounds/racecards/2026-08-19/harlow/racecard/512837
2026-08-19,Harlow,11:54,4,Fairhill Autumn,512837,Sporting Life,https://www.sportinglife.com/greyhounds/racecards/2026-08-19/harlow/racecard/512837
2026-08-19,Harlow,11:54,5,Moaning Mai Tai,512837,Sporting Life,https://www.sportinglife.com/greyhounds/racecards/2026-08-19/harlow/racecard/512837
2026-08-19,Harlow,11:54,6,Crystal Bubbles,512837,Sporting Life,https://www.sportinglife.com/greyhounds/racecards/2026-08-19/harlow/racecard/512837
2026-08-19,Harlow,12:12,1,Lye In Wait,512838,Sporting Life,https://www.sportinglife.com/greyhounds/racecards/2026-08-19/harlow/racecard/512838
2026-08-19,Harlow,12:12,2,Moaning Martini,512838,Sporting Life,https://www.sportinglife.com/greyhounds/racecards/2026-08-19/harlow/racecard/512838
2026-08-19,Harlow,12:12,3,Dashgrove Sam,512838,Sporting Life,https://www.sportinglife.com/greyhounds/racecards/2026-08-19/harlow/racecard/512838
2026-08-19,Harlow,12:12,4,Juke Special,512838,Sporting Life,https://www.sportinglife.com/greyhounds/racecards/2026-08-19/harlow/racecard/512838
2026-08-19,Harlow,12:12,6,Skidrow Strongbo,512838,Sporting Life,https://www.sportinglife.com/greyhounds/racecards/2026-08-19/harlow/racecard/512838
2026-08-19,Harlow,12:29,1,Salems Lily,512839,Sporting Life,https://www.sportinglife.com/greyhounds/racecards/2026-08-19/harlow/racecard/512839
2026-08-19,Harlow,12:29,2,Adamant Breeze,512839,Sporting Life,https://www.sportinglife.com/greyhounds/racecards/2026-08-19/harlow/racecard/512839
2026-08-19,Harlow,12:29,3,Fagans Flame,512839,Sporting Life,https://www.sportinglife.com/greyhounds/racecards/2026-08-19/harlow/racecard/512839
2026-08-19,Harlow,12:29,4,Come On Babe,512839,Sporting Life,https://www.sportinglife.com/greyhounds/racecards/2026-08-19/harlow/racecard/512839
2026-08-19,Harlow,12:29,5,Simply Perfect,512839,Sporting Life,https://www.sportinglife.com/greyhounds/racecards/2026-08-19/harlow/racecard/512839
2026-08-19,Harlow,12:29,6,Royston Rubble,512839,Sporting Life,https://www.sportinglife.com/greyhounds/racecards/2026-08-19/harlow/racecard/512839
2026-08-19,Harlow,12:46,1,Salems Disaronno,512840,Sporting Life,https://www.sportinglife.com/greyhounds/racecards/2026-08-19/harlow/racecard/512840
2026-08-19,Harlow,12:46,2,Glenvale Sasha,512840,Sporting Life,https://www.sportinglife.com/greyhounds/racecards/2026-08-19/harlow/racecard/512840
2026-08-19,Harlow,12:46,3,Cofam Spurs,512840,Sporting Life,https://www.sportinglife.com/greyhounds/racecards/2026-08-19/harlow/racecard/512840
2026-08-19,Harlow,12:46,5,Pips Rosie,512840,Sporting Life,https://www.sportinglife.com/greyhounds/racecards/2026-08-19/harlow/racecard/512840
2026-08-19,Harlow,12:46,6,Miss Margaret,512840,Sporting Life,https://www.sportinglife.com/greyhounds/racecards/2026-08-19/harlow/racecard/512840
2026-08-19,Harlow,13:03,1,More Firepower,512841,Sporting Life,https://www.sportinglife.com/greyhounds/racecards/2026-08-19/harlow/racecard/512841
2026-08-19,Harlow,13:03,3,No Worries Dave,512841,Sporting Life,https://www.sportinglife.com/greyhounds/racecards/2026-08-19/harlow/racecard/512841
2026-08-19,Harlow,13:03,4,Moaning Saliba,512841,Sporting Life,https://www.sportinglife.com/greyhounds/racecards/2026-08-19/harlow/racecard/512841
2026-08-19,Harlow,13:03,5,Essjay Tornado,512841,Sporting Life,https://www.sportinglife.com/greyhounds/racecards/2026-08-19/harlow/racecard/512841
2026-08-19,Harlow,13:03,6,Moaning Mojito,512841,Sporting Life,https://www.sportinglife.com/greyhounds/racecards/2026-08-19/harlow/racecard/512841
2026-08-19,Harlow,13:19,1,Marys Glen,512842,Sporting Life,https://www.sportinglife.com/greyhounds/racecards/2026-08-19/harlow/racecard/512842
2026-08-19,Harlow,13:19,2,Townsend Peggy,512842,Sporting Life,https://www.sportinglife.com/greyhounds/racecards/2026-08-19/harlow/racecard/512842
2026-08-19,Harlow,13:19,3,Gooner Be Good,512842,Sporting Life,https://www.sportinglife.com/greyhounds/racecards/2026-08-19/harlow/racecard/512842
2026-08-19,Harlow,13:19,4,Moaning Gamble,512842,Sporting Life,https://www.sportinglife.com/greyhounds/racecards/2026-08-19/harlow/racecard/512842
2026-08-19,Harlow,13:19,6,Salems Mickey,512842,Sporting Life,https://www.sportinglife.com/greyhounds/racecards/2026-08-19/harlow/racecard/512842
2026-08-19,Harlow,13:37,1,Lilliput,512843,Sporting Life,https://www.sportinglife.com/greyhounds/racecards/2026-08-19/harlow/racecard/512843
2026-08-19,Harlow,13:37,2,Moaning Mccoist,512843,Sporting Life,https://www.sportinglife.com/greyhounds/racecards/2026-08-19/harlow/racecard/512843
2026-08-19,Harlow,13:37,3,Lemon Beaufort,512843,Sporting Life,https://www.sportinglife.com/greyhounds/racecards/2026-08-19/harlow/racecard/512843
2026-08-19,Harlow,13:37,4,Shianns Blue,512843,Sporting Life,https://www.sportinglife.com/greyhounds/racecards/2026-08-19/harlow/racecard/512843
2026-08-19,Harlow,13:37,5,Sine Nomine,512843,Sporting Life,https://www.sportinglife.com/greyhounds/racecards/2026-08-19/harlow/racecard/512843
2026-08-19,Harlow,13:37,6,Jamaica Luna,512843,Sporting Life,https://www.sportinglife.com/greyhounds/racecards/2026-08-19/harlow/racecard/512843
2026-08-19,Harlow,13:54,1,Moaning Medow,512844,Sporting Life,https://www.sportinglife.com/greyhounds/racecards/2026-08-19/harlow/racecard/512844
2026-08-19,Harlow,13:54,2,Comer Canal,512844,Sporting Life,https://www.sportinglife.com/greyhounds/racecards/2026-08-19/harlow/racecard/512844
2026-08-19,Harlow,13:54,3,Day Tripper,512844,Sporting Life,https://www.sportinglife.com/greyhounds/racecards/2026-08-19/harlow/racecard/512844
2026-08-19,Harlow,13:54,4,Bambina,512844,Sporting Life,https://www.sportinglife.com/greyhounds/racecards/2026-08-19/harlow/racecard/512844
2026-08-19,Harlow,13:54,5,Mikeys Pick,512844,Sporting Life,https://www.sportinglife.com/greyhounds/racecards/2026-08-19/harlow/racecard/512844
2026-08-19,Harlow,13:54,6,Front Boo,512844,Sporting Life,https://www.sportinglife.com/greyhounds/racecards/2026-08-19/harlow/racecard/512844
2026-08-19,Harlow,14:11,1,Bit Of Cover,512845,Sporting Life,https://www.sportinglife.com/greyhounds/racecards/2026-08-19/harlow/racecard/512845
2026-08-19,Harlow,14:11,2,Crystal Luna,512845,Sporting Life,https://www.sportinglife.com/greyhounds/racecards/2026-08-19/harlow/racecard/512845
2026-08-19,Harlow,14:11,3,Da Danna,512845,Sporting Life,https://www.sportinglife.com/greyhounds/racecards/2026-08-19/harlow/racecard/512845
2026-08-19,Harlow,14:11,4,Catunda Remi,512845,Sporting Life,https://www.sportinglife.com/greyhounds/racecards/2026-08-19/harlow/racecard/512845
2026-08-19,Harlow,14:11,5,Olwinn Jackson,512845,Sporting Life,https://www.sportinglife.com/greyhounds/racecards/2026-08-19/harlow/racecard/512845
2026-08-19,Harlow,14:11,6,Fairhill Hug,512845,Sporting Life,https://www.sportinglife.com/greyhounds/racecards/2026-08-19/harlow/racecard/512845
2026-08-19,Harlow,18:11,1,Savana Rip,512855,Sporting Life,https://www.sportinglife.com/greyhounds/racecards/2026-08-19/harlow/racecard/512855
2026-08-19,Harlow,18:11,2,My Fancy Ways,512855,Sporting Life,https://www.sportinglife.com/greyhounds/racecards/2026-08-19/harlow/racecard/512855
2026-08-19,Harlow,18:11,3,Knockdrinna Java,512855,Sporting Life,https://www.sportinglife.com/greyhounds/racecards/2026-08-19/harlow/racecard/512855
2026-08-19,Harlow,18:11,4,Syls Angel,512855,Sporting Life,https://www.sportinglife.com/greyhounds/racecards/2026-08-19/harlow/racecard/512855
2026-08-19,Harlow,18:11,5,Yo Ronnie Buster,512855,Sporting Life,https://www.sportinglife.com/greyhounds/racecards/2026-08-19/harlow/racecard/512855
2026-08-19,Harlow,18:11,6,Alno Sue,512855,Sporting Life,https://www.sportinglife.com/greyhounds/racecards/2026-08-19/harlow/racecard/512855
2026-08-19,Harlow,18:29,1,Britbull Poppy,512856,Sporting Life,https://www.sportinglife.com/greyhounds/racecards/2026-08-19/harlow/racecard/512856
2026-08-19,Harlow,18:29,2,Savana Empress,512856,Sporting Life,https://www.sportinglife.com/greyhounds/racecards/2026-08-19/harlow/racecard/512856
2026-08-19,Harlow,18:29,3,City Boss,512856,Sporting Life,https://www.sportinglife.com/greyhounds/racecards/2026-08-19/harlow/racecard/512856
2026-08-19,Harlow,18:29,5,Cree Lullaby,512856,Sporting Life,https://www.sportinglife.com/greyhounds/racecards/2026-08-19/harlow/racecard/512856
2026-08-19,Harlow,18:29,6,Boreen Pearl,512856,Sporting Life,https://www.sportinglife.com/greyhounds/racecards/2026-08-19/harlow/racecard/512856
2026-08-19,Harlow,18:46,1,Yo Jonny,512857,Sporting Life,https://www.sportinglife.com/greyhounds/racecards/2026-08-19/harlow/racecard/512857
2026-08-19,Harlow,18:46,2,Savana Ohmy Jo,512857,Sporting Life,https://www.sportinglife.com/greyhounds/racecards/2026-08-19/harlow/racecard/512857
2026-08-19,Harlow,18:46,4,Savana Trigger,512857,Sporting Life,https://www.sportinglife.com/greyhounds/racecards/2026-08-19/harlow/racecard/512857
2026-08-19,Harlow,18:46,5,Dapper Cash,512857,Sporting Life,https://www.sportinglife.com/greyhounds/racecards/2026-08-19/harlow/racecard/512857
2026-08-19,Harlow,18:46,6,Leathems Bingo,512857,Sporting Life,https://www.sportinglife.com/greyhounds/racecards/2026-08-19/harlow/racecard/512857
2026-08-19,Harlow,19:04,1,Salternator,512858,Sporting Life,https://www.sportinglife.com/greyhounds/racecards/2026-08-19/harlow/racecard/512858
2026-08-19,Harlow,19:04,3,Luminous Cutie,512858,Sporting Life,https://www.sportinglife.com/greyhounds/racecards/2026-08-19/harlow/racecard/512858
2026-08-19,Harlow,19:04,4,Tullycanna Sadie,512858,Sporting Life,https://www.sportinglife.com/greyhounds/racecards/2026-08-19/harlow/racecard/512858
2026-08-19,Harlow,19:04,5,Savana Grandad,512858,Sporting Life,https://www.sportinglife.com/greyhounds/racecards/2026-08-19/harlow/racecard/512858
2026-08-19,Harlow,19:04,6,Snoozing Plum,512858,Sporting Life,https://www.sportinglife.com/greyhounds/racecards/2026-08-19/harlow/racecard/512858
2026-08-19,Harlow,19:24,1,Yo Dutchess,512859,Sporting Life,https://www.sportinglife.com/greyhounds/racecards/2026-08-19/harlow/racecard/512859
2026-08-19,Harlow,19:24,2,Old Fort Lakota,512859,Sporting Life,https://www.sportinglife.com/greyhounds/racecards/2026-08-19/harlow/racecard/512859
2026-08-19,Harlow,19:24,3,Cabriol Maggie,512859,Sporting Life,https://www.sportinglife.com/greyhounds/racecards/2026-08-19/harlow/racecard/512859
2026-08-19,Harlow,19:24,5,Devon Ruth,512859,Sporting Life,https://www.sportinglife.com/greyhounds/racecards/2026-08-19/harlow/racecard/512859
2026-08-19,Harlow,19:24,6,Annadown Debbie,512859,Sporting Life,https://www.sportinglife.com/greyhounds/racecards/2026-08-19/harlow/racecard/512859
2026-08-19,Harlow,19:42,1,Clodaghs Gift,512860,Sporting Life,https://www.sportinglife.com/greyhounds/racecards/2026-08-19/harlow/racecard/512860
2026-08-19,Harlow,19:42,2,Sugar Tiger,512860,Sporting Life,https://www.sportinglife.com/greyhounds/racecards/2026-08-19/harlow/racecard/512860
2026-08-19,Harlow,19:42,3,Romantic Yvonne,512860,Sporting Life,https://www.sportinglife.com/greyhounds/racecards/2026-08-19/harlow/racecard/512860
2026-08-19,Harlow,19:42,4,Hawkfield Impact,512860,Sporting Life,https://www.sportinglife.com/greyhounds/racecards/2026-08-19/harlow/racecard/512860
2026-08-19,Harlow,19:42,5,Badminton Shadow,512860,Sporting Life,https://www.sportinglife.com/greyhounds/racecards/2026-08-19/harlow/racecard/512860
2026-08-19,Harlow,19:42,6,Ardnasool Hulk,512860,Sporting Life,https://www.sportinglife.com/greyhounds/racecards/2026-08-19/harlow/racecard/512860
2026-08-19,Harlow,19:58,1,Savana Teeter,512861,Sporting Life,https://www.sportinglife.com/greyhounds/racecards/2026-08-19/harlow/racecard/512861
2026-08-19,Harlow,19:58,2,Darrens Dog,512861,Sporting Life,https://www.sportinglife.com/greyhounds/racecards/2026-08-19/harlow/racecard/512861
2026-08-19,Harlow,19:58,3,Foxrock Bell,512861,Sporting Life,https://www.sportinglife.com/greyhounds/racecards/2026-08-19/harlow/racecard/512861
2026-08-19,Harlow,19:58,5,Kilbride Duchess,512861,Sporting Life,https://www.sportinglife.com/greyhounds/racecards/2026-08-19/harlow/racecard/512861
2026-08-19,Harlow,19:58,6,Lily Sixtyeight,512861,Sporting Life,https://www.sportinglife.com/greyhounds/racecards/2026-08-19/harlow/racecard/512861
2026-08-19,Harlow,20:16,1,Yo Savana,512862,Sporting Life,https://www.sportinglife.com/greyhounds/racecards/2026-08-19/harlow/racecard/512862
2026-08-19,Harlow,20:16,2,Small Tommy,512862,Sporting Life,https://www.sportinglife.com/greyhounds/racecards/2026-08-19/harlow/racecard/512862
2026-08-19,Harlow,20:16,3,Divine Faith,512862,Sporting Life,https://www.sportinglife.com/greyhounds/racecards/2026-08-19/harlow/racecard/512862
2026-08-19,Harlow,20:16,4,Wilbys Flyer,512862,Sporting Life,https://www.sportinglife.com/greyhounds/racecards/2026-08-19/harlow/racecard/512862
2026-08-19,Harlow,20:16,5,Tobergal View,512862,Sporting Life,https://www.sportinglife.com/greyhounds/racecards/2026-08-19/harlow/racecard/512862
2026-08-19,Harlow,20:16,6,Skidrow Maria,512862,Sporting Life,https://www.sportinglife.com/greyhounds/racecards/2026-08-19/harlow/racecard/512862
2026-08-19,Harlow,20:34,1,Yo Ranger,512863,Sporting Life,https://www.sportinglife.com/greyhounds/racecards/2026-08-19/harlow/racecard/512863
2026-08-19,Harlow,20:34,2,Townsend Abby,512863,Sporting Life,https://www.sportinglife.com/greyhounds/racecards/2026-08-19/harlow/racecard/512863
2026-08-19,Harlow,20:34,3,Hollyhill Jimmy,512863,Sporting Life,https://www.sportinglife.com/greyhounds/racecards/2026-08-19/harlow/racecard/512863
2026-08-19,Harlow,20:34,4,Savana Albert,512863,Sporting Life,https://www.sportinglife.com/greyhounds/racecards/2026-08-19/harlow/racecard/512863
2026-08-19,Harlow,20:34,5,Solo,512863,Sporting Life,https://www.sportinglife.com/greyhounds/racecards/2026-08-19/harlow/racecard/512863
2026-08-19,Harlow,20:34,6,Townsend Margo,512863,Sporting Life,https://www.sportinglife.com/greyhounds/racecards/2026-08-19/harlow/racecard/512863
2026-08-19,Harlow,20:52,1,Aero Callie,512864,Sporting Life,https://www.sportinglife.com/greyhounds/racecards/2026-08-19/harlow/racecard/512864
2026-08-19,Harlow,20:52,2,Savana Snowflake,512864,Sporting Life,https://www.sportinglife.com/greyhounds/racecards/2026-08-19/harlow/racecard/512864
2026-08-19,Harlow,20:52,4,Mid Tipp Nancy,512864,Sporting Life,https://www.sportinglife.com/greyhounds/racecards/2026-08-19/harlow/racecard/512864
2026-08-19,Harlow,20:52,5,Baran Brady,512864,Sporting Life,https://www.sportinglife.com/greyhounds/racecards/2026-08-19/harlow/racecard/512864
2026-08-19,Harlow,20:52,6,Signet Toofy,512864,Sporting Life,https://www.sportinglife.com/greyhounds/racecards/2026-08-19/harlow/racecard/512864
2026-08-19,Harlow,21:09,1,Kilgarran Rub,512865,Sporting Life,https://www.sportinglife.com/greyhounds/racecards/2026-08-19/harlow/racecard/512865
2026-08-19,Harlow,21:09,2,Howsyerday Dolly,512865,Sporting Life,https://www.sportinglife.com/greyhounds/racecards/2026-08-19/harlow/racecard/512865
2026-08-19,Harlow,21:09,3,Colrose Queen,512865,Sporting Life,https://www.sportinglife.com/greyhounds/racecards/2026-08-19/harlow/racecard/512865
2026-08-19,Harlow,21:09,4,Slipalong Don,512865,Sporting Life,https://www.sportinglife.com/greyhounds/racecards/2026-08-19/harlow/racecard/512865
2026-08-19,Harlow,21:09,5,Keepers Notgrove,512865,Sporting Life,https://www.sportinglife.com/greyhounds/racecards/2026-08-19/harlow/racecard/512865
2026-08-19,Harlow,21:09,6,Savana Boycie,512865,Sporting Life,https://www.sportinglife.com/greyhounds/racecards/2026-08-19/harlow/racecard/512865
2026-08-19,Harlow,21:26,1,Kender,512866,Sporting Life,https://www.sportinglife.com/greyhounds/racecards/2026-08-19/harlow/racecard/512866
2026-08-19,Harlow,21:26,2,Jimmys Chew,512866,Sporting Life,https://www.sportinglife.com/greyhounds/racecards/2026-08-19/harlow/racecard/512866
2026-08-19,Harlow,21:26,3,Grouchos King,512866,Sporting Life,https://www.sportinglife.com/greyhounds/racecards/2026-08-19/harlow/racecard/512866
2026-08-19,Harlow,21:26,4,Early Pace,512866,Sporting Life,https://www.sportinglife.com/greyhounds/racecards/2026-08-19/harlow/racecard/512866
2026-08-19,Harlow,21:26,6,Alohas Comet,512866,Sporting Life,https://www.sportinglife.com/greyhounds/racecards/2026-08-19/harlow/racecard/512866
2026-08-19,Hove,14:23,1,Deadly Ruben,512867,Sporting Life,https://www.sportinglife.com/greyhounds/racecards/2026-08-19/hove/racecard/512867
2026-08-19,Hove,14:23,2,Letter Eileen,512867,Sporting Life,https://www.sportinglife.com/greyhounds/racecards/2026-08-19/hove/racecard/512867
2026-08-19,Hove,14:23,3,Limestone Fizz,512867,Sporting Life,https://www.sportinglife.com/greyhounds/racecards/2026-08-19/hove/racecard/512867
2026-08-19,Hove,14:23,4,Broncos Bullet,512867,Sporting Life,https://www.sportinglife.com/greyhounds/racecards/2026-08-19/hove/racecard/512867
2026-08-19,Hove,14:23,6,Untold Aave,512867,Sporting Life,https://www.sportinglife.com/greyhounds/racecards/2026-08-19/hove/racecard/512867
2026-08-19,Hove,14:41,1,Swift Income,512868,Sporting Life,https://www.sportinglife.com/greyhounds/racecards/2026-08-19/hove/racecard/512868
2026-08-19,Hove,14:41,2,Insane Marshall,512868,Sporting Life,https://www.sportinglife.com/greyhounds/racecards/2026-08-19/hove/racecard/512868
2026-08-19,Hove,14:41,3,Killeacle Kobe,512868,Sporting Life,https://www.sportinglife.com/greyhounds/racecards/2026-08-19/hove/racecard/512868
2026-08-19,Hove,14:41,4,Stefans Bomb,512868,Sporting Life,https://www.sportinglife.com/greyhounds/racecards/2026-08-19/hove/racecard/512868
2026-08-19,Hove,14:41,5,Doublermoney,512868,Sporting Life,https://www.sportinglife.com/greyhounds/racecards/2026-08-19/hove/racecard/512868
2026-08-19,Hove,14:41,6,Leahys Bolt,512868,Sporting Life,https://www.sportinglife.com/greyhounds/racecards/2026-08-19/hove/racecard/512868
2026-08-19,Hove,15:01,1,Flushing Fiftys,512869,Sporting Life,https://www.sportinglife.com/greyhounds/racecards/2026-08-19/hove/racecard/512869
2026-08-19,Hove,15:01,2,Believe You Can,512869,Sporting Life,https://www.sportinglife.com/greyhounds/racecards/2026-08-19/hove/racecard/512869
2026-08-19,Hove,15:01,3,Seomra Pipp,512869,Sporting Life,https://www.sportinglife.com/greyhounds/racecards/2026-08-19/hove/racecard/512869
2026-08-19,Hove,15:01,5,Burrows Sonic,512869,Sporting Life,https://www.sportinglife.com/greyhounds/racecards/2026-08-19/hove/racecard/512869
2026-08-19,Hove,15:01,6,Coppice Frank,512869,Sporting Life,https://www.sportinglife.com/greyhounds/racecards/2026-08-19/hove/racecard/512869
2026-08-19,Hove,15:19,1,Emers Lizzy,512870,Sporting Life,https://www.sportinglife.com/greyhounds/racecards/2026-08-19/hove/racecard/512870
2026-08-19,Hove,15:19,2,Ballymac Humilis,512870,Sporting Life,https://www.sportinglife.com/greyhounds/racecards/2026-08-19/hove/racecard/512870
2026-08-19,Hove,15:19,3,Stheno,512870,Sporting Life,https://www.sportinglife.com/greyhounds/racecards/2026-08-19/hove/racecard/512870
2026-08-19,Hove,15:19,4,Kelseys Azure,512870,Sporting Life,https://www.sportinglife.com/greyhounds/racecards/2026-08-19/hove/racecard/512870
2026-08-19,Hove,15:19,6,Oioiperfectolads,512870,Sporting Life,https://www.sportinglife.com/greyhounds/racecards/2026-08-19/hove/racecard/512870
2026-08-19,Hove,15:38,1,Johnny Rocker,512871,Sporting Life,https://www.sportinglife.com/greyhounds/racecards/2026-08-19/hove/racecard/512871
2026-08-19,Hove,15:38,2,Melbury Tyr,512871,Sporting Life,https://www.sportinglife.com/greyhounds/racecards/2026-08-19/hove/racecard/512871
2026-08-19,Hove,15:38,3,Broadfieldbullet,512871,Sporting Life,https://www.sportinglife.com/greyhounds/racecards/2026-08-19/hove/racecard/512871
2026-08-19,Hove,15:38,4,Yougo Finn,512871,Sporting Life,https://www.sportinglife.com/greyhounds/racecards/2026-08-19/hove/racecard/512871
2026-08-19,Hove,15:38,5,Dawncourt Dolly,512871,Sporting Life,https://www.sportinglife.com/greyhounds/racecards/2026-08-19/hove/racecard/512871
2026-08-19,Hove,15:38,6,Amys Onthe Run,512871,Sporting Life,https://www.sportinglife.com/greyhounds/racecards/2026-08-19/hove/racecard/512871
2026-08-19,Hove,15:57,1,Mob Momentum,512872,Sporting Life,https://www.sportinglife.com/greyhounds/racecards/2026-08-19/hove/racecard/512872
2026-08-19,Hove,15:57,2,Lets Go Yankees,512872,Sporting Life,https://www.sportinglife.com/greyhounds/racecards/2026-08-19/hove/racecard/512872
2026-08-19,Hove,15:57,3,Emmas Bee,512872,Sporting Life,https://www.sportinglife.com/greyhounds/racecards/2026-08-19/hove/racecard/512872
2026-08-19,Hove,15:57,4,Kamikaze Cowgirl,512872,Sporting Life,https://www.sportinglife.com/greyhounds/racecards/2026-08-19/hove/racecard/512872
2026-08-19,Hove,15:57,5,Montalto Star,512872,Sporting Life,https://www.sportinglife.com/greyhounds/racecards/2026-08-19/hove/racecard/512872
2026-08-19,Hove,16:16,1,Tommys Goodtime,512873,Sporting Life,https://www.sportinglife.com/greyhounds/racecards/2026-08-19/hove/racecard/512873
2026-08-19,Hove,16:16,2,Yougo Jessie,512873,Sporting Life,https://www.sportinglife.com/greyhounds/racecards/2026-08-19/hove/racecard/512873
2026-08-19,Hove,16:16,3,Montalto Mist,512873,Sporting Life,https://www.sportinglife.com/greyhounds/racecards/2026-08-19/hove/racecard/512873
2026-08-19,Hove,16:16,4,Cloheena Del Boy,512873,Sporting Life,https://www.sportinglife.com/greyhounds/racecards/2026-08-19/hove/racecard/512873
2026-08-19,Hove,16:16,6,Boom Boom Bullet,512873,Sporting Life,https://www.sportinglife.com/greyhounds/racecards/2026-08-19/hove/racecard/512873
2026-08-19,Hove,16:34,1,Droopys Crafty,512874,Sporting Life,https://www.sportinglife.com/greyhounds/racecards/2026-08-19/hove/racecard/512874
2026-08-19,Hove,16:34,2,Candolim Getaway,512874,Sporting Life,https://www.sportinglife.com/greyhounds/racecards/2026-08-19/hove/racecard/512874
2026-08-19,Hove,16:34,3,Rory The Arb,512874,Sporting Life,https://www.sportinglife.com/greyhounds/racecards/2026-08-19/hove/racecard/512874
2026-08-19,Hove,16:34,5,Droopys Invasion,512874,Sporting Life,https://www.sportinglife.com/greyhounds/racecards/2026-08-19/hove/racecard/512874
2026-08-19,Hove,16:34,6,Vegan Warrior,512874,Sporting Life,https://www.sportinglife.com/greyhounds/racecards/2026-08-19/hove/racecard/512874
2026-08-19,Hove,16:53,1,Straight Shot,512875,Sporting Life,https://www.sportinglife.com/greyhounds/racecards/2026-08-19/hove/racecard/512875
2026-08-19,Hove,16:53,2,Pocket Gunner,512875,Sporting Life,https://www.sportinglife.com/greyhounds/racecards/2026-08-19/hove/racecard/512875
2026-08-19,Hove,16:53,3,Gin For Traci,512875,Sporting Life,https://www.sportinglife.com/greyhounds/racecards/2026-08-19/hove/racecard/512875
2026-08-19,Hove,16:53,4,Chain Of Hope,512875,Sporting Life,https://www.sportinglife.com/greyhounds/racecards/2026-08-19/hove/racecard/512875
2026-08-19,Hove,16:53,5,Brendas Bluebell,512875,Sporting Life,https://www.sportinglife.com/greyhounds/racecards/2026-08-19/hove/racecard/512875
2026-08-19,Hove,17:12,1,Mind The Mouse,512876,Sporting Life,https://www.sportinglife.com/greyhounds/racecards/2026-08-19/hove/racecard/512876
2026-08-19,Hove,17:12,2,Solid Cyril,512876,Sporting Life,https://www.sportinglife.com/greyhounds/racecards/2026-08-19/hove/racecard/512876
2026-08-19,Hove,17:12,3,Aviendha,512876,Sporting Life,https://www.sportinglife.com/greyhounds/racecards/2026-08-19/hove/racecard/512876
2026-08-19,Hove,17:12,5,Flyers Geezer,512876,Sporting Life,https://www.sportinglife.com/greyhounds/racecards/2026-08-19/hove/racecard/512876
2026-08-19,Hove,17:12,6,Signet Cooper,512876,Sporting Life,https://www.sportinglife.com/greyhounds/racecards/2026-08-19/hove/racecard/512876
2026-08-19,Hove,17:31,1,First Chosen,512877,Sporting Life,https://www.sportinglife.com/greyhounds/racecards/2026-08-19/hove/racecard/512877
2026-08-19,Hove,17:31,2,Ballydarley Jack,512877,Sporting Life,https://www.sportinglife.com/greyhounds/racecards/2026-08-19/hove/racecard/512877
2026-08-19,Hove,17:31,3,Alanas Eske,512877,Sporting Life,https://www.sportinglife.com/greyhounds/racecards/2026-08-19/hove/racecard/512877
2026-08-19,Hove,17:31,4,Gin For Lisa,512877,Sporting Life,https://www.sportinglife.com/greyhounds/racecards/2026-08-19/hove/racecard/512877
2026-08-19,Hove,17:31,5,Annadown Jacob,512877,Sporting Life,https://www.sportinglife.com/greyhounds/racecards/2026-08-19/hove/racecard/512877
2026-08-19,Hove,17:31,6,Candolim Spice,512877,Sporting Life,https://www.sportinglife.com/greyhounds/racecards/2026-08-19/hove/racecard/512877
2026-08-19,Hove,17:49,1,Mertonaby Gigi,512878,Sporting Life,https://www.sportinglife.com/greyhounds/racecards/2026-08-19/hove/racecard/512878
2026-08-19,Hove,17:49,2,Double The Odds,512878,Sporting Life,https://www.sportinglife.com/greyhounds/racecards/2026-08-19/hove/racecard/512878
2026-08-19,Hove,17:49,3,Digbys Maverick,512878,Sporting Life,https://www.sportinglife.com/greyhounds/racecards/2026-08-19/hove/racecard/512878
2026-08-19,Hove,17:49,5,Peroni Sarah,512878,Sporting Life,https://www.sportinglife.com/greyhounds/racecards/2026-08-19/hove/racecard/512878
2026-08-19,Hove,17:49,6,Mustang Maverick,512878,Sporting Life,https://www.sportinglife.com/greyhounds/racecards/2026-08-19/hove/racecard/512878
2026-08-19,Monmore,11:03,1,Pippy Longsocks,512785,Sporting Life,https://www.sportinglife.com/greyhounds/racecards/2026-08-19/monmore/racecard/512785
2026-08-19,Monmore,11:03,2,Epic Susie,512785,Sporting Life,https://www.sportinglife.com/greyhounds/racecards/2026-08-19/monmore/racecard/512785
2026-08-19,Monmore,11:03,3,Longacres Senna,512785,Sporting Life,https://www.sportinglife.com/greyhounds/racecards/2026-08-19/monmore/racecard/512785
2026-08-19,Monmore,11:03,4,Rhyming Ella,512785,Sporting Life,https://www.sportinglife.com/greyhounds/racecards/2026-08-19/monmore/racecard/512785
2026-08-19,Monmore,11:03,5,Black Scorpion,512785,Sporting Life,https://www.sportinglife.com/greyhounds/racecards/2026-08-19/monmore/racecard/512785
2026-08-19,Monmore,11:03,6,Final Fernandes,512785,Sporting Life,https://www.sportinglife.com/greyhounds/racecards/2026-08-19/monmore/racecard/512785
2026-08-19,Monmore,11:19,1,Aero Bang Bang,512786,Sporting Life,https://www.sportinglife.com/greyhounds/racecards/2026-08-19/monmore/racecard/512786
2026-08-19,Monmore,11:19,2,Dapper Danica,512786,Sporting Life,https://www.sportinglife.com/greyhounds/racecards/2026-08-19/monmore/racecard/512786
2026-08-19,Monmore,11:19,3,Deelish Lola,512786,Sporting Life,https://www.sportinglife.com/greyhounds/racecards/2026-08-19/monmore/racecard/512786
2026-08-19,Monmore,11:19,4,Winterfield Rain,512786,Sporting Life,https://www.sportinglife.com/greyhounds/racecards/2026-08-19/monmore/racecard/512786
2026-08-19,Monmore,11:19,5,Swift Jolly,512786,Sporting Life,https://www.sportinglife.com/greyhounds/racecards/2026-08-19/monmore/racecard/512786
2026-08-19,Monmore,11:36,1,Starmount Flash,512787,Sporting Life,https://www.sportinglife.com/greyhounds/racecards/2026-08-19/monmore/racecard/512787
2026-08-19,Monmore,11:36,2,Noruffsorscruffs,512787,Sporting Life,https://www.sportinglife.com/greyhounds/racecards/2026-08-19/monmore/racecard/512787
2026-08-19,Monmore,11:36,4,Exhilarated,512787,Sporting Life,https://www.sportinglife.com/greyhounds/racecards/2026-08-19/monmore/racecard/512787
2026-08-19,Monmore,11:36,5,Reefer Madness,512787,Sporting Life,https://www.sportinglife.com/greyhounds/racecards/2026-08-19/monmore/racecard/512787
2026-08-19,Monmore,11:36,6,Highway Blue,512787,Sporting Life,https://www.sportinglife.com/greyhounds/racecards/2026-08-19/monmore/racecard/512787
2026-08-19,Monmore,11:52,1,Dhustone Spud,512788,Sporting Life,https://www.sportinglife.com/greyhounds/racecards/2026-08-19/monmore/racecard/512788
2026-08-19,Monmore,11:52,2,Tullymurry India,512788,Sporting Life,https://www.sportinglife.com/greyhounds/racecards/2026-08-19/monmore/racecard/512788
2026-08-19,Monmore,11:52,3,Union Raider,512788,Sporting Life,https://www.sportinglife.com/greyhounds/racecards/2026-08-19/monmore/racecard/512788
2026-08-19,Monmore,11:52,4,Longacres Danny,512788,Sporting Life,https://www.sportinglife.com/greyhounds/racecards/2026-08-19/monmore/racecard/512788
2026-08-19,Monmore,11:52,6,Longacres Boycie,512788,Sporting Life,https://www.sportinglife.com/greyhounds/racecards/2026-08-19/monmore/racecard/512788
2026-08-19,Monmore,12:09,1,Hawkfield Bionic,512789,Sporting Life,https://www.sportinglife.com/greyhounds/racecards/2026-08-19/monmore/racecard/512789
2026-08-19,Monmore,12:09,2,Stormy Bonito,512789,Sporting Life,https://www.sportinglife.com/greyhounds/racecards/2026-08-19/monmore/racecard/512789
2026-08-19,Monmore,12:09,3,Stackemup Amy,512789,Sporting Life,https://www.sportinglife.com/greyhounds/racecards/2026-08-19/monmore/racecard/512789
2026-08-19,Monmore,12:09,4,Jimmytheconman,512789,Sporting Life,https://www.sportinglife.com/greyhounds/racecards/2026-08-19/monmore/racecard/512789
2026-08-19,Monmore,12:09,5,Dunquin Brendan,512789,Sporting Life,https://www.sportinglife.com/greyhounds/racecards/2026-08-19/monmore/racecard/512789
2026-08-19,Monmore,12:09,6,Droopys Vanity,512789,Sporting Life,https://www.sportinglife.com/greyhounds/racecards/2026-08-19/monmore/racecard/512789
2026-08-19,Monmore,12:26,1,Bluey Hills,512790,Sporting Life,https://www.sportinglife.com/greyhounds/racecards/2026-08-19/monmore/racecard/512790
2026-08-19,Monmore,12:26,2,Denton Girl,512790,Sporting Life,https://www.sportinglife.com/greyhounds/racecards/2026-08-19/monmore/racecard/512790
2026-08-19,Monmore,12:26,3,Transfer Aaliyah,512790,Sporting Life,https://www.sportinglife.com/greyhounds/racecards/2026-08-19/monmore/racecard/512790
2026-08-19,Monmore,12:26,4,Vic Rattlehead,512790,Sporting Life,https://www.sportinglife.com/greyhounds/racecards/2026-08-19/monmore/racecard/512790
2026-08-19,Monmore,12:26,5,Tullymurry Skies,512790,Sporting Life,https://www.sportinglife.com/greyhounds/racecards/2026-08-19/monmore/racecard/512790
2026-08-19,Monmore,12:26,6,Aero Maisie,512790,Sporting Life,https://www.sportinglife.com/greyhounds/racecards/2026-08-19/monmore/racecard/512790
2026-08-19,Monmore,12:42,1,Jayavakno,512791,Sporting Life,https://www.sportinglife.com/greyhounds/racecards/2026-08-19/monmore/racecard/512791
2026-08-19,Monmore,12:42,2,Return Fire,512791,Sporting Life,https://www.sportinglife.com/greyhounds/racecards/2026-08-19/monmore/racecard/512791
2026-08-19,Monmore,12:42,3,Millview Mags,512791,Sporting Life,https://www.sportinglife.com/greyhounds/racecards/2026-08-19/monmore/racecard/512791
2026-08-19,Monmore,12:42,4,Sheerans Boy,512791,Sporting Life,https://www.sportinglife.com/greyhounds/racecards/2026-08-19/monmore/racecard/512791
2026-08-19,Monmore,12:42,5,Oblivion,512791,Sporting Life,https://www.sportinglife.com/greyhounds/racecards/2026-08-19/monmore/racecard/512791
2026-08-19,Monmore,12:42,6,Suave Echo,512791,Sporting Life,https://www.sportinglife.com/greyhounds/racecards/2026-08-19/monmore/racecard/512791
2026-08-19,Monmore,12:59,1,Aero Mistake,512792,Sporting Life,https://www.sportinglife.com/greyhounds/racecards/2026-08-19/monmore/racecard/512792
2026-08-19,Monmore,12:59,2,Westway Kai,512792,Sporting Life,https://www.sportinglife.com/greyhounds/racecards/2026-08-19/monmore/racecard/512792
2026-08-19,Monmore,12:59,3,Longacres Brett,512792,Sporting Life,https://www.sportinglife.com/greyhounds/racecards/2026-08-19/monmore/racecard/512792
2026-08-19,Monmore,12:59,4,Bangon Mrs Clock,512792,Sporting Life,https://www.sportinglife.com/greyhounds/racecards/2026-08-19/monmore/racecard/512792
2026-08-19,Monmore,12:59,6,Winterfield Boom,512792,Sporting Life,https://www.sportinglife.com/greyhounds/racecards/2026-08-19/monmore/racecard/512792
2026-08-19,Monmore,13:16,1,Aero Neonpulse,512793,Sporting Life,https://www.sportinglife.com/greyhounds/racecards/2026-08-19/monmore/racecard/512793
2026-08-19,Monmore,13:16,2,Drive On Shelby,512793,Sporting Life,https://www.sportinglife.com/greyhounds/racecards/2026-08-19/monmore/racecard/512793
2026-08-19,Monmore,13:16,3,Milestone Penny,512793,Sporting Life,https://www.sportinglife.com/greyhounds/racecards/2026-08-19/monmore/racecard/512793
2026-08-19,Monmore,13:16,5,Winterfield Rio,512793,Sporting Life,https://www.sportinglife.com/greyhounds/racecards/2026-08-19/monmore/racecard/512793
2026-08-19,Monmore,13:16,6,Elderberry Bingo,512793,Sporting Life,https://www.sportinglife.com/greyhounds/racecards/2026-08-19/monmore/racecard/512793
2026-08-19,Monmore,13:31,1,Aero Euphoria,512794,Sporting Life,https://www.sportinglife.com/greyhounds/racecards/2026-08-19/monmore/racecard/512794
2026-08-19,Monmore,13:31,2,Mash Mad Bridie,512794,Sporting Life,https://www.sportinglife.com/greyhounds/racecards/2026-08-19/monmore/racecard/512794
2026-08-19,Monmore,13:31,3,Longacres Diddy,512794,Sporting Life,https://www.sportinglife.com/greyhounds/racecards/2026-08-19/monmore/racecard/512794
2026-08-19,Monmore,13:31,4,Hollywell Mave,512794,Sporting Life,https://www.sportinglife.com/greyhounds/racecards/2026-08-19/monmore/racecard/512794
2026-08-19,Monmore,13:31,6,Ballybough Mikey,512794,Sporting Life,https://www.sportinglife.com/greyhounds/racecards/2026-08-19/monmore/racecard/512794
2026-08-19,Monmore,13:46,1,Elderberry Mhysa,512795,Sporting Life,https://www.sportinglife.com/greyhounds/racecards/2026-08-19/monmore/racecard/512795
2026-08-19,Monmore,13:46,2,Fourpenny Jack,512795,Sporting Life,https://www.sportinglife.com/greyhounds/racecards/2026-08-19/monmore/racecard/512795
2026-08-19,Monmore,13:46,3,Cazzers Ade,512795,Sporting Life,https://www.sportinglife.com/greyhounds/racecards/2026-08-19/monmore/racecard/512795
2026-08-19,Monmore,13:46,4,Whisky Knight,512795,Sporting Life,https://www.sportinglife.com/greyhounds/racecards/2026-08-19/monmore/racecard/512795
2026-08-19,Monmore,13:46,5,Elderberry Misty,512795,Sporting Life,https://www.sportinglife.com/greyhounds/racecards/2026-08-19/monmore/racecard/512795
2026-08-19,Monmore,13:46,6,My Premiercounty,512795,Sporting Life,https://www.sportinglife.com/greyhounds/racecards/2026-08-19/monmore/racecard/512795
2026-08-19,Monmore,14:04,1,Pappys Jiver,512796,Sporting Life,https://www.sportinglife.com/greyhounds/racecards/2026-08-19/monmore/racecard/512796
2026-08-19,Monmore,14:04,2,Tommys Magical,512796,Sporting Life,https://www.sportinglife.com/greyhounds/racecards/2026-08-19/monmore/racecard/512796
2026-08-19,Monmore,14:04,3,Aero Benny,512796,Sporting Life,https://www.sportinglife.com/greyhounds/racecards/2026-08-19/monmore/racecard/512796
2026-08-19,Monmore,14:04,4,Citadel Bob,512796,Sporting Life,https://www.sportinglife.com/greyhounds/racecards/2026-08-19/monmore/racecard/512796
2026-08-19,Monmore,14:04,6,Bloos Ladysandra,512796,Sporting Life,https://www.sportinglife.com/greyhounds/racecards/2026-08-19/monmore/racecard/512796
2026-08-19,Newcastle,14:29,1,Jackos Cody,512887,Sporting Life,https://www.sportinglife.com/greyhounds/racecards/2026-08-19/newcastle/racecard/512887
2026-08-19,Newcastle,14:29,2,Solway Ocean,512887,Sporting Life,https://www.sportinglife.com/greyhounds/racecards/2026-08-19/newcastle/racecard/512887
2026-08-19,Newcastle,14:29,3,Blackhouse Bobby,512887,Sporting Life,https://www.sportinglife.com/greyhounds/racecards/2026-08-19/newcastle/racecard/512887
2026-08-19,Newcastle,14:29,4,Jackos Flyte,512887,Sporting Life,https://www.sportinglife.com/greyhounds/racecards/2026-08-19/newcastle/racecard/512887
2026-08-19,Newcastle,14:29,5,Crooks Nottofar,512887,Sporting Life,https://www.sportinglife.com/greyhounds/racecards/2026-08-19/newcastle/racecard/512887
2026-08-19,Newcastle,14:48,1,Zenith Efendi,512888,Sporting Life,https://www.sportinglife.com/greyhounds/racecards/2026-08-19/newcastle/racecard/512888
2026-08-19,Newcastle,14:48,2,My Twilight Zone,512888,Sporting Life,https://www.sportinglife.com/greyhounds/racecards/2026-08-19/newcastle/racecard/512888
2026-08-19,Newcastle,14:48,3,Brief News,512888,Sporting Life,https://www.sportinglife.com/greyhounds/racecards/2026-08-19/newcastle/racecard/512888
2026-08-19,Newcastle,14:48,5,Lets Go Dutch,512888,Sporting Life,https://www.sportinglife.com/greyhounds/racecards/2026-08-19/newcastle/racecard/512888
2026-08-19,Newcastle,14:48,6,Solway Ernie,512888,Sporting Life,https://www.sportinglife.com/greyhounds/racecards/2026-08-19/newcastle/racecard/512888
2026-08-19,Newcastle,15:07,1,Highview Cutie,512889,Sporting Life,https://www.sportinglife.com/greyhounds/racecards/2026-08-19/newcastle/racecard/512889
2026-08-19,Newcastle,15:07,2,Blackhouse Bolt,512889,Sporting Life,https://www.sportinglife.com/greyhounds/racecards/2026-08-19/newcastle/racecard/512889
2026-08-19,Newcastle,15:07,3,Wirtz Class,512889,Sporting Life,https://www.sportinglife.com/greyhounds/racecards/2026-08-19/newcastle/racecard/512889
2026-08-19,Newcastle,15:07,4,Whitehills Dawn,512889,Sporting Life,https://www.sportinglife.com/greyhounds/racecards/2026-08-19/newcastle/racecard/512889
2026-08-19,Newcastle,15:07,6,Swift Hairy,512889,Sporting Life,https://www.sportinglife.com/greyhounds/racecards/2026-08-19/newcastle/racecard/512889
2026-08-19,Newcastle,15:26,1,Texas Bonnie,512890,Sporting Life,https://www.sportinglife.com/greyhounds/racecards/2026-08-19/newcastle/racecard/512890
2026-08-19,Newcastle,15:26,2,Mollys Aoibhe,512890,Sporting Life,https://www.sportinglife.com/greyhounds/racecards/2026-08-19/newcastle/racecard/512890
2026-08-19,Newcastle,15:26,3,Blackhouse Cat,512890,Sporting Life,https://www.sportinglife.com/greyhounds/racecards/2026-08-19/newcastle/racecard/512890
2026-08-19,Newcastle,15:26,4,Johnny Chase,512890,Sporting Life,https://www.sportinglife.com/greyhounds/racecards/2026-08-19/newcastle/racecard/512890
2026-08-19,Newcastle,15:26,5,Tina On Fire,512890,Sporting Life,https://www.sportinglife.com/greyhounds/racecards/2026-08-19/newcastle/racecard/512890
2026-08-19,Newcastle,15:44,1,Wraysbury Orchid,512891,Sporting Life,https://www.sportinglife.com/greyhounds/racecards/2026-08-19/newcastle/racecard/512891
2026-08-19,Newcastle,15:44,2,Midtown Romeo,512891,Sporting Life,https://www.sportinglife.com/greyhounds/racecards/2026-08-19/newcastle/racecard/512891
2026-08-19,Newcastle,15:44,3,Brenval Elle,512891,Sporting Life,https://www.sportinglife.com/greyhounds/racecards/2026-08-19/newcastle/racecard/512891
2026-08-19,Newcastle,15:44,4,Eileens Larue,512891,Sporting Life,https://www.sportinglife.com/greyhounds/racecards/2026-08-19/newcastle/racecard/512891
2026-08-19,Newcastle,15:44,6,Solway Ginny,512891,Sporting Life,https://www.sportinglife.com/greyhounds/racecards/2026-08-19/newcastle/racecard/512891
2026-08-19,Newcastle,16:03,2,Abit Of Parker,512892,Sporting Life,https://www.sportinglife.com/greyhounds/racecards/2026-08-19/newcastle/racecard/512892
2026-08-19,Newcastle,16:03,3,Abit Of Silly,512892,Sporting Life,https://www.sportinglife.com/greyhounds/racecards/2026-08-19/newcastle/racecard/512892
2026-08-19,Newcastle,16:03,4,Whitehills Zoey,512892,Sporting Life,https://www.sportinglife.com/greyhounds/racecards/2026-08-19/newcastle/racecard/512892
2026-08-19,Newcastle,16:03,5,Canny Orla,512892,Sporting Life,https://www.sportinglife.com/greyhounds/racecards/2026-08-19/newcastle/racecard/512892
2026-08-19,Newcastle,16:03,6,Tino On Fire,512892,Sporting Life,https://www.sportinglife.com/greyhounds/racecards/2026-08-19/newcastle/racecard/512892
2026-08-19,Newcastle,16:22,1,Afternoon Call,512893,Sporting Life,https://www.sportinglife.com/greyhounds/racecards/2026-08-19/newcastle/racecard/512893
2026-08-19,Newcastle,16:22,2,Two Votes,512893,Sporting Life,https://www.sportinglife.com/greyhounds/racecards/2026-08-19/newcastle/racecard/512893
2026-08-19,Newcastle,16:22,3,Crooks Peaky,512893,Sporting Life,https://www.sportinglife.com/greyhounds/racecards/2026-08-19/newcastle/racecard/512893
2026-08-19,Newcastle,16:22,4,Solway Aussie,512893,Sporting Life,https://www.sportinglife.com/greyhounds/racecards/2026-08-19/newcastle/racecard/512893
2026-08-19,Newcastle,16:22,5,Moyvane Taylor,512893,Sporting Life,https://www.sportinglife.com/greyhounds/racecards/2026-08-19/newcastle/racecard/512893
2026-08-19,Newcastle,16:41,2,Blackhouse Silly,512894,Sporting Life,https://www.sportinglife.com/greyhounds/racecards/2026-08-19/newcastle/racecard/512894
2026-08-19,Newcastle,16:41,3,El Mirador,512894,Sporting Life,https://www.sportinglife.com/greyhounds/racecards/2026-08-19/newcastle/racecard/512894
2026-08-19,Newcastle,16:41,4,Bloodline,512894,Sporting Life,https://www.sportinglife.com/greyhounds/racecards/2026-08-19/newcastle/racecard/512894
2026-08-19,Newcastle,16:41,5,Drombeg Nova,512894,Sporting Life,https://www.sportinglife.com/greyhounds/racecards/2026-08-19/newcastle/racecard/512894
2026-08-19,Newcastle,16:41,6,Swift Table,512894,Sporting Life,https://www.sportinglife.com/greyhounds/racecards/2026-08-19/newcastle/racecard/512894
2026-08-19,Newcastle,16:59,1,Evening Call,512895,Sporting Life,https://www.sportinglife.com/greyhounds/racecards/2026-08-19/newcastle/racecard/512895
2026-08-19,Newcastle,16:59,2,Dunelm Le Fee,512895,Sporting Life,https://www.sportinglife.com/greyhounds/racecards/2026-08-19/newcastle/racecard/512895
2026-08-19,Newcastle,16:59,3,Solway Leo,512895,Sporting Life,https://www.sportinglife.com/greyhounds/racecards/2026-08-19/newcastle/racecard/512895
2026-08-19,Newcastle,16:59,4,Our Chief,512895,Sporting Life,https://www.sportinglife.com/greyhounds/racecards/2026-08-19/newcastle/racecard/512895
2026-08-19,Newcastle,16:59,6,Romeo Mig,512895,Sporting Life,https://www.sportinglife.com/greyhounds/racecards/2026-08-19/newcastle/racecard/512895
2026-08-19,Newcastle,17:18,1,Private Express,512896,Sporting Life,https://www.sportinglife.com/greyhounds/racecards/2026-08-19/newcastle/racecard/512896
2026-08-19,Newcastle,17:18,2,Sivako,512896,Sporting Life,https://www.sportinglife.com/greyhounds/racecards/2026-08-19/newcastle/racecard/512896
2026-08-19,Newcastle,17:18,3,Crooks Willow,512896,Sporting Life,https://www.sportinglife.com/greyhounds/racecards/2026-08-19/newcastle/racecard/512896
2026-08-19,Newcastle,17:18,4,Wraysbury Silver,512896,Sporting Life,https://www.sportinglife.com/greyhounds/racecards/2026-08-19/newcastle/racecard/512896
2026-08-19,Newcastle,17:18,5,Neon Puns Gravel,512896,Sporting Life,https://www.sportinglife.com/greyhounds/racecards/2026-08-19/newcastle/racecard/512896
2026-08-19,Newcastle,17:18,6,Solway Blue,512896,Sporting Life,https://www.sportinglife.com/greyhounds/racecards/2026-08-19/newcastle/racecard/512896
2026-08-19,Newcastle,17:37,1,Midtown Ebony,512897,Sporting Life,https://www.sportinglife.com/greyhounds/racecards/2026-08-19/newcastle/racecard/512897
2026-08-19,Newcastle,17:37,2,Churro,512897,Sporting Life,https://www.sportinglife.com/greyhounds/racecards/2026-08-19/newcastle/racecard/512897
2026-08-19,Newcastle,17:37,3,Highview Edge,512897,Sporting Life,https://www.sportinglife.com/greyhounds/racecards/2026-08-19/newcastle/racecard/512897
2026-08-19,Newcastle,17:37,4,Geordie Gordon,512897,Sporting Life,https://www.sportinglife.com/greyhounds/racecards/2026-08-19/newcastle/racecard/512897
2026-08-19,Newcastle,17:37,5,Swift Enjoy,512897,Sporting Life,https://www.sportinglife.com/greyhounds/racecards/2026-08-19/newcastle/racecard/512897
2026-08-19,Newcastle,17:56,1,Fine By Me,512898,Sporting Life,https://www.sportinglife.com/greyhounds/racecards/2026-08-19/newcastle/racecard/512898
2026-08-19,Newcastle,17:56,2,Blackhousehariet,512898,Sporting Life,https://www.sportinglife.com/greyhounds/racecards/2026-08-19/newcastle/racecard/512898
2026-08-19,Newcastle,17:56,3,Whitehills Logan,512898,Sporting Life,https://www.sportinglife.com/greyhounds/racecards/2026-08-19/newcastle/racecard/512898
2026-08-19,Newcastle,17:56,4,Highview Evie,512898,Sporting Life,https://www.sportinglife.com/greyhounds/racecards/2026-08-19/newcastle/racecard/512898
2026-08-19,Newcastle,17:56,5,Alove Supreme,512898,Sporting Life,https://www.sportinglife.com/greyhounds/racecards/2026-08-19/newcastle/racecard/512898
2026-08-19,Nottingham,11:25,1,In Form Lady,512809,Sporting Life,https://www.sportinglife.com/greyhounds/racecards/2026-08-19/nottingham/racecard/512809
2026-08-19,Nottingham,11:25,2,Honeygar Flow,512809,Sporting Life,https://www.sportinglife.com/greyhounds/racecards/2026-08-19/nottingham/racecard/512809
2026-08-19,Nottingham,11:25,3,Newland Bear,512809,Sporting Life,https://www.sportinglife.com/greyhounds/racecards/2026-08-19/nottingham/racecard/512809
2026-08-19,Nottingham,11:25,4,Thats No Joke,512809,Sporting Life,https://www.sportinglife.com/greyhounds/racecards/2026-08-19/nottingham/racecard/512809
2026-08-19,Nottingham,11:25,5,Loxleys Vinnie,512809,Sporting Life,https://www.sportinglife.com/greyhounds/racecards/2026-08-19/nottingham/racecard/512809
2026-08-19,Nottingham,11:25,6,Noelles Pelo,512809,Sporting Life,https://www.sportinglife.com/greyhounds/racecards/2026-08-19/nottingham/racecard/512809
2026-08-19,Nottingham,11:41,1,Westfield Tigris,512810,Sporting Life,https://www.sportinglife.com/greyhounds/racecards/2026-08-19/nottingham/racecard/512810
2026-08-19,Nottingham,11:41,2,Honour Roll,512810,Sporting Life,https://www.sportinglife.com/greyhounds/racecards/2026-08-19/nottingham/racecard/512810
2026-08-19,Nottingham,11:41,3,Bene N Hot,512810,Sporting Life,https://www.sportinglife.com/greyhounds/racecards/2026-08-19/nottingham/racecard/512810
2026-08-19,Nottingham,11:41,4,Wolf Eclipse,512810,Sporting Life,https://www.sportinglife.com/greyhounds/racecards/2026-08-19/nottingham/racecard/512810
2026-08-19,Nottingham,11:41,5,Fairest Point,512810,Sporting Life,https://www.sportinglife.com/greyhounds/racecards/2026-08-19/nottingham/racecard/512810
2026-08-19,Nottingham,11:41,6,Dairyland Roxy,512810,Sporting Life,https://www.sportinglife.com/greyhounds/racecards/2026-08-19/nottingham/racecard/512810
2026-08-19,Nottingham,11:58,1,Sambar Prince,512811,Sporting Life,https://www.sportinglife.com/greyhounds/racecards/2026-08-19/nottingham/racecard/512811
2026-08-19,Nottingham,11:58,2,Jet Stream Jane,512811,Sporting Life,https://www.sportinglife.com/greyhounds/racecards/2026-08-19/nottingham/racecard/512811
2026-08-19,Nottingham,11:58,3,Rockhouse Woody,512811,Sporting Life,https://www.sportinglife.com/greyhounds/racecards/2026-08-19/nottingham/racecard/512811
2026-08-19,Nottingham,11:58,4,Skyfall Khan,512811,Sporting Life,https://www.sportinglife.com/greyhounds/racecards/2026-08-19/nottingham/racecard/512811
2026-08-19,Nottingham,11:58,5,Bobsleigh Act,512811,Sporting Life,https://www.sportinglife.com/greyhounds/racecards/2026-08-19/nottingham/racecard/512811
2026-08-19,Nottingham,12:14,1,Busta Cherry,512812,Sporting Life,https://www.sportinglife.com/greyhounds/racecards/2026-08-19/nottingham/racecard/512812
2026-08-19,Nottingham,12:14,2,Harlequin Kobe,512812,Sporting Life,https://www.sportinglife.com/greyhounds/racecards/2026-08-19/nottingham/racecard/512812
2026-08-19,Nottingham,12:14,3,Tetra Revenge,512812,Sporting Life,https://www.sportinglife.com/greyhounds/racecards/2026-08-19/nottingham/racecard/512812
2026-08-19,Nottingham,12:14,4,Sonic Reindeer,512812,Sporting Life,https://www.sportinglife.com/greyhounds/racecards/2026-08-19/nottingham/racecard/512812
2026-08-19,Nottingham,12:14,5,Kelva Brahm,512812,Sporting Life,https://www.sportinglife.com/greyhounds/racecards/2026-08-19/nottingham/racecard/512812
2026-08-19,Nottingham,12:14,6,Flame Wood,512812,Sporting Life,https://www.sportinglife.com/greyhounds/racecards/2026-08-19/nottingham/racecard/512812
2026-08-19,Nottingham,12:31,1,Churchill Boy,512813,Sporting Life,https://www.sportinglife.com/greyhounds/racecards/2026-08-19/nottingham/racecard/512813
2026-08-19,Nottingham,12:31,2,Jager Bren,512813,Sporting Life,https://www.sportinglife.com/greyhounds/racecards/2026-08-19/nottingham/racecard/512813
2026-08-19,Nottingham,12:31,4,Ballymac Coko,512813,Sporting Life,https://www.sportinglife.com/greyhounds/racecards/2026-08-19/nottingham/racecard/512813
2026-08-19,Nottingham,12:31,5,Wynwuff,512813,Sporting Life,https://www.sportinglife.com/greyhounds/racecards/2026-08-19/nottingham/racecard/512813
2026-08-19,Nottingham,12:31,6,Skyfall Belle,512813,Sporting Life,https://www.sportinglife.com/greyhounds/racecards/2026-08-19/nottingham/racecard/512813
2026-08-19,Nottingham,12:48,1,Springwood Penny,512814,Sporting Life,https://www.sportinglife.com/greyhounds/racecards/2026-08-19/nottingham/racecard/512814
2026-08-19,Nottingham,12:48,2,Tromora Jenny,512814,Sporting Life,https://www.sportinglife.com/greyhounds/racecards/2026-08-19/nottingham/racecard/512814
2026-08-19,Nottingham,12:48,3,Wolf Jet,512814,Sporting Life,https://www.sportinglife.com/greyhounds/racecards/2026-08-19/nottingham/racecard/512814
2026-08-19,Nottingham,12:48,4,Sparta Pro,512814,Sporting Life,https://www.sportinglife.com/greyhounds/racecards/2026-08-19/nottingham/racecard/512814
2026-08-19,Nottingham,12:48,5,Tiznow,512814,Sporting Life,https://www.sportinglife.com/greyhounds/racecards/2026-08-19/nottingham/racecard/512814
2026-08-19,Nottingham,12:48,6,Annadown Guggy,512814,Sporting Life,https://www.sportinglife.com/greyhounds/racecards/2026-08-19/nottingham/racecard/512814
2026-08-19,Nottingham,13:06,1,Baby Bono,512815,Sporting Life,https://www.sportinglife.com/greyhounds/racecards/2026-08-19/nottingham/racecard/512815
2026-08-19,Nottingham,13:06,2,No Luck,512815,Sporting Life,https://www.sportinglife.com/greyhounds/racecards/2026-08-19/nottingham/racecard/512815
2026-08-19,Nottingham,13:06,3,Basic Instinct,512815,Sporting Life,https://www.sportinglife.com/greyhounds/racecards/2026-08-19/nottingham/racecard/512815
2026-08-19,Nottingham,13:06,4,Lightfoot Vogue,512815,Sporting Life,https://www.sportinglife.com/greyhounds/racecards/2026-08-19/nottingham/racecard/512815
2026-08-19,Nottingham,13:06,5,Piemans Fairy,512815,Sporting Life,https://www.sportinglife.com/greyhounds/racecards/2026-08-19/nottingham/racecard/512815
2026-08-19,Nottingham,13:06,6,Blackfriars Gold,512815,Sporting Life,https://www.sportinglife.com/greyhounds/racecards/2026-08-19/nottingham/racecard/512815
2026-08-19,Nottingham,13:21,2,Croaghill Max,512816,Sporting Life,https://www.sportinglife.com/greyhounds/racecards/2026-08-19/nottingham/racecard/512816
2026-08-19,Nottingham,13:21,3,Crafty Can Do,512816,Sporting Life,https://www.sportinglife.com/greyhounds/racecards/2026-08-19/nottingham/racecard/512816
2026-08-19,Nottingham,13:21,4,Stradbally Anne,512816,Sporting Life,https://www.sportinglife.com/greyhounds/racecards/2026-08-19/nottingham/racecard/512816
2026-08-19,Nottingham,13:21,5,Runforlucy,512816,Sporting Life,https://www.sportinglife.com/greyhounds/racecards/2026-08-19/nottingham/racecard/512816
2026-08-19,Nottingham,13:21,6,Greybie,512816,Sporting Life,https://www.sportinglife.com/greyhounds/racecards/2026-08-19/nottingham/racecard/512816
2026-08-19,Nottingham,13:36,1,Jades Catch,512817,Sporting Life,https://www.sportinglife.com/greyhounds/racecards/2026-08-19/nottingham/racecard/512817
2026-08-19,Nottingham,13:36,2,Drombane Bono,512817,Sporting Life,https://www.sportinglife.com/greyhounds/racecards/2026-08-19/nottingham/racecard/512817
2026-08-19,Nottingham,13:36,3,Swift Amplify,512817,Sporting Life,https://www.sportinglife.com/greyhounds/racecards/2026-08-19/nottingham/racecard/512817
2026-08-19,Nottingham,13:36,4,Swift Lama,512817,Sporting Life,https://www.sportinglife.com/greyhounds/racecards/2026-08-19/nottingham/racecard/512817
2026-08-19,Nottingham,13:36,5,Triller,512817,Sporting Life,https://www.sportinglife.com/greyhounds/racecards/2026-08-19/nottingham/racecard/512817
2026-08-19,Nottingham,13:36,6,Noirs Fly,512817,Sporting Life,https://www.sportinglife.com/greyhounds/racecards/2026-08-19/nottingham/racecard/512817
2026-08-19,Nottingham,13:52,1,Grandad Bingo,512818,Sporting Life,https://www.sportinglife.com/greyhounds/racecards/2026-08-19/nottingham/racecard/512818
2026-08-19,Nottingham,13:52,2,Platinum Bea,512818,Sporting Life,https://www.sportinglife.com/greyhounds/racecards/2026-08-19/nottingham/racecard/512818
2026-08-19,Nottingham,13:52,3,Spagbol,512818,Sporting Life,https://www.sportinglife.com/greyhounds/racecards/2026-08-19/nottingham/racecard/512818
2026-08-19,Nottingham,13:52,4,Wall Of Silence,512818,Sporting Life,https://www.sportinglife.com/greyhounds/racecards/2026-08-19/nottingham/racecard/512818
2026-08-19,Nottingham,13:52,5,Stellas Jessie,512818,Sporting Life,https://www.sportinglife.com/greyhounds/racecards/2026-08-19/nottingham/racecard/512818
2026-08-19,Nottingham,14:09,1,Aero Floral,512819,Sporting Life,https://www.sportinglife.com/greyhounds/racecards/2026-08-19/nottingham/racecard/512819
2026-08-19,Nottingham,14:09,2,Ballyhimikin Lee,512819,Sporting Life,https://www.sportinglife.com/greyhounds/racecards/2026-08-19/nottingham/racecard/512819
2026-08-19,Nottingham,14:09,4,Honour Bellie,512819,Sporting Life,https://www.sportinglife.com/greyhounds/racecards/2026-08-19/nottingham/racecard/512819
2026-08-19,Nottingham,14:09,5,Platinum Record,512819,Sporting Life,https://www.sportinglife.com/greyhounds/racecards/2026-08-19/nottingham/racecard/512819
2026-08-19,Nottingham,14:09,6,Hotshot Molly,512819,Sporting Life,https://www.sportinglife.com/greyhounds/racecards/2026-08-19/nottingham/racecard/512819
2026-08-19,Romford,18:37,1,Castillo Del Rey,512820,Sporting Life,https://www.sportinglife.com/greyhounds/racecards/2026-08-19/romford/racecard/512820
2026-08-19,Romford,18:37,2,Smashing Major,512820,Sporting Life,https://www.sportinglife.com/greyhounds/racecards/2026-08-19/romford/racecard/512820
2026-08-19,Romford,18:37,3,Rough Ronan,512820,Sporting Life,https://www.sportinglife.com/greyhounds/racecards/2026-08-19/romford/racecard/512820
2026-08-19,Romford,18:37,4,Good Destiny,512820,Sporting Life,https://www.sportinglife.com/greyhounds/racecards/2026-08-19/romford/racecard/512820
2026-08-19,Romford,18:37,6,Trinity Bella,512820,Sporting Life,https://www.sportinglife.com/greyhounds/racecards/2026-08-19/romford/racecard/512820
2026-08-19,Romford,18:53,1,Bubbly Fury,512821,Sporting Life,https://www.sportinglife.com/greyhounds/racecards/2026-08-19/romford/racecard/512821
2026-08-19,Romford,18:53,2,Gurtnacrehy Halo,512821,Sporting Life,https://www.sportinglife.com/greyhounds/racecards/2026-08-19/romford/racecard/512821
2026-08-19,Romford,18:53,3,Zenith Sunrise,512821,Sporting Life,https://www.sportinglife.com/greyhounds/racecards/2026-08-19/romford/racecard/512821
2026-08-19,Romford,18:53,4,Stormtrooper,512821,Sporting Life,https://www.sportinglife.com/greyhounds/racecards/2026-08-19/romford/racecard/512821
2026-08-19,Romford,18:53,5,Roxys Ruth,512821,Sporting Life,https://www.sportinglife.com/greyhounds/racecards/2026-08-19/romford/racecard/512821
2026-08-19,Romford,19:11,1,Aint Got No Cash,512822,Sporting Life,https://www.sportinglife.com/greyhounds/racecards/2026-08-19/romford/racecard/512822
2026-08-19,Romford,19:11,2,Mohican Honey,512822,Sporting Life,https://www.sportinglife.com/greyhounds/racecards/2026-08-19/romford/racecard/512822
2026-08-19,Romford,19:11,3,Saleen Blaze,512822,Sporting Life,https://www.sportinglife.com/greyhounds/racecards/2026-08-19/romford/racecard/512822
2026-08-19,Romford,19:11,4,Swift Accomplish,512822,Sporting Life,https://www.sportinglife.com/greyhounds/racecards/2026-08-19/romford/racecard/512822
2026-08-19,Romford,19:11,5,Swift Lorenzo,512822,Sporting Life,https://www.sportinglife.com/greyhounds/racecards/2026-08-19/romford/racecard/512822
2026-08-19,Romford,19:11,6,Moaning Dolly,512822,Sporting Life,https://www.sportinglife.com/greyhounds/racecards/2026-08-19/romford/racecard/512822
2026-08-19,Romford,19:27,1,Stouke Henry,512823,Sporting Life,https://www.sportinglife.com/greyhounds/racecards/2026-08-19/romford/racecard/512823
2026-08-19,Romford,19:27,2,Skylars Sonny,512823,Sporting Life,https://www.sportinglife.com/greyhounds/racecards/2026-08-19/romford/racecard/512823
2026-08-19,Romford,19:27,3,Yahoo Bree,512823,Sporting Life,https://www.sportinglife.com/greyhounds/racecards/2026-08-19/romford/racecard/512823
2026-08-19,Romford,19:27,4,Tiermana Scott,512823,Sporting Life,https://www.sportinglife.com/greyhounds/racecards/2026-08-19/romford/racecard/512823
2026-08-19,Romford,19:27,6,Four Votes,512823,Sporting Life,https://www.sportinglife.com/greyhounds/racecards/2026-08-19/romford/racecard/512823
2026-08-19,Romford,19:44,1,Flys Legacy,512824,Sporting Life,https://www.sportinglife.com/greyhounds/racecards/2026-08-19/romford/racecard/512824
2026-08-19,Romford,19:44,2,Derrygrath Lisa,512824,Sporting Life,https://www.sportinglife.com/greyhounds/racecards/2026-08-19/romford/racecard/512824
2026-08-19,Romford,19:44,3,Newtown Champ,512824,Sporting Life,https://www.sportinglife.com/greyhounds/racecards/2026-08-19/romford/racecard/512824
2026-08-19,Romford,19:44,4,Yahoo Aoife,512824,Sporting Life,https://www.sportinglife.com/greyhounds/racecards/2026-08-19/romford/racecard/512824
2026-08-19,Romford,19:44,5,Raha Stevie,512824,Sporting Life,https://www.sportinglife.com/greyhounds/racecards/2026-08-19/romford/racecard/512824
2026-08-19,Romford,20:01,1,Hollywood Lilly,512825,Sporting Life,https://www.sportinglife.com/greyhounds/racecards/2026-08-19/romford/racecard/512825
2026-08-19,Romford,20:01,2,Luminous Flyer,512825,Sporting Life,https://www.sportinglife.com/greyhounds/racecards/2026-08-19/romford/racecard/512825
2026-08-19,Romford,20:01,3,Distant Lilly,512825,Sporting Life,https://www.sportinglife.com/greyhounds/racecards/2026-08-19/romford/racecard/512825
2026-08-19,Romford,20:01,4,Dinos Yogi,512825,Sporting Life,https://www.sportinglife.com/greyhounds/racecards/2026-08-19/romford/racecard/512825
2026-08-19,Romford,20:01,5,Andys Dream,512825,Sporting Life,https://www.sportinglife.com/greyhounds/racecards/2026-08-19/romford/racecard/512825
2026-08-19,Romford,20:01,6,Da Young Lad,512825,Sporting Life,https://www.sportinglife.com/greyhounds/racecards/2026-08-19/romford/racecard/512825
2026-08-19,Romford,20:19,1,Pin Point,512826,Sporting Life,https://www.sportinglife.com/greyhounds/racecards/2026-08-19/romford/racecard/512826
2026-08-19,Romford,20:19,2,Swift Jasper,512826,Sporting Life,https://www.sportinglife.com/greyhounds/racecards/2026-08-19/romford/racecard/512826
2026-08-19,Romford,20:19,4,Da Honey Mil,512826,Sporting Life,https://www.sportinglife.com/greyhounds/racecards/2026-08-19/romford/racecard/512826
2026-08-19,Romford,20:19,5,Bubbly Everest,512826,Sporting Life,https://www.sportinglife.com/greyhounds/racecards/2026-08-19/romford/racecard/512826
2026-08-19,Romford,20:19,6,Populist,512826,Sporting Life,https://www.sportinglife.com/greyhounds/racecards/2026-08-19/romford/racecard/512826
2026-08-19,Romford,20:36,1,Didier Dogba,512827,Sporting Life,https://www.sportinglife.com/greyhounds/racecards/2026-08-19/romford/racecard/512827
2026-08-19,Romford,20:36,2,Eddies Star,512827,Sporting Life,https://www.sportinglife.com/greyhounds/racecards/2026-08-19/romford/racecard/512827
2026-08-19,Romford,20:36,3,Thirtyapop,512827,Sporting Life,https://www.sportinglife.com/greyhounds/racecards/2026-08-19/romford/racecard/512827
2026-08-19,Romford,20:36,4,Deelish Annie,512827,Sporting Life,https://www.sportinglife.com/greyhounds/racecards/2026-08-19/romford/racecard/512827
2026-08-19,Romford,20:36,6,Keefill Darwin,512827,Sporting Life,https://www.sportinglife.com/greyhounds/racecards/2026-08-19/romford/racecard/512827
2026-08-19,Romford,20:54,1,Coolanga Diamond,512828,Sporting Life,https://www.sportinglife.com/greyhounds/racecards/2026-08-19/romford/racecard/512828
2026-08-19,Romford,20:54,2,Holding Lizzy,512828,Sporting Life,https://www.sportinglife.com/greyhounds/racecards/2026-08-19/romford/racecard/512828
2026-08-19,Romford,20:54,3,Drovers Romany,512828,Sporting Life,https://www.sportinglife.com/greyhounds/racecards/2026-08-19/romford/racecard/512828
2026-08-19,Romford,20:54,5,Catunda Nemo,512828,Sporting Life,https://www.sportinglife.com/greyhounds/racecards/2026-08-19/romford/racecard/512828
2026-08-19,Romford,20:54,6,Miami Hero,512828,Sporting Life,https://www.sportinglife.com/greyhounds/racecards/2026-08-19/romford/racecard/512828
2026-08-19,Romford,21:11,1,Pawed And Bowled,512829,Sporting Life,https://www.sportinglife.com/greyhounds/racecards/2026-08-19/romford/racecard/512829
2026-08-19,Romford,21:11,2,Aero Buster,512829,Sporting Life,https://www.sportinglife.com/greyhounds/racecards/2026-08-19/romford/racecard/512829
2026-08-19,Romford,21:11,3,Keiths Prezzie,512829,Sporting Life,https://www.sportinglife.com/greyhounds/racecards/2026-08-19/romford/racecard/512829
2026-08-19,Romford,21:11,4,Lollipop Lucy,512829,Sporting Life,https://www.sportinglife.com/greyhounds/racecards/2026-08-19/romford/racecard/512829
2026-08-19,Romford,21:11,6,Carrick Stam,512829,Sporting Life,https://www.sportinglife.com/greyhounds/racecards/2026-08-19/romford/racecard/512829
2026-08-19,Romford,21:28,1,Bacon Burrger,512830,Sporting Life,https://www.sportinglife.com/greyhounds/racecards/2026-08-19/romford/racecard/512830
2026-08-19,Romford,21:28,2,Blackburny,512830,Sporting Life,https://www.sportinglife.com/greyhounds/racecards/2026-08-19/romford/racecard/512830
2026-08-19,Romford,21:28,3,Zinedine Zedog,512830,Sporting Life,https://www.sportinglife.com/greyhounds/racecards/2026-08-19/romford/racecard/512830
2026-08-19,Romford,21:28,5,Snoopys Gold,512830,Sporting Life,https://www.sportinglife.com/greyhounds/racecards/2026-08-19/romford/racecard/512830
2026-08-19,Romford,21:46,1,Jeopardy Diva,512831,Sporting Life,https://www.sportinglife.com/greyhounds/racecards/2026-08-19/romford/racecard/512831
2026-08-19,Romford,21:46,2,Yahoo Cleo,512831,Sporting Life,https://www.sportinglife.com/greyhounds/racecards/2026-08-19/romford/racecard/512831
2026-08-19,Romford,21:46,3,Newinn Tinkerbel,512831,Sporting Life,https://www.sportinglife.com/greyhounds/racecards/2026-08-19/romford/racecard/512831
2026-08-19,Romford,21:46,4,Snoopys Star,512831,Sporting Life,https://www.sportinglife.com/greyhounds/racecards/2026-08-19/romford/racecard/512831
2026-08-19,Romford,21:46,6,Droopys Peru,512831,Sporting Life,https://www.sportinglife.com/greyhounds/racecards/2026-08-19/romford/racecard/512831
2026-08-19,Sunderland,14:36,1,Trumpers Calvin,512911,Sporting Life,https://www.sportinglife.com/greyhounds/racecards/2026-08-19/sunderland/racecard/512911
2026-08-19,Sunderland,14:36,2,Kerrylane Ivy,512911,Sporting Life,https://www.sportinglife.com/greyhounds/racecards/2026-08-19/sunderland/racecard/512911
2026-08-19,Sunderland,14:36,3,Drish River,512911,Sporting Life,https://www.sportinglife.com/greyhounds/racecards/2026-08-19/sunderland/racecard/512911
2026-08-19,Sunderland,14:36,4,Swift Sandcastle,512911,Sporting Life,https://www.sportinglife.com/greyhounds/racecards/2026-08-19/sunderland/racecard/512911
2026-08-19,Sunderland,14:36,5,Rising Forrest,512911,Sporting Life,https://www.sportinglife.com/greyhounds/racecards/2026-08-19/sunderland/racecard/512911
2026-08-19,Sunderland,14:54,2,Roaming Ariana,512912,Sporting Life,https://www.sportinglife.com/greyhounds/racecards/2026-08-19/sunderland/racecard/512912
2026-08-19,Sunderland,14:54,3,Nickos Hunter,512912,Sporting Life,https://www.sportinglife.com/greyhounds/racecards/2026-08-19/sunderland/racecard/512912
2026-08-19,Sunderland,14:54,4,Dashing Elvis,512912,Sporting Life,https://www.sportinglife.com/greyhounds/racecards/2026-08-19/sunderland/racecard/512912
2026-08-19,Sunderland,14:54,5,Monadreen Jazz,512912,Sporting Life,https://www.sportinglife.com/greyhounds/racecards/2026-08-19/sunderland/racecard/512912
2026-08-19,Sunderland,14:54,6,Jacktavern Nicky,512912,Sporting Life,https://www.sportinglife.com/greyhounds/racecards/2026-08-19/sunderland/racecard/512912
2026-08-19,Sunderland,15:13,1,Lurriga Darla,512913,Sporting Life,https://www.sportinglife.com/greyhounds/racecards/2026-08-19/sunderland/racecard/512913
2026-08-19,Sunderland,15:13,2,Itsgiving Delulu,512913,Sporting Life,https://www.sportinglife.com/greyhounds/racecards/2026-08-19/sunderland/racecard/512913
2026-08-19,Sunderland,15:13,3,Sunny Tab,512913,Sporting Life,https://www.sportinglife.com/greyhounds/racecards/2026-08-19/sunderland/racecard/512913
2026-08-19,Sunderland,15:13,4,Cantcallhimaero,512913,Sporting Life,https://www.sportinglife.com/greyhounds/racecards/2026-08-19/sunderland/racecard/512913
2026-08-19,Sunderland,15:13,5,Burkos Criminal,512913,Sporting Life,https://www.sportinglife.com/greyhounds/racecards/2026-08-19/sunderland/racecard/512913
2026-08-19,Sunderland,15:32,1,Marinas Calgary,512914,Sporting Life,https://www.sportinglife.com/greyhounds/racecards/2026-08-19/sunderland/racecard/512914
2026-08-19,Sunderland,15:32,2,Dairyland Maeve,512914,Sporting Life,https://www.sportinglife.com/greyhounds/racecards/2026-08-19/sunderland/racecard/512914
2026-08-19,Sunderland,15:32,3,Rosstemple Ben,512914,Sporting Life,https://www.sportinglife.com/greyhounds/racecards/2026-08-19/sunderland/racecard/512914
2026-08-19,Sunderland,15:32,4,Fruity Ninja,512914,Sporting Life,https://www.sportinglife.com/greyhounds/racecards/2026-08-19/sunderland/racecard/512914
2026-08-19,Sunderland,15:32,6,Speedy Rita,512914,Sporting Life,https://www.sportinglife.com/greyhounds/racecards/2026-08-19/sunderland/racecard/512914
2026-08-19,Sunderland,15:51,1,Confident Josie,512915,Sporting Life,https://www.sportinglife.com/greyhounds/racecards/2026-08-19/sunderland/racecard/512915
2026-08-19,Sunderland,15:51,2,Raha Shadow,512915,Sporting Life,https://www.sportinglife.com/greyhounds/racecards/2026-08-19/sunderland/racecard/512915
2026-08-19,Sunderland,15:51,4,Tullymurry Shine,512915,Sporting Life,https://www.sportinglife.com/greyhounds/racecards/2026-08-19/sunderland/racecard/512915
2026-08-19,Sunderland,15:51,5,Westforth Avayla,512915,Sporting Life,https://www.sportinglife.com/greyhounds/racecards/2026-08-19/sunderland/racecard/512915
2026-08-19,Sunderland,15:51,6,Cloncunny Black,512915,Sporting Life,https://www.sportinglife.com/greyhounds/racecards/2026-08-19/sunderland/racecard/512915
2026-08-19,Sunderland,16:09,1,Fruity Pebbles,512916,Sporting Life,https://www.sportinglife.com/greyhounds/racecards/2026-08-19/sunderland/racecard/512916
2026-08-19,Sunderland,16:09,2,Lillys A Lady,512916,Sporting Life,https://www.sportinglife.com/greyhounds/racecards/2026-08-19/sunderland/racecard/512916
2026-08-19,Sunderland,16:09,3,Rebel William,512916,Sporting Life,https://www.sportinglife.com/greyhounds/racecards/2026-08-19/sunderland/racecard/512916
2026-08-19,Sunderland,16:09,4,Hollyhill Tommy,512916,Sporting Life,https://www.sportinglife.com/greyhounds/racecards/2026-08-19/sunderland/racecard/512916
2026-08-19,Sunderland,16:09,6,Cooga Alan,512916,Sporting Life,https://www.sportinglife.com/greyhounds/racecards/2026-08-19/sunderland/racecard/512916
2026-08-19,Sunderland,16:28,1,Nellys Magoo,512917,Sporting Life,https://www.sportinglife.com/greyhounds/racecards/2026-08-19/sunderland/racecard/512917
2026-08-19,Sunderland,16:28,2,Knocknadoguebony,512917,Sporting Life,https://www.sportinglife.com/greyhounds/racecards/2026-08-19/sunderland/racecard/512917
2026-08-19,Sunderland,16:28,3,Distant Barbie,512917,Sporting Life,https://www.sportinglife.com/greyhounds/racecards/2026-08-19/sunderland/racecard/512917
2026-08-19,Sunderland,16:28,4,Allowdale Yuno,512917,Sporting Life,https://www.sportinglife.com/greyhounds/racecards/2026-08-19/sunderland/racecard/512917
2026-08-19,Sunderland,16:28,6,Wraysbury Rhyme,512917,Sporting Life,https://www.sportinglife.com/greyhounds/racecards/2026-08-19/sunderland/racecard/512917
2026-08-19,Sunderland,16:47,1,Dellser Cassie,512918,Sporting Life,https://www.sportinglife.com/greyhounds/racecards/2026-08-19/sunderland/racecard/512918
2026-08-19,Sunderland,16:47,2,Hi Hilda,512918,Sporting Life,https://www.sportinglife.com/greyhounds/racecards/2026-08-19/sunderland/racecard/512918
2026-08-19,Sunderland,16:47,4,Rathronan Axel,512918,Sporting Life,https://www.sportinglife.com/greyhounds/racecards/2026-08-19/sunderland/racecard/512918
2026-08-19,Sunderland,16:47,5,Glideaway Ellie,512918,Sporting Life,https://www.sportinglife.com/greyhounds/racecards/2026-08-19/sunderland/racecard/512918
2026-08-19,Sunderland,16:47,6,Thors Hope,512918,Sporting Life,https://www.sportinglife.com/greyhounds/racecards/2026-08-19/sunderland/racecard/512918
2026-08-19,Sunderland,17:06,1,Maes Star,512919,Sporting Life,https://www.sportinglife.com/greyhounds/racecards/2026-08-19/sunderland/racecard/512919
2026-08-19,Sunderland,17:06,2,Ballyroe Blue,512919,Sporting Life,https://www.sportinglife.com/greyhounds/racecards/2026-08-19/sunderland/racecard/512919
2026-08-19,Sunderland,17:06,3,Las Vegas,512919,Sporting Life,https://www.sportinglife.com/greyhounds/racecards/2026-08-19/sunderland/racecard/512919
2026-08-19,Sunderland,17:06,4,Lostrigg Benny,512919,Sporting Life,https://www.sportinglife.com/greyhounds/racecards/2026-08-19/sunderland/racecard/512919
2026-08-19,Sunderland,17:06,6,Walk On Buddy,512919,Sporting Life,https://www.sportinglife.com/greyhounds/racecards/2026-08-19/sunderland/racecard/512919
2026-08-19,Sunderland,17:24,2,Ballyhooly Rory,512920,Sporting Life,https://www.sportinglife.com/greyhounds/racecards/2026-08-19/sunderland/racecard/512920
2026-08-19,Sunderland,17:24,3,Cowardly John,512920,Sporting Life,https://www.sportinglife.com/greyhounds/racecards/2026-08-19/sunderland/racecard/512920
2026-08-19,Sunderland,17:24,4,Swift Mandy,512920,Sporting Life,https://www.sportinglife.com/greyhounds/racecards/2026-08-19/sunderland/racecard/512920
2026-08-19,Sunderland,17:24,5,Shanmoyle Mary,512920,Sporting Life,https://www.sportinglife.com/greyhounds/racecards/2026-08-19/sunderland/racecard/512920
2026-08-19,Sunderland,17:24,6,Crossfield Conni,512920,Sporting Life,https://www.sportinglife.com/greyhounds/racecards/2026-08-19/sunderland/racecard/512920
2026-08-19,Sunderland,17:43,1,Wishful Nancy,512921,Sporting Life,https://www.sportinglife.com/greyhounds/racecards/2026-08-19/sunderland/racecard/512921
2026-08-19,Sunderland,17:43,2,Nicoles Noir,512921,Sporting Life,https://www.sportinglife.com/greyhounds/racecards/2026-08-19/sunderland/racecard/512921
2026-08-19,Sunderland,17:43,3,Gringos Socks,512921,Sporting Life,https://www.sportinglife.com/greyhounds/racecards/2026-08-19/sunderland/racecard/512921
2026-08-19,Sunderland,17:43,4,Ballyquin Izzy,512921,Sporting Life,https://www.sportinglife.com/greyhounds/racecards/2026-08-19/sunderland/racecard/512921
2026-08-19,Sunderland,17:43,5,Chiltern Lily,512921,Sporting Life,https://www.sportinglife.com/greyhounds/racecards/2026-08-19/sunderland/racecard/512921
2026-08-19,Sunderland,17:43,6,Lazy Loo,512921,Sporting Life,https://www.sportinglife.com/greyhounds/racecards/2026-08-19/sunderland/racecard/512921
2026-08-19,Sunderland,18:02,1,Stackemup Ricky,512922,Sporting Life,https://www.sportinglife.com/greyhounds/racecards/2026-08-19/sunderland/racecard/512922
2026-08-19,Sunderland,18:02,2,Quickstep Hoban,512922,Sporting Life,https://www.sportinglife.com/greyhounds/racecards/2026-08-19/sunderland/racecard/512922
2026-08-19,Sunderland,18:02,3,Millroad Rocket,512922,Sporting Life,https://www.sportinglife.com/greyhounds/racecards/2026-08-19/sunderland/racecard/512922
2026-08-19,Sunderland,18:02,4,Kilmaloo Stilly,512922,Sporting Life,https://www.sportinglife.com/greyhounds/racecards/2026-08-19/sunderland/racecard/512922
2026-08-19,Sunderland,18:02,5,Abbeyside Jasmin,512922,Sporting Life,https://www.sportinglife.com/greyhounds/racecards/2026-08-19/sunderland/racecard/512922
2026-08-19,Towcester,11:14,1,Salacres Merkel,512899,Sporting Life,https://www.sportinglife.com/greyhounds/racecards/2026-08-19/towcester/racecard/512899
2026-08-19,Towcester,11:14,2,Ballyclearylinks,512899,Sporting Life,https://www.sportinglife.com/greyhounds/racecards/2026-08-19/towcester/racecard/512899
2026-08-19,Towcester,11:14,3,Blitz Hurricane,512899,Sporting Life,https://www.sportinglife.com/greyhounds/racecards/2026-08-19/towcester/racecard/512899
2026-08-19,Towcester,11:14,4,Limerick Boy,512899,Sporting Life,https://www.sportinglife.com/greyhounds/racecards/2026-08-19/towcester/racecard/512899
2026-08-19,Towcester,11:14,5,Ballymac Andre,512899,Sporting Life,https://www.sportinglife.com/greyhounds/racecards/2026-08-19/towcester/racecard/512899
2026-08-19,Towcester,11:14,6,Jaz Style,512899,Sporting Life,https://www.sportinglife.com/greyhounds/racecards/2026-08-19/towcester/racecard/512899
2026-08-19,Towcester,11:30,1,Likely Lady,512900,Sporting Life,https://www.sportinglife.com/greyhounds/racecards/2026-08-19/towcester/racecard/512900
2026-08-19,Towcester,11:30,2,Rockstar Lilly,512900,Sporting Life,https://www.sportinglife.com/greyhounds/racecards/2026-08-19/towcester/racecard/512900
2026-08-19,Towcester,11:30,3,Trapstyle Egg,512900,Sporting Life,https://www.sportinglife.com/greyhounds/racecards/2026-08-19/towcester/racecard/512900
2026-08-19,Towcester,11:30,4,Scooby Van Gogh,512900,Sporting Life,https://www.sportinglife.com/greyhounds/racecards/2026-08-19/towcester/racecard/512900
2026-08-19,Towcester,11:30,5,Cockneyloudmouth,512900,Sporting Life,https://www.sportinglife.com/greyhounds/racecards/2026-08-19/towcester/racecard/512900
2026-08-19,Towcester,11:30,6,Rowington Ruse,512900,Sporting Life,https://www.sportinglife.com/greyhounds/racecards/2026-08-19/towcester/racecard/512900
2026-08-19,Towcester,11:46,1,Ballymac Indo,512901,Sporting Life,https://www.sportinglife.com/greyhounds/racecards/2026-08-19/towcester/racecard/512901
2026-08-19,Towcester,11:46,2,Contempt,512901,Sporting Life,https://www.sportinglife.com/greyhounds/racecards/2026-08-19/towcester/racecard/512901
2026-08-19,Towcester,11:46,3,Ballymac Tensel,512901,Sporting Life,https://www.sportinglife.com/greyhounds/racecards/2026-08-19/towcester/racecard/512901
2026-08-19,Towcester,11:46,5,Five Alley Zena,512901,Sporting Life,https://www.sportinglife.com/greyhounds/racecards/2026-08-19/towcester/racecard/512901
2026-08-19,Towcester,11:46,6,Ballymac Genius,512901,Sporting Life,https://www.sportinglife.com/greyhounds/racecards/2026-08-19/towcester/racecard/512901
2026-08-19,Towcester,12:03,1,Ardera Lass,512902,Sporting Life,https://www.sportinglife.com/greyhounds/racecards/2026-08-19/towcester/racecard/512902
2026-08-19,Towcester,12:03,2,Choices Express,512902,Sporting Life,https://www.sportinglife.com/greyhounds/racecards/2026-08-19/towcester/racecard/512902
2026-08-19,Towcester,12:03,3,Forest Leann,512902,Sporting Life,https://www.sportinglife.com/greyhounds/racecards/2026-08-19/towcester/racecard/512902
2026-08-19,Towcester,12:03,4,Fabulous Tamiko,512902,Sporting Life,https://www.sportinglife.com/greyhounds/racecards/2026-08-19/towcester/racecard/512902
2026-08-19,Towcester,12:03,5,Rosegarland Gina,512902,Sporting Life,https://www.sportinglife.com/greyhounds/racecards/2026-08-19/towcester/racecard/512902
2026-08-19,Towcester,12:03,6,Coolemore South,512902,Sporting Life,https://www.sportinglife.com/greyhounds/racecards/2026-08-19/towcester/racecard/512902
2026-08-19,Towcester,12:20,1,Boherash Jani,512903,Sporting Life,https://www.sportinglife.com/greyhounds/racecards/2026-08-19/towcester/racecard/512903
2026-08-19,Towcester,12:20,2,Alright Maggie,512903,Sporting Life,https://www.sportinglife.com/greyhounds/racecards/2026-08-19/towcester/racecard/512903
2026-08-19,Towcester,12:20,3,Denanval,512903,Sporting Life,https://www.sportinglife.com/greyhounds/racecards/2026-08-19/towcester/racecard/512903
2026-08-19,Towcester,12:20,5,Vinegarhill Dee,512903,Sporting Life,https://www.sportinglife.com/greyhounds/racecards/2026-08-19/towcester/racecard/512903
2026-08-19,Towcester,12:20,6,Garnacho Girl,512903,Sporting Life,https://www.sportinglife.com/greyhounds/racecards/2026-08-19/towcester/racecard/512903
2026-08-19,Towcester,12:37,1,Wraysbury Band,512904,Sporting Life,https://www.sportinglife.com/greyhounds/racecards/2026-08-19/towcester/racecard/512904
2026-08-19,Towcester,12:37,2,Salacres Berezia,512904,Sporting Life,https://www.sportinglife.com/greyhounds/racecards/2026-08-19/towcester/racecard/512904
2026-08-19,Towcester,12:37,3,Fabulous Ramona,512904,Sporting Life,https://www.sportinglife.com/greyhounds/racecards/2026-08-19/towcester/racecard/512904
2026-08-19,Towcester,12:37,5,Eire Katie,512904,Sporting Life,https://www.sportinglife.com/greyhounds/racecards/2026-08-19/towcester/racecard/512904
2026-08-19,Towcester,12:37,6,Ducleagh,512904,Sporting Life,https://www.sportinglife.com/greyhounds/racecards/2026-08-19/towcester/racecard/512904
2026-08-19,Towcester,12:53,1,Salacres Farage,512905,Sporting Life,https://www.sportinglife.com/greyhounds/racecards/2026-08-19/towcester/racecard/512905
2026-08-19,Towcester,12:53,2,Essex Dee,512905,Sporting Life,https://www.sportinglife.com/greyhounds/racecards/2026-08-19/towcester/racecard/512905
2026-08-19,Towcester,12:53,3,Vinegarhill Luna,512905,Sporting Life,https://www.sportinglife.com/greyhounds/racecards/2026-08-19/towcester/racecard/512905
2026-08-19,Towcester,12:53,4,Kranky Paddy,512905,Sporting Life,https://www.sportinglife.com/greyhounds/racecards/2026-08-19/towcester/racecard/512905
2026-08-19,Towcester,12:53,5,Mums Image,512905,Sporting Life,https://www.sportinglife.com/greyhounds/racecards/2026-08-19/towcester/racecard/512905
2026-08-19,Towcester,12:53,6,So Its Flash,512905,Sporting Life,https://www.sportinglife.com/greyhounds/racecards/2026-08-19/towcester/racecard/512905
2026-08-19,Towcester,13:11,2,Deecee Bono,512906,Sporting Life,https://www.sportinglife.com/greyhounds/racecards/2026-08-19/towcester/racecard/512906
2026-08-19,Towcester,13:11,3,Footfield Mouse,512906,Sporting Life,https://www.sportinglife.com/greyhounds/racecards/2026-08-19/towcester/racecard/512906
2026-08-19,Towcester,13:11,4,Cavan For Sam,512906,Sporting Life,https://www.sportinglife.com/greyhounds/racecards/2026-08-19/towcester/racecard/512906
2026-08-19,Towcester,13:11,5,Marshall Sam,512906,Sporting Life,https://www.sportinglife.com/greyhounds/racecards/2026-08-19/towcester/racecard/512906
2026-08-19,Towcester,13:11,6,Tolpuddleduchess,512906,Sporting Life,https://www.sportinglife.com/greyhounds/racecards/2026-08-19/towcester/racecard/512906
2026-08-19,Towcester,13:26,1,Choices Jess,512907,Sporting Life,https://www.sportinglife.com/greyhounds/racecards/2026-08-19/towcester/racecard/512907
2026-08-19,Towcester,13:26,2,Swift Isla,512907,Sporting Life,https://www.sportinglife.com/greyhounds/racecards/2026-08-19/towcester/racecard/512907
2026-08-19,Towcester,13:26,3,Fabulous Miley,512907,Sporting Life,https://www.sportinglife.com/greyhounds/racecards/2026-08-19/towcester/racecard/512907
2026-08-19,Towcester,13:26,4,Dashing Tom,512907,Sporting Life,https://www.sportinglife.com/greyhounds/racecards/2026-08-19/towcester/racecard/512907
2026-08-19,Towcester,13:26,5,Salacresgovernor,512907,Sporting Life,https://www.sportinglife.com/greyhounds/racecards/2026-08-19/towcester/racecard/512907
2026-08-19,Towcester,13:26,6,Fabulous Lara,512907,Sporting Life,https://www.sportinglife.com/greyhounds/racecards/2026-08-19/towcester/racecard/512907
2026-08-19,Towcester,13:41,1,Choices Bev,512908,Sporting Life,https://www.sportinglife.com/greyhounds/racecards/2026-08-19/towcester/racecard/512908
2026-08-19,Towcester,13:41,2,Stratton Girl,512908,Sporting Life,https://www.sportinglife.com/greyhounds/racecards/2026-08-19/towcester/racecard/512908
2026-08-19,Towcester,13:41,3,Fabulous Allana,512908,Sporting Life,https://www.sportinglife.com/greyhounds/racecards/2026-08-19/towcester/racecard/512908
2026-08-19,Towcester,13:41,4,Ballycleary Bell,512908,Sporting Life,https://www.sportinglife.com/greyhounds/racecards/2026-08-19/towcester/racecard/512908
2026-08-19,Towcester,13:41,5,Dublin Jimmy,512908,Sporting Life,https://www.sportinglife.com/greyhounds/racecards/2026-08-19/towcester/racecard/512908
2026-08-19,Towcester,13:41,6,Amys Gem,512908,Sporting Life,https://www.sportinglife.com/greyhounds/racecards/2026-08-19/towcester/racecard/512908
2026-08-19,Towcester,13:58,1,Hitthelids Miley,512909,Sporting Life,https://www.sportinglife.com/greyhounds/racecards/2026-08-19/towcester/racecard/512909
2026-08-19,Towcester,13:58,2,Rowington Rascal,512909,Sporting Life,https://www.sportinglife.com/greyhounds/racecards/2026-08-19/towcester/racecard/512909
2026-08-19,Towcester,13:58,3,Darraghs Dream,512909,Sporting Life,https://www.sportinglife.com/greyhounds/racecards/2026-08-19/towcester/racecard/512909
2026-08-19,Towcester,13:58,4,Choices Mile,512909,Sporting Life,https://www.sportinglife.com/greyhounds/racecards/2026-08-19/towcester/racecard/512909
2026-08-19,Towcester,13:58,5,Coolmeen Chloe,512909,Sporting Life,https://www.sportinglife.com/greyhounds/racecards/2026-08-19/towcester/racecard/512909
2026-08-19,Towcester,14:14,1,Wessex Duchess,512910,Sporting Life,https://www.sportinglife.com/greyhounds/racecards/2026-08-19/towcester/racecard/512910
2026-08-19,Towcester,14:14,2,Cuile Live Cross,512910,Sporting Life,https://www.sportinglife.com/greyhounds/racecards/2026-08-19/towcester/racecard/512910
2026-08-19,Towcester,14:14,3,Topper Shea,512910,Sporting Life,https://www.sportinglife.com/greyhounds/racecards/2026-08-19/towcester/racecard/512910
2026-08-19,Towcester,14:14,4,Salacres Smiler,512910,Sporting Life,https://www.sportinglife.com/greyhounds/racecards/2026-08-19/towcester/racecard/512910
2026-08-19,Towcester,14:14,5,Plaza Kathleen,512910,Sporting Life,https://www.sportinglife.com/greyhounds/racecards/2026-08-19/towcester/racecard/512910
2026-08-19,Towcester,14:14,6,Trapstyle Wee,512910,Sporting Life,https://www.sportinglife.com/greyhounds/racecards/2026-08-19/towcester/racecard/512910
2026-08-19,Valley,13:49,1,Crokers Gloria,512846,Sporting Life,https://www.sportinglife.com/greyhounds/racecards/2026-08-19/valley/racecard/512846
2026-08-19,Valley,13:49,2,Sheadogue Babs,512846,Sporting Life,https://www.sportinglife.com/greyhounds/racecards/2026-08-19/valley/racecard/512846
2026-08-19,Valley,13:49,3,Ballygibba Liv,512846,Sporting Life,https://www.sportinglife.com/greyhounds/racecards/2026-08-19/valley/racecard/512846
2026-08-19,Valley,13:49,4,Runaway May,512846,Sporting Life,https://www.sportinglife.com/greyhounds/racecards/2026-08-19/valley/racecard/512846
2026-08-19,Valley,13:49,5,Astro Mary,512846,Sporting Life,https://www.sportinglife.com/greyhounds/racecards/2026-08-19/valley/racecard/512846
2026-08-19,Valley,13:49,6,Tagalong Bucko,512846,Sporting Life,https://www.sportinglife.com/greyhounds/racecards/2026-08-19/valley/racecard/512846
2026-08-19,Valley,14:08,1,Afan Louie,512847,Sporting Life,https://www.sportinglife.com/greyhounds/racecards/2026-08-19/valley/racecard/512847
2026-08-19,Valley,14:08,2,Home Grainne,512847,Sporting Life,https://www.sportinglife.com/greyhounds/racecards/2026-08-19/valley/racecard/512847
2026-08-19,Valley,14:08,3,Chadwell Emra,512847,Sporting Life,https://www.sportinglife.com/greyhounds/racecards/2026-08-19/valley/racecard/512847
2026-08-19,Valley,14:08,4,Chadwell Tyson,512847,Sporting Life,https://www.sportinglife.com/greyhounds/racecards/2026-08-19/valley/racecard/512847
2026-08-19,Valley,14:08,5,Carrigmore Scott,512847,Sporting Life,https://www.sportinglife.com/greyhounds/racecards/2026-08-19/valley/racecard/512847
2026-08-19,Valley,14:08,6,Riot Co Martin,512847,Sporting Life,https://www.sportinglife.com/greyhounds/racecards/2026-08-19/valley/racecard/512847
2026-08-19,Valley,14:26,1,Ballinabola Phil,512848,Sporting Life,https://www.sportinglife.com/greyhounds/racecards/2026-08-19/valley/racecard/512848
2026-08-19,Valley,14:26,2,Knockroe Ace,512848,Sporting Life,https://www.sportinglife.com/greyhounds/racecards/2026-08-19/valley/racecard/512848
2026-08-19,Valley,14:26,4,My Little Farmer,512848,Sporting Life,https://www.sportinglife.com/greyhounds/racecards/2026-08-19/valley/racecard/512848
2026-08-19,Valley,14:26,5,Beechview Bale,512848,Sporting Life,https://www.sportinglife.com/greyhounds/racecards/2026-08-19/valley/racecard/512848
2026-08-19,Valley,14:26,6,Memories Clash,512848,Sporting Life,https://www.sportinglife.com/greyhounds/racecards/2026-08-19/valley/racecard/512848
2026-08-19,Valley,14:44,1,Hawkfield Cassie,512849,Sporting Life,https://www.sportinglife.com/greyhounds/racecards/2026-08-19/valley/racecard/512849
2026-08-19,Valley,14:44,2,Ballyroyal Rocky,512849,Sporting Life,https://www.sportinglife.com/greyhounds/racecards/2026-08-19/valley/racecard/512849
2026-08-19,Valley,14:44,3,Home Colleen,512849,Sporting Life,https://www.sportinglife.com/greyhounds/racecards/2026-08-19/valley/racecard/512849
2026-08-19,Valley,14:44,4,Dry Morning,512849,Sporting Life,https://www.sportinglife.com/greyhounds/racecards/2026-08-19/valley/racecard/512849
2026-08-19,Valley,14:44,5,Honeygar Prince,512849,Sporting Life,https://www.sportinglife.com/greyhounds/racecards/2026-08-19/valley/racecard/512849
2026-08-19,Valley,14:44,6,Only The Future,512849,Sporting Life,https://www.sportinglife.com/greyhounds/racecards/2026-08-19/valley/racecard/512849
2026-08-19,Valley,15:03,1,Hawkfield Jackie,512850,Sporting Life,https://www.sportinglife.com/greyhounds/racecards/2026-08-19/valley/racecard/512850
2026-08-19,Valley,15:03,2,Billis Sniper,512850,Sporting Life,https://www.sportinglife.com/greyhounds/racecards/2026-08-19/valley/racecard/512850
2026-08-19,Valley,15:03,3,Trump World,512850,Sporting Life,https://www.sportinglife.com/greyhounds/racecards/2026-08-19/valley/racecard/512850
2026-08-19,Valley,15:03,4,Rollaway Willow,512850,Sporting Life,https://www.sportinglife.com/greyhounds/racecards/2026-08-19/valley/racecard/512850
2026-08-19,Valley,15:03,5,Burkos Buster,512850,Sporting Life,https://www.sportinglife.com/greyhounds/racecards/2026-08-19/valley/racecard/512850
2026-08-19,Valley,15:03,6,Mynydd Frank,512850,Sporting Life,https://www.sportinglife.com/greyhounds/racecards/2026-08-19/valley/racecard/512850
2026-08-19,Valley,15:22,2,Shanghai Willie,512851,Sporting Life,https://www.sportinglife.com/greyhounds/racecards/2026-08-19/valley/racecard/512851
2026-08-19,Valley,15:22,3,Breaking Stones,512851,Sporting Life,https://www.sportinglife.com/greyhounds/racecards/2026-08-19/valley/racecard/512851
2026-08-19,Valley,15:22,4,Race For Spud,512851,Sporting Life,https://www.sportinglife.com/greyhounds/racecards/2026-08-19/valley/racecard/512851
2026-08-19,Valley,15:22,5,Not To Worrie,512851,Sporting Life,https://www.sportinglife.com/greyhounds/racecards/2026-08-19/valley/racecard/512851
2026-08-19,Valley,15:22,6,Wilbrook Tommy,512851,Sporting Life,https://www.sportinglife.com/greyhounds/racecards/2026-08-19/valley/racecard/512851
2026-08-19,Valley,15:41,1,Mongys Sydney,512852,Sporting Life,https://www.sportinglife.com/greyhounds/racecards/2026-08-19/valley/racecard/512852
2026-08-19,Valley,15:41,2,Burgess Julie,512852,Sporting Life,https://www.sportinglife.com/greyhounds/racecards/2026-08-19/valley/racecard/512852
2026-08-19,Valley,15:41,3,Hawkfield Elvis,512852,Sporting Life,https://www.sportinglife.com/greyhounds/racecards/2026-08-19/valley/racecard/512852
2026-08-19,Valley,15:41,4,Aldean Spice,512852,Sporting Life,https://www.sportinglife.com/greyhounds/racecards/2026-08-19/valley/racecard/512852
2026-08-19,Valley,15:41,5,Metric Buster,512852,Sporting Life,https://www.sportinglife.com/greyhounds/racecards/2026-08-19/valley/racecard/512852
2026-08-19,Valley,15:41,6,Hawkfield Hugo,512852,Sporting Life,https://www.sportinglife.com/greyhounds/racecards/2026-08-19/valley/racecard/512852
2026-08-19,Valley,15:59,2,Daisy Doo,512853,Sporting Life,https://www.sportinglife.com/greyhounds/racecards/2026-08-19/valley/racecard/512853
2026-08-19,Valley,15:59,3,Lady Fern,512853,Sporting Life,https://www.sportinglife.com/greyhounds/racecards/2026-08-19/valley/racecard/512853
2026-08-19,Valley,15:59,4,Rapido Firmino,512853,Sporting Life,https://www.sportinglife.com/greyhounds/racecards/2026-08-19/valley/racecard/512853
2026-08-19,Valley,15:59,5,Cill Dubh Cohal,512853,Sporting Life,https://www.sportinglife.com/greyhounds/racecards/2026-08-19/valley/racecard/512853
2026-08-19,Valley,15:59,6,Hawkfield Jazz,512853,Sporting Life,https://www.sportinglife.com/greyhounds/racecards/2026-08-19/valley/racecard/512853
2026-08-19,Valley,16:18,1,Miss Eske,512854,Sporting Life,https://www.sportinglife.com/greyhounds/racecards/2026-08-19/valley/racecard/512854
2026-08-19,Valley,16:18,2,Tobergal Suzanne,512854,Sporting Life,https://www.sportinglife.com/greyhounds/racecards/2026-08-19/valley/racecard/512854
2026-08-19,Valley,16:18,3,Playdate Jasper,512854,Sporting Life,https://www.sportinglife.com/greyhounds/racecards/2026-08-19/valley/racecard/512854
2026-08-19,Valley,16:18,4,Mylerstown Sage,512854,Sporting Life,https://www.sportinglife.com/greyhounds/racecards/2026-08-19/valley/racecard/512854
2026-08-19,Valley,16:18,5,Mid West Daisy,512854,Sporting Life,https://www.sportinglife.com/greyhounds/racecards/2026-08-19/valley/racecard/512854
2026-08-19,Valley,16:18,6,Millbank Lolly,512854,Sporting Life,https://www.sportinglife.com/greyhounds/racecards/2026-08-19/valley/racecard/512854
2026-08-19,Yarmouth,18:14,1,Rapido Auz,512923,Sporting Life,https://www.sportinglife.com/greyhounds/racecards/2026-08-19/yarmouth/racecard/512923
2026-08-19,Yarmouth,18:14,2,Isthatmyfella,512923,Sporting Life,https://www.sportinglife.com/greyhounds/racecards/2026-08-19/yarmouth/racecard/512923
2026-08-19,Yarmouth,18:14,3,Whisper Dolly,512923,Sporting Life,https://www.sportinglife.com/greyhounds/racecards/2026-08-19/yarmouth/racecard/512923
2026-08-19,Yarmouth,18:14,4,Morning Delight,512923,Sporting Life,https://www.sportinglife.com/greyhounds/racecards/2026-08-19/yarmouth/racecard/512923
2026-08-19,Yarmouth,18:14,6,Queen Lana,512923,Sporting Life,https://www.sportinglife.com/greyhounds/racecards/2026-08-19/yarmouth/racecard/512923
2026-08-19,Yarmouth,18:31,1,Seeyouatlake,512924,Sporting Life,https://www.sportinglife.com/greyhounds/racecards/2026-08-19/yarmouth/racecard/512924
2026-08-19,Yarmouth,18:31,2,Thunder Clap,512924,Sporting Life,https://www.sportinglife.com/greyhounds/racecards/2026-08-19/yarmouth/racecard/512924
2026-08-19,Yarmouth,18:31,3,Giveusaping,512924,Sporting Life,https://www.sportinglife.com/greyhounds/racecards/2026-08-19/yarmouth/racecard/512924
2026-08-19,Yarmouth,18:31,4,Slight Delay,512924,Sporting Life,https://www.sportinglife.com/greyhounds/racecards/2026-08-19/yarmouth/racecard/512924
2026-08-19,Yarmouth,18:31,5,Barista Brew,512924,Sporting Life,https://www.sportinglife.com/greyhounds/racecards/2026-08-19/yarmouth/racecard/512924
2026-08-19,Yarmouth,18:31,6,Melbury Loki,512924,Sporting Life,https://www.sportinglife.com/greyhounds/racecards/2026-08-19/yarmouth/racecard/512924
2026-08-19,Yarmouth,18:48,1,Mystical Luke,512925,Sporting Life,https://www.sportinglife.com/greyhounds/racecards/2026-08-19/yarmouth/racecard/512925
2026-08-19,Yarmouth,18:48,3,Roanna Twostroke,512925,Sporting Life,https://www.sportinglife.com/greyhounds/racecards/2026-08-19/yarmouth/racecard/512925
2026-08-19,Yarmouth,18:48,4,Rapido Camilla,512925,Sporting Life,https://www.sportinglife.com/greyhounds/racecards/2026-08-19/yarmouth/racecard/512925
2026-08-19,Yarmouth,18:48,5,Crypto Wallet,512925,Sporting Life,https://www.sportinglife.com/greyhounds/racecards/2026-08-19/yarmouth/racecard/512925
2026-08-19,Yarmouth,18:48,6,Golden Dewdrop,512925,Sporting Life,https://www.sportinglife.com/greyhounds/racecards/2026-08-19/yarmouth/racecard/512925
2026-08-19,Yarmouth,19:06,1,Crossfield Bella,512926,Sporting Life,https://www.sportinglife.com/greyhounds/racecards/2026-08-19/yarmouth/racecard/512926
2026-08-19,Yarmouth,19:06,2,Derrygrath Laura,512926,Sporting Life,https://www.sportinglife.com/greyhounds/racecards/2026-08-19/yarmouth/racecard/512926
2026-08-19,Yarmouth,19:06,3,Razzamatazz,512926,Sporting Life,https://www.sportinglife.com/greyhounds/racecards/2026-08-19/yarmouth/racecard/512926
2026-08-19,Yarmouth,19:06,4,Hunsdon Major,512926,Sporting Life,https://www.sportinglife.com/greyhounds/racecards/2026-08-19/yarmouth/racecard/512926
2026-08-19,Yarmouth,19:06,6,Swift Yes,512926,Sporting Life,https://www.sportinglife.com/greyhounds/racecards/2026-08-19/yarmouth/racecard/512926
2026-08-19,Yarmouth,19:22,1,Bluejig Tank,512927,Sporting Life,https://www.sportinglife.com/greyhounds/racecards/2026-08-19/yarmouth/racecard/512927
2026-08-19,Yarmouth,19:22,2,Tetra Kenny,512927,Sporting Life,https://www.sportinglife.com/greyhounds/racecards/2026-08-19/yarmouth/racecard/512927
2026-08-19,Yarmouth,19:22,3,Cloughtaney Emma,512927,Sporting Life,https://www.sportinglife.com/greyhounds/racecards/2026-08-19/yarmouth/racecard/512927
2026-08-19,Yarmouth,19:22,5,Clinical Edge,512927,Sporting Life,https://www.sportinglife.com/greyhounds/racecards/2026-08-19/yarmouth/racecard/512927
2026-08-19,Yarmouth,19:22,6,Golden Drop,512927,Sporting Life,https://www.sportinglife.com/greyhounds/racecards/2026-08-19/yarmouth/racecard/512927
2026-08-19,Yarmouth,19:39,1,White Rolls,512928,Sporting Life,https://www.sportinglife.com/greyhounds/racecards/2026-08-19/yarmouth/racecard/512928
2026-08-19,Yarmouth,19:39,2,Stormy Neymar,512928,Sporting Life,https://www.sportinglife.com/greyhounds/racecards/2026-08-19/yarmouth/racecard/512928
2026-08-19,Yarmouth,19:39,3,Cassandras Girl,512928,Sporting Life,https://www.sportinglife.com/greyhounds/racecards/2026-08-19/yarmouth/racecard/512928
2026-08-19,Yarmouth,19:39,4,Essex Gunner,512928,Sporting Life,https://www.sportinglife.com/greyhounds/racecards/2026-08-19/yarmouth/racecard/512928
2026-08-19,Yarmouth,19:39,5,Dick Turpin,512928,Sporting Life,https://www.sportinglife.com/greyhounds/racecards/2026-08-19/yarmouth/racecard/512928
2026-08-19,Yarmouth,19:56,2,Brownsdon Max,512929,Sporting Life,https://www.sportinglife.com/greyhounds/racecards/2026-08-19/yarmouth/racecard/512929
2026-08-19,Yarmouth,19:56,3,Wachovia Blaze,512929,Sporting Life,https://www.sportinglife.com/greyhounds/racecards/2026-08-19/yarmouth/racecard/512929
2026-08-19,Yarmouth,19:56,4,Savana Memories,512929,Sporting Life,https://www.sportinglife.com/greyhounds/racecards/2026-08-19/yarmouth/racecard/512929
2026-08-19,Yarmouth,19:56,5,Make Sail,512929,Sporting Life,https://www.sportinglife.com/greyhounds/racecards/2026-08-19/yarmouth/racecard/512929
2026-08-19,Yarmouth,19:56,6,Charlies Girl,512929,Sporting Life,https://www.sportinglife.com/greyhounds/racecards/2026-08-19/yarmouth/racecard/512929
2026-08-19,Yarmouth,20:13,1,I Feel Fine,512930,Sporting Life,https://www.sportinglife.com/greyhounds/racecards/2026-08-19/yarmouth/racecard/512930
2026-08-19,Yarmouth,20:13,2,Razldazl Minty,512930,Sporting Life,https://www.sportinglife.com/greyhounds/racecards/2026-08-19/yarmouth/racecard/512930
2026-08-19,Yarmouth,20:13,3,Cansherun,512930,Sporting Life,https://www.sportinglife.com/greyhounds/racecards/2026-08-19/yarmouth/racecard/512930
2026-08-19,Yarmouth,20:13,4,Bedazzled Bullet,512930,Sporting Life,https://www.sportinglife.com/greyhounds/racecards/2026-08-19/yarmouth/racecard/512930
2026-08-19,Yarmouth,20:13,5,Harlequin Essex,512930,Sporting Life,https://www.sportinglife.com/greyhounds/racecards/2026-08-19/yarmouth/racecard/512930
2026-08-19,Yarmouth,20:13,6,Now Listen Honey,512930,Sporting Life,https://www.sportinglife.com/greyhounds/racecards/2026-08-19/yarmouth/racecard/512930
2026-08-19,Yarmouth,20:31,1,Harlequin Brinn,512931,Sporting Life,https://www.sportinglife.com/greyhounds/racecards/2026-08-19/yarmouth/racecard/512931
2026-08-19,Yarmouth,20:31,2,Coolruss Sharon,512931,Sporting Life,https://www.sportinglife.com/greyhounds/racecards/2026-08-19/yarmouth/racecard/512931
2026-08-19,Yarmouth,20:31,4,Bright Layla,512931,Sporting Life,https://www.sportinglife.com/greyhounds/racecards/2026-08-19/yarmouth/racecard/512931
2026-08-19,Yarmouth,20:31,5,Heflewanocean,512931,Sporting Life,https://www.sportinglife.com/greyhounds/racecards/2026-08-19/yarmouth/racecard/512931
2026-08-19,Yarmouth,20:31,6,Rumour Has It,512931,Sporting Life,https://www.sportinglife.com/greyhounds/racecards/2026-08-19/yarmouth/racecard/512931
2026-08-19,Yarmouth,20:47,1,Farneys Links,512932,Sporting Life,https://www.sportinglife.com/greyhounds/racecards/2026-08-19/yarmouth/racecard/512932
2026-08-19,Yarmouth,20:47,3,My Jack Silver,512932,Sporting Life,https://www.sportinglife.com/greyhounds/racecards/2026-08-19/yarmouth/racecard/512932
2026-08-19,Yarmouth,20:47,4,Barnora Horse,512932,Sporting Life,https://www.sportinglife.com/greyhounds/racecards/2026-08-19/yarmouth/racecard/512932
2026-08-19,Yarmouth,20:47,5,Savana Mist,512932,Sporting Life,https://www.sportinglife.com/greyhounds/racecards/2026-08-19/yarmouth/racecard/512932
2026-08-19,Yarmouth,20:47,6,Savana Buzz,512932,Sporting Life,https://www.sportinglife.com/greyhounds/racecards/2026-08-19/yarmouth/racecard/512932
2026-08-19,Yarmouth,21:04,1,Zoo Da Man,512933,Sporting Life,https://www.sportinglife.com/greyhounds/racecards/2026-08-19/yarmouth/racecard/512933
2026-08-19,Yarmouth,21:04,2,Monroe Daisy,512933,Sporting Life,https://www.sportinglife.com/greyhounds/racecards/2026-08-19/yarmouth/racecard/512933
2026-08-19,Yarmouth,21:04,3,The Other Gigi,512933,Sporting Life,https://www.sportinglife.com/greyhounds/racecards/2026-08-19/yarmouth/racecard/512933
2026-08-19,Yarmouth,21:04,5,Good Queen,512933,Sporting Life,https://www.sportinglife.com/greyhounds/racecards/2026-08-19/yarmouth/racecard/512933
2026-08-19,Yarmouth,21:04,6,Harlequin Xena,512933,Sporting Life,https://www.sportinglife.com/greyhounds/racecards/2026-08-19/yarmouth/racecard/512933
2026-08-19,Yarmouth,21:23,1,Glory Diamond,512934,Sporting Life,https://www.sportinglife.com/greyhounds/racecards/2026-08-19/yarmouth/racecard/512934
2026-08-19,Yarmouth,21:23,2,Oh So Lucy,512934,Sporting Life,https://www.sportinglife.com/greyhounds/racecards/2026-08-19/yarmouth/racecard/512934
2026-08-19,Yarmouth,21:23,3,Rules Dont Apply,512934,Sporting Life,https://www.sportinglife.com/greyhounds/racecards/2026-08-19/yarmouth/racecard/512934
2026-08-19,Yarmouth,21:23,4,Wishful Decko,512934,Sporting Life,https://www.sportinglife.com/greyhounds/racecards/2026-08-19/yarmouth/racecard/512934
2026-08-19,Yarmouth,21:23,5,Savana Flamma,512934,Sporting Life,https://www.sportinglife.com/greyhounds/racecards/2026-08-19/yarmouth/racecard/512934
