date,track,race_time,runner_number,dog_name,race_id,source,race_url
2026-08-31,Central Park,14:36,1,Happy Place,514396,Sporting Life,https://www.sportinglife.com/greyhounds/racecards/2026-08-31/central-park/racecard/514396
2026-08-31,Central Park,14:36,2,Front Shani,514396,Sporting Life,https://www.sportinglife.com/greyhounds/racecards/2026-08-31/central-park/racecard/514396
2026-08-31,Central Park,14:36,3,Blue Drout,514396,Sporting Life,https://www.sportinglife.com/greyhounds/racecards/2026-08-31/central-park/racecard/514396
2026-08-31,Central Park,14:36,4,Stophers Trick,514396,Sporting Life,https://www.sportinglife.com/greyhounds/racecards/2026-08-31/central-park/racecard/514396
2026-08-31,Central Park,14:36,5,Rocket Rose,514396,Sporting Life,https://www.sportinglife.com/greyhounds/racecards/2026-08-31/central-park/racecard/514396
2026-08-31,Central Park,14:36,6,Front Risk,514396,Sporting Life,https://www.sportinglife.com/greyhounds/racecards/2026-08-31/central-park/racecard/514396
2026-08-31,Central Park,14:54,1,Insane View,514397,Sporting Life,https://www.sportinglife.com/greyhounds/racecards/2026-08-31/central-park/racecard/514397
2026-08-31,Central Park,14:54,2,Front Layyah,514397,Sporting Life,https://www.sportinglife.com/greyhounds/racecards/2026-08-31/central-park/racecard/514397
2026-08-31,Central Park,14:54,4,Pretty Epic,514397,Sporting Life,https://www.sportinglife.com/greyhounds/racecards/2026-08-31/central-park/racecard/514397
2026-08-31,Central Park,14:54,5,Greatdown Lad,514397,Sporting Life,https://www.sportinglife.com/greyhounds/racecards/2026-08-31/central-park/racecard/514397
2026-08-31,Central Park,14:54,6,Howareya Habibi,514397,Sporting Life,https://www.sportinglife.com/greyhounds/racecards/2026-08-31/central-park/racecard/514397
2026-08-31,Central Park,15:13,1,Canal River,514398,Sporting Life,https://www.sportinglife.com/greyhounds/racecards/2026-08-31/central-park/racecard/514398
2026-08-31,Central Park,15:13,2,Honey Cash,514398,Sporting Life,https://www.sportinglife.com/greyhounds/racecards/2026-08-31/central-park/racecard/514398
2026-08-31,Central Park,15:13,3,Antigua Heat,514398,Sporting Life,https://www.sportinglife.com/greyhounds/racecards/2026-08-31/central-park/racecard/514398
2026-08-31,Central Park,15:13,4,Ask Julie,514398,Sporting Life,https://www.sportinglife.com/greyhounds/racecards/2026-08-31/central-park/racecard/514398
2026-08-31,Central Park,15:13,5,Toems Sadie,514398,Sporting Life,https://www.sportinglife.com/greyhounds/racecards/2026-08-31/central-park/racecard/514398
2026-08-31,Central Park,15:13,6,Kitmins Jessica,514398,Sporting Life,https://www.sportinglife.com/greyhounds/racecards/2026-08-31/central-park/racecard/514398
2026-08-31,Central Park,15:32,1,Lets Go Lucie,514399,Sporting Life,https://www.sportinglife.com/greyhounds/racecards/2026-08-31/central-park/racecard/514399
2026-08-31,Central Park,15:32,2,Dapper Finn,514399,Sporting Life,https://www.sportinglife.com/greyhounds/racecards/2026-08-31/central-park/racecard/514399
2026-08-31,Central Park,15:32,3,Swift Quaid,514399,Sporting Life,https://www.sportinglife.com/greyhounds/racecards/2026-08-31/central-park/racecard/514399
2026-08-31,Central Park,15:32,4,Im Afraid Not,514399,Sporting Life,https://www.sportinglife.com/greyhounds/racecards/2026-08-31/central-park/racecard/514399
2026-08-31,Central Park,15:32,6,Swift Dallas,514399,Sporting Life,https://www.sportinglife.com/greyhounds/racecards/2026-08-31/central-park/racecard/514399
2026-08-31,Central Park,15:51,1,Droopys Chatter,514400,Sporting Life,https://www.sportinglife.com/greyhounds/racecards/2026-08-31/central-park/racecard/514400
2026-08-31,Central Park,15:51,2,Barnfield Lola,514400,Sporting Life,https://www.sportinglife.com/greyhounds/racecards/2026-08-31/central-park/racecard/514400
2026-08-31,Central Park,15:51,3,Baggios Nikita,514400,Sporting Life,https://www.sportinglife.com/greyhounds/racecards/2026-08-31/central-park/racecard/514400
2026-08-31,Central Park,15:51,4,Autumn Jane,514400,Sporting Life,https://www.sportinglife.com/greyhounds/racecards/2026-08-31/central-park/racecard/514400
2026-08-31,Central Park,15:51,5,Lively Gezza,514400,Sporting Life,https://www.sportinglife.com/greyhounds/racecards/2026-08-31/central-park/racecard/514400
2026-08-31,Central Park,16:09,1,Havana Pepsi,514401,Sporting Life,https://www.sportinglife.com/greyhounds/racecards/2026-08-31/central-park/racecard/514401
2026-08-31,Central Park,16:09,3,Savana Georgia,514401,Sporting Life,https://www.sportinglife.com/greyhounds/racecards/2026-08-31/central-park/racecard/514401
2026-08-31,Central Park,16:09,4,Footfield Josie,514401,Sporting Life,https://www.sportinglife.com/greyhounds/racecards/2026-08-31/central-park/racecard/514401
2026-08-31,Central Park,16:09,5,Peakys Doll,514401,Sporting Life,https://www.sportinglife.com/greyhounds/racecards/2026-08-31/central-park/racecard/514401
2026-08-31,Central Park,16:09,6,Coonough View,514401,Sporting Life,https://www.sportinglife.com/greyhounds/racecards/2026-08-31/central-park/racecard/514401
2026-08-31,Central Park,16:28,1,Luminous Daisy,514402,Sporting Life,https://www.sportinglife.com/greyhounds/racecards/2026-08-31/central-park/racecard/514402
2026-08-31,Central Park,16:28,2,Tia Lilly Dancer,514402,Sporting Life,https://www.sportinglife.com/greyhounds/racecards/2026-08-31/central-park/racecard/514402
2026-08-31,Central Park,16:28,3,Montana Jazz,514402,Sporting Life,https://www.sportinglife.com/greyhounds/racecards/2026-08-31/central-park/racecard/514402
2026-08-31,Central Park,16:28,4,Stophers Witch,514402,Sporting Life,https://www.sportinglife.com/greyhounds/racecards/2026-08-31/central-park/racecard/514402
2026-08-31,Central Park,16:28,6,Dernville Lady,514402,Sporting Life,https://www.sportinglife.com/greyhounds/racecards/2026-08-31/central-park/racecard/514402
2026-08-31,Central Park,16:47,1,Saleen Belle,514403,Sporting Life,https://www.sportinglife.com/greyhounds/racecards/2026-08-31/central-park/racecard/514403
2026-08-31,Central Park,16:47,2,Insane Drum,514403,Sporting Life,https://www.sportinglife.com/greyhounds/racecards/2026-08-31/central-park/racecard/514403
2026-08-31,Central Park,16:47,3,Foxwood Dolly,514403,Sporting Life,https://www.sportinglife.com/greyhounds/racecards/2026-08-31/central-park/racecard/514403
2026-08-31,Central Park,16:47,4,Franco Jojo,514403,Sporting Life,https://www.sportinglife.com/greyhounds/racecards/2026-08-31/central-park/racecard/514403
2026-08-31,Central Park,16:47,5,Knockroe Lucy,514403,Sporting Life,https://www.sportinglife.com/greyhounds/racecards/2026-08-31/central-park/racecard/514403
2026-08-31,Central Park,17:06,1,Traceys Mol,514404,Sporting Life,https://www.sportinglife.com/greyhounds/racecards/2026-08-31/central-park/racecard/514404
2026-08-31,Central Park,17:06,2,Five Alley Skye,514404,Sporting Life,https://www.sportinglife.com/greyhounds/racecards/2026-08-31/central-park/racecard/514404
2026-08-31,Central Park,17:06,3,Rushmoor Rosie,514404,Sporting Life,https://www.sportinglife.com/greyhounds/racecards/2026-08-31/central-park/racecard/514404
2026-08-31,Central Park,17:06,4,Wastehouse Kris,514404,Sporting Life,https://www.sportinglife.com/greyhounds/racecards/2026-08-31/central-park/racecard/514404
2026-08-31,Central Park,17:06,6,Catunda Miley,514404,Sporting Life,https://www.sportinglife.com/greyhounds/racecards/2026-08-31/central-park/racecard/514404
2026-08-31,Central Park,17:24,1,Swift Youth,514405,Sporting Life,https://www.sportinglife.com/greyhounds/racecards/2026-08-31/central-park/racecard/514405
2026-08-31,Central Park,17:24,3,Bucks Queen,514405,Sporting Life,https://www.sportinglife.com/greyhounds/racecards/2026-08-31/central-park/racecard/514405
2026-08-31,Central Park,17:24,4,Lets Go Johnny,514405,Sporting Life,https://www.sportinglife.com/greyhounds/racecards/2026-08-31/central-park/racecard/514405
2026-08-31,Central Park,17:24,5,Simon John,514405,Sporting Life,https://www.sportinglife.com/greyhounds/racecards/2026-08-31/central-park/racecard/514405
2026-08-31,Central Park,17:24,6,Distant Power,514405,Sporting Life,https://www.sportinglife.com/greyhounds/racecards/2026-08-31/central-park/racecard/514405
2026-08-31,Central Park,17:43,1,Westwood Gracie,514406,Sporting Life,https://www.sportinglife.com/greyhounds/racecards/2026-08-31/central-park/racecard/514406
2026-08-31,Central Park,17:43,2,Hilight Rose,514406,Sporting Life,https://www.sportinglife.com/greyhounds/racecards/2026-08-31/central-park/racecard/514406
2026-08-31,Central Park,17:43,3,Speedy Uso,514406,Sporting Life,https://www.sportinglife.com/greyhounds/racecards/2026-08-31/central-park/racecard/514406
2026-08-31,Central Park,17:43,4,Scary Moll Dolls,514406,Sporting Life,https://www.sportinglife.com/greyhounds/racecards/2026-08-31/central-park/racecard/514406
2026-08-31,Central Park,17:43,5,Laughil Dan,514406,Sporting Life,https://www.sportinglife.com/greyhounds/racecards/2026-08-31/central-park/racecard/514406
2026-08-31,Central Park,17:43,6,Nineteen Bold,514406,Sporting Life,https://www.sportinglife.com/greyhounds/racecards/2026-08-31/central-park/racecard/514406
2026-08-31,Central Park,18:02,1,Insane Bear,514407,Sporting Life,https://www.sportinglife.com/greyhounds/racecards/2026-08-31/central-park/racecard/514407
2026-08-31,Central Park,18:02,2,Westwood Denise,514407,Sporting Life,https://www.sportinglife.com/greyhounds/racecards/2026-08-31/central-park/racecard/514407
2026-08-31,Central Park,18:02,3,Moaning Saka,514407,Sporting Life,https://www.sportinglife.com/greyhounds/racecards/2026-08-31/central-park/racecard/514407
2026-08-31,Central Park,18:02,4,Woodys Womble,514407,Sporting Life,https://www.sportinglife.com/greyhounds/racecards/2026-08-31/central-park/racecard/514407
2026-08-31,Central Park,18:02,6,Insane Ness,514407,Sporting Life,https://www.sportinglife.com/greyhounds/racecards/2026-08-31/central-park/racecard/514407
2026-08-31,Doncaster,14:26,1,Moss Boss,514446,Sporting Life,https://www.sportinglife.com/greyhounds/racecards/2026-08-31/doncaster/racecard/514446
2026-08-31,Doncaster,14:26,2,Abigails Marina,514446,Sporting Life,https://www.sportinglife.com/greyhounds/racecards/2026-08-31/doncaster/racecard/514446
2026-08-31,Doncaster,14:26,3,Grouchos Panther,514446,Sporting Life,https://www.sportinglife.com/greyhounds/racecards/2026-08-31/doncaster/racecard/514446
2026-08-31,Doncaster,14:26,4,Send For You,514446,Sporting Life,https://www.sportinglife.com/greyhounds/racecards/2026-08-31/doncaster/racecard/514446
2026-08-31,Doncaster,14:26,6,Not Thatuasked,514446,Sporting Life,https://www.sportinglife.com/greyhounds/racecards/2026-08-31/doncaster/racecard/514446
2026-08-31,Doncaster,14:44,1,Another Phoenix,514447,Sporting Life,https://www.sportinglife.com/greyhounds/racecards/2026-08-31/doncaster/racecard/514447
2026-08-31,Doncaster,14:44,2,Tullycanna Lass,514447,Sporting Life,https://www.sportinglife.com/greyhounds/racecards/2026-08-31/doncaster/racecard/514447
2026-08-31,Doncaster,14:44,3,Jazza Darcy,514447,Sporting Life,https://www.sportinglife.com/greyhounds/racecards/2026-08-31/doncaster/racecard/514447
2026-08-31,Doncaster,14:44,5,Archies Gamble,514447,Sporting Life,https://www.sportinglife.com/greyhounds/racecards/2026-08-31/doncaster/racecard/514447
2026-08-31,Doncaster,14:44,6,Makeit Whisper,514447,Sporting Life,https://www.sportinglife.com/greyhounds/racecards/2026-08-31/doncaster/racecard/514447
2026-08-31,Doncaster,15:03,1,Duggies Dance,514448,Sporting Life,https://www.sportinglife.com/greyhounds/racecards/2026-08-31/doncaster/racecard/514448
2026-08-31,Doncaster,15:03,2,Harlequin Zippy,514448,Sporting Life,https://www.sportinglife.com/greyhounds/racecards/2026-08-31/doncaster/racecard/514448
2026-08-31,Doncaster,15:03,3,Links Gloria,514448,Sporting Life,https://www.sportinglife.com/greyhounds/racecards/2026-08-31/doncaster/racecard/514448
2026-08-31,Doncaster,15:03,4,Crystal Bale,514448,Sporting Life,https://www.sportinglife.com/greyhounds/racecards/2026-08-31/doncaster/racecard/514448
2026-08-31,Doncaster,15:03,5,Links Batman,514448,Sporting Life,https://www.sportinglife.com/greyhounds/racecards/2026-08-31/doncaster/racecard/514448
2026-08-31,Doncaster,15:22,1,Lizzy Jezabelle,514449,Sporting Life,https://www.sportinglife.com/greyhounds/racecards/2026-08-31/doncaster/racecard/514449
2026-08-31,Doncaster,15:22,2,Razldazl Ella,514449,Sporting Life,https://www.sportinglife.com/greyhounds/racecards/2026-08-31/doncaster/racecard/514449
2026-08-31,Doncaster,15:22,3,Mahomes,514449,Sporting Life,https://www.sportinglife.com/greyhounds/racecards/2026-08-31/doncaster/racecard/514449
2026-08-31,Doncaster,15:22,4,Devon Lucky,514449,Sporting Life,https://www.sportinglife.com/greyhounds/racecards/2026-08-31/doncaster/racecard/514449
2026-08-31,Doncaster,15:22,5,Killieford Zoe,514449,Sporting Life,https://www.sportinglife.com/greyhounds/racecards/2026-08-31/doncaster/racecard/514449
2026-08-31,Doncaster,15:41,2,Rapido Ramona,514450,Sporting Life,https://www.sportinglife.com/greyhounds/racecards/2026-08-31/doncaster/racecard/514450
2026-08-31,Doncaster,15:41,3,Silver Spec,514450,Sporting Life,https://www.sportinglife.com/greyhounds/racecards/2026-08-31/doncaster/racecard/514450
2026-08-31,Doncaster,15:41,4,Flosses Rolex,514450,Sporting Life,https://www.sportinglife.com/greyhounds/racecards/2026-08-31/doncaster/racecard/514450
2026-08-31,Doncaster,15:41,5,Glitter Ronnie,514450,Sporting Life,https://www.sportinglife.com/greyhounds/racecards/2026-08-31/doncaster/racecard/514450
2026-08-31,Doncaster,15:41,6,Skytrain,514450,Sporting Life,https://www.sportinglife.com/greyhounds/racecards/2026-08-31/doncaster/racecard/514450
2026-08-31,Doncaster,15:59,1,Magical Boss,514451,Sporting Life,https://www.sportinglife.com/greyhounds/racecards/2026-08-31/doncaster/racecard/514451
2026-08-31,Doncaster,15:59,3,Sandwood Annie,514451,Sporting Life,https://www.sportinglife.com/greyhounds/racecards/2026-08-31/doncaster/racecard/514451
2026-08-31,Doncaster,15:59,4,Redbrick Beckham,514451,Sporting Life,https://www.sportinglife.com/greyhounds/racecards/2026-08-31/doncaster/racecard/514451
2026-08-31,Doncaster,15:59,5,Reenaderry Road,514451,Sporting Life,https://www.sportinglife.com/greyhounds/racecards/2026-08-31/doncaster/racecard/514451
2026-08-31,Doncaster,15:59,6,Miller Spirit,514451,Sporting Life,https://www.sportinglife.com/greyhounds/racecards/2026-08-31/doncaster/racecard/514451
2026-08-31,Doncaster,16:18,2,Please Ailbhe,514452,Sporting Life,https://www.sportinglife.com/greyhounds/racecards/2026-08-31/doncaster/racecard/514452
2026-08-31,Doncaster,16:18,3,Redbrick Whitney,514452,Sporting Life,https://www.sportinglife.com/greyhounds/racecards/2026-08-31/doncaster/racecard/514452
2026-08-31,Doncaster,16:18,4,Ballymac Nellie,514452,Sporting Life,https://www.sportinglife.com/greyhounds/racecards/2026-08-31/doncaster/racecard/514452
2026-08-31,Doncaster,16:18,5,Task Maverick,514452,Sporting Life,https://www.sportinglife.com/greyhounds/racecards/2026-08-31/doncaster/racecard/514452
2026-08-31,Doncaster,16:18,6,Gordons Bennett,514452,Sporting Life,https://www.sportinglife.com/greyhounds/racecards/2026-08-31/doncaster/racecard/514452
2026-08-31,Doncaster,16:37,2,Abigail Surprise,514453,Sporting Life,https://www.sportinglife.com/greyhounds/racecards/2026-08-31/doncaster/racecard/514453
2026-08-31,Doncaster,16:37,3,Easy Guy,514453,Sporting Life,https://www.sportinglife.com/greyhounds/racecards/2026-08-31/doncaster/racecard/514453
2026-08-31,Doncaster,16:37,4,Cockneys Tyson,514453,Sporting Life,https://www.sportinglife.com/greyhounds/racecards/2026-08-31/doncaster/racecard/514453
2026-08-31,Doncaster,16:37,5,Zari Hunter,514453,Sporting Life,https://www.sportinglife.com/greyhounds/racecards/2026-08-31/doncaster/racecard/514453
2026-08-31,Doncaster,16:37,6,Glitter Moon,514453,Sporting Life,https://www.sportinglife.com/greyhounds/racecards/2026-08-31/doncaster/racecard/514453
2026-08-31,Doncaster,16:56,1,Droopys Trendy,514454,Sporting Life,https://www.sportinglife.com/greyhounds/racecards/2026-08-31/doncaster/racecard/514454
2026-08-31,Doncaster,16:56,2,Barmoney Magic,514454,Sporting Life,https://www.sportinglife.com/greyhounds/racecards/2026-08-31/doncaster/racecard/514454
2026-08-31,Doncaster,16:56,3,Easy Ozzie,514454,Sporting Life,https://www.sportinglife.com/greyhounds/racecards/2026-08-31/doncaster/racecard/514454
2026-08-31,Doncaster,16:56,4,Franco Eve,514454,Sporting Life,https://www.sportinglife.com/greyhounds/racecards/2026-08-31/doncaster/racecard/514454
2026-08-31,Doncaster,16:56,6,Redbrick Nuke,514454,Sporting Life,https://www.sportinglife.com/greyhounds/racecards/2026-08-31/doncaster/racecard/514454
2026-08-31,Doncaster,17:14,1,Glens Lucky Dip,514455,Sporting Life,https://www.sportinglife.com/greyhounds/racecards/2026-08-31/doncaster/racecard/514455
2026-08-31,Doncaster,17:14,2,Fond Favourite,514455,Sporting Life,https://www.sportinglife.com/greyhounds/racecards/2026-08-31/doncaster/racecard/514455
2026-08-31,Doncaster,17:14,3,Cockneys Zara,514455,Sporting Life,https://www.sportinglife.com/greyhounds/racecards/2026-08-31/doncaster/racecard/514455
2026-08-31,Doncaster,17:14,4,Grouchos Rose,514455,Sporting Life,https://www.sportinglife.com/greyhounds/racecards/2026-08-31/doncaster/racecard/514455
2026-08-31,Doncaster,17:14,5,Ballymac Nephet,514455,Sporting Life,https://www.sportinglife.com/greyhounds/racecards/2026-08-31/doncaster/racecard/514455
2026-08-31,Dunstall Park,11:01,1,Tommys Ina,514360,Sporting Life,https://www.sportinglife.com/greyhounds/racecards/2026-08-31/dunstall-park/racecard/514360
2026-08-31,Dunstall Park,11:01,2,Flyhigh Sophie,514360,Sporting Life,https://www.sportinglife.com/greyhounds/racecards/2026-08-31/dunstall-park/racecard/514360
2026-08-31,Dunstall Park,11:01,3,Forest Liz,514360,Sporting Life,https://www.sportinglife.com/greyhounds/racecards/2026-08-31/dunstall-park/racecard/514360
2026-08-31,Dunstall Park,11:01,4,Erebor,514360,Sporting Life,https://www.sportinglife.com/greyhounds/racecards/2026-08-31/dunstall-park/racecard/514360
2026-08-31,Dunstall Park,11:01,5,Rapido Beat,514360,Sporting Life,https://www.sportinglife.com/greyhounds/racecards/2026-08-31/dunstall-park/racecard/514360
2026-08-31,Dunstall Park,11:01,6,Bluntys Blue Eye,514360,Sporting Life,https://www.sportinglife.com/greyhounds/racecards/2026-08-31/dunstall-park/racecard/514360
2026-08-31,Dunstall Park,11:18,1,Keepers Nutty,514361,Sporting Life,https://www.sportinglife.com/greyhounds/racecards/2026-08-31/dunstall-park/racecard/514361
2026-08-31,Dunstall Park,11:18,2,Mercia Raven,514361,Sporting Life,https://www.sportinglife.com/greyhounds/racecards/2026-08-31/dunstall-park/racecard/514361
2026-08-31,Dunstall Park,11:18,3,Point Break,514361,Sporting Life,https://www.sportinglife.com/greyhounds/racecards/2026-08-31/dunstall-park/racecard/514361
2026-08-31,Dunstall Park,11:18,4,Tori Black,514361,Sporting Life,https://www.sportinglife.com/greyhounds/racecards/2026-08-31/dunstall-park/racecard/514361
2026-08-31,Dunstall Park,11:18,5,Lynnia Trubbys,514361,Sporting Life,https://www.sportinglife.com/greyhounds/racecards/2026-08-31/dunstall-park/racecard/514361
2026-08-31,Dunstall Park,11:18,6,Knock Voodoo,514361,Sporting Life,https://www.sportinglife.com/greyhounds/racecards/2026-08-31/dunstall-park/racecard/514361
2026-08-31,Dunstall Park,11:34,1,Ashtons Georgie,514362,Sporting Life,https://www.sportinglife.com/greyhounds/racecards/2026-08-31/dunstall-park/racecard/514362
2026-08-31,Dunstall Park,11:34,2,Deecee Dusty,514362,Sporting Life,https://www.sportinglife.com/greyhounds/racecards/2026-08-31/dunstall-park/racecard/514362
2026-08-31,Dunstall Park,11:34,3,Crokers Bank,514362,Sporting Life,https://www.sportinglife.com/greyhounds/racecards/2026-08-31/dunstall-park/racecard/514362
2026-08-31,Dunstall Park,11:34,4,Swift Ida,514362,Sporting Life,https://www.sportinglife.com/greyhounds/racecards/2026-08-31/dunstall-park/racecard/514362
2026-08-31,Dunstall Park,11:34,5,Shortwood Model,514362,Sporting Life,https://www.sportinglife.com/greyhounds/racecards/2026-08-31/dunstall-park/racecard/514362
2026-08-31,Dunstall Park,11:34,6,Distant Grace,514362,Sporting Life,https://www.sportinglife.com/greyhounds/racecards/2026-08-31/dunstall-park/racecard/514362
2026-08-31,Dunstall Park,11:52,1,Mercia Uhtred,514363,Sporting Life,https://www.sportinglife.com/greyhounds/racecards/2026-08-31/dunstall-park/racecard/514363
2026-08-31,Dunstall Park,11:52,2,Mohican Ruby,514363,Sporting Life,https://www.sportinglife.com/greyhounds/racecards/2026-08-31/dunstall-park/racecard/514363
2026-08-31,Dunstall Park,11:52,3,Crokers Alex,514363,Sporting Life,https://www.sportinglife.com/greyhounds/racecards/2026-08-31/dunstall-park/racecard/514363
2026-08-31,Dunstall Park,11:52,4,Headford Minella,514363,Sporting Life,https://www.sportinglife.com/greyhounds/racecards/2026-08-31/dunstall-park/racecard/514363
2026-08-31,Dunstall Park,11:52,6,Swift Zaria,514363,Sporting Life,https://www.sportinglife.com/greyhounds/racecards/2026-08-31/dunstall-park/racecard/514363
2026-08-31,Dunstall Park,12:09,1,Crokers Delight,514364,Sporting Life,https://www.sportinglife.com/greyhounds/racecards/2026-08-31/dunstall-park/racecard/514364
2026-08-31,Dunstall Park,12:09,2,Callumslittlegem,514364,Sporting Life,https://www.sportinglife.com/greyhounds/racecards/2026-08-31/dunstall-park/racecard/514364
2026-08-31,Dunstall Park,12:09,3,Tonagha Conway,514364,Sporting Life,https://www.sportinglife.com/greyhounds/racecards/2026-08-31/dunstall-park/racecard/514364
2026-08-31,Dunstall Park,12:09,4,Shortwood Mint,514364,Sporting Life,https://www.sportinglife.com/greyhounds/racecards/2026-08-31/dunstall-park/racecard/514364
2026-08-31,Dunstall Park,12:09,5,First To Post,514364,Sporting Life,https://www.sportinglife.com/greyhounds/racecards/2026-08-31/dunstall-park/racecard/514364
2026-08-31,Dunstall Park,12:09,6,Jimmys Gadgets,514364,Sporting Life,https://www.sportinglife.com/greyhounds/racecards/2026-08-31/dunstall-park/racecard/514364
2026-08-31,Dunstall Park,12:26,1,Mercia Diana,514365,Sporting Life,https://www.sportinglife.com/greyhounds/racecards/2026-08-31/dunstall-park/racecard/514365
2026-08-31,Dunstall Park,12:26,2,Elemjay Lass,514365,Sporting Life,https://www.sportinglife.com/greyhounds/racecards/2026-08-31/dunstall-park/racecard/514365
2026-08-31,Dunstall Park,12:26,3,Barnagrane Dream,514365,Sporting Life,https://www.sportinglife.com/greyhounds/racecards/2026-08-31/dunstall-park/racecard/514365
2026-08-31,Dunstall Park,12:26,4,Brosna Pine,514365,Sporting Life,https://www.sportinglife.com/greyhounds/racecards/2026-08-31/dunstall-park/racecard/514365
2026-08-31,Dunstall Park,12:26,5,Scaletric,514365,Sporting Life,https://www.sportinglife.com/greyhounds/racecards/2026-08-31/dunstall-park/racecard/514365
2026-08-31,Dunstall Park,12:26,6,Grey Dove,514365,Sporting Life,https://www.sportinglife.com/greyhounds/racecards/2026-08-31/dunstall-park/racecard/514365
2026-08-31,Dunstall Park,12:42,1,Antigua Lumiere,514366,Sporting Life,https://www.sportinglife.com/greyhounds/racecards/2026-08-31/dunstall-park/racecard/514366
2026-08-31,Dunstall Park,12:42,2,Lynnia Queen,514366,Sporting Life,https://www.sportinglife.com/greyhounds/racecards/2026-08-31/dunstall-park/racecard/514366
2026-08-31,Dunstall Park,12:42,3,Sporting Mate,514366,Sporting Life,https://www.sportinglife.com/greyhounds/racecards/2026-08-31/dunstall-park/racecard/514366
2026-08-31,Dunstall Park,12:42,4,Kizia Star,514366,Sporting Life,https://www.sportinglife.com/greyhounds/racecards/2026-08-31/dunstall-park/racecard/514366
2026-08-31,Dunstall Park,12:42,5,False Warrior,514366,Sporting Life,https://www.sportinglife.com/greyhounds/racecards/2026-08-31/dunstall-park/racecard/514366
2026-08-31,Dunstall Park,12:42,6,Headford Killian,514366,Sporting Life,https://www.sportinglife.com/greyhounds/racecards/2026-08-31/dunstall-park/racecard/514366
2026-08-31,Dunstall Park,12:59,1,Flyhigh Birdseye,514367,Sporting Life,https://www.sportinglife.com/greyhounds/racecards/2026-08-31/dunstall-park/racecard/514367
2026-08-31,Dunstall Park,12:59,2,Scarsdale Sue,514367,Sporting Life,https://www.sportinglife.com/greyhounds/racecards/2026-08-31/dunstall-park/racecard/514367
2026-08-31,Dunstall Park,12:59,3,Darley Damage,514367,Sporting Life,https://www.sportinglife.com/greyhounds/racecards/2026-08-31/dunstall-park/racecard/514367
2026-08-31,Dunstall Park,12:59,4,Rude Elsie,514367,Sporting Life,https://www.sportinglife.com/greyhounds/racecards/2026-08-31/dunstall-park/racecard/514367
2026-08-31,Dunstall Park,12:59,5,Ballinulty Cas,514367,Sporting Life,https://www.sportinglife.com/greyhounds/racecards/2026-08-31/dunstall-park/racecard/514367
2026-08-31,Dunstall Park,12:59,6,Swift Elm,514367,Sporting Life,https://www.sportinglife.com/greyhounds/racecards/2026-08-31/dunstall-park/racecard/514367
2026-08-31,Dunstall Park,13:17,1,Wendys Girl,514368,Sporting Life,https://www.sportinglife.com/greyhounds/racecards/2026-08-31/dunstall-park/racecard/514368
2026-08-31,Dunstall Park,13:17,2,Hillend Julie,514368,Sporting Life,https://www.sportinglife.com/greyhounds/racecards/2026-08-31/dunstall-park/racecard/514368
2026-08-31,Dunstall Park,13:17,3,Work Mate,514368,Sporting Life,https://www.sportinglife.com/greyhounds/racecards/2026-08-31/dunstall-park/racecard/514368
2026-08-31,Dunstall Park,13:17,4,Coillbhui Boxer,514368,Sporting Life,https://www.sportinglife.com/greyhounds/racecards/2026-08-31/dunstall-park/racecard/514368
2026-08-31,Dunstall Park,13:17,5,Swift Hunt,514368,Sporting Life,https://www.sportinglife.com/greyhounds/racecards/2026-08-31/dunstall-park/racecard/514368
2026-08-31,Dunstall Park,13:17,6,Brosna Dave,514368,Sporting Life,https://www.sportinglife.com/greyhounds/racecards/2026-08-31/dunstall-park/racecard/514368
2026-08-31,Dunstall Park,13:33,1,Pharis Pearl,514369,Sporting Life,https://www.sportinglife.com/greyhounds/racecards/2026-08-31/dunstall-park/racecard/514369
2026-08-31,Dunstall Park,13:33,2,Klassical Mia,514369,Sporting Life,https://www.sportinglife.com/greyhounds/racecards/2026-08-31/dunstall-park/racecard/514369
2026-08-31,Dunstall Park,13:33,3,Barnagrane Jan,514369,Sporting Life,https://www.sportinglife.com/greyhounds/racecards/2026-08-31/dunstall-park/racecard/514369
2026-08-31,Dunstall Park,13:33,4,Swift Faelhem,514369,Sporting Life,https://www.sportinglife.com/greyhounds/racecards/2026-08-31/dunstall-park/racecard/514369
2026-08-31,Dunstall Park,13:33,5,Barnagrane Ed,514369,Sporting Life,https://www.sportinglife.com/greyhounds/racecards/2026-08-31/dunstall-park/racecard/514369
2026-08-31,Dunstall Park,13:33,6,Crokers Taylor,514369,Sporting Life,https://www.sportinglife.com/greyhounds/racecards/2026-08-31/dunstall-park/racecard/514369
2026-08-31,Dunstall Park,13:51,1,Ivy Hill Archie,514370,Sporting Life,https://www.sportinglife.com/greyhounds/racecards/2026-08-31/dunstall-park/racecard/514370
2026-08-31,Dunstall Park,13:51,2,Churchfield Cody,514370,Sporting Life,https://www.sportinglife.com/greyhounds/racecards/2026-08-31/dunstall-park/racecard/514370
2026-08-31,Dunstall Park,13:51,3,Burrows Blaze,514370,Sporting Life,https://www.sportinglife.com/greyhounds/racecards/2026-08-31/dunstall-park/racecard/514370
2026-08-31,Dunstall Park,13:51,4,Roanna Koko,514370,Sporting Life,https://www.sportinglife.com/greyhounds/racecards/2026-08-31/dunstall-park/racecard/514370
2026-08-31,Dunstall Park,13:51,5,Bombay Tilda,514370,Sporting Life,https://www.sportinglife.com/greyhounds/racecards/2026-08-31/dunstall-park/racecard/514370
2026-08-31,Dunstall Park,14:07,1,Sporting Lovers,514371,Sporting Life,https://www.sportinglife.com/greyhounds/racecards/2026-08-31/dunstall-park/racecard/514371
2026-08-31,Dunstall Park,14:07,2,Moulton Melanie,514371,Sporting Life,https://www.sportinglife.com/greyhounds/racecards/2026-08-31/dunstall-park/racecard/514371
2026-08-31,Dunstall Park,14:07,3,Sharben Invictus,514371,Sporting Life,https://www.sportinglife.com/greyhounds/racecards/2026-08-31/dunstall-park/racecard/514371
2026-08-31,Dunstall Park,14:07,4,Strideaway Blunt,514371,Sporting Life,https://www.sportinglife.com/greyhounds/racecards/2026-08-31/dunstall-park/racecard/514371
2026-08-31,Dunstall Park,14:07,6,Butts Diva,514371,Sporting Life,https://www.sportinglife.com/greyhounds/racecards/2026-08-31/dunstall-park/racecard/514371
2026-08-31,Harlow,10:32,1,Speedy Gene,514432,Sporting Life,https://www.sportinglife.com/greyhounds/racecards/2026-08-31/harlow/racecard/514432
2026-08-31,Harlow,10:32,2,Brynoffa Jill,514432,Sporting Life,https://www.sportinglife.com/greyhounds/racecards/2026-08-31/harlow/racecard/514432
2026-08-31,Harlow,10:32,3,Salems Sangria,514432,Sporting Life,https://www.sportinglife.com/greyhounds/racecards/2026-08-31/harlow/racecard/514432
2026-08-31,Harlow,10:32,4,Brandywell King,514432,Sporting Life,https://www.sportinglife.com/greyhounds/racecards/2026-08-31/harlow/racecard/514432
2026-08-31,Harlow,10:32,5,Rathmeehan Judi,514432,Sporting Life,https://www.sportinglife.com/greyhounds/racecards/2026-08-31/harlow/racecard/514432
2026-08-31,Harlow,10:32,6,Savourtheflavour,514432,Sporting Life,https://www.sportinglife.com/greyhounds/racecards/2026-08-31/harlow/racecard/514432
2026-08-31,Harlow,10:48,1,Mucho Macho Bale,514433,Sporting Life,https://www.sportinglife.com/greyhounds/racecards/2026-08-31/harlow/racecard/514433
2026-08-31,Harlow,10:48,2,Rosstemple Cody,514433,Sporting Life,https://www.sportinglife.com/greyhounds/racecards/2026-08-31/harlow/racecard/514433
2026-08-31,Harlow,10:48,3,Alfies Jet,514433,Sporting Life,https://www.sportinglife.com/greyhounds/racecards/2026-08-31/harlow/racecard/514433
2026-08-31,Harlow,10:48,4,Edanmount Lady,514433,Sporting Life,https://www.sportinglife.com/greyhounds/racecards/2026-08-31/harlow/racecard/514433
2026-08-31,Harlow,10:48,5,Catunda Remi,514433,Sporting Life,https://www.sportinglife.com/greyhounds/racecards/2026-08-31/harlow/racecard/514433
2026-08-31,Harlow,10:48,6,Olwinn Pest,514433,Sporting Life,https://www.sportinglife.com/greyhounds/racecards/2026-08-31/harlow/racecard/514433
2026-08-31,Harlow,11:04,1,Dellser Sheeran,514434,Sporting Life,https://www.sportinglife.com/greyhounds/racecards/2026-08-31/harlow/racecard/514434
2026-08-31,Harlow,11:04,2,Gothic Queen,514434,Sporting Life,https://www.sportinglife.com/greyhounds/racecards/2026-08-31/harlow/racecard/514434
2026-08-31,Harlow,11:04,3,Cofam Princess,514434,Sporting Life,https://www.sportinglife.com/greyhounds/racecards/2026-08-31/harlow/racecard/514434
2026-08-31,Harlow,11:04,4,Catunda Harrison,514434,Sporting Life,https://www.sportinglife.com/greyhounds/racecards/2026-08-31/harlow/racecard/514434
2026-08-31,Harlow,11:04,6,Double Errill,514434,Sporting Life,https://www.sportinglife.com/greyhounds/racecards/2026-08-31/harlow/racecard/514434
2026-08-31,Harlow,11:21,1,Muinteoir Jane,514435,Sporting Life,https://www.sportinglife.com/greyhounds/racecards/2026-08-31/harlow/racecard/514435
2026-08-31,Harlow,11:21,2,Tinks This,514435,Sporting Life,https://www.sportinglife.com/greyhounds/racecards/2026-08-31/harlow/racecard/514435
2026-08-31,Harlow,11:21,3,Paradise Liberty,514435,Sporting Life,https://www.sportinglife.com/greyhounds/racecards/2026-08-31/harlow/racecard/514435
2026-08-31,Harlow,11:21,4,Classic Cindy,514435,Sporting Life,https://www.sportinglife.com/greyhounds/racecards/2026-08-31/harlow/racecard/514435
2026-08-31,Harlow,11:21,5,Very Busy,514435,Sporting Life,https://www.sportinglife.com/greyhounds/racecards/2026-08-31/harlow/racecard/514435
2026-08-31,Harlow,11:21,6,Kilbobbin Benny,514435,Sporting Life,https://www.sportinglife.com/greyhounds/racecards/2026-08-31/harlow/racecard/514435
2026-08-31,Harlow,11:38,1,Lilliput,514436,Sporting Life,https://www.sportinglife.com/greyhounds/racecards/2026-08-31/harlow/racecard/514436
2026-08-31,Harlow,11:38,2,Mykindaguy,514436,Sporting Life,https://www.sportinglife.com/greyhounds/racecards/2026-08-31/harlow/racecard/514436
2026-08-31,Harlow,11:38,3,Tommys Birdy,514436,Sporting Life,https://www.sportinglife.com/greyhounds/racecards/2026-08-31/harlow/racecard/514436
2026-08-31,Harlow,11:38,4,Besties Boy,514436,Sporting Life,https://www.sportinglife.com/greyhounds/racecards/2026-08-31/harlow/racecard/514436
2026-08-31,Harlow,11:38,5,Salems Ebony,514436,Sporting Life,https://www.sportinglife.com/greyhounds/racecards/2026-08-31/harlow/racecard/514436
2026-08-31,Harlow,11:38,6,Fenview Taylor,514436,Sporting Life,https://www.sportinglife.com/greyhounds/racecards/2026-08-31/harlow/racecard/514436
2026-08-31,Harlow,11:54,1,Headford Cooper,514437,Sporting Life,https://www.sportinglife.com/greyhounds/racecards/2026-08-31/harlow/racecard/514437
2026-08-31,Harlow,11:54,3,Pro Flo,514437,Sporting Life,https://www.sportinglife.com/greyhounds/racecards/2026-08-31/harlow/racecard/514437
2026-08-31,Harlow,11:54,4,Tickets King,514437,Sporting Life,https://www.sportinglife.com/greyhounds/racecards/2026-08-31/harlow/racecard/514437
2026-08-31,Harlow,11:54,5,Black Chintz,514437,Sporting Life,https://www.sportinglife.com/greyhounds/racecards/2026-08-31/harlow/racecard/514437
2026-08-31,Harlow,11:54,6,Tommys Clan,514437,Sporting Life,https://www.sportinglife.com/greyhounds/racecards/2026-08-31/harlow/racecard/514437
2026-08-31,Harlow,12:12,1,Glynnscross Blue,514438,Sporting Life,https://www.sportinglife.com/greyhounds/racecards/2026-08-31/harlow/racecard/514438
2026-08-31,Harlow,12:12,2,Chasing Aiden,514438,Sporting Life,https://www.sportinglife.com/greyhounds/racecards/2026-08-31/harlow/racecard/514438
2026-08-31,Harlow,12:12,3,Pearseys Dasher,514438,Sporting Life,https://www.sportinglife.com/greyhounds/racecards/2026-08-31/harlow/racecard/514438
2026-08-31,Harlow,12:12,4,Westway Nelson,514438,Sporting Life,https://www.sportinglife.com/greyhounds/racecards/2026-08-31/harlow/racecard/514438
2026-08-31,Harlow,12:12,6,Salems Mickey,514438,Sporting Life,https://www.sportinglife.com/greyhounds/racecards/2026-08-31/harlow/racecard/514438
2026-08-31,Harlow,12:29,1,Makeit Sway,514439,Sporting Life,https://www.sportinglife.com/greyhounds/racecards/2026-08-31/harlow/racecard/514439
2026-08-31,Harlow,12:29,2,Clodaghs Gift,514439,Sporting Life,https://www.sportinglife.com/greyhounds/racecards/2026-08-31/harlow/racecard/514439
2026-08-31,Harlow,12:29,3,Hatmore Stockey,514439,Sporting Life,https://www.sportinglife.com/greyhounds/racecards/2026-08-31/harlow/racecard/514439
2026-08-31,Harlow,12:29,4,Rathbally Bolger,514439,Sporting Life,https://www.sportinglife.com/greyhounds/racecards/2026-08-31/harlow/racecard/514439
2026-08-31,Harlow,12:29,5,Sallins Flyer,514439,Sporting Life,https://www.sportinglife.com/greyhounds/racecards/2026-08-31/harlow/racecard/514439
2026-08-31,Harlow,12:29,6,Burrow Bounty,514439,Sporting Life,https://www.sportinglife.com/greyhounds/racecards/2026-08-31/harlow/racecard/514439
2026-08-31,Harlow,12:46,1,Cofam Girl,514440,Sporting Life,https://www.sportinglife.com/greyhounds/racecards/2026-08-31/harlow/racecard/514440
2026-08-31,Harlow,12:46,2,Lye In Wait,514440,Sporting Life,https://www.sportinglife.com/greyhounds/racecards/2026-08-31/harlow/racecard/514440
2026-08-31,Harlow,12:46,3,Da Danna,514440,Sporting Life,https://www.sportinglife.com/greyhounds/racecards/2026-08-31/harlow/racecard/514440
2026-08-31,Harlow,12:46,4,Browns Barbie,514440,Sporting Life,https://www.sportinglife.com/greyhounds/racecards/2026-08-31/harlow/racecard/514440
2026-08-31,Harlow,12:46,6,Classic Turbo,514440,Sporting Life,https://www.sportinglife.com/greyhounds/racecards/2026-08-31/harlow/racecard/514440
2026-08-31,Harlow,13:03,1,Townsend Bruno,514441,Sporting Life,https://www.sportinglife.com/greyhounds/racecards/2026-08-31/harlow/racecard/514441
2026-08-31,Harlow,13:03,2,Centre Line,514441,Sporting Life,https://www.sportinglife.com/greyhounds/racecards/2026-08-31/harlow/racecard/514441
2026-08-31,Harlow,13:03,3,Jamaica Smiles,514441,Sporting Life,https://www.sportinglife.com/greyhounds/racecards/2026-08-31/harlow/racecard/514441
2026-08-31,Harlow,13:03,4,Blundel Croia,514441,Sporting Life,https://www.sportinglife.com/greyhounds/racecards/2026-08-31/harlow/racecard/514441
2026-08-31,Harlow,13:03,6,Darver Casemiro,514441,Sporting Life,https://www.sportinglife.com/greyhounds/racecards/2026-08-31/harlow/racecard/514441
2026-08-31,Harlow,13:19,1,Hollywell Orchid,514442,Sporting Life,https://www.sportinglife.com/greyhounds/racecards/2026-08-31/harlow/racecard/514442
2026-08-31,Harlow,13:19,2,Chadwell Opus,514442,Sporting Life,https://www.sportinglife.com/greyhounds/racecards/2026-08-31/harlow/racecard/514442
2026-08-31,Harlow,13:19,3,Cofam Spurs,514442,Sporting Life,https://www.sportinglife.com/greyhounds/racecards/2026-08-31/harlow/racecard/514442
2026-08-31,Harlow,13:19,4,Headford Ava,514442,Sporting Life,https://www.sportinglife.com/greyhounds/racecards/2026-08-31/harlow/racecard/514442
2026-08-31,Harlow,13:19,6,Valley Rockstar,514442,Sporting Life,https://www.sportinglife.com/greyhounds/racecards/2026-08-31/harlow/racecard/514442
2026-08-31,Harlow,13:37,1,Pavilion Hoggie,514443,Sporting Life,https://www.sportinglife.com/greyhounds/racecards/2026-08-31/harlow/racecard/514443
2026-08-31,Harlow,13:37,2,Essjay Syd,514443,Sporting Life,https://www.sportinglife.com/greyhounds/racecards/2026-08-31/harlow/racecard/514443
2026-08-31,Harlow,13:37,3,No Worries Dave,514443,Sporting Life,https://www.sportinglife.com/greyhounds/racecards/2026-08-31/harlow/racecard/514443
2026-08-31,Harlow,13:37,4,Fridays Ariana,514443,Sporting Life,https://www.sportinglife.com/greyhounds/racecards/2026-08-31/harlow/racecard/514443
2026-08-31,Harlow,13:37,6,Salems Sassenach,514443,Sporting Life,https://www.sportinglife.com/greyhounds/racecards/2026-08-31/harlow/racecard/514443
2026-08-31,Harlow,13:54,1,Budge Up,514444,Sporting Life,https://www.sportinglife.com/greyhounds/racecards/2026-08-31/harlow/racecard/514444
2026-08-31,Harlow,13:54,2,Ravenswood Blake,514444,Sporting Life,https://www.sportinglife.com/greyhounds/racecards/2026-08-31/harlow/racecard/514444
2026-08-31,Harlow,13:54,3,Scarlett Galaxy,514444,Sporting Life,https://www.sportinglife.com/greyhounds/racecards/2026-08-31/harlow/racecard/514444
2026-08-31,Harlow,13:54,4,Tiermana Sally,514444,Sporting Life,https://www.sportinglife.com/greyhounds/racecards/2026-08-31/harlow/racecard/514444
2026-08-31,Harlow,13:54,6,Donnybrook,514444,Sporting Life,https://www.sportinglife.com/greyhounds/racecards/2026-08-31/harlow/racecard/514444
2026-08-31,Harlow,14:11,1,Makeit Force,514445,Sporting Life,https://www.sportinglife.com/greyhounds/racecards/2026-08-31/harlow/racecard/514445
2026-08-31,Harlow,14:11,2,Rathbally Anna,514445,Sporting Life,https://www.sportinglife.com/greyhounds/racecards/2026-08-31/harlow/racecard/514445
2026-08-31,Harlow,14:11,3,Brindle Bomber,514445,Sporting Life,https://www.sportinglife.com/greyhounds/racecards/2026-08-31/harlow/racecard/514445
2026-08-31,Harlow,14:11,4,Dellser Nidge,514445,Sporting Life,https://www.sportinglife.com/greyhounds/racecards/2026-08-31/harlow/racecard/514445
2026-08-31,Harlow,14:11,5,Cofam Tiger,514445,Sporting Life,https://www.sportinglife.com/greyhounds/racecards/2026-08-31/harlow/racecard/514445
2026-08-31,Harlow,14:11,6,Rathmeehan Lyra,514445,Sporting Life,https://www.sportinglife.com/greyhounds/racecards/2026-08-31/harlow/racecard/514445
2026-08-31,Harlow,18:11,1,Jacko Carvoeiro,514456,Sporting Life,https://www.sportinglife.com/greyhounds/racecards/2026-08-31/harlow/racecard/514456
2026-08-31,Harlow,18:11,2,Plenty Of Trend,514456,Sporting Life,https://www.sportinglife.com/greyhounds/racecards/2026-08-31/harlow/racecard/514456
2026-08-31,Harlow,18:11,3,Doreens Poppy,514456,Sporting Life,https://www.sportinglife.com/greyhounds/racecards/2026-08-31/harlow/racecard/514456
2026-08-31,Harlow,18:11,4,Savana Beth,514456,Sporting Life,https://www.sportinglife.com/greyhounds/racecards/2026-08-31/harlow/racecard/514456
2026-08-31,Harlow,18:11,5,Savana Dingle,514456,Sporting Life,https://www.sportinglife.com/greyhounds/racecards/2026-08-31/harlow/racecard/514456
2026-08-31,Harlow,18:11,6,Good Rex,514456,Sporting Life,https://www.sportinglife.com/greyhounds/racecards/2026-08-31/harlow/racecard/514456
2026-08-31,Harlow,18:29,1,Small But Speedy,514457,Sporting Life,https://www.sportinglife.com/greyhounds/racecards/2026-08-31/harlow/racecard/514457
2026-08-31,Harlow,18:29,2,Tommys Handful,514457,Sporting Life,https://www.sportinglife.com/greyhounds/racecards/2026-08-31/harlow/racecard/514457
2026-08-31,Harlow,18:29,3,Savana Empress,514457,Sporting Life,https://www.sportinglife.com/greyhounds/racecards/2026-08-31/harlow/racecard/514457
2026-08-31,Harlow,18:29,4,Alohas Dream,514457,Sporting Life,https://www.sportinglife.com/greyhounds/racecards/2026-08-31/harlow/racecard/514457
2026-08-31,Harlow,18:29,5,Savana Polly,514457,Sporting Life,https://www.sportinglife.com/greyhounds/racecards/2026-08-31/harlow/racecard/514457
2026-08-31,Harlow,18:29,6,Old Fort Mickmac,514457,Sporting Life,https://www.sportinglife.com/greyhounds/racecards/2026-08-31/harlow/racecard/514457
2026-08-31,Harlow,18:46,1,Deelish Mack,514458,Sporting Life,https://www.sportinglife.com/greyhounds/racecards/2026-08-31/harlow/racecard/514458
2026-08-31,Harlow,18:46,3,Dapper Dora,514458,Sporting Life,https://www.sportinglife.com/greyhounds/racecards/2026-08-31/harlow/racecard/514458
2026-08-31,Harlow,18:46,4,Drumdoit Dorgu,514458,Sporting Life,https://www.sportinglife.com/greyhounds/racecards/2026-08-31/harlow/racecard/514458
2026-08-31,Harlow,18:46,5,Devon Ruth,514458,Sporting Life,https://www.sportinglife.com/greyhounds/racecards/2026-08-31/harlow/racecard/514458
2026-08-31,Harlow,18:46,6,Gagas Merry,514458,Sporting Life,https://www.sportinglife.com/greyhounds/racecards/2026-08-31/harlow/racecard/514458
2026-08-31,Harlow,19:04,1,Savana Bridget,514459,Sporting Life,https://www.sportinglife.com/greyhounds/racecards/2026-08-31/harlow/racecard/514459
2026-08-31,Harlow,19:04,3,Grouchos King,514459,Sporting Life,https://www.sportinglife.com/greyhounds/racecards/2026-08-31/harlow/racecard/514459
2026-08-31,Harlow,19:04,4,Links Aphrodite,514459,Sporting Life,https://www.sportinglife.com/greyhounds/racecards/2026-08-31/harlow/racecard/514459
2026-08-31,Harlow,19:04,5,Drumdoit Mainoo,514459,Sporting Life,https://www.sportinglife.com/greyhounds/racecards/2026-08-31/harlow/racecard/514459
2026-08-31,Harlow,19:04,6,Lily Sixtyeight,514459,Sporting Life,https://www.sportinglife.com/greyhounds/racecards/2026-08-31/harlow/racecard/514459
2026-08-31,Harlow,19:24,1,Shockwave Sekani,514460,Sporting Life,https://www.sportinglife.com/greyhounds/racecards/2026-08-31/harlow/racecard/514460
2026-08-31,Harlow,19:24,2,Badminton Debbie,514460,Sporting Life,https://www.sportinglife.com/greyhounds/racecards/2026-08-31/harlow/racecard/514460
2026-08-31,Harlow,19:24,4,Dapper Cash,514460,Sporting Life,https://www.sportinglife.com/greyhounds/racecards/2026-08-31/harlow/racecard/514460
2026-08-31,Harlow,19:24,5,Snoozing Dracula,514460,Sporting Life,https://www.sportinglife.com/greyhounds/racecards/2026-08-31/harlow/racecard/514460
2026-08-31,Harlow,19:24,6,Shivery Pants,514460,Sporting Life,https://www.sportinglife.com/greyhounds/racecards/2026-08-31/harlow/racecard/514460
2026-08-31,Harlow,19:42,1,Keeppullin Smurf,514461,Sporting Life,https://www.sportinglife.com/greyhounds/racecards/2026-08-31/harlow/racecard/514461
2026-08-31,Harlow,19:42,2,Yo Ranger,514461,Sporting Life,https://www.sportinglife.com/greyhounds/racecards/2026-08-31/harlow/racecard/514461
2026-08-31,Harlow,19:42,3,Savana Tir Nanog,514461,Sporting Life,https://www.sportinglife.com/greyhounds/racecards/2026-08-31/harlow/racecard/514461
2026-08-31,Harlow,19:42,4,Burgess Doireann,514461,Sporting Life,https://www.sportinglife.com/greyhounds/racecards/2026-08-31/harlow/racecard/514461
2026-08-31,Harlow,19:42,5,Shortwood Ally,514461,Sporting Life,https://www.sportinglife.com/greyhounds/racecards/2026-08-31/harlow/racecard/514461
2026-08-31,Harlow,19:42,6,Savana Shady,514461,Sporting Life,https://www.sportinglife.com/greyhounds/racecards/2026-08-31/harlow/racecard/514461
2026-08-31,Harlow,19:58,1,Triangle Trikari,514462,Sporting Life,https://www.sportinglife.com/greyhounds/racecards/2026-08-31/harlow/racecard/514462
2026-08-31,Harlow,19:58,2,Cabriol Maggie,514462,Sporting Life,https://www.sportinglife.com/greyhounds/racecards/2026-08-31/harlow/racecard/514462
2026-08-31,Harlow,19:58,3,Savana Trigger,514462,Sporting Life,https://www.sportinglife.com/greyhounds/racecards/2026-08-31/harlow/racecard/514462
2026-08-31,Harlow,19:58,4,Outdoor Tunnes,514462,Sporting Life,https://www.sportinglife.com/greyhounds/racecards/2026-08-31/harlow/racecard/514462
2026-08-31,Harlow,19:58,6,Up North,514462,Sporting Life,https://www.sportinglife.com/greyhounds/racecards/2026-08-31/harlow/racecard/514462
2026-08-31,Harlow,20:16,1,Stonepark James,514463,Sporting Life,https://www.sportinglife.com/greyhounds/racecards/2026-08-31/harlow/racecard/514463
2026-08-31,Harlow,20:16,2,My Ballymac,514463,Sporting Life,https://www.sportinglife.com/greyhounds/racecards/2026-08-31/harlow/racecard/514463
2026-08-31,Harlow,20:16,3,Signet Dude,514463,Sporting Life,https://www.sportinglife.com/greyhounds/racecards/2026-08-31/harlow/racecard/514463
2026-08-31,Harlow,20:16,4,Savana Catapilla,514463,Sporting Life,https://www.sportinglife.com/greyhounds/racecards/2026-08-31/harlow/racecard/514463
2026-08-31,Harlow,20:16,6,Alohas Comet,514463,Sporting Life,https://www.sportinglife.com/greyhounds/racecards/2026-08-31/harlow/racecard/514463
2026-08-31,Harlow,20:34,1,Skirk Bolger,514464,Sporting Life,https://www.sportinglife.com/greyhounds/racecards/2026-08-31/harlow/racecard/514464
2026-08-31,Harlow,20:34,2,Armintas Jet,514464,Sporting Life,https://www.sportinglife.com/greyhounds/racecards/2026-08-31/harlow/racecard/514464
2026-08-31,Harlow,20:34,3,Savana Heaven,514464,Sporting Life,https://www.sportinglife.com/greyhounds/racecards/2026-08-31/harlow/racecard/514464
2026-08-31,Harlow,20:34,4,Kilbride Duchess,514464,Sporting Life,https://www.sportinglife.com/greyhounds/racecards/2026-08-31/harlow/racecard/514464
2026-08-31,Harlow,20:34,5,Yo Coco,514464,Sporting Life,https://www.sportinglife.com/greyhounds/racecards/2026-08-31/harlow/racecard/514464
2026-08-31,Harlow,20:34,6,Canya Queue,514464,Sporting Life,https://www.sportinglife.com/greyhounds/racecards/2026-08-31/harlow/racecard/514464
2026-08-31,Harlow,20:52,1,Savana Teeter,514465,Sporting Life,https://www.sportinglife.com/greyhounds/racecards/2026-08-31/harlow/racecard/514465
2026-08-31,Harlow,20:52,2,Gothic Cheyenne,514465,Sporting Life,https://www.sportinglife.com/greyhounds/racecards/2026-08-31/harlow/racecard/514465
2026-08-31,Harlow,20:52,3,Forest Mark,514465,Sporting Life,https://www.sportinglife.com/greyhounds/racecards/2026-08-31/harlow/racecard/514465
2026-08-31,Harlow,20:52,4,Knockdrinna Java,514465,Sporting Life,https://www.sportinglife.com/greyhounds/racecards/2026-08-31/harlow/racecard/514465
2026-08-31,Harlow,20:52,5,Jimbo Junior,514465,Sporting Life,https://www.sportinglife.com/greyhounds/racecards/2026-08-31/harlow/racecard/514465
2026-08-31,Harlow,20:52,6,The Other Rafa,514465,Sporting Life,https://www.sportinglife.com/greyhounds/racecards/2026-08-31/harlow/racecard/514465
2026-08-31,Harlow,21:09,1,Savanalittlelegs,514466,Sporting Life,https://www.sportinglife.com/greyhounds/racecards/2026-08-31/harlow/racecard/514466
2026-08-31,Harlow,21:09,2,Tyford Spot,514466,Sporting Life,https://www.sportinglife.com/greyhounds/racecards/2026-08-31/harlow/racecard/514466
2026-08-31,Harlow,21:09,3,Mustang Odyssey,514466,Sporting Life,https://www.sportinglife.com/greyhounds/racecards/2026-08-31/harlow/racecard/514466
2026-08-31,Harlow,21:09,4,Britbull Mafia,514466,Sporting Life,https://www.sportinglife.com/greyhounds/racecards/2026-08-31/harlow/racecard/514466
2026-08-31,Harlow,21:09,5,Savana Turtle,514466,Sporting Life,https://www.sportinglife.com/greyhounds/racecards/2026-08-31/harlow/racecard/514466
2026-08-31,Harlow,21:09,6,Taylormade Bono,514466,Sporting Life,https://www.sportinglife.com/greyhounds/racecards/2026-08-31/harlow/racecard/514466
2026-08-31,Harlow,21:26,1,Derry Rebel,514467,Sporting Life,https://www.sportinglife.com/greyhounds/racecards/2026-08-31/harlow/racecard/514467
2026-08-31,Harlow,21:26,2,Joyces Sadie,514467,Sporting Life,https://www.sportinglife.com/greyhounds/racecards/2026-08-31/harlow/racecard/514467
2026-08-31,Harlow,21:26,3,Theresas Diamond,514467,Sporting Life,https://www.sportinglife.com/greyhounds/racecards/2026-08-31/harlow/racecard/514467
2026-08-31,Harlow,21:26,4,Tagalong Ger,514467,Sporting Life,https://www.sportinglife.com/greyhounds/racecards/2026-08-31/harlow/racecard/514467
2026-08-31,Harlow,21:26,5,Estefans Tune,514467,Sporting Life,https://www.sportinglife.com/greyhounds/racecards/2026-08-31/harlow/racecard/514467
2026-08-31,Harlow,21:26,6,Solo,514467,Sporting Life,https://www.sportinglife.com/greyhounds/racecards/2026-08-31/harlow/racecard/514467
2026-08-31,Monmore,14:23,1,Dromano Echo,514384,Sporting Life,https://www.sportinglife.com/greyhounds/racecards/2026-08-31/monmore/racecard/514384
2026-08-31,Monmore,14:23,2,Yama Witch,514384,Sporting Life,https://www.sportinglife.com/greyhounds/racecards/2026-08-31/monmore/racecard/514384
2026-08-31,Monmore,14:23,3,Longacres Bocko,514384,Sporting Life,https://www.sportinglife.com/greyhounds/racecards/2026-08-31/monmore/racecard/514384
2026-08-31,Monmore,14:23,4,Crafty Techno,514384,Sporting Life,https://www.sportinglife.com/greyhounds/racecards/2026-08-31/monmore/racecard/514384
2026-08-31,Monmore,14:23,5,Tromora Lizzie,514384,Sporting Life,https://www.sportinglife.com/greyhounds/racecards/2026-08-31/monmore/racecard/514384
2026-08-31,Monmore,14:41,1,Aero Aidan,514385,Sporting Life,https://www.sportinglife.com/greyhounds/racecards/2026-08-31/monmore/racecard/514385
2026-08-31,Monmore,14:41,2,Rambling Home,514385,Sporting Life,https://www.sportinglife.com/greyhounds/racecards/2026-08-31/monmore/racecard/514385
2026-08-31,Monmore,14:41,3,Newinn Carole,514385,Sporting Life,https://www.sportinglife.com/greyhounds/racecards/2026-08-31/monmore/racecard/514385
2026-08-31,Monmore,14:41,4,First Sight,514385,Sporting Life,https://www.sportinglife.com/greyhounds/racecards/2026-08-31/monmore/racecard/514385
2026-08-31,Monmore,14:41,6,Winterfield Rio,514385,Sporting Life,https://www.sportinglife.com/greyhounds/racecards/2026-08-31/monmore/racecard/514385
2026-08-31,Monmore,15:01,1,Bandit Poppy,514386,Sporting Life,https://www.sportinglife.com/greyhounds/racecards/2026-08-31/monmore/racecard/514386
2026-08-31,Monmore,15:01,2,Vixons Cruise,514386,Sporting Life,https://www.sportinglife.com/greyhounds/racecards/2026-08-31/monmore/racecard/514386
2026-08-31,Monmore,15:01,3,Bonita Moon,514386,Sporting Life,https://www.sportinglife.com/greyhounds/racecards/2026-08-31/monmore/racecard/514386
2026-08-31,Monmore,15:01,4,Green Road,514386,Sporting Life,https://www.sportinglife.com/greyhounds/racecards/2026-08-31/monmore/racecard/514386
2026-08-31,Monmore,15:01,6,Stealpy,514386,Sporting Life,https://www.sportinglife.com/greyhounds/racecards/2026-08-31/monmore/racecard/514386
2026-08-31,Monmore,15:19,1,Zenith Dazzler,514387,Sporting Life,https://www.sportinglife.com/greyhounds/racecards/2026-08-31/monmore/racecard/514387
2026-08-31,Monmore,15:19,2,Patoka,514387,Sporting Life,https://www.sportinglife.com/greyhounds/racecards/2026-08-31/monmore/racecard/514387
2026-08-31,Monmore,15:19,3,Get In Line,514387,Sporting Life,https://www.sportinglife.com/greyhounds/racecards/2026-08-31/monmore/racecard/514387
2026-08-31,Monmore,15:19,4,Tromora Diamond,514387,Sporting Life,https://www.sportinglife.com/greyhounds/racecards/2026-08-31/monmore/racecard/514387
2026-08-31,Monmore,15:19,5,Aero Stormrage,514387,Sporting Life,https://www.sportinglife.com/greyhounds/racecards/2026-08-31/monmore/racecard/514387
2026-08-31,Monmore,15:19,6,Longacres Ella,514387,Sporting Life,https://www.sportinglife.com/greyhounds/racecards/2026-08-31/monmore/racecard/514387
2026-08-31,Monmore,15:38,1,Aero Euphoria,514388,Sporting Life,https://www.sportinglife.com/greyhounds/racecards/2026-08-31/monmore/racecard/514388
2026-08-31,Monmore,15:38,2,Rackit Up Franco,514388,Sporting Life,https://www.sportinglife.com/greyhounds/racecards/2026-08-31/monmore/racecard/514388
2026-08-31,Monmore,15:38,3,Yankee Tipp,514388,Sporting Life,https://www.sportinglife.com/greyhounds/racecards/2026-08-31/monmore/racecard/514388
2026-08-31,Monmore,15:38,5,Swift Jolly,514388,Sporting Life,https://www.sportinglife.com/greyhounds/racecards/2026-08-31/monmore/racecard/514388
2026-08-31,Monmore,15:38,6,Bang On Hollie,514388,Sporting Life,https://www.sportinglife.com/greyhounds/racecards/2026-08-31/monmore/racecard/514388
2026-08-31,Monmore,15:57,1,Deelish Jerry,514389,Sporting Life,https://www.sportinglife.com/greyhounds/racecards/2026-08-31/monmore/racecard/514389
2026-08-31,Monmore,15:57,2,Tromora Finn,514389,Sporting Life,https://www.sportinglife.com/greyhounds/racecards/2026-08-31/monmore/racecard/514389
2026-08-31,Monmore,15:57,3,Prove Em Wrong,514389,Sporting Life,https://www.sportinglife.com/greyhounds/racecards/2026-08-31/monmore/racecard/514389
2026-08-31,Monmore,15:57,4,Winterfield Baby,514389,Sporting Life,https://www.sportinglife.com/greyhounds/racecards/2026-08-31/monmore/racecard/514389
2026-08-31,Monmore,15:57,5,Winterfield Rosa,514389,Sporting Life,https://www.sportinglife.com/greyhounds/racecards/2026-08-31/monmore/racecard/514389
2026-08-31,Monmore,15:57,6,Killimor Canya,514389,Sporting Life,https://www.sportinglife.com/greyhounds/racecards/2026-08-31/monmore/racecard/514389
2026-08-31,Monmore,16:16,1,Bombay Lucky,514390,Sporting Life,https://www.sportinglife.com/greyhounds/racecards/2026-08-31/monmore/racecard/514390
2026-08-31,Monmore,16:16,2,Catunda Apollo,514390,Sporting Life,https://www.sportinglife.com/greyhounds/racecards/2026-08-31/monmore/racecard/514390
2026-08-31,Monmore,16:16,3,Black Scorpion,514390,Sporting Life,https://www.sportinglife.com/greyhounds/racecards/2026-08-31/monmore/racecard/514390
2026-08-31,Monmore,16:16,4,Gulf Breeze,514390,Sporting Life,https://www.sportinglife.com/greyhounds/racecards/2026-08-31/monmore/racecard/514390
2026-08-31,Monmore,16:16,5,Elderberry Luna,514390,Sporting Life,https://www.sportinglife.com/greyhounds/racecards/2026-08-31/monmore/racecard/514390
2026-08-31,Monmore,16:16,6,Longacres Spider,514390,Sporting Life,https://www.sportinglife.com/greyhounds/racecards/2026-08-31/monmore/racecard/514390
2026-08-31,Monmore,16:34,1,Moanteen Ace,514391,Sporting Life,https://www.sportinglife.com/greyhounds/racecards/2026-08-31/monmore/racecard/514391
2026-08-31,Monmore,16:34,2,Tommys Magical,514391,Sporting Life,https://www.sportinglife.com/greyhounds/racecards/2026-08-31/monmore/racecard/514391
2026-08-31,Monmore,16:34,3,Hollywell Mave,514391,Sporting Life,https://www.sportinglife.com/greyhounds/racecards/2026-08-31/monmore/racecard/514391
2026-08-31,Monmore,16:34,5,Ballymac Bardo,514391,Sporting Life,https://www.sportinglife.com/greyhounds/racecards/2026-08-31/monmore/racecard/514391
2026-08-31,Monmore,16:34,6,Aero Dulcie,514391,Sporting Life,https://www.sportinglife.com/greyhounds/racecards/2026-08-31/monmore/racecard/514391
2026-08-31,Monmore,16:53,1,Blessed Star,514392,Sporting Life,https://www.sportinglife.com/greyhounds/racecards/2026-08-31/monmore/racecard/514392
2026-08-31,Monmore,16:53,2,Ropewalk Star,514392,Sporting Life,https://www.sportinglife.com/greyhounds/racecards/2026-08-31/monmore/racecard/514392
2026-08-31,Monmore,16:53,3,Blue Woody,514392,Sporting Life,https://www.sportinglife.com/greyhounds/racecards/2026-08-31/monmore/racecard/514392
2026-08-31,Monmore,16:53,4,Swift Style,514392,Sporting Life,https://www.sportinglife.com/greyhounds/racecards/2026-08-31/monmore/racecard/514392
2026-08-31,Monmore,16:53,5,Distant Billy,514392,Sporting Life,https://www.sportinglife.com/greyhounds/racecards/2026-08-31/monmore/racecard/514392
2026-08-31,Monmore,16:53,6,Kurious George,514392,Sporting Life,https://www.sportinglife.com/greyhounds/racecards/2026-08-31/monmore/racecard/514392
2026-08-31,Monmore,17:12,1,Vixons Matt,514393,Sporting Life,https://www.sportinglife.com/greyhounds/racecards/2026-08-31/monmore/racecard/514393
2026-08-31,Monmore,17:12,2,Denton Girl,514393,Sporting Life,https://www.sportinglife.com/greyhounds/racecards/2026-08-31/monmore/racecard/514393
2026-08-31,Monmore,17:12,3,Anglesey Prince,514393,Sporting Life,https://www.sportinglife.com/greyhounds/racecards/2026-08-31/monmore/racecard/514393
2026-08-31,Monmore,17:12,4,Bloos Ladysandra,514393,Sporting Life,https://www.sportinglife.com/greyhounds/racecards/2026-08-31/monmore/racecard/514393
2026-08-31,Monmore,17:12,6,Downmexicoway,514393,Sporting Life,https://www.sportinglife.com/greyhounds/racecards/2026-08-31/monmore/racecard/514393
2026-08-31,Monmore,17:31,1,Tullymurry India,514394,Sporting Life,https://www.sportinglife.com/greyhounds/racecards/2026-08-31/monmore/racecard/514394
2026-08-31,Monmore,17:31,2,Tommys Target,514394,Sporting Life,https://www.sportinglife.com/greyhounds/racecards/2026-08-31/monmore/racecard/514394
2026-08-31,Monmore,17:31,3,Cherry Bee,514394,Sporting Life,https://www.sportinglife.com/greyhounds/racecards/2026-08-31/monmore/racecard/514394
2026-08-31,Monmore,17:31,4,Doc Susie,514394,Sporting Life,https://www.sportinglife.com/greyhounds/racecards/2026-08-31/monmore/racecard/514394
2026-08-31,Monmore,17:31,5,Longacres Miss,514394,Sporting Life,https://www.sportinglife.com/greyhounds/racecards/2026-08-31/monmore/racecard/514394
2026-08-31,Monmore,17:31,6,Like Lightning,514394,Sporting Life,https://www.sportinglife.com/greyhounds/racecards/2026-08-31/monmore/racecard/514394
2026-08-31,Monmore,17:49,1,Elderberry Mhysa,514395,Sporting Life,https://www.sportinglife.com/greyhounds/racecards/2026-08-31/monmore/racecard/514395
2026-08-31,Monmore,17:49,2,Tommys Luna,514395,Sporting Life,https://www.sportinglife.com/greyhounds/racecards/2026-08-31/monmore/racecard/514395
2026-08-31,Monmore,17:49,3,Elderberry Misty,514395,Sporting Life,https://www.sportinglife.com/greyhounds/racecards/2026-08-31/monmore/racecard/514395
2026-08-31,Monmore,17:49,4,Thirty Seconds,514395,Sporting Life,https://www.sportinglife.com/greyhounds/racecards/2026-08-31/monmore/racecard/514395
2026-08-31,Monmore,17:49,5,Mucky Danno,514395,Sporting Life,https://www.sportinglife.com/greyhounds/racecards/2026-08-31/monmore/racecard/514395
2026-08-31,Monmore,17:49,6,Pay On Time,514395,Sporting Life,https://www.sportinglife.com/greyhounds/racecards/2026-08-31/monmore/racecard/514395
2026-08-31,Nottingham,18:37,1,Swift Olivia,514420,Sporting Life,https://www.sportinglife.com/greyhounds/racecards/2026-08-31/nottingham/racecard/514420
2026-08-31,Nottingham,18:37,2,Swift Sale,514420,Sporting Life,https://www.sportinglife.com/greyhounds/racecards/2026-08-31/nottingham/racecard/514420
2026-08-31,Nottingham,18:37,3,Wolf Larry,514420,Sporting Life,https://www.sportinglife.com/greyhounds/racecards/2026-08-31/nottingham/racecard/514420
2026-08-31,Nottingham,18:37,4,Platinumsapphire,514420,Sporting Life,https://www.sportinglife.com/greyhounds/racecards/2026-08-31/nottingham/racecard/514420
2026-08-31,Nottingham,18:37,5,Hitthebottleneil,514420,Sporting Life,https://www.sportinglife.com/greyhounds/racecards/2026-08-31/nottingham/racecard/514420
2026-08-31,Nottingham,18:53,1,Jager Bren,514421,Sporting Life,https://www.sportinglife.com/greyhounds/racecards/2026-08-31/nottingham/racecard/514421
2026-08-31,Nottingham,18:53,2,Dower Holly,514421,Sporting Life,https://www.sportinglife.com/greyhounds/racecards/2026-08-31/nottingham/racecard/514421
2026-08-31,Nottingham,18:53,3,Stud Muffin,514421,Sporting Life,https://www.sportinglife.com/greyhounds/racecards/2026-08-31/nottingham/racecard/514421
2026-08-31,Nottingham,18:53,4,Untold Real,514421,Sporting Life,https://www.sportinglife.com/greyhounds/racecards/2026-08-31/nottingham/racecard/514421
2026-08-31,Nottingham,18:53,5,Swift Tax,514421,Sporting Life,https://www.sportinglife.com/greyhounds/racecards/2026-08-31/nottingham/racecard/514421
2026-08-31,Nottingham,18:53,6,Roanna Ash,514421,Sporting Life,https://www.sportinglife.com/greyhounds/racecards/2026-08-31/nottingham/racecard/514421
2026-08-31,Nottingham,19:11,1,Newinn Souly,514422,Sporting Life,https://www.sportinglife.com/greyhounds/racecards/2026-08-31/nottingham/racecard/514422
2026-08-31,Nottingham,19:11,2,Pimlico Princess,514422,Sporting Life,https://www.sportinglife.com/greyhounds/racecards/2026-08-31/nottingham/racecard/514422
2026-08-31,Nottingham,19:11,3,Nunos Nugget,514422,Sporting Life,https://www.sportinglife.com/greyhounds/racecards/2026-08-31/nottingham/racecard/514422
2026-08-31,Nottingham,19:11,4,Miss Milo,514422,Sporting Life,https://www.sportinglife.com/greyhounds/racecards/2026-08-31/nottingham/racecard/514422
2026-08-31,Nottingham,19:11,6,Whiterock Ace,514422,Sporting Life,https://www.sportinglife.com/greyhounds/racecards/2026-08-31/nottingham/racecard/514422
2026-08-31,Nottingham,19:27,1,Da Don,514423,Sporting Life,https://www.sportinglife.com/greyhounds/racecards/2026-08-31/nottingham/racecard/514423
2026-08-31,Nottingham,19:27,2,Swift Odran,514423,Sporting Life,https://www.sportinglife.com/greyhounds/racecards/2026-08-31/nottingham/racecard/514423
2026-08-31,Nottingham,19:27,3,No Dreamers,514423,Sporting Life,https://www.sportinglife.com/greyhounds/racecards/2026-08-31/nottingham/racecard/514423
2026-08-31,Nottingham,19:27,4,Gallant Star,514423,Sporting Life,https://www.sportinglife.com/greyhounds/racecards/2026-08-31/nottingham/racecard/514423
2026-08-31,Nottingham,19:27,5,Westfield Raheem,514423,Sporting Life,https://www.sportinglife.com/greyhounds/racecards/2026-08-31/nottingham/racecard/514423
2026-08-31,Nottingham,19:27,6,Turnthemagicon,514423,Sporting Life,https://www.sportinglife.com/greyhounds/racecards/2026-08-31/nottingham/racecard/514423
2026-08-31,Nottingham,19:44,1,Carrick Scholsey,514424,Sporting Life,https://www.sportinglife.com/greyhounds/racecards/2026-08-31/nottingham/racecard/514424
2026-08-31,Nottingham,19:44,2,Jet Stream Jane,514424,Sporting Life,https://www.sportinglife.com/greyhounds/racecards/2026-08-31/nottingham/racecard/514424
2026-08-31,Nottingham,19:44,3,Tetra Eco,514424,Sporting Life,https://www.sportinglife.com/greyhounds/racecards/2026-08-31/nottingham/racecard/514424
2026-08-31,Nottingham,19:44,4,Swift Kipper,514424,Sporting Life,https://www.sportinglife.com/greyhounds/racecards/2026-08-31/nottingham/racecard/514424
2026-08-31,Nottingham,19:44,5,Wynwuff,514424,Sporting Life,https://www.sportinglife.com/greyhounds/racecards/2026-08-31/nottingham/racecard/514424
2026-08-31,Nottingham,19:44,6,Tell Em Nothing,514424,Sporting Life,https://www.sportinglife.com/greyhounds/racecards/2026-08-31/nottingham/racecard/514424
2026-08-31,Nottingham,20:01,1,Nicky Swithin,514425,Sporting Life,https://www.sportinglife.com/greyhounds/racecards/2026-08-31/nottingham/racecard/514425
2026-08-31,Nottingham,20:01,2,Kellies Emerald,514425,Sporting Life,https://www.sportinglife.com/greyhounds/racecards/2026-08-31/nottingham/racecard/514425
2026-08-31,Nottingham,20:01,3,Eagles Respect,514425,Sporting Life,https://www.sportinglife.com/greyhounds/racecards/2026-08-31/nottingham/racecard/514425
2026-08-31,Nottingham,20:01,4,Newinn Jolly,514425,Sporting Life,https://www.sportinglife.com/greyhounds/racecards/2026-08-31/nottingham/racecard/514425
2026-08-31,Nottingham,20:01,5,Hardy Bucko,514425,Sporting Life,https://www.sportinglife.com/greyhounds/racecards/2026-08-31/nottingham/racecard/514425
2026-08-31,Nottingham,20:01,6,Grovenor Ozzy,514425,Sporting Life,https://www.sportinglife.com/greyhounds/racecards/2026-08-31/nottingham/racecard/514425
2026-08-31,Nottingham,20:19,1,Annadown Shadow,514426,Sporting Life,https://www.sportinglife.com/greyhounds/racecards/2026-08-31/nottingham/racecard/514426
2026-08-31,Nottingham,20:19,2,Scooby Mustang,514426,Sporting Life,https://www.sportinglife.com/greyhounds/racecards/2026-08-31/nottingham/racecard/514426
2026-08-31,Nottingham,20:19,3,Lady Gambet,514426,Sporting Life,https://www.sportinglife.com/greyhounds/racecards/2026-08-31/nottingham/racecard/514426
2026-08-31,Nottingham,20:19,4,Annadown Warrior,514426,Sporting Life,https://www.sportinglife.com/greyhounds/racecards/2026-08-31/nottingham/racecard/514426
2026-08-31,Nottingham,20:19,5,Daleroad Magic,514426,Sporting Life,https://www.sportinglife.com/greyhounds/racecards/2026-08-31/nottingham/racecard/514426
2026-08-31,Nottingham,20:19,6,Magical Marty,514426,Sporting Life,https://www.sportinglife.com/greyhounds/racecards/2026-08-31/nottingham/racecard/514426
2026-08-31,Nottingham,20:36,1,Frankton Ivy,514427,Sporting Life,https://www.sportinglife.com/greyhounds/racecards/2026-08-31/nottingham/racecard/514427
2026-08-31,Nottingham,20:36,2,Ballintubberstar,514427,Sporting Life,https://www.sportinglife.com/greyhounds/racecards/2026-08-31/nottingham/racecard/514427
2026-08-31,Nottingham,20:36,3,Droopys Rated,514427,Sporting Life,https://www.sportinglife.com/greyhounds/racecards/2026-08-31/nottingham/racecard/514427
2026-08-31,Nottingham,20:36,4,Malcolm Bosh,514427,Sporting Life,https://www.sportinglife.com/greyhounds/racecards/2026-08-31/nottingham/racecard/514427
2026-08-31,Nottingham,20:36,5,Clonbrien Piper,514427,Sporting Life,https://www.sportinglife.com/greyhounds/racecards/2026-08-31/nottingham/racecard/514427
2026-08-31,Nottingham,20:36,6,Radical Story,514427,Sporting Life,https://www.sportinglife.com/greyhounds/racecards/2026-08-31/nottingham/racecard/514427
2026-08-31,Nottingham,20:54,1,Wicky Ned,514428,Sporting Life,https://www.sportinglife.com/greyhounds/racecards/2026-08-31/nottingham/racecard/514428
2026-08-31,Nottingham,20:54,2,Strike It Skye,514428,Sporting Life,https://www.sportinglife.com/greyhounds/racecards/2026-08-31/nottingham/racecard/514428
2026-08-31,Nottingham,20:54,3,Ballymac Ralf,514428,Sporting Life,https://www.sportinglife.com/greyhounds/racecards/2026-08-31/nottingham/racecard/514428
2026-08-31,Nottingham,20:54,4,Underground Gold,514428,Sporting Life,https://www.sportinglife.com/greyhounds/racecards/2026-08-31/nottingham/racecard/514428
2026-08-31,Nottingham,20:54,5,Romeo Tomcat,514428,Sporting Life,https://www.sportinglife.com/greyhounds/racecards/2026-08-31/nottingham/racecard/514428
2026-08-31,Nottingham,20:54,6,Fortanach Col,514428,Sporting Life,https://www.sportinglife.com/greyhounds/racecards/2026-08-31/nottingham/racecard/514428
2026-08-31,Nottingham,21:11,1,Vale Bluebell,514429,Sporting Life,https://www.sportinglife.com/greyhounds/racecards/2026-08-31/nottingham/racecard/514429
2026-08-31,Nottingham,21:11,2,Aghaburren Lewis,514429,Sporting Life,https://www.sportinglife.com/greyhounds/racecards/2026-08-31/nottingham/racecard/514429
2026-08-31,Nottingham,21:11,3,Doubtful Diamond,514429,Sporting Life,https://www.sportinglife.com/greyhounds/racecards/2026-08-31/nottingham/racecard/514429
2026-08-31,Nottingham,21:11,4,Platinum Record,514429,Sporting Life,https://www.sportinglife.com/greyhounds/racecards/2026-08-31/nottingham/racecard/514429
2026-08-31,Nottingham,21:11,5,Thurlesbeg Tonto,514429,Sporting Life,https://www.sportinglife.com/greyhounds/racecards/2026-08-31/nottingham/racecard/514429
2026-08-31,Nottingham,21:28,1,Halfway Ruby,514430,Sporting Life,https://www.sportinglife.com/greyhounds/racecards/2026-08-31/nottingham/racecard/514430
2026-08-31,Nottingham,21:28,2,Elite Max,514430,Sporting Life,https://www.sportinglife.com/greyhounds/racecards/2026-08-31/nottingham/racecard/514430
2026-08-31,Nottingham,21:28,3,Thats No Joke,514430,Sporting Life,https://www.sportinglife.com/greyhounds/racecards/2026-08-31/nottingham/racecard/514430
2026-08-31,Nottingham,21:28,4,Honeygar Bessy,514430,Sporting Life,https://www.sportinglife.com/greyhounds/racecards/2026-08-31/nottingham/racecard/514430
2026-08-31,Nottingham,21:28,5,Broomfleet Magic,514430,Sporting Life,https://www.sportinglife.com/greyhounds/racecards/2026-08-31/nottingham/racecard/514430
2026-08-31,Nottingham,21:46,1,Velvet Madrid,514431,Sporting Life,https://www.sportinglife.com/greyhounds/racecards/2026-08-31/nottingham/racecard/514431
2026-08-31,Nottingham,21:46,2,Bellmore Queen,514431,Sporting Life,https://www.sportinglife.com/greyhounds/racecards/2026-08-31/nottingham/racecard/514431
2026-08-31,Nottingham,21:46,3,Alwaysoptimistic,514431,Sporting Life,https://www.sportinglife.com/greyhounds/racecards/2026-08-31/nottingham/racecard/514431
2026-08-31,Nottingham,21:46,4,Tiznow,514431,Sporting Life,https://www.sportinglife.com/greyhounds/racecards/2026-08-31/nottingham/racecard/514431
2026-08-31,Nottingham,21:46,5,Sparta Pro,514431,Sporting Life,https://www.sportinglife.com/greyhounds/racecards/2026-08-31/nottingham/racecard/514431
2026-08-31,Romford,11:09,1,Inclement Motion,514372,Sporting Life,https://www.sportinglife.com/greyhounds/racecards/2026-08-31/romford/racecard/514372
2026-08-31,Romford,11:09,2,Rattling Coko,514372,Sporting Life,https://www.sportinglife.com/greyhounds/racecards/2026-08-31/romford/racecard/514372
2026-08-31,Romford,11:09,3,Ballybreen Rose,514372,Sporting Life,https://www.sportinglife.com/greyhounds/racecards/2026-08-31/romford/racecard/514372
2026-08-31,Romford,11:09,4,Bubbly Queenie,514372,Sporting Life,https://www.sportinglife.com/greyhounds/racecards/2026-08-31/romford/racecard/514372
2026-08-31,Romford,11:09,6,Hawkfield Grant,514372,Sporting Life,https://www.sportinglife.com/greyhounds/racecards/2026-08-31/romford/racecard/514372
2026-08-31,Romford,11:27,1,Haverhill Matt,514373,Sporting Life,https://www.sportinglife.com/greyhounds/racecards/2026-08-31/romford/racecard/514373
2026-08-31,Romford,11:27,2,Seomra Finn,514373,Sporting Life,https://www.sportinglife.com/greyhounds/racecards/2026-08-31/romford/racecard/514373
2026-08-31,Romford,11:27,3,Mickey Red,514373,Sporting Life,https://www.sportinglife.com/greyhounds/racecards/2026-08-31/romford/racecard/514373
2026-08-31,Romford,11:27,4,Trinity Hoffa,514373,Sporting Life,https://www.sportinglife.com/greyhounds/racecards/2026-08-31/romford/racecard/514373
2026-08-31,Romford,11:27,5,Blackrose Amy,514373,Sporting Life,https://www.sportinglife.com/greyhounds/racecards/2026-08-31/romford/racecard/514373
2026-08-31,Romford,11:43,1,Bonfire Bullet,514374,Sporting Life,https://www.sportinglife.com/greyhounds/racecards/2026-08-31/romford/racecard/514374
2026-08-31,Romford,11:43,2,Come On Sheileen,514374,Sporting Life,https://www.sportinglife.com/greyhounds/racecards/2026-08-31/romford/racecard/514374
2026-08-31,Romford,11:43,3,Yahoo Clodagh,514374,Sporting Life,https://www.sportinglife.com/greyhounds/racecards/2026-08-31/romford/racecard/514374
2026-08-31,Romford,11:43,4,Ideal Guest,514374,Sporting Life,https://www.sportinglife.com/greyhounds/racecards/2026-08-31/romford/racecard/514374
2026-08-31,Romford,11:43,5,Harley Hitch,514374,Sporting Life,https://www.sportinglife.com/greyhounds/racecards/2026-08-31/romford/racecard/514374
2026-08-31,Romford,11:43,6,Micks Boy,514374,Sporting Life,https://www.sportinglife.com/greyhounds/racecards/2026-08-31/romford/racecard/514374
2026-08-31,Romford,12:01,1,Jeopardy Panther,514375,Sporting Life,https://www.sportinglife.com/greyhounds/racecards/2026-08-31/romford/racecard/514375
2026-08-31,Romford,12:01,2,Roxys Sunshine,514375,Sporting Life,https://www.sportinglife.com/greyhounds/racecards/2026-08-31/romford/racecard/514375
2026-08-31,Romford,12:01,3,Move The Magic,514375,Sporting Life,https://www.sportinglife.com/greyhounds/racecards/2026-08-31/romford/racecard/514375
2026-08-31,Romford,12:01,4,Show Stopper,514375,Sporting Life,https://www.sportinglife.com/greyhounds/racecards/2026-08-31/romford/racecard/514375
2026-08-31,Romford,12:01,5,Broadway Steel,514375,Sporting Life,https://www.sportinglife.com/greyhounds/racecards/2026-08-31/romford/racecard/514375
2026-08-31,Romford,12:01,6,Da Blue Tiger,514375,Sporting Life,https://www.sportinglife.com/greyhounds/racecards/2026-08-31/romford/racecard/514375
2026-08-31,Romford,12:18,1,Zenith Angel,514376,Sporting Life,https://www.sportinglife.com/greyhounds/racecards/2026-08-31/romford/racecard/514376
2026-08-31,Romford,12:18,2,Geneva Betsy,514376,Sporting Life,https://www.sportinglife.com/greyhounds/racecards/2026-08-31/romford/racecard/514376
2026-08-31,Romford,12:18,3,Miami Yeats,514376,Sporting Life,https://www.sportinglife.com/greyhounds/racecards/2026-08-31/romford/racecard/514376
2026-08-31,Romford,12:18,4,Bacon Frazzles,514376,Sporting Life,https://www.sportinglife.com/greyhounds/racecards/2026-08-31/romford/racecard/514376
2026-08-31,Romford,12:18,5,Aint Bothered,514376,Sporting Life,https://www.sportinglife.com/greyhounds/racecards/2026-08-31/romford/racecard/514376
2026-08-31,Romford,12:34,1,Velvet Kaela,514377,Sporting Life,https://www.sportinglife.com/greyhounds/racecards/2026-08-31/romford/racecard/514377
2026-08-31,Romford,12:34,2,Chapel Gardens,514377,Sporting Life,https://www.sportinglife.com/greyhounds/racecards/2026-08-31/romford/racecard/514377
2026-08-31,Romford,12:34,3,Drovers Romany,514377,Sporting Life,https://www.sportinglife.com/greyhounds/racecards/2026-08-31/romford/racecard/514377
2026-08-31,Romford,12:34,4,Dots Petra,514377,Sporting Life,https://www.sportinglife.com/greyhounds/racecards/2026-08-31/romford/racecard/514377
2026-08-31,Romford,12:34,5,Donegal Cian,514377,Sporting Life,https://www.sportinglife.com/greyhounds/racecards/2026-08-31/romford/racecard/514377
2026-08-31,Romford,12:34,6,Cowboy Terry,514377,Sporting Life,https://www.sportinglife.com/greyhounds/racecards/2026-08-31/romford/racecard/514377
2026-08-31,Romford,12:51,1,Droopys Saoirse,514378,Sporting Life,https://www.sportinglife.com/greyhounds/racecards/2026-08-31/romford/racecard/514378
2026-08-31,Romford,12:51,2,Bacon Burrger,514378,Sporting Life,https://www.sportinglife.com/greyhounds/racecards/2026-08-31/romford/racecard/514378
2026-08-31,Romford,12:51,3,Miami Sapphire,514378,Sporting Life,https://www.sportinglife.com/greyhounds/racecards/2026-08-31/romford/racecard/514378
2026-08-31,Romford,12:51,4,Lil Bo Beep,514378,Sporting Life,https://www.sportinglife.com/greyhounds/racecards/2026-08-31/romford/racecard/514378
2026-08-31,Romford,12:51,5,Stormy Pat,514378,Sporting Life,https://www.sportinglife.com/greyhounds/racecards/2026-08-31/romford/racecard/514378
2026-08-31,Romford,12:51,6,Biscuit Dunker,514378,Sporting Life,https://www.sportinglife.com/greyhounds/racecards/2026-08-31/romford/racecard/514378
2026-08-31,Romford,13:08,1,Goulane Vegas,514379,Sporting Life,https://www.sportinglife.com/greyhounds/racecards/2026-08-31/romford/racecard/514379
2026-08-31,Romford,13:08,2,Crossfield Jazz,514379,Sporting Life,https://www.sportinglife.com/greyhounds/racecards/2026-08-31/romford/racecard/514379
2026-08-31,Romford,13:08,3,Thread Of Hope,514379,Sporting Life,https://www.sportinglife.com/greyhounds/racecards/2026-08-31/romford/racecard/514379
2026-08-31,Romford,13:08,4,Binksy Dobbie,514379,Sporting Life,https://www.sportinglife.com/greyhounds/racecards/2026-08-31/romford/racecard/514379
2026-08-31,Romford,13:08,5,Toems Bono,514379,Sporting Life,https://www.sportinglife.com/greyhounds/racecards/2026-08-31/romford/racecard/514379
2026-08-31,Romford,13:08,6,Big Time Roisin,514379,Sporting Life,https://www.sportinglife.com/greyhounds/racecards/2026-08-31/romford/racecard/514379
2026-08-31,Romford,13:26,1,Hannipaul Lecter,514380,Sporting Life,https://www.sportinglife.com/greyhounds/racecards/2026-08-31/romford/racecard/514380
2026-08-31,Romford,13:26,2,Whizzy Dot,514380,Sporting Life,https://www.sportinglife.com/greyhounds/racecards/2026-08-31/romford/racecard/514380
2026-08-31,Romford,13:26,3,My Little Olive,514380,Sporting Life,https://www.sportinglife.com/greyhounds/racecards/2026-08-31/romford/racecard/514380
2026-08-31,Romford,13:26,4,Underground Bell,514380,Sporting Life,https://www.sportinglife.com/greyhounds/racecards/2026-08-31/romford/racecard/514380
2026-08-31,Romford,13:26,6,Blazeaway Blue,514380,Sporting Life,https://www.sportinglife.com/greyhounds/racecards/2026-08-31/romford/racecard/514380
2026-08-31,Romford,13:42,1,Jeopardy Diva,514381,Sporting Life,https://www.sportinglife.com/greyhounds/racecards/2026-08-31/romford/racecard/514381
2026-08-31,Romford,13:42,2,Yahoo Cleo,514381,Sporting Life,https://www.sportinglife.com/greyhounds/racecards/2026-08-31/romford/racecard/514381
2026-08-31,Romford,13:42,3,Keeperhill Vikki,514381,Sporting Life,https://www.sportinglife.com/greyhounds/racecards/2026-08-31/romford/racecard/514381
2026-08-31,Romford,13:42,4,Bubbly Blackbird,514381,Sporting Life,https://www.sportinglife.com/greyhounds/racecards/2026-08-31/romford/racecard/514381
2026-08-31,Romford,13:42,5,Ashwood Links,514381,Sporting Life,https://www.sportinglife.com/greyhounds/racecards/2026-08-31/romford/racecard/514381
2026-08-31,Romford,13:42,6,Keefill Darwin,514381,Sporting Life,https://www.sportinglife.com/greyhounds/racecards/2026-08-31/romford/racecard/514381
2026-08-31,Romford,13:59,1,Jogon Flo Joe,514382,Sporting Life,https://www.sportinglife.com/greyhounds/racecards/2026-08-31/romford/racecard/514382
2026-08-31,Romford,13:59,2,Joescourtsad,514382,Sporting Life,https://www.sportinglife.com/greyhounds/racecards/2026-08-31/romford/racecard/514382
2026-08-31,Romford,13:59,3,Crystal Nancy,514382,Sporting Life,https://www.sportinglife.com/greyhounds/racecards/2026-08-31/romford/racecard/514382
2026-08-31,Romford,13:59,4,Newtown Champ,514382,Sporting Life,https://www.sportinglife.com/greyhounds/racecards/2026-08-31/romford/racecard/514382
2026-08-31,Romford,13:59,5,Coolanga Junior,514382,Sporting Life,https://www.sportinglife.com/greyhounds/racecards/2026-08-31/romford/racecard/514382
2026-08-31,Romford,13:59,6,Swift Agile,514382,Sporting Life,https://www.sportinglife.com/greyhounds/racecards/2026-08-31/romford/racecard/514382
2026-08-31,Romford,14:14,1,Slippy Teddy,514383,Sporting Life,https://www.sportinglife.com/greyhounds/racecards/2026-08-31/romford/racecard/514383
2026-08-31,Romford,14:14,2,Alan The First,514383,Sporting Life,https://www.sportinglife.com/greyhounds/racecards/2026-08-31/romford/racecard/514383
2026-08-31,Romford,14:14,3,Demon Lad,514383,Sporting Life,https://www.sportinglife.com/greyhounds/racecards/2026-08-31/romford/racecard/514383
2026-08-31,Romford,14:14,4,Brians Lee,514383,Sporting Life,https://www.sportinglife.com/greyhounds/racecards/2026-08-31/romford/racecard/514383
2026-08-31,Romford,14:14,5,Raha Stevie,514383,Sporting Life,https://www.sportinglife.com/greyhounds/racecards/2026-08-31/romford/racecard/514383
2026-08-31,Romford,14:14,6,Bowmers King,514383,Sporting Life,https://www.sportinglife.com/greyhounds/racecards/2026-08-31/romford/racecard/514383
2026-08-31,Star Pelaw,18:04,1,Fruity Licious,514468,Sporting Life,https://www.sportinglife.com/greyhounds/racecards/2026-08-31/star-pelaw/racecard/514468
2026-08-31,Star Pelaw,18:04,2,Glengiblinbadger,514468,Sporting Life,https://www.sportinglife.com/greyhounds/racecards/2026-08-31/star-pelaw/racecard/514468
2026-08-31,Star Pelaw,18:04,4,Daring Poppy,514468,Sporting Life,https://www.sportinglife.com/greyhounds/racecards/2026-08-31/star-pelaw/racecard/514468
2026-08-31,Star Pelaw,18:04,5,Anglesey Tesla,514468,Sporting Life,https://www.sportinglife.com/greyhounds/racecards/2026-08-31/star-pelaw/racecard/514468
2026-08-31,Star Pelaw,18:04,6,Fionntra City,514468,Sporting Life,https://www.sportinglife.com/greyhounds/racecards/2026-08-31/star-pelaw/racecard/514468
2026-08-31,Star Pelaw,18:21,1,Here Comes Bob,514469,Sporting Life,https://www.sportinglife.com/greyhounds/racecards/2026-08-31/star-pelaw/racecard/514469
2026-08-31,Star Pelaw,18:21,2,Chisem Dodger,514469,Sporting Life,https://www.sportinglife.com/greyhounds/racecards/2026-08-31/star-pelaw/racecard/514469
2026-08-31,Star Pelaw,18:21,3,Jacktavern Trump,514469,Sporting Life,https://www.sportinglife.com/greyhounds/racecards/2026-08-31/star-pelaw/racecard/514469
2026-08-31,Star Pelaw,18:21,4,Punk Rock Rose,514469,Sporting Life,https://www.sportinglife.com/greyhounds/racecards/2026-08-31/star-pelaw/racecard/514469
2026-08-31,Star Pelaw,18:21,5,Toonrlee,514469,Sporting Life,https://www.sportinglife.com/greyhounds/racecards/2026-08-31/star-pelaw/racecard/514469
2026-08-31,Star Pelaw,18:39,1,More Sufferance,514470,Sporting Life,https://www.sportinglife.com/greyhounds/racecards/2026-08-31/star-pelaw/racecard/514470
2026-08-31,Star Pelaw,18:39,2,Macrompian Maid,514470,Sporting Life,https://www.sportinglife.com/greyhounds/racecards/2026-08-31/star-pelaw/racecard/514470
2026-08-31,Star Pelaw,18:39,3,Westfield Onebid,514470,Sporting Life,https://www.sportinglife.com/greyhounds/racecards/2026-08-31/star-pelaw/racecard/514470
2026-08-31,Star Pelaw,18:39,4,Philipstown Tomo,514470,Sporting Life,https://www.sportinglife.com/greyhounds/racecards/2026-08-31/star-pelaw/racecard/514470
2026-08-31,Star Pelaw,18:39,6,Applewood Girl,514470,Sporting Life,https://www.sportinglife.com/greyhounds/racecards/2026-08-31/star-pelaw/racecard/514470
2026-08-31,Star Pelaw,18:56,1,Punk Rock Legend,514471,Sporting Life,https://www.sportinglife.com/greyhounds/racecards/2026-08-31/star-pelaw/racecard/514471
2026-08-31,Star Pelaw,18:56,4,Savanabetgoodwin,514471,Sporting Life,https://www.sportinglife.com/greyhounds/racecards/2026-08-31/star-pelaw/racecard/514471
2026-08-31,Star Pelaw,18:56,6,Mickys Tribute,514471,Sporting Life,https://www.sportinglife.com/greyhounds/racecards/2026-08-31/star-pelaw/racecard/514471
2026-08-31,Star Pelaw,19:14,1,Franklins Pace,514472,Sporting Life,https://www.sportinglife.com/greyhounds/racecards/2026-08-31/star-pelaw/racecard/514472
2026-08-31,Star Pelaw,19:14,2,Playing Nice,514472,Sporting Life,https://www.sportinglife.com/greyhounds/racecards/2026-08-31/star-pelaw/racecard/514472
2026-08-31,Star Pelaw,19:14,3,Glengiblin Jenny,514472,Sporting Life,https://www.sportinglife.com/greyhounds/racecards/2026-08-31/star-pelaw/racecard/514472
2026-08-31,Star Pelaw,19:14,5,Glengiblin Bella,514472,Sporting Life,https://www.sportinglife.com/greyhounds/racecards/2026-08-31/star-pelaw/racecard/514472
2026-08-31,Star Pelaw,19:14,6,Phantasma,514472,Sporting Life,https://www.sportinglife.com/greyhounds/racecards/2026-08-31/star-pelaw/racecard/514472
2026-08-31,Star Pelaw,19:31,1,Illnotbedown,514473,Sporting Life,https://www.sportinglife.com/greyhounds/racecards/2026-08-31/star-pelaw/racecard/514473
2026-08-31,Star Pelaw,19:31,2,Havana Bret,514473,Sporting Life,https://www.sportinglife.com/greyhounds/racecards/2026-08-31/star-pelaw/racecard/514473
2026-08-31,Star Pelaw,19:31,3,Am The Gaffer,514473,Sporting Life,https://www.sportinglife.com/greyhounds/racecards/2026-08-31/star-pelaw/racecard/514473
2026-08-31,Star Pelaw,19:31,4,Caister Kay,514473,Sporting Life,https://www.sportinglife.com/greyhounds/racecards/2026-08-31/star-pelaw/racecard/514473
2026-08-31,Star Pelaw,19:31,5,Hawkfield Lexi,514473,Sporting Life,https://www.sportinglife.com/greyhounds/racecards/2026-08-31/star-pelaw/racecard/514473
2026-08-31,Star Pelaw,19:51,1,Freedom Ozark,514474,Sporting Life,https://www.sportinglife.com/greyhounds/racecards/2026-08-31/star-pelaw/racecard/514474
2026-08-31,Star Pelaw,19:51,2,Soapy Bubbles,514474,Sporting Life,https://www.sportinglife.com/greyhounds/racecards/2026-08-31/star-pelaw/racecard/514474
2026-08-31,Star Pelaw,19:51,3,Loxleys Ace,514474,Sporting Life,https://www.sportinglife.com/greyhounds/racecards/2026-08-31/star-pelaw/racecard/514474
2026-08-31,Star Pelaw,19:51,4,Cornforth Fire,514474,Sporting Life,https://www.sportinglife.com/greyhounds/racecards/2026-08-31/star-pelaw/racecard/514474
2026-08-31,Star Pelaw,19:51,5,Mossend Abbie,514474,Sporting Life,https://www.sportinglife.com/greyhounds/racecards/2026-08-31/star-pelaw/racecard/514474
2026-08-31,Star Pelaw,20:09,1,Haywards Olivia,514475,Sporting Life,https://www.sportinglife.com/greyhounds/racecards/2026-08-31/star-pelaw/racecard/514475
2026-08-31,Star Pelaw,20:09,2,Ma Darlin,514475,Sporting Life,https://www.sportinglife.com/greyhounds/racecards/2026-08-31/star-pelaw/racecard/514475
2026-08-31,Star Pelaw,20:09,3,Fionntra Ogie,514475,Sporting Life,https://www.sportinglife.com/greyhounds/racecards/2026-08-31/star-pelaw/racecard/514475
2026-08-31,Star Pelaw,20:09,4,Burgess Siun,514475,Sporting Life,https://www.sportinglife.com/greyhounds/racecards/2026-08-31/star-pelaw/racecard/514475
2026-08-31,Star Pelaw,20:09,5,Fionntra Best,514475,Sporting Life,https://www.sportinglife.com/greyhounds/racecards/2026-08-31/star-pelaw/racecard/514475
2026-08-31,Star Pelaw,20:26,2,Cherry Darling,514476,Sporting Life,https://www.sportinglife.com/greyhounds/racecards/2026-08-31/star-pelaw/racecard/514476
2026-08-31,Star Pelaw,20:26,3,Saltees Kayla,514476,Sporting Life,https://www.sportinglife.com/greyhounds/racecards/2026-08-31/star-pelaw/racecard/514476
2026-08-31,Star Pelaw,20:26,4,Malibu Harry,514476,Sporting Life,https://www.sportinglife.com/greyhounds/racecards/2026-08-31/star-pelaw/racecard/514476
2026-08-31,Star Pelaw,20:26,5,Cowboy Diego,514476,Sporting Life,https://www.sportinglife.com/greyhounds/racecards/2026-08-31/star-pelaw/racecard/514476
2026-08-31,Star Pelaw,20:26,6,Get Thumper,514476,Sporting Life,https://www.sportinglife.com/greyhounds/racecards/2026-08-31/star-pelaw/racecard/514476
2026-08-31,Star Pelaw,20:43,2,Loughside Roisin,514477,Sporting Life,https://www.sportinglife.com/greyhounds/racecards/2026-08-31/star-pelaw/racecard/514477
2026-08-31,Star Pelaw,20:43,3,Lucy Jay,514477,Sporting Life,https://www.sportinglife.com/greyhounds/racecards/2026-08-31/star-pelaw/racecard/514477
2026-08-31,Star Pelaw,20:43,4,Newyork Fitzy,514477,Sporting Life,https://www.sportinglife.com/greyhounds/racecards/2026-08-31/star-pelaw/racecard/514477
2026-08-31,Star Pelaw,20:43,5,Haywards Ava,514477,Sporting Life,https://www.sportinglife.com/greyhounds/racecards/2026-08-31/star-pelaw/racecard/514477
2026-08-31,Star Pelaw,20:43,6,Fruity Bets,514477,Sporting Life,https://www.sportinglife.com/greyhounds/racecards/2026-08-31/star-pelaw/racecard/514477
2026-08-31,Sunderland,14:29,1,Trumpers Calvin,514478,Sporting Life,https://www.sportinglife.com/greyhounds/racecards/2026-08-31/sunderland/racecard/514478
2026-08-31,Sunderland,14:29,2,Charge It,514478,Sporting Life,https://www.sportinglife.com/greyhounds/racecards/2026-08-31/sunderland/racecard/514478
2026-08-31,Sunderland,14:29,3,Russmur Josh,514478,Sporting Life,https://www.sportinglife.com/greyhounds/racecards/2026-08-31/sunderland/racecard/514478
2026-08-31,Sunderland,14:29,4,Iam Boots,514478,Sporting Life,https://www.sportinglife.com/greyhounds/racecards/2026-08-31/sunderland/racecard/514478
2026-08-31,Sunderland,14:29,5,Autumn Time,514478,Sporting Life,https://www.sportinglife.com/greyhounds/racecards/2026-08-31/sunderland/racecard/514478
2026-08-31,Sunderland,14:29,6,Pollys Purler,514478,Sporting Life,https://www.sportinglife.com/greyhounds/racecards/2026-08-31/sunderland/racecard/514478
2026-08-31,Sunderland,14:48,1,Bashful Pebbles,514479,Sporting Life,https://www.sportinglife.com/greyhounds/racecards/2026-08-31/sunderland/racecard/514479
2026-08-31,Sunderland,14:48,2,Amigan Nina,514479,Sporting Life,https://www.sportinglife.com/greyhounds/racecards/2026-08-31/sunderland/racecard/514479
2026-08-31,Sunderland,14:48,3,Untold Kava,514479,Sporting Life,https://www.sportinglife.com/greyhounds/racecards/2026-08-31/sunderland/racecard/514479
2026-08-31,Sunderland,14:48,4,Real Action,514479,Sporting Life,https://www.sportinglife.com/greyhounds/racecards/2026-08-31/sunderland/racecard/514479
2026-08-31,Sunderland,14:48,5,Bathams Panther,514479,Sporting Life,https://www.sportinglife.com/greyhounds/racecards/2026-08-31/sunderland/racecard/514479
2026-08-31,Sunderland,14:48,6,Doohoma Rogue,514479,Sporting Life,https://www.sportinglife.com/greyhounds/racecards/2026-08-31/sunderland/racecard/514479
2026-08-31,Sunderland,15:07,1,Roaming Ariana,514480,Sporting Life,https://www.sportinglife.com/greyhounds/racecards/2026-08-31/sunderland/racecard/514480
2026-08-31,Sunderland,15:07,2,Crafty Momo,514480,Sporting Life,https://www.sportinglife.com/greyhounds/racecards/2026-08-31/sunderland/racecard/514480
2026-08-31,Sunderland,15:07,3,Dashing Elvis,514480,Sporting Life,https://www.sportinglife.com/greyhounds/racecards/2026-08-31/sunderland/racecard/514480
2026-08-31,Sunderland,15:07,5,Watermill Aurora,514480,Sporting Life,https://www.sportinglife.com/greyhounds/racecards/2026-08-31/sunderland/racecard/514480
2026-08-31,Sunderland,15:07,6,Happenedwas,514480,Sporting Life,https://www.sportinglife.com/greyhounds/racecards/2026-08-31/sunderland/racecard/514480
2026-08-31,Sunderland,15:26,1,Marinas Calgary,514481,Sporting Life,https://www.sportinglife.com/greyhounds/racecards/2026-08-31/sunderland/racecard/514481
2026-08-31,Sunderland,15:26,2,Zesty Pineapple,514481,Sporting Life,https://www.sportinglife.com/greyhounds/racecards/2026-08-31/sunderland/racecard/514481
2026-08-31,Sunderland,15:26,3,Level Dubai,514481,Sporting Life,https://www.sportinglife.com/greyhounds/racecards/2026-08-31/sunderland/racecard/514481
2026-08-31,Sunderland,15:26,4,Burkos Criminal,514481,Sporting Life,https://www.sportinglife.com/greyhounds/racecards/2026-08-31/sunderland/racecard/514481
2026-08-31,Sunderland,15:26,5,Watermill Mya,514481,Sporting Life,https://www.sportinglife.com/greyhounds/racecards/2026-08-31/sunderland/racecard/514481
2026-08-31,Sunderland,15:44,1,Confident Josie,514482,Sporting Life,https://www.sportinglife.com/greyhounds/racecards/2026-08-31/sunderland/racecard/514482
2026-08-31,Sunderland,15:44,3,Leos Loki,514482,Sporting Life,https://www.sportinglife.com/greyhounds/racecards/2026-08-31/sunderland/racecard/514482
2026-08-31,Sunderland,15:44,4,Cowardly John,514482,Sporting Life,https://www.sportinglife.com/greyhounds/racecards/2026-08-31/sunderland/racecard/514482
2026-08-31,Sunderland,15:44,5,Shanmoyle Mary,514482,Sporting Life,https://www.sportinglife.com/greyhounds/racecards/2026-08-31/sunderland/racecard/514482
2026-08-31,Sunderland,15:44,6,Sunnyside Fergie,514482,Sporting Life,https://www.sportinglife.com/greyhounds/racecards/2026-08-31/sunderland/racecard/514482
2026-08-31,Sunderland,16:03,1,Watermill Tink,514483,Sporting Life,https://www.sportinglife.com/greyhounds/racecards/2026-08-31/sunderland/racecard/514483
2026-08-31,Sunderland,16:03,2,Lillies Bubbles,514483,Sporting Life,https://www.sportinglife.com/greyhounds/racecards/2026-08-31/sunderland/racecard/514483
2026-08-31,Sunderland,16:03,4,Neon Noble,514483,Sporting Life,https://www.sportinglife.com/greyhounds/racecards/2026-08-31/sunderland/racecard/514483
2026-08-31,Sunderland,16:03,5,Ozz Got It,514483,Sporting Life,https://www.sportinglife.com/greyhounds/racecards/2026-08-31/sunderland/racecard/514483
2026-08-31,Sunderland,16:03,6,Bawn Whisper,514483,Sporting Life,https://www.sportinglife.com/greyhounds/racecards/2026-08-31/sunderland/racecard/514483
2026-08-31,Sunderland,16:22,1,Kilara Majeste,514484,Sporting Life,https://www.sportinglife.com/greyhounds/racecards/2026-08-31/sunderland/racecard/514484
2026-08-31,Sunderland,16:22,2,Beanos Cody,514484,Sporting Life,https://www.sportinglife.com/greyhounds/racecards/2026-08-31/sunderland/racecard/514484
2026-08-31,Sunderland,16:22,3,Obsessed,514484,Sporting Life,https://www.sportinglife.com/greyhounds/racecards/2026-08-31/sunderland/racecard/514484
2026-08-31,Sunderland,16:22,4,Catch You Later,514484,Sporting Life,https://www.sportinglife.com/greyhounds/racecards/2026-08-31/sunderland/racecard/514484
2026-08-31,Sunderland,16:22,5,Easy Act,514484,Sporting Life,https://www.sportinglife.com/greyhounds/racecards/2026-08-31/sunderland/racecard/514484
2026-08-31,Sunderland,16:22,6,Crafty Misco,514484,Sporting Life,https://www.sportinglife.com/greyhounds/racecards/2026-08-31/sunderland/racecard/514484
2026-08-31,Sunderland,16:41,1,Kippers Puma,514485,Sporting Life,https://www.sportinglife.com/greyhounds/racecards/2026-08-31/sunderland/racecard/514485
2026-08-31,Sunderland,16:41,2,Thors Hope,514485,Sporting Life,https://www.sportinglife.com/greyhounds/racecards/2026-08-31/sunderland/racecard/514485
2026-08-31,Sunderland,16:41,3,Linton Ralph,514485,Sporting Life,https://www.sportinglife.com/greyhounds/racecards/2026-08-31/sunderland/racecard/514485
2026-08-31,Sunderland,16:41,4,Kerabellec Delph,514485,Sporting Life,https://www.sportinglife.com/greyhounds/racecards/2026-08-31/sunderland/racecard/514485
2026-08-31,Sunderland,16:41,6,Westforth Avayla,514485,Sporting Life,https://www.sportinglife.com/greyhounds/racecards/2026-08-31/sunderland/racecard/514485
2026-08-31,Sunderland,16:59,1,An Gaoithe Rua,514486,Sporting Life,https://www.sportinglife.com/greyhounds/racecards/2026-08-31/sunderland/racecard/514486
2026-08-31,Sunderland,16:59,3,Dairyland Maeve,514486,Sporting Life,https://www.sportinglife.com/greyhounds/racecards/2026-08-31/sunderland/racecard/514486
2026-08-31,Sunderland,16:59,4,Autumn Meadow,514486,Sporting Life,https://www.sportinglife.com/greyhounds/racecards/2026-08-31/sunderland/racecard/514486
2026-08-31,Sunderland,16:59,5,Linton Reginald,514486,Sporting Life,https://www.sportinglife.com/greyhounds/racecards/2026-08-31/sunderland/racecard/514486
2026-08-31,Sunderland,16:59,6,Freeway Sultan,514486,Sporting Life,https://www.sportinglife.com/greyhounds/racecards/2026-08-31/sunderland/racecard/514486
2026-08-31,Sunderland,17:18,1,Liffeyside Oak,514487,Sporting Life,https://www.sportinglife.com/greyhounds/racecards/2026-08-31/sunderland/racecard/514487
2026-08-31,Sunderland,17:18,2,Noirs Lulu,514487,Sporting Life,https://www.sportinglife.com/greyhounds/racecards/2026-08-31/sunderland/racecard/514487
2026-08-31,Sunderland,17:18,4,Glideaway Onana,514487,Sporting Life,https://www.sportinglife.com/greyhounds/racecards/2026-08-31/sunderland/racecard/514487
2026-08-31,Sunderland,17:18,5,Monadreen Jazz,514487,Sporting Life,https://www.sportinglife.com/greyhounds/racecards/2026-08-31/sunderland/racecard/514487
2026-08-31,Sunderland,17:18,6,Shalefield Azure,514487,Sporting Life,https://www.sportinglife.com/greyhounds/racecards/2026-08-31/sunderland/racecard/514487
2026-08-31,Sunderland,17:37,1,Finnery Julie,514488,Sporting Life,https://www.sportinglife.com/greyhounds/racecards/2026-08-31/sunderland/racecard/514488
2026-08-31,Sunderland,17:37,2,Zari Wild,514488,Sporting Life,https://www.sportinglife.com/greyhounds/racecards/2026-08-31/sunderland/racecard/514488
2026-08-31,Sunderland,17:37,3,Kilteely Glory,514488,Sporting Life,https://www.sportinglife.com/greyhounds/racecards/2026-08-31/sunderland/racecard/514488
2026-08-31,Sunderland,17:37,4,Nickos Hunter,514488,Sporting Life,https://www.sportinglife.com/greyhounds/racecards/2026-08-31/sunderland/racecard/514488
2026-08-31,Sunderland,17:37,6,Freeway Sky,514488,Sporting Life,https://www.sportinglife.com/greyhounds/racecards/2026-08-31/sunderland/racecard/514488
2026-08-31,Sunderland,17:56,1,Lightupthesky,514489,Sporting Life,https://www.sportinglife.com/greyhounds/racecards/2026-08-31/sunderland/racecard/514489
2026-08-31,Sunderland,17:56,2,Damn Good,514489,Sporting Life,https://www.sportinglife.com/greyhounds/racecards/2026-08-31/sunderland/racecard/514489
2026-08-31,Sunderland,17:56,3,Swift Ares,514489,Sporting Life,https://www.sportinglife.com/greyhounds/racecards/2026-08-31/sunderland/racecard/514489
2026-08-31,Sunderland,17:56,4,Blackeyed Keyes,514489,Sporting Life,https://www.sportinglife.com/greyhounds/racecards/2026-08-31/sunderland/racecard/514489
2026-08-31,Sunderland,17:56,6,Stormy Shelby,514489,Sporting Life,https://www.sportinglife.com/greyhounds/racecards/2026-08-31/sunderland/racecard/514489
2026-08-31,Towcester,18:08,1,Salacres Logan,514490,Sporting Life,https://www.sportinglife.com/greyhounds/racecards/2026-08-31/towcester/racecard/514490
2026-08-31,Towcester,18:08,2,Stratton Girl,514490,Sporting Life,https://www.sportinglife.com/greyhounds/racecards/2026-08-31/towcester/racecard/514490
2026-08-31,Towcester,18:08,3,Darraghs Dream,514490,Sporting Life,https://www.sportinglife.com/greyhounds/racecards/2026-08-31/towcester/racecard/514490
2026-08-31,Towcester,18:08,4,Glasheen Bucko,514490,Sporting Life,https://www.sportinglife.com/greyhounds/racecards/2026-08-31/towcester/racecard/514490
2026-08-31,Towcester,18:08,5,Dublin Jimmy,514490,Sporting Life,https://www.sportinglife.com/greyhounds/racecards/2026-08-31/towcester/racecard/514490
2026-08-31,Towcester,18:08,6,Salacres Bullet,514490,Sporting Life,https://www.sportinglife.com/greyhounds/racecards/2026-08-31/towcester/racecard/514490
2026-08-31,Towcester,18:26,2,Goul River,514491,Sporting Life,https://www.sportinglife.com/greyhounds/racecards/2026-08-31/towcester/racecard/514491
2026-08-31,Towcester,18:26,3,Melbury Rocket,514491,Sporting Life,https://www.sportinglife.com/greyhounds/racecards/2026-08-31/towcester/racecard/514491
2026-08-31,Towcester,18:26,4,Salacres Jojo,514491,Sporting Life,https://www.sportinglife.com/greyhounds/racecards/2026-08-31/towcester/racecard/514491
2026-08-31,Towcester,18:26,5,Five Alley Zena,514491,Sporting Life,https://www.sportinglife.com/greyhounds/racecards/2026-08-31/towcester/racecard/514491
2026-08-31,Towcester,18:26,6,Cragbrien Hero,514491,Sporting Life,https://www.sportinglife.com/greyhounds/racecards/2026-08-31/towcester/racecard/514491
2026-08-31,Towcester,18:42,1,Matts Eunice,514492,Sporting Life,https://www.sportinglife.com/greyhounds/racecards/2026-08-31/towcester/racecard/514492
2026-08-31,Towcester,18:42,2,Clongour Duo,514492,Sporting Life,https://www.sportinglife.com/greyhounds/racecards/2026-08-31/towcester/racecard/514492
2026-08-31,Towcester,18:42,3,Fabulous Kiddo,514492,Sporting Life,https://www.sportinglife.com/greyhounds/racecards/2026-08-31/towcester/racecard/514492
2026-08-31,Towcester,18:42,4,Unknown Allie,514492,Sporting Life,https://www.sportinglife.com/greyhounds/racecards/2026-08-31/towcester/racecard/514492
2026-08-31,Towcester,18:42,5,Plaza Bruno,514492,Sporting Life,https://www.sportinglife.com/greyhounds/racecards/2026-08-31/towcester/racecard/514492
2026-08-31,Towcester,18:59,1,Twominutes Ellie,514493,Sporting Life,https://www.sportinglife.com/greyhounds/racecards/2026-08-31/towcester/racecard/514493
2026-08-31,Towcester,18:59,2,Dreamin Madge,514493,Sporting Life,https://www.sportinglife.com/greyhounds/racecards/2026-08-31/towcester/racecard/514493
2026-08-31,Towcester,18:59,3,Amka Ember,514493,Sporting Life,https://www.sportinglife.com/greyhounds/racecards/2026-08-31/towcester/racecard/514493
2026-08-31,Towcester,18:59,5,Cockneyloudmouth,514493,Sporting Life,https://www.sportinglife.com/greyhounds/racecards/2026-08-31/towcester/racecard/514493
2026-08-31,Towcester,19:16,1,Savana Rocco,514494,Sporting Life,https://www.sportinglife.com/greyhounds/racecards/2026-08-31/towcester/racecard/514494
2026-08-31,Towcester,19:16,2,Salacres Luigi,514494,Sporting Life,https://www.sportinglife.com/greyhounds/racecards/2026-08-31/towcester/racecard/514494
2026-08-31,Towcester,19:16,3,Fabulous Masie,514494,Sporting Life,https://www.sportinglife.com/greyhounds/racecards/2026-08-31/towcester/racecard/514494
2026-08-31,Towcester,19:16,4,Eire Katie,514494,Sporting Life,https://www.sportinglife.com/greyhounds/racecards/2026-08-31/towcester/racecard/514494
2026-08-31,Towcester,19:16,5,Salacres Brendan,514494,Sporting Life,https://www.sportinglife.com/greyhounds/racecards/2026-08-31/towcester/racecard/514494
2026-08-31,Towcester,19:16,6,Amka Phantom,514494,Sporting Life,https://www.sportinglife.com/greyhounds/racecards/2026-08-31/towcester/racecard/514494
2026-08-31,Towcester,19:33,1,Unknown Tulip,514495,Sporting Life,https://www.sportinglife.com/greyhounds/racecards/2026-08-31/towcester/racecard/514495
2026-08-31,Towcester,19:33,2,Melbury Galaxy,514495,Sporting Life,https://www.sportinglife.com/greyhounds/racecards/2026-08-31/towcester/racecard/514495
2026-08-31,Towcester,19:33,3,Scooby Picasso,514495,Sporting Life,https://www.sportinglife.com/greyhounds/racecards/2026-08-31/towcester/racecard/514495
2026-08-31,Towcester,19:33,4,Moredramakirstie,514495,Sporting Life,https://www.sportinglife.com/greyhounds/racecards/2026-08-31/towcester/racecard/514495
2026-08-31,Towcester,19:33,5,Salacres Paige,514495,Sporting Life,https://www.sportinglife.com/greyhounds/racecards/2026-08-31/towcester/racecard/514495
2026-08-31,Towcester,19:33,6,Quest Master,514495,Sporting Life,https://www.sportinglife.com/greyhounds/racecards/2026-08-31/towcester/racecard/514495
2026-08-31,Towcester,19:49,1,Makeit Power,514496,Sporting Life,https://www.sportinglife.com/greyhounds/racecards/2026-08-31/towcester/racecard/514496
2026-08-31,Towcester,19:49,2,Scooby Van Gogh,514496,Sporting Life,https://www.sportinglife.com/greyhounds/racecards/2026-08-31/towcester/racecard/514496
2026-08-31,Towcester,19:49,3,Glenvale Jake,514496,Sporting Life,https://www.sportinglife.com/greyhounds/racecards/2026-08-31/towcester/racecard/514496
2026-08-31,Towcester,19:49,4,Savana Florida,514496,Sporting Life,https://www.sportinglife.com/greyhounds/racecards/2026-08-31/towcester/racecard/514496
2026-08-31,Towcester,19:49,5,Rowington Ruse,514496,Sporting Life,https://www.sportinglife.com/greyhounds/racecards/2026-08-31/towcester/racecard/514496
2026-08-31,Towcester,19:49,6,Vivlinles,514496,Sporting Life,https://www.sportinglife.com/greyhounds/racecards/2026-08-31/towcester/racecard/514496
2026-08-31,Towcester,20:07,1,Boherash Jani,514497,Sporting Life,https://www.sportinglife.com/greyhounds/racecards/2026-08-31/towcester/racecard/514497
2026-08-31,Towcester,20:07,2,Amka Wolf,514497,Sporting Life,https://www.sportinglife.com/greyhounds/racecards/2026-08-31/towcester/racecard/514497
2026-08-31,Towcester,20:07,3,Donishall Jet,514497,Sporting Life,https://www.sportinglife.com/greyhounds/racecards/2026-08-31/towcester/racecard/514497
2026-08-31,Towcester,20:07,4,Noirs Bono,514497,Sporting Life,https://www.sportinglife.com/greyhounds/racecards/2026-08-31/towcester/racecard/514497
2026-08-31,Towcester,20:07,5,Inniskeen Flash,514497,Sporting Life,https://www.sportinglife.com/greyhounds/racecards/2026-08-31/towcester/racecard/514497
2026-08-31,Towcester,20:24,1,Freyas Lula,514498,Sporting Life,https://www.sportinglife.com/greyhounds/racecards/2026-08-31/towcester/racecard/514498
2026-08-31,Towcester,20:24,2,Likely Lady,514498,Sporting Life,https://www.sportinglife.com/greyhounds/racecards/2026-08-31/towcester/racecard/514498
2026-08-31,Towcester,20:24,3,Topper Shea,514498,Sporting Life,https://www.sportinglife.com/greyhounds/racecards/2026-08-31/towcester/racecard/514498
2026-08-31,Towcester,20:24,4,Daleroad Max,514498,Sporting Life,https://www.sportinglife.com/greyhounds/racecards/2026-08-31/towcester/racecard/514498
2026-08-31,Towcester,20:24,5,Antigua Burn,514498,Sporting Life,https://www.sportinglife.com/greyhounds/racecards/2026-08-31/towcester/racecard/514498
2026-08-31,Towcester,20:24,6,Essex Abbie,514498,Sporting Life,https://www.sportinglife.com/greyhounds/racecards/2026-08-31/towcester/racecard/514498
2026-08-31,Towcester,20:41,2,Homestead Ceile,514499,Sporting Life,https://www.sportinglife.com/greyhounds/racecards/2026-08-31/towcester/racecard/514499
2026-08-31,Towcester,20:41,3,Footfield Mouse,514499,Sporting Life,https://www.sportinglife.com/greyhounds/racecards/2026-08-31/towcester/racecard/514499
2026-08-31,Towcester,20:41,4,Hiya Salah,514499,Sporting Life,https://www.sportinglife.com/greyhounds/racecards/2026-08-31/towcester/racecard/514499
2026-08-31,Towcester,20:41,5,Mustang Miamar,514499,Sporting Life,https://www.sportinglife.com/greyhounds/racecards/2026-08-31/towcester/racecard/514499
2026-08-31,Towcester,20:41,6,Swift Year Long,514499,Sporting Life,https://www.sportinglife.com/greyhounds/racecards/2026-08-31/towcester/racecard/514499
2026-08-31,Towcester,20:59,1,Romeo Go West,514500,Sporting Life,https://www.sportinglife.com/greyhounds/racecards/2026-08-31/towcester/racecard/514500
2026-08-31,Towcester,20:59,2,Feathers Mcgraw,514500,Sporting Life,https://www.sportinglife.com/greyhounds/racecards/2026-08-31/towcester/racecard/514500
2026-08-31,Towcester,20:59,3,Fabulous Allana,514500,Sporting Life,https://www.sportinglife.com/greyhounds/racecards/2026-08-31/towcester/racecard/514500
2026-08-31,Towcester,20:59,4,Salacres Wild,514500,Sporting Life,https://www.sportinglife.com/greyhounds/racecards/2026-08-31/towcester/racecard/514500
2026-08-31,Towcester,20:59,5,Plaza Kathleen,514500,Sporting Life,https://www.sportinglife.com/greyhounds/racecards/2026-08-31/towcester/racecard/514500
2026-08-31,Towcester,21:16,1,Salacres Frankie,514501,Sporting Life,https://www.sportinglife.com/greyhounds/racecards/2026-08-31/towcester/racecard/514501
2026-08-31,Towcester,21:16,2,Last Race Toni,514501,Sporting Life,https://www.sportinglife.com/greyhounds/racecards/2026-08-31/towcester/racecard/514501
2026-08-31,Towcester,21:16,3,Scooby Rembrandt,514501,Sporting Life,https://www.sportinglife.com/greyhounds/racecards/2026-08-31/towcester/racecard/514501
2026-08-31,Towcester,21:16,4,Mums Image,514501,Sporting Life,https://www.sportinglife.com/greyhounds/racecards/2026-08-31/towcester/racecard/514501
2026-08-31,Towcester,21:16,5,Ballycleary Bono,514501,Sporting Life,https://www.sportinglife.com/greyhounds/racecards/2026-08-31/towcester/racecard/514501
2026-08-31,Towcester,21:16,6,Hitthelids Kaley,514501,Sporting Life,https://www.sportinglife.com/greyhounds/racecards/2026-08-31/towcester/racecard/514501
2026-08-31,Yarmouth,18:14,1,Swift Jericho,514408,Sporting Life,https://www.sportinglife.com/greyhounds/racecards/2026-08-31/yarmouth/racecard/514408
2026-08-31,Yarmouth,18:14,2,Westway Buzz,514408,Sporting Life,https://www.sportinglife.com/greyhounds/racecards/2026-08-31/yarmouth/racecard/514408
2026-08-31,Yarmouth,18:14,3,Thunder Dance,514408,Sporting Life,https://www.sportinglife.com/greyhounds/racecards/2026-08-31/yarmouth/racecard/514408
2026-08-31,Yarmouth,18:14,5,Kilara Rodrigo,514408,Sporting Life,https://www.sportinglife.com/greyhounds/racecards/2026-08-31/yarmouth/racecard/514408
2026-08-31,Yarmouth,18:14,6,Golden Drop,514408,Sporting Life,https://www.sportinglife.com/greyhounds/racecards/2026-08-31/yarmouth/racecard/514408
2026-08-31,Yarmouth,18:31,2,Cloughtaney Emma,514409,Sporting Life,https://www.sportinglife.com/greyhounds/racecards/2026-08-31/yarmouth/racecard/514409
2026-08-31,Yarmouth,18:31,3,Ramblin Wild,514409,Sporting Life,https://www.sportinglife.com/greyhounds/racecards/2026-08-31/yarmouth/racecard/514409
2026-08-31,Yarmouth,18:31,4,Rapido Camilla,514409,Sporting Life,https://www.sportinglife.com/greyhounds/racecards/2026-08-31/yarmouth/racecard/514409
2026-08-31,Yarmouth,18:31,5,Golden Dewdrop,514409,Sporting Life,https://www.sportinglife.com/greyhounds/racecards/2026-08-31/yarmouth/racecard/514409
2026-08-31,Yarmouth,18:31,6,Ballycowen Harry,514409,Sporting Life,https://www.sportinglife.com/greyhounds/racecards/2026-08-31/yarmouth/racecard/514409
2026-08-31,Yarmouth,18:48,2,Decoy Oola,514410,Sporting Life,https://www.sportinglife.com/greyhounds/racecards/2026-08-31/yarmouth/racecard/514410
2026-08-31,Yarmouth,18:48,3,Fen Nannas Pride,514410,Sporting Life,https://www.sportinglife.com/greyhounds/racecards/2026-08-31/yarmouth/racecard/514410
2026-08-31,Yarmouth,18:48,4,Horizontal,514410,Sporting Life,https://www.sportinglife.com/greyhounds/racecards/2026-08-31/yarmouth/racecard/514410
2026-08-31,Yarmouth,18:48,5,Bodell Bucks,514410,Sporting Life,https://www.sportinglife.com/greyhounds/racecards/2026-08-31/yarmouth/racecard/514410
2026-08-31,Yarmouth,18:48,6,Easy Nancy,514410,Sporting Life,https://www.sportinglife.com/greyhounds/racecards/2026-08-31/yarmouth/racecard/514410
2026-08-31,Yarmouth,19:06,1,Blackrosepopcorn,514411,Sporting Life,https://www.sportinglife.com/greyhounds/racecards/2026-08-31/yarmouth/racecard/514411
2026-08-31,Yarmouth,19:06,2,Rosshill Annie,514411,Sporting Life,https://www.sportinglife.com/greyhounds/racecards/2026-08-31/yarmouth/racecard/514411
2026-08-31,Yarmouth,19:06,4,Move Over Julia,514411,Sporting Life,https://www.sportinglife.com/greyhounds/racecards/2026-08-31/yarmouth/racecard/514411
2026-08-31,Yarmouth,19:06,5,Adamant Olaf,514411,Sporting Life,https://www.sportinglife.com/greyhounds/racecards/2026-08-31/yarmouth/racecard/514411
2026-08-31,Yarmouth,19:06,6,Melbury Loki,514411,Sporting Life,https://www.sportinglife.com/greyhounds/racecards/2026-08-31/yarmouth/racecard/514411
2026-08-31,Yarmouth,19:22,1,Coolruss Sharon,514412,Sporting Life,https://www.sportinglife.com/greyhounds/racecards/2026-08-31/yarmouth/racecard/514412
2026-08-31,Yarmouth,19:22,3,Razzamatazz,514412,Sporting Life,https://www.sportinglife.com/greyhounds/racecards/2026-08-31/yarmouth/racecard/514412
2026-08-31,Yarmouth,19:22,4,American Aray,514412,Sporting Life,https://www.sportinglife.com/greyhounds/racecards/2026-08-31/yarmouth/racecard/514412
2026-08-31,Yarmouth,19:22,5,Swift Yes,514412,Sporting Life,https://www.sportinglife.com/greyhounds/racecards/2026-08-31/yarmouth/racecard/514412
2026-08-31,Yarmouth,19:22,6,Rumour Has It,514412,Sporting Life,https://www.sportinglife.com/greyhounds/racecards/2026-08-31/yarmouth/racecard/514412
2026-08-31,Yarmouth,19:39,2,Hello Lainey,514413,Sporting Life,https://www.sportinglife.com/greyhounds/racecards/2026-08-31/yarmouth/racecard/514413
2026-08-31,Yarmouth,19:39,3,Cassandras Girl,514413,Sporting Life,https://www.sportinglife.com/greyhounds/racecards/2026-08-31/yarmouth/racecard/514413
2026-08-31,Yarmouth,19:39,4,Whitewood Gigi,514413,Sporting Life,https://www.sportinglife.com/greyhounds/racecards/2026-08-31/yarmouth/racecard/514413
2026-08-31,Yarmouth,19:39,5,Coalville Clown,514413,Sporting Life,https://www.sportinglife.com/greyhounds/racecards/2026-08-31/yarmouth/racecard/514413
2026-08-31,Yarmouth,19:39,6,Murrow Pinatubo,514413,Sporting Life,https://www.sportinglife.com/greyhounds/racecards/2026-08-31/yarmouth/racecard/514413
2026-08-31,Yarmouth,19:56,1,I Feel Fine,514414,Sporting Life,https://www.sportinglife.com/greyhounds/racecards/2026-08-31/yarmouth/racecard/514414
2026-08-31,Yarmouth,19:56,2,Aurelia Geegee,514414,Sporting Life,https://www.sportinglife.com/greyhounds/racecards/2026-08-31/yarmouth/racecard/514414
2026-08-31,Yarmouth,19:56,3,Cansherun,514414,Sporting Life,https://www.sportinglife.com/greyhounds/racecards/2026-08-31/yarmouth/racecard/514414
2026-08-31,Yarmouth,19:56,5,Lemon Missy,514414,Sporting Life,https://www.sportinglife.com/greyhounds/racecards/2026-08-31/yarmouth/racecard/514414
2026-08-31,Yarmouth,19:56,6,Savana Macey,514414,Sporting Life,https://www.sportinglife.com/greyhounds/racecards/2026-08-31/yarmouth/racecard/514414
2026-08-31,Yarmouth,20:13,1,Golden Sister,514415,Sporting Life,https://www.sportinglife.com/greyhounds/racecards/2026-08-31/yarmouth/racecard/514415
2026-08-31,Yarmouth,20:13,2,Savana Robbie,514415,Sporting Life,https://www.sportinglife.com/greyhounds/racecards/2026-08-31/yarmouth/racecard/514415
2026-08-31,Yarmouth,20:13,3,Diva Luna,514415,Sporting Life,https://www.sportinglife.com/greyhounds/racecards/2026-08-31/yarmouth/racecard/514415
2026-08-31,Yarmouth,20:13,4,Venom Storm,514415,Sporting Life,https://www.sportinglife.com/greyhounds/racecards/2026-08-31/yarmouth/racecard/514415
2026-08-31,Yarmouth,20:13,5,Coonough May,514415,Sporting Life,https://www.sportinglife.com/greyhounds/racecards/2026-08-31/yarmouth/racecard/514415
2026-08-31,Yarmouth,20:13,6,Bluejig Designer,514415,Sporting Life,https://www.sportinglife.com/greyhounds/racecards/2026-08-31/yarmouth/racecard/514415
2026-08-31,Yarmouth,20:31,1,Zoo Da Man,514416,Sporting Life,https://www.sportinglife.com/greyhounds/racecards/2026-08-31/yarmouth/racecard/514416
2026-08-31,Yarmouth,20:31,3,The Other Gigi,514416,Sporting Life,https://www.sportinglife.com/greyhounds/racecards/2026-08-31/yarmouth/racecard/514416
2026-08-31,Yarmouth,20:31,4,Ebbs Delight,514416,Sporting Life,https://www.sportinglife.com/greyhounds/racecards/2026-08-31/yarmouth/racecard/514416
2026-08-31,Yarmouth,20:31,5,Highview Laura,514416,Sporting Life,https://www.sportinglife.com/greyhounds/racecards/2026-08-31/yarmouth/racecard/514416
2026-08-31,Yarmouth,20:31,6,Browns Bruce,514416,Sporting Life,https://www.sportinglife.com/greyhounds/racecards/2026-08-31/yarmouth/racecard/514416
2026-08-31,Yarmouth,20:47,1,Wachovia Manor,514417,Sporting Life,https://www.sportinglife.com/greyhounds/racecards/2026-08-31/yarmouth/racecard/514417
2026-08-31,Yarmouth,20:47,3,Wachovia Blaze,514417,Sporting Life,https://www.sportinglife.com/greyhounds/racecards/2026-08-31/yarmouth/racecard/514417
2026-08-31,Yarmouth,20:47,4,Ardagio,514417,Sporting Life,https://www.sportinglife.com/greyhounds/racecards/2026-08-31/yarmouth/racecard/514417
2026-08-31,Yarmouth,20:47,5,Savana Mist,514417,Sporting Life,https://www.sportinglife.com/greyhounds/racecards/2026-08-31/yarmouth/racecard/514417
2026-08-31,Yarmouth,20:47,6,Savana Buzz,514417,Sporting Life,https://www.sportinglife.com/greyhounds/racecards/2026-08-31/yarmouth/racecard/514417
2026-08-31,Yarmouth,21:04,1,Savana Cosmic,514418,Sporting Life,https://www.sportinglife.com/greyhounds/racecards/2026-08-31/yarmouth/racecard/514418
2026-08-31,Yarmouth,21:04,2,Rebel Joseph,514418,Sporting Life,https://www.sportinglife.com/greyhounds/racecards/2026-08-31/yarmouth/racecard/514418
2026-08-31,Yarmouth,21:04,3,Alfies Lad,514418,Sporting Life,https://www.sportinglife.com/greyhounds/racecards/2026-08-31/yarmouth/racecard/514418
2026-08-31,Yarmouth,21:04,5,Queen Lana,514418,Sporting Life,https://www.sportinglife.com/greyhounds/racecards/2026-08-31/yarmouth/racecard/514418
2026-08-31,Yarmouth,21:04,6,Coolruss Ronnie,514418,Sporting Life,https://www.sportinglife.com/greyhounds/racecards/2026-08-31/yarmouth/racecard/514418
2026-08-31,Yarmouth,21:23,1,Rapido Auz,514419,Sporting Life,https://www.sportinglife.com/greyhounds/racecards/2026-08-31/yarmouth/racecard/514419
2026-08-31,Yarmouth,21:23,2,Whisper Dolly,514419,Sporting Life,https://www.sportinglife.com/greyhounds/racecards/2026-08-31/yarmouth/racecard/514419
2026-08-31,Yarmouth,21:23,3,Daisys Blueboy,514419,Sporting Life,https://www.sportinglife.com/greyhounds/racecards/2026-08-31/yarmouth/racecard/514419
2026-08-31,Yarmouth,21:23,4,Morning Delight,514419,Sporting Life,https://www.sportinglife.com/greyhounds/racecards/2026-08-31/yarmouth/racecard/514419
2026-08-31,Yarmouth,21:23,5,Oscar,514419,Sporting Life,https://www.sportinglife.com/greyhounds/racecards/2026-08-31/yarmouth/racecard/514419
2026-08-31,Yarmouth,21:23,6,Savana Flamma,514419,Sporting Life,https://www.sportinglife.com/greyhounds/racecards/2026-08-31/yarmouth/racecard/514419
