date,track,race_time,runner_number,dog_name,race_id,source,race_url
2026-09-14,Central Park,14:36,1,Luminous Daisy,516205,Sporting Life,https://www.sportinglife.com/greyhounds/racecards/2026-09-14/central-park/racecard/516205
2026-09-14,Central Park,14:36,2,Cronody Versa,516205,Sporting Life,https://www.sportinglife.com/greyhounds/racecards/2026-09-14/central-park/racecard/516205
2026-09-14,Central Park,14:36,3,Dark Rosa,516205,Sporting Life,https://www.sportinglife.com/greyhounds/racecards/2026-09-14/central-park/racecard/516205
2026-09-14,Central Park,14:36,4,Vicious Amanda,516205,Sporting Life,https://www.sportinglife.com/greyhounds/racecards/2026-09-14/central-park/racecard/516205
2026-09-14,Central Park,14:36,5,Mikeys Rudy,516205,Sporting Life,https://www.sportinglife.com/greyhounds/racecards/2026-09-14/central-park/racecard/516205
2026-09-14,Central Park,14:36,6,Greatdown Lad,516205,Sporting Life,https://www.sportinglife.com/greyhounds/racecards/2026-09-14/central-park/racecard/516205
2026-09-14,Central Park,14:54,2,Samba Matt,516211,Sporting Life,https://www.sportinglife.com/greyhounds/racecards/2026-09-14/central-park/racecard/516211
2026-09-14,Central Park,14:54,3,Russmur Sabbath,516211,Sporting Life,https://www.sportinglife.com/greyhounds/racecards/2026-09-14/central-park/racecard/516211
2026-09-14,Central Park,14:54,4,Five Alley Skye,516211,Sporting Life,https://www.sportinglife.com/greyhounds/racecards/2026-09-14/central-park/racecard/516211
2026-09-14,Central Park,14:54,5,Cyclers Storm,516211,Sporting Life,https://www.sportinglife.com/greyhounds/racecards/2026-09-14/central-park/racecard/516211
2026-09-14,Central Park,14:54,6,Financial Ruin,516211,Sporting Life,https://www.sportinglife.com/greyhounds/racecards/2026-09-14/central-park/racecard/516211
2026-09-14,Central Park,15:13,1,Scilly Paris,516214,Sporting Life,https://www.sportinglife.com/greyhounds/racecards/2026-09-14/central-park/racecard/516214
2026-09-14,Central Park,15:13,2,Savana Tonka,516214,Sporting Life,https://www.sportinglife.com/greyhounds/racecards/2026-09-14/central-park/racecard/516214
2026-09-14,Central Park,15:13,3,Trudys Princess,516214,Sporting Life,https://www.sportinglife.com/greyhounds/racecards/2026-09-14/central-park/racecard/516214
2026-09-14,Central Park,15:13,4,Kajoruns Sid,516214,Sporting Life,https://www.sportinglife.com/greyhounds/racecards/2026-09-14/central-park/racecard/516214
2026-09-14,Central Park,15:13,5,Welsun Kid,516214,Sporting Life,https://www.sportinglife.com/greyhounds/racecards/2026-09-14/central-park/racecard/516214
2026-09-14,Central Park,15:32,1,Beach Holiday,516217,Sporting Life,https://www.sportinglife.com/greyhounds/racecards/2026-09-14/central-park/racecard/516217
2026-09-14,Central Park,15:32,2,Ballyhimikin Joe,516217,Sporting Life,https://www.sportinglife.com/greyhounds/racecards/2026-09-14/central-park/racecard/516217
2026-09-14,Central Park,15:32,3,Coolside Spyman,516217,Sporting Life,https://www.sportinglife.com/greyhounds/racecards/2026-09-14/central-park/racecard/516217
2026-09-14,Central Park,15:32,4,Bombay Boss,516217,Sporting Life,https://www.sportinglife.com/greyhounds/racecards/2026-09-14/central-park/racecard/516217
2026-09-14,Central Park,15:32,5,Knockroe Lucy,516217,Sporting Life,https://www.sportinglife.com/greyhounds/racecards/2026-09-14/central-park/racecard/516217
2026-09-14,Central Park,15:51,1,Savana Pluto,516220,Sporting Life,https://www.sportinglife.com/greyhounds/racecards/2026-09-14/central-park/racecard/516220
2026-09-14,Central Park,15:51,2,Front Shani,516220,Sporting Life,https://www.sportinglife.com/greyhounds/racecards/2026-09-14/central-park/racecard/516220
2026-09-14,Central Park,15:51,3,Blue Drout,516220,Sporting Life,https://www.sportinglife.com/greyhounds/racecards/2026-09-14/central-park/racecard/516220
2026-09-14,Central Park,15:51,4,Coillbhui Nora,516220,Sporting Life,https://www.sportinglife.com/greyhounds/racecards/2026-09-14/central-park/racecard/516220
2026-09-14,Central Park,15:51,5,Murdaniel Fin,516220,Sporting Life,https://www.sportinglife.com/greyhounds/racecards/2026-09-14/central-park/racecard/516220
2026-09-14,Central Park,15:51,6,Quivers Amaze,516220,Sporting Life,https://www.sportinglife.com/greyhounds/racecards/2026-09-14/central-park/racecard/516220
2026-09-14,Central Park,16:09,1,Harlequin Flick,516224,Sporting Life,https://www.sportinglife.com/greyhounds/racecards/2026-09-14/central-park/racecard/516224
2026-09-14,Central Park,16:09,2,Relevance,516224,Sporting Life,https://www.sportinglife.com/greyhounds/racecards/2026-09-14/central-park/racecard/516224
2026-09-14,Central Park,16:09,3,Waikiki Stone,516224,Sporting Life,https://www.sportinglife.com/greyhounds/racecards/2026-09-14/central-park/racecard/516224
2026-09-14,Central Park,16:09,4,Savana Georgia,516224,Sporting Life,https://www.sportinglife.com/greyhounds/racecards/2026-09-14/central-park/racecard/516224
2026-09-14,Central Park,16:09,5,Peakys Doll,516224,Sporting Life,https://www.sportinglife.com/greyhounds/racecards/2026-09-14/central-park/racecard/516224
2026-09-14,Central Park,16:09,6,Roseville Comet,516224,Sporting Life,https://www.sportinglife.com/greyhounds/racecards/2026-09-14/central-park/racecard/516224
2026-09-14,Central Park,16:28,1,Canal River,516226,Sporting Life,https://www.sportinglife.com/greyhounds/racecards/2026-09-14/central-park/racecard/516226
2026-09-14,Central Park,16:28,2,Deelish Millie,516226,Sporting Life,https://www.sportinglife.com/greyhounds/racecards/2026-09-14/central-park/racecard/516226
2026-09-14,Central Park,16:28,3,Rosstemple Chase,516226,Sporting Life,https://www.sportinglife.com/greyhounds/racecards/2026-09-14/central-park/racecard/516226
2026-09-14,Central Park,16:28,4,Cronody Hendrika,516226,Sporting Life,https://www.sportinglife.com/greyhounds/racecards/2026-09-14/central-park/racecard/516226
2026-09-14,Central Park,16:28,5,Ebony Trend,516226,Sporting Life,https://www.sportinglife.com/greyhounds/racecards/2026-09-14/central-park/racecard/516226
2026-09-14,Central Park,16:28,6,Free Derry,516226,Sporting Life,https://www.sportinglife.com/greyhounds/racecards/2026-09-14/central-park/racecard/516226
2026-09-14,Central Park,16:47,1,Robinsons Clan,516228,Sporting Life,https://www.sportinglife.com/greyhounds/racecards/2026-09-14/central-park/racecard/516228
2026-09-14,Central Park,16:47,2,Ocean Summer,516228,Sporting Life,https://www.sportinglife.com/greyhounds/racecards/2026-09-14/central-park/racecard/516228
2026-09-14,Central Park,16:47,3,Bucks Queen,516228,Sporting Life,https://www.sportinglife.com/greyhounds/racecards/2026-09-14/central-park/racecard/516228
2026-09-14,Central Park,16:47,4,Lets Go Johnny,516228,Sporting Life,https://www.sportinglife.com/greyhounds/racecards/2026-09-14/central-park/racecard/516228
2026-09-14,Central Park,16:47,6,Lemon Luna,516228,Sporting Life,https://www.sportinglife.com/greyhounds/racecards/2026-09-14/central-park/racecard/516228
2026-09-14,Central Park,17:06,1,Innfield Speed,516230,Sporting Life,https://www.sportinglife.com/greyhounds/racecards/2026-09-14/central-park/racecard/516230
2026-09-14,Central Park,17:06,2,Front Layyah,516230,Sporting Life,https://www.sportinglife.com/greyhounds/racecards/2026-09-14/central-park/racecard/516230
2026-09-14,Central Park,17:06,3,Smooth As Satin,516230,Sporting Life,https://www.sportinglife.com/greyhounds/racecards/2026-09-14/central-park/racecard/516230
2026-09-14,Central Park,17:06,4,Ferndale Free,516230,Sporting Life,https://www.sportinglife.com/greyhounds/racecards/2026-09-14/central-park/racecard/516230
2026-09-14,Central Park,17:06,6,Hollyhill Melody,516230,Sporting Life,https://www.sportinglife.com/greyhounds/racecards/2026-09-14/central-park/racecard/516230
2026-09-14,Central Park,17:24,1,Swervetheissue,516232,Sporting Life,https://www.sportinglife.com/greyhounds/racecards/2026-09-14/central-park/racecard/516232
2026-09-14,Central Park,17:24,3,Whoopwhoop Molly,516232,Sporting Life,https://www.sportinglife.com/greyhounds/racecards/2026-09-14/central-park/racecard/516232
2026-09-14,Central Park,17:24,4,Blossomfort Coco,516232,Sporting Life,https://www.sportinglife.com/greyhounds/racecards/2026-09-14/central-park/racecard/516232
2026-09-14,Central Park,17:24,5,Harlequin Missy,516232,Sporting Life,https://www.sportinglife.com/greyhounds/racecards/2026-09-14/central-park/racecard/516232
2026-09-14,Central Park,17:24,6,Grouchos Bogger,516232,Sporting Life,https://www.sportinglife.com/greyhounds/racecards/2026-09-14/central-park/racecard/516232
2026-09-14,Central Park,17:43,1,Getup Me Champ,516234,Sporting Life,https://www.sportinglife.com/greyhounds/racecards/2026-09-14/central-park/racecard/516234
2026-09-14,Central Park,17:43,3,Roseville Chic,516234,Sporting Life,https://www.sportinglife.com/greyhounds/racecards/2026-09-14/central-park/racecard/516234
2026-09-14,Central Park,17:43,4,Harlequin Windy,516234,Sporting Life,https://www.sportinglife.com/greyhounds/racecards/2026-09-14/central-park/racecard/516234
2026-09-14,Central Park,17:43,5,Proud Warrior,516234,Sporting Life,https://www.sportinglife.com/greyhounds/racecards/2026-09-14/central-park/racecard/516234
2026-09-14,Central Park,17:43,6,Chloes Lexie,516234,Sporting Life,https://www.sportinglife.com/greyhounds/racecards/2026-09-14/central-park/racecard/516234
2026-09-14,Central Park,18:02,1,Scilly Grace,516236,Sporting Life,https://www.sportinglife.com/greyhounds/racecards/2026-09-14/central-park/racecard/516236
2026-09-14,Central Park,18:02,3,Tonnta,516236,Sporting Life,https://www.sportinglife.com/greyhounds/racecards/2026-09-14/central-park/racecard/516236
2026-09-14,Central Park,18:02,4,Rushmoor Rosie,516236,Sporting Life,https://www.sportinglife.com/greyhounds/racecards/2026-09-14/central-park/racecard/516236
2026-09-14,Central Park,18:02,5,Whiddy Tess,516236,Sporting Life,https://www.sportinglife.com/greyhounds/racecards/2026-09-14/central-park/racecard/516236
2026-09-14,Central Park,18:02,6,Howareya Habibi,516236,Sporting Life,https://www.sportinglife.com/greyhounds/racecards/2026-09-14/central-park/racecard/516236
2026-09-14,Doncaster,14:26,1,Grouchos Ivy,516263,Sporting Life,https://www.sportinglife.com/greyhounds/racecards/2026-09-14/doncaster/racecard/516263
2026-09-14,Doncaster,14:26,3,Savana Trike,516263,Sporting Life,https://www.sportinglife.com/greyhounds/racecards/2026-09-14/doncaster/racecard/516263
2026-09-14,Doncaster,14:26,4,Get Away Sadie,516263,Sporting Life,https://www.sportinglife.com/greyhounds/racecards/2026-09-14/doncaster/racecard/516263
2026-09-14,Doncaster,14:26,5,Flosses Rolex,516263,Sporting Life,https://www.sportinglife.com/greyhounds/racecards/2026-09-14/doncaster/racecard/516263
2026-09-14,Doncaster,14:26,6,Glitter Ronnie,516263,Sporting Life,https://www.sportinglife.com/greyhounds/racecards/2026-09-14/doncaster/racecard/516263
2026-09-14,Doncaster,14:44,1,Azeman,516264,Sporting Life,https://www.sportinglife.com/greyhounds/racecards/2026-09-14/doncaster/racecard/516264
2026-09-14,Doncaster,14:44,2,Duggies Dance,516264,Sporting Life,https://www.sportinglife.com/greyhounds/racecards/2026-09-14/doncaster/racecard/516264
2026-09-14,Doncaster,14:44,3,Hasty Sheila,516264,Sporting Life,https://www.sportinglife.com/greyhounds/racecards/2026-09-14/doncaster/racecard/516264
2026-09-14,Doncaster,14:44,4,Grouchos Badger,516264,Sporting Life,https://www.sportinglife.com/greyhounds/racecards/2026-09-14/doncaster/racecard/516264
2026-09-14,Doncaster,14:44,5,Shackelton Ace,516264,Sporting Life,https://www.sportinglife.com/greyhounds/racecards/2026-09-14/doncaster/racecard/516264
2026-09-14,Doncaster,15:03,1,Grouchos Gail,516265,Sporting Life,https://www.sportinglife.com/greyhounds/racecards/2026-09-14/doncaster/racecard/516265
2026-09-14,Doncaster,15:03,2,Cockneys Elsa,516265,Sporting Life,https://www.sportinglife.com/greyhounds/racecards/2026-09-14/doncaster/racecard/516265
2026-09-14,Doncaster,15:03,3,Grouchos Links,516265,Sporting Life,https://www.sportinglife.com/greyhounds/racecards/2026-09-14/doncaster/racecard/516265
2026-09-14,Doncaster,15:03,4,Sparta Knight,516265,Sporting Life,https://www.sportinglife.com/greyhounds/racecards/2026-09-14/doncaster/racecard/516265
2026-09-14,Doncaster,15:03,6,Natural Clover,516265,Sporting Life,https://www.sportinglife.com/greyhounds/racecards/2026-09-14/doncaster/racecard/516265
2026-09-14,Doncaster,15:22,1,Moss Boss,516266,Sporting Life,https://www.sportinglife.com/greyhounds/racecards/2026-09-14/doncaster/racecard/516266
2026-09-14,Doncaster,15:22,2,Abigails Marina,516266,Sporting Life,https://www.sportinglife.com/greyhounds/racecards/2026-09-14/doncaster/racecard/516266
2026-09-14,Doncaster,15:22,3,Baytown Barbie,516266,Sporting Life,https://www.sportinglife.com/greyhounds/racecards/2026-09-14/doncaster/racecard/516266
2026-09-14,Doncaster,15:22,4,Sandwood Annie,516266,Sporting Life,https://www.sportinglife.com/greyhounds/racecards/2026-09-14/doncaster/racecard/516266
2026-09-14,Doncaster,15:22,6,Rossa Kali,516266,Sporting Life,https://www.sportinglife.com/greyhounds/racecards/2026-09-14/doncaster/racecard/516266
2026-09-14,Doncaster,15:41,1,Duggies Flyboy,516267,Sporting Life,https://www.sportinglife.com/greyhounds/racecards/2026-09-14/doncaster/racecard/516267
2026-09-14,Doncaster,15:41,2,Mossend Chip,516267,Sporting Life,https://www.sportinglife.com/greyhounds/racecards/2026-09-14/doncaster/racecard/516267
2026-09-14,Doncaster,15:41,3,Daleroad Dasher,516267,Sporting Life,https://www.sportinglife.com/greyhounds/racecards/2026-09-14/doncaster/racecard/516267
2026-09-14,Doncaster,15:41,4,Delightful Molly,516267,Sporting Life,https://www.sportinglife.com/greyhounds/racecards/2026-09-14/doncaster/racecard/516267
2026-09-14,Doncaster,15:41,5,Keady Cashout,516267,Sporting Life,https://www.sportinglife.com/greyhounds/racecards/2026-09-14/doncaster/racecard/516267
2026-09-14,Doncaster,15:59,1,Fast And Fierce,516268,Sporting Life,https://www.sportinglife.com/greyhounds/racecards/2026-09-14/doncaster/racecard/516268
2026-09-14,Doncaster,15:59,2,Ballymac Ivanna,516268,Sporting Life,https://www.sportinglife.com/greyhounds/racecards/2026-09-14/doncaster/racecard/516268
2026-09-14,Doncaster,15:59,3,Killduff Sasha,516268,Sporting Life,https://www.sportinglife.com/greyhounds/racecards/2026-09-14/doncaster/racecard/516268
2026-09-14,Doncaster,15:59,4,Dannys Flyer,516268,Sporting Life,https://www.sportinglife.com/greyhounds/racecards/2026-09-14/doncaster/racecard/516268
2026-09-14,Doncaster,15:59,6,Transfer Girl,516268,Sporting Life,https://www.sportinglife.com/greyhounds/racecards/2026-09-14/doncaster/racecard/516268
2026-09-14,Doncaster,16:18,2,Grouchos Sally,516269,Sporting Life,https://www.sportinglife.com/greyhounds/racecards/2026-09-14/doncaster/racecard/516269
2026-09-14,Doncaster,16:18,3,Redbrick Gerrard,516269,Sporting Life,https://www.sportinglife.com/greyhounds/racecards/2026-09-14/doncaster/racecard/516269
2026-09-14,Doncaster,16:18,4,Millhouse Len,516269,Sporting Life,https://www.sportinglife.com/greyhounds/racecards/2026-09-14/doncaster/racecard/516269
2026-09-14,Doncaster,16:18,5,Flosses Prada,516269,Sporting Life,https://www.sportinglife.com/greyhounds/racecards/2026-09-14/doncaster/racecard/516269
2026-09-14,Doncaster,16:18,6,Stoneparkfortune,516269,Sporting Life,https://www.sportinglife.com/greyhounds/racecards/2026-09-14/doncaster/racecard/516269
2026-09-14,Doncaster,16:37,1,Pulleen Princess,516270,Sporting Life,https://www.sportinglife.com/greyhounds/racecards/2026-09-14/doncaster/racecard/516270
2026-09-14,Doncaster,16:37,2,Trewmount Fury,516270,Sporting Life,https://www.sportinglife.com/greyhounds/racecards/2026-09-14/doncaster/racecard/516270
2026-09-14,Doncaster,16:37,3,Have You Heard,516270,Sporting Life,https://www.sportinglife.com/greyhounds/racecards/2026-09-14/doncaster/racecard/516270
2026-09-14,Doncaster,16:37,4,Grouchos Panther,516270,Sporting Life,https://www.sportinglife.com/greyhounds/racecards/2026-09-14/doncaster/racecard/516270
2026-09-14,Doncaster,16:37,6,Not Thatuasked,516270,Sporting Life,https://www.sportinglife.com/greyhounds/racecards/2026-09-14/doncaster/racecard/516270
2026-09-14,Doncaster,16:56,2,Late Lola,516271,Sporting Life,https://www.sportinglife.com/greyhounds/racecards/2026-09-14/doncaster/racecard/516271
2026-09-14,Doncaster,16:56,3,Knockdrum Crypto,516271,Sporting Life,https://www.sportinglife.com/greyhounds/racecards/2026-09-14/doncaster/racecard/516271
2026-09-14,Doncaster,16:56,4,Franco Eve,516271,Sporting Life,https://www.sportinglife.com/greyhounds/racecards/2026-09-14/doncaster/racecard/516271
2026-09-14,Doncaster,16:56,5,Busy Cailin,516271,Sporting Life,https://www.sportinglife.com/greyhounds/racecards/2026-09-14/doncaster/racecard/516271
2026-09-14,Doncaster,16:56,6,Grouchos Queen,516271,Sporting Life,https://www.sportinglife.com/greyhounds/racecards/2026-09-14/doncaster/racecard/516271
2026-09-14,Doncaster,17:14,1,Savana Sandy,516272,Sporting Life,https://www.sportinglife.com/greyhounds/racecards/2026-09-14/doncaster/racecard/516272
2026-09-14,Doncaster,17:14,2,Ferryforth Axel,516272,Sporting Life,https://www.sportinglife.com/greyhounds/racecards/2026-09-14/doncaster/racecard/516272
2026-09-14,Doncaster,17:14,3,Away With Ya,516272,Sporting Life,https://www.sportinglife.com/greyhounds/racecards/2026-09-14/doncaster/racecard/516272
2026-09-14,Doncaster,17:14,4,Seabrooke,516272,Sporting Life,https://www.sportinglife.com/greyhounds/racecards/2026-09-14/doncaster/racecard/516272
2026-09-14,Doncaster,17:14,6,Posh Scart,516272,Sporting Life,https://www.sportinglife.com/greyhounds/racecards/2026-09-14/doncaster/racecard/516272
2026-09-14,Doncaster,17:29,2,Approaching Dawn,516273,Sporting Life,https://www.sportinglife.com/greyhounds/racecards/2026-09-14/doncaster/racecard/516273
2026-09-14,Doncaster,17:29,3,Droopys Freebie,516273,Sporting Life,https://www.sportinglife.com/greyhounds/racecards/2026-09-14/doncaster/racecard/516273
2026-09-14,Doncaster,17:29,4,Keady Storm,516273,Sporting Life,https://www.sportinglife.com/greyhounds/racecards/2026-09-14/doncaster/racecard/516273
2026-09-14,Doncaster,17:29,5,Reenaderry Road,516273,Sporting Life,https://www.sportinglife.com/greyhounds/racecards/2026-09-14/doncaster/racecard/516273
2026-09-14,Doncaster,17:29,6,Miller Spirit,516273,Sporting Life,https://www.sportinglife.com/greyhounds/racecards/2026-09-14/doncaster/racecard/516273
2026-09-14,Doncaster,17:46,1,Redbrick Rose,516274,Sporting Life,https://www.sportinglife.com/greyhounds/racecards/2026-09-14/doncaster/racecard/516274
2026-09-14,Doncaster,17:46,2,Abigail Surprise,516274,Sporting Life,https://www.sportinglife.com/greyhounds/racecards/2026-09-14/doncaster/racecard/516274
2026-09-14,Doncaster,17:46,3,Easy Guy,516274,Sporting Life,https://www.sportinglife.com/greyhounds/racecards/2026-09-14/doncaster/racecard/516274
2026-09-14,Doncaster,17:46,4,Allaghaun Honey,516274,Sporting Life,https://www.sportinglife.com/greyhounds/racecards/2026-09-14/doncaster/racecard/516274
2026-09-14,Doncaster,17:46,6,Royal Flush,516274,Sporting Life,https://www.sportinglife.com/greyhounds/racecards/2026-09-14/doncaster/racecard/516274
2026-09-14,Doncaster,17:59,2,Hut Fitter,516275,Sporting Life,https://www.sportinglife.com/greyhounds/racecards/2026-09-14/doncaster/racecard/516275
2026-09-14,Doncaster,17:59,3,Links Gloria,516275,Sporting Life,https://www.sportinglife.com/greyhounds/racecards/2026-09-14/doncaster/racecard/516275
2026-09-14,Doncaster,17:59,4,Crystal Bale,516275,Sporting Life,https://www.sportinglife.com/greyhounds/racecards/2026-09-14/doncaster/racecard/516275
2026-09-14,Doncaster,17:59,5,Hes Got Style,516275,Sporting Life,https://www.sportinglife.com/greyhounds/racecards/2026-09-14/doncaster/racecard/516275
2026-09-14,Doncaster,17:59,6,Redbrick Cantona,516275,Sporting Life,https://www.sportinglife.com/greyhounds/racecards/2026-09-14/doncaster/racecard/516275
2026-09-14,Dunstall Park,11:01,1,Flyhigh Sophie,516171,Sporting Life,https://www.sportinglife.com/greyhounds/racecards/2026-09-14/dunstall-park/racecard/516171
2026-09-14,Dunstall Park,11:01,2,Tantalising Jim,516171,Sporting Life,https://www.sportinglife.com/greyhounds/racecards/2026-09-14/dunstall-park/racecard/516171
2026-09-14,Dunstall Park,11:01,3,Swift Emery,516171,Sporting Life,https://www.sportinglife.com/greyhounds/racecards/2026-09-14/dunstall-park/racecard/516171
2026-09-14,Dunstall Park,11:01,4,Tori Black,516171,Sporting Life,https://www.sportinglife.com/greyhounds/racecards/2026-09-14/dunstall-park/racecard/516171
2026-09-14,Dunstall Park,11:01,5,Swift Olympia,516171,Sporting Life,https://www.sportinglife.com/greyhounds/racecards/2026-09-14/dunstall-park/racecard/516171
2026-09-14,Dunstall Park,11:01,6,Shockwave Sirius,516171,Sporting Life,https://www.sportinglife.com/greyhounds/racecards/2026-09-14/dunstall-park/racecard/516171
2026-09-14,Dunstall Park,11:18,1,Burrows Shadow,516172,Sporting Life,https://www.sportinglife.com/greyhounds/racecards/2026-09-14/dunstall-park/racecard/516172
2026-09-14,Dunstall Park,11:18,2,Blazeaway Tee,516172,Sporting Life,https://www.sportinglife.com/greyhounds/racecards/2026-09-14/dunstall-park/racecard/516172
2026-09-14,Dunstall Park,11:18,3,Ashtons Rosalina,516172,Sporting Life,https://www.sportinglife.com/greyhounds/racecards/2026-09-14/dunstall-park/racecard/516172
2026-09-14,Dunstall Park,11:18,4,Mickys Choice,516172,Sporting Life,https://www.sportinglife.com/greyhounds/racecards/2026-09-14/dunstall-park/racecard/516172
2026-09-14,Dunstall Park,11:18,5,Fast Walk,516172,Sporting Life,https://www.sportinglife.com/greyhounds/racecards/2026-09-14/dunstall-park/racecard/516172
2026-09-14,Dunstall Park,11:18,6,Lynnia Maisie,516172,Sporting Life,https://www.sportinglife.com/greyhounds/racecards/2026-09-14/dunstall-park/racecard/516172
2026-09-14,Dunstall Park,11:34,1,Flush Seskin,516173,Sporting Life,https://www.sportinglife.com/greyhounds/racecards/2026-09-14/dunstall-park/racecard/516173
2026-09-14,Dunstall Park,11:34,2,Signet Delight,516173,Sporting Life,https://www.sportinglife.com/greyhounds/racecards/2026-09-14/dunstall-park/racecard/516173
2026-09-14,Dunstall Park,11:34,3,Slippy Chris,516173,Sporting Life,https://www.sportinglife.com/greyhounds/racecards/2026-09-14/dunstall-park/racecard/516173
2026-09-14,Dunstall Park,11:34,4,Roanna Koko,516173,Sporting Life,https://www.sportinglife.com/greyhounds/racecards/2026-09-14/dunstall-park/racecard/516173
2026-09-14,Dunstall Park,11:34,6,Lemon Rogue,516173,Sporting Life,https://www.sportinglife.com/greyhounds/racecards/2026-09-14/dunstall-park/racecard/516173
2026-09-14,Dunstall Park,11:52,1,Flyhigh Birdseye,516174,Sporting Life,https://www.sportinglife.com/greyhounds/racecards/2026-09-14/dunstall-park/racecard/516174
2026-09-14,Dunstall Park,11:52,2,Listen Angie,516174,Sporting Life,https://www.sportinglife.com/greyhounds/racecards/2026-09-14/dunstall-park/racecard/516174
2026-09-14,Dunstall Park,11:52,3,Barnagrane Dream,516174,Sporting Life,https://www.sportinglife.com/greyhounds/racecards/2026-09-14/dunstall-park/racecard/516174
2026-09-14,Dunstall Park,11:52,4,Brosna Pine,516174,Sporting Life,https://www.sportinglife.com/greyhounds/racecards/2026-09-14/dunstall-park/racecard/516174
2026-09-14,Dunstall Park,11:52,5,Ballinulty Cas,516174,Sporting Life,https://www.sportinglife.com/greyhounds/racecards/2026-09-14/dunstall-park/racecard/516174
2026-09-14,Dunstall Park,11:52,6,Swift Elm,516174,Sporting Life,https://www.sportinglife.com/greyhounds/racecards/2026-09-14/dunstall-park/racecard/516174
2026-09-14,Dunstall Park,12:09,1,Tantalising Joy,516175,Sporting Life,https://www.sportinglife.com/greyhounds/racecards/2026-09-14/dunstall-park/racecard/516175
2026-09-14,Dunstall Park,12:09,2,Forest Liz,516175,Sporting Life,https://www.sportinglife.com/greyhounds/racecards/2026-09-14/dunstall-park/racecard/516175
2026-09-14,Dunstall Park,12:09,3,Sparta Bell,516175,Sporting Life,https://www.sportinglife.com/greyhounds/racecards/2026-09-14/dunstall-park/racecard/516175
2026-09-14,Dunstall Park,12:09,4,Headford Minella,516175,Sporting Life,https://www.sportinglife.com/greyhounds/racecards/2026-09-14/dunstall-park/racecard/516175
2026-09-14,Dunstall Park,12:09,5,Shes Got Style,516175,Sporting Life,https://www.sportinglife.com/greyhounds/racecards/2026-09-14/dunstall-park/racecard/516175
2026-09-14,Dunstall Park,12:26,1,Tan And Lashes,516176,Sporting Life,https://www.sportinglife.com/greyhounds/racecards/2026-09-14/dunstall-park/racecard/516176
2026-09-14,Dunstall Park,12:26,2,Mahoonagh Finn,516176,Sporting Life,https://www.sportinglife.com/greyhounds/racecards/2026-09-14/dunstall-park/racecard/516176
2026-09-14,Dunstall Park,12:26,3,Attitude,516176,Sporting Life,https://www.sportinglife.com/greyhounds/racecards/2026-09-14/dunstall-park/racecard/516176
2026-09-14,Dunstall Park,12:26,4,Shortwood Mint,516176,Sporting Life,https://www.sportinglife.com/greyhounds/racecards/2026-09-14/dunstall-park/racecard/516176
2026-09-14,Dunstall Park,12:26,5,Vixons Samba,516176,Sporting Life,https://www.sportinglife.com/greyhounds/racecards/2026-09-14/dunstall-park/racecard/516176
2026-09-14,Dunstall Park,12:26,6,Porthall Island,516176,Sporting Life,https://www.sportinglife.com/greyhounds/racecards/2026-09-14/dunstall-park/racecard/516176
2026-09-14,Dunstall Park,12:42,1,Maddies Lass,516177,Sporting Life,https://www.sportinglife.com/greyhounds/racecards/2026-09-14/dunstall-park/racecard/516177
2026-09-14,Dunstall Park,12:42,2,Klassical Mia,516177,Sporting Life,https://www.sportinglife.com/greyhounds/racecards/2026-09-14/dunstall-park/racecard/516177
2026-09-14,Dunstall Park,12:42,3,Lightfoot Angel,516177,Sporting Life,https://www.sportinglife.com/greyhounds/racecards/2026-09-14/dunstall-park/racecard/516177
2026-09-14,Dunstall Park,12:42,4,Mind The Dresser,516177,Sporting Life,https://www.sportinglife.com/greyhounds/racecards/2026-09-14/dunstall-park/racecard/516177
2026-09-14,Dunstall Park,12:42,5,Ballygur Holly,516177,Sporting Life,https://www.sportinglife.com/greyhounds/racecards/2026-09-14/dunstall-park/racecard/516177
2026-09-14,Dunstall Park,12:42,6,Kerrylane King,516177,Sporting Life,https://www.sportinglife.com/greyhounds/racecards/2026-09-14/dunstall-park/racecard/516177
2026-09-14,Dunstall Park,12:42,1,Maddies Lass,516178,Sporting Life,https://www.sportinglife.com/greyhounds/racecards/2026-09-14/dunstall-park/racecard/516178
2026-09-14,Dunstall Park,12:42,2,Klassical Mia,516178,Sporting Life,https://www.sportinglife.com/greyhounds/racecards/2026-09-14/dunstall-park/racecard/516178
2026-09-14,Dunstall Park,12:42,3,Lightfoot Angel,516178,Sporting Life,https://www.sportinglife.com/greyhounds/racecards/2026-09-14/dunstall-park/racecard/516178
2026-09-14,Dunstall Park,12:42,4,Mind The Dresser,516178,Sporting Life,https://www.sportinglife.com/greyhounds/racecards/2026-09-14/dunstall-park/racecard/516178
2026-09-14,Dunstall Park,12:42,5,Ballygur Holly,516178,Sporting Life,https://www.sportinglife.com/greyhounds/racecards/2026-09-14/dunstall-park/racecard/516178
2026-09-14,Dunstall Park,12:42,6,Kerrylane King,516178,Sporting Life,https://www.sportinglife.com/greyhounds/racecards/2026-09-14/dunstall-park/racecard/516178
2026-09-14,Dunstall Park,12:59,1,Cloughtaney Chaz,516180,Sporting Life,https://www.sportinglife.com/greyhounds/racecards/2026-09-14/dunstall-park/racecard/516180
2026-09-14,Dunstall Park,12:59,2,Taffy Sarrug,516180,Sporting Life,https://www.sportinglife.com/greyhounds/racecards/2026-09-14/dunstall-park/racecard/516180
2026-09-14,Dunstall Park,12:59,3,Kilwest Ruby,516180,Sporting Life,https://www.sportinglife.com/greyhounds/racecards/2026-09-14/dunstall-park/racecard/516180
2026-09-14,Dunstall Park,12:59,4,Ma Baker,516180,Sporting Life,https://www.sportinglife.com/greyhounds/racecards/2026-09-14/dunstall-park/racecard/516180
2026-09-14,Dunstall Park,12:59,5,Shortwood Model,516180,Sporting Life,https://www.sportinglife.com/greyhounds/racecards/2026-09-14/dunstall-park/racecard/516180
2026-09-14,Dunstall Park,12:59,6,Crokers Taylor,516180,Sporting Life,https://www.sportinglife.com/greyhounds/racecards/2026-09-14/dunstall-park/racecard/516180
2026-09-14,Dunstall Park,12:59,1,Cloughtaney Chaz,516181,Sporting Life,https://www.sportinglife.com/greyhounds/racecards/2026-09-14/dunstall-park/racecard/516181
2026-09-14,Dunstall Park,12:59,2,Taffy Sarrug,516181,Sporting Life,https://www.sportinglife.com/greyhounds/racecards/2026-09-14/dunstall-park/racecard/516181
2026-09-14,Dunstall Park,12:59,3,Kilwest Ruby,516181,Sporting Life,https://www.sportinglife.com/greyhounds/racecards/2026-09-14/dunstall-park/racecard/516181
2026-09-14,Dunstall Park,12:59,4,Ma Baker,516181,Sporting Life,https://www.sportinglife.com/greyhounds/racecards/2026-09-14/dunstall-park/racecard/516181
2026-09-14,Dunstall Park,12:59,5,Shortwood Model,516181,Sporting Life,https://www.sportinglife.com/greyhounds/racecards/2026-09-14/dunstall-park/racecard/516181
2026-09-14,Dunstall Park,12:59,6,Crokers Taylor,516181,Sporting Life,https://www.sportinglife.com/greyhounds/racecards/2026-09-14/dunstall-park/racecard/516181
2026-09-14,Dunstall Park,13:17,1,Dixie Again,516183,Sporting Life,https://www.sportinglife.com/greyhounds/racecards/2026-09-14/dunstall-park/racecard/516183
2026-09-14,Dunstall Park,13:17,2,Coalville Clover,516183,Sporting Life,https://www.sportinglife.com/greyhounds/racecards/2026-09-14/dunstall-park/racecard/516183
2026-09-14,Dunstall Park,13:17,3,Sporting Mate,516183,Sporting Life,https://www.sportinglife.com/greyhounds/racecards/2026-09-14/dunstall-park/racecard/516183
2026-09-14,Dunstall Park,13:17,4,Ballymac Fintan,516183,Sporting Life,https://www.sportinglife.com/greyhounds/racecards/2026-09-14/dunstall-park/racecard/516183
2026-09-14,Dunstall Park,13:17,5,Kizia Star,516183,Sporting Life,https://www.sportinglife.com/greyhounds/racecards/2026-09-14/dunstall-park/racecard/516183
2026-09-14,Dunstall Park,13:17,6,Mossend Jack,516183,Sporting Life,https://www.sportinglife.com/greyhounds/racecards/2026-09-14/dunstall-park/racecard/516183
2026-09-14,Dunstall Park,13:33,1,Deecee Dusty,516185,Sporting Life,https://www.sportinglife.com/greyhounds/racecards/2026-09-14/dunstall-park/racecard/516185
2026-09-14,Dunstall Park,13:33,2,Porthall Foyle,516185,Sporting Life,https://www.sportinglife.com/greyhounds/racecards/2026-09-14/dunstall-park/racecard/516185
2026-09-14,Dunstall Park,13:33,3,Headford Shark,516185,Sporting Life,https://www.sportinglife.com/greyhounds/racecards/2026-09-14/dunstall-park/racecard/516185
2026-09-14,Dunstall Park,13:33,4,Parkers Jon,516185,Sporting Life,https://www.sportinglife.com/greyhounds/racecards/2026-09-14/dunstall-park/racecard/516185
2026-09-14,Dunstall Park,13:33,5,Around The House,516185,Sporting Life,https://www.sportinglife.com/greyhounds/racecards/2026-09-14/dunstall-park/racecard/516185
2026-09-14,Dunstall Park,13:33,6,Solid Milos,516185,Sporting Life,https://www.sportinglife.com/greyhounds/racecards/2026-09-14/dunstall-park/racecard/516185
2026-09-14,Dunstall Park,13:33,1,Deecee Dusty,516186,Sporting Life,https://www.sportinglife.com/greyhounds/racecards/2026-09-14/dunstall-park/racecard/516186
2026-09-14,Dunstall Park,13:33,2,Porthall Foyle,516186,Sporting Life,https://www.sportinglife.com/greyhounds/racecards/2026-09-14/dunstall-park/racecard/516186
2026-09-14,Dunstall Park,13:33,3,Headford Shark,516186,Sporting Life,https://www.sportinglife.com/greyhounds/racecards/2026-09-14/dunstall-park/racecard/516186
2026-09-14,Dunstall Park,13:33,4,Parkers Jon,516186,Sporting Life,https://www.sportinglife.com/greyhounds/racecards/2026-09-14/dunstall-park/racecard/516186
2026-09-14,Dunstall Park,13:33,5,Around The House,516186,Sporting Life,https://www.sportinglife.com/greyhounds/racecards/2026-09-14/dunstall-park/racecard/516186
2026-09-14,Dunstall Park,13:33,6,Solid Milos,516186,Sporting Life,https://www.sportinglife.com/greyhounds/racecards/2026-09-14/dunstall-park/racecard/516186
2026-09-14,Dunstall Park,13:51,1,Sporting Lovers,516188,Sporting Life,https://www.sportinglife.com/greyhounds/racecards/2026-09-14/dunstall-park/racecard/516188
2026-09-14,Dunstall Park,13:51,2,Point Break,516188,Sporting Life,https://www.sportinglife.com/greyhounds/racecards/2026-09-14/dunstall-park/racecard/516188
2026-09-14,Dunstall Park,13:51,3,Breezer,516188,Sporting Life,https://www.sportinglife.com/greyhounds/racecards/2026-09-14/dunstall-park/racecard/516188
2026-09-14,Dunstall Park,13:51,4,Roseville Rex,516188,Sporting Life,https://www.sportinglife.com/greyhounds/racecards/2026-09-14/dunstall-park/racecard/516188
2026-09-14,Dunstall Park,13:51,5,Racecourse Pat,516188,Sporting Life,https://www.sportinglife.com/greyhounds/racecards/2026-09-14/dunstall-park/racecard/516188
2026-09-14,Dunstall Park,13:51,6,Lynnia Trubbys,516188,Sporting Life,https://www.sportinglife.com/greyhounds/racecards/2026-09-14/dunstall-park/racecard/516188
2026-09-14,Dunstall Park,13:51,1,Sporting Lovers,516189,Sporting Life,https://www.sportinglife.com/greyhounds/racecards/2026-09-14/dunstall-park/racecard/516189
2026-09-14,Dunstall Park,13:51,2,Point Break,516189,Sporting Life,https://www.sportinglife.com/greyhounds/racecards/2026-09-14/dunstall-park/racecard/516189
2026-09-14,Dunstall Park,13:51,3,Breezer,516189,Sporting Life,https://www.sportinglife.com/greyhounds/racecards/2026-09-14/dunstall-park/racecard/516189
2026-09-14,Dunstall Park,13:51,4,Roseville Rex,516189,Sporting Life,https://www.sportinglife.com/greyhounds/racecards/2026-09-14/dunstall-park/racecard/516189
2026-09-14,Dunstall Park,13:51,5,Racecourse Pat,516189,Sporting Life,https://www.sportinglife.com/greyhounds/racecards/2026-09-14/dunstall-park/racecard/516189
2026-09-14,Dunstall Park,13:51,6,Lynnia Trubbys,516189,Sporting Life,https://www.sportinglife.com/greyhounds/racecards/2026-09-14/dunstall-park/racecard/516189
2026-09-14,Dunstall Park,14:07,1,Canya Yesican,516191,Sporting Life,https://www.sportinglife.com/greyhounds/racecards/2026-09-14/dunstall-park/racecard/516191
2026-09-14,Dunstall Park,14:07,2,Churchfield Cody,516191,Sporting Life,https://www.sportinglife.com/greyhounds/racecards/2026-09-14/dunstall-park/racecard/516191
2026-09-14,Dunstall Park,14:07,3,Mohican Ruby,516191,Sporting Life,https://www.sportinglife.com/greyhounds/racecards/2026-09-14/dunstall-park/racecard/516191
2026-09-14,Dunstall Park,14:07,4,Batmans Gift,516191,Sporting Life,https://www.sportinglife.com/greyhounds/racecards/2026-09-14/dunstall-park/racecard/516191
2026-09-14,Dunstall Park,14:07,6,Mylane Friend,516191,Sporting Life,https://www.sportinglife.com/greyhounds/racecards/2026-09-14/dunstall-park/racecard/516191
2026-09-14,Dunstall Park,14:07,1,Canya Yesican,516192,Sporting Life,https://www.sportinglife.com/greyhounds/racecards/2026-09-14/dunstall-park/racecard/516192
2026-09-14,Dunstall Park,14:07,2,Churchfield Cody,516192,Sporting Life,https://www.sportinglife.com/greyhounds/racecards/2026-09-14/dunstall-park/racecard/516192
2026-09-14,Dunstall Park,14:07,3,Mohican Ruby,516192,Sporting Life,https://www.sportinglife.com/greyhounds/racecards/2026-09-14/dunstall-park/racecard/516192
2026-09-14,Dunstall Park,14:07,4,Batmans Gift,516192,Sporting Life,https://www.sportinglife.com/greyhounds/racecards/2026-09-14/dunstall-park/racecard/516192
2026-09-14,Dunstall Park,14:07,6,Mylane Friend,516192,Sporting Life,https://www.sportinglife.com/greyhounds/racecards/2026-09-14/dunstall-park/racecard/516192
2026-09-14,Harlow,10:32,1,Faces And Places,516249,Sporting Life,https://www.sportinglife.com/greyhounds/racecards/2026-09-14/harlow/racecard/516249
2026-09-14,Harlow,10:32,2,Mykindaguy,516249,Sporting Life,https://www.sportinglife.com/greyhounds/racecards/2026-09-14/harlow/racecard/516249
2026-09-14,Harlow,10:32,3,Tommys Birdy,516249,Sporting Life,https://www.sportinglife.com/greyhounds/racecards/2026-09-14/harlow/racecard/516249
2026-09-14,Harlow,10:32,4,Skinny Pete,516249,Sporting Life,https://www.sportinglife.com/greyhounds/racecards/2026-09-14/harlow/racecard/516249
2026-09-14,Harlow,10:32,5,Salems Ebony,516249,Sporting Life,https://www.sportinglife.com/greyhounds/racecards/2026-09-14/harlow/racecard/516249
2026-09-14,Harlow,10:32,6,Savourtheflavour,516249,Sporting Life,https://www.sportinglife.com/greyhounds/racecards/2026-09-14/harlow/racecard/516249
2026-09-14,Harlow,10:48,1,Makeit Force,516250,Sporting Life,https://www.sportinglife.com/greyhounds/racecards/2026-09-14/harlow/racecard/516250
2026-09-14,Harlow,10:48,2,Ballybrennan Joe,516250,Sporting Life,https://www.sportinglife.com/greyhounds/racecards/2026-09-14/harlow/racecard/516250
2026-09-14,Harlow,10:48,3,Ballybrennan Tim,516250,Sporting Life,https://www.sportinglife.com/greyhounds/racecards/2026-09-14/harlow/racecard/516250
2026-09-14,Harlow,10:48,4,Brynoffa Jill,516250,Sporting Life,https://www.sportinglife.com/greyhounds/racecards/2026-09-14/harlow/racecard/516250
2026-09-14,Harlow,10:48,5,Black Gem,516250,Sporting Life,https://www.sportinglife.com/greyhounds/racecards/2026-09-14/harlow/racecard/516250
2026-09-14,Harlow,10:48,6,Salems Brianna,516250,Sporting Life,https://www.sportinglife.com/greyhounds/racecards/2026-09-14/harlow/racecard/516250
2026-09-14,Harlow,11:04,1,Salems Campari,516251,Sporting Life,https://www.sportinglife.com/greyhounds/racecards/2026-09-14/harlow/racecard/516251
2026-09-14,Harlow,11:04,2,Tinks This,516251,Sporting Life,https://www.sportinglife.com/greyhounds/racecards/2026-09-14/harlow/racecard/516251
2026-09-14,Harlow,11:04,3,Scarlett Galaxy,516251,Sporting Life,https://www.sportinglife.com/greyhounds/racecards/2026-09-14/harlow/racecard/516251
2026-09-14,Harlow,11:04,4,Miss Pepsi,516251,Sporting Life,https://www.sportinglife.com/greyhounds/racecards/2026-09-14/harlow/racecard/516251
2026-09-14,Harlow,11:04,6,Fenview Taylor,516251,Sporting Life,https://www.sportinglife.com/greyhounds/racecards/2026-09-14/harlow/racecard/516251
2026-09-14,Harlow,11:21,1,Skidrow Jake,516252,Sporting Life,https://www.sportinglife.com/greyhounds/racecards/2026-09-14/harlow/racecard/516252
2026-09-14,Harlow,11:21,2,Old Fort Rinty,516252,Sporting Life,https://www.sportinglife.com/greyhounds/racecards/2026-09-14/harlow/racecard/516252
2026-09-14,Harlow,11:21,3,Mulrankin Hill,516252,Sporting Life,https://www.sportinglife.com/greyhounds/racecards/2026-09-14/harlow/racecard/516252
2026-09-14,Harlow,11:21,4,Rathmeehan Judi,516252,Sporting Life,https://www.sportinglife.com/greyhounds/racecards/2026-09-14/harlow/racecard/516252
2026-09-14,Harlow,11:21,5,Dellser Nidge,516252,Sporting Life,https://www.sportinglife.com/greyhounds/racecards/2026-09-14/harlow/racecard/516252
2026-09-14,Harlow,11:21,6,Aurora Slippy,516252,Sporting Life,https://www.sportinglife.com/greyhounds/racecards/2026-09-14/harlow/racecard/516252
2026-09-14,Harlow,11:38,1,Be The Key,516253,Sporting Life,https://www.sportinglife.com/greyhounds/racecards/2026-09-14/harlow/racecard/516253
2026-09-14,Harlow,11:38,2,Rathbally Anna,516253,Sporting Life,https://www.sportinglife.com/greyhounds/racecards/2026-09-14/harlow/racecard/516253
2026-09-14,Harlow,11:38,3,Rathbally Bolger,516253,Sporting Life,https://www.sportinglife.com/greyhounds/racecards/2026-09-14/harlow/racecard/516253
2026-09-14,Harlow,11:38,4,Salems Sangria,516253,Sporting Life,https://www.sportinglife.com/greyhounds/racecards/2026-09-14/harlow/racecard/516253
2026-09-14,Harlow,11:38,5,Brindle Bomber,516253,Sporting Life,https://www.sportinglife.com/greyhounds/racecards/2026-09-14/harlow/racecard/516253
2026-09-14,Harlow,11:38,6,Olwinn Pest,516253,Sporting Life,https://www.sportinglife.com/greyhounds/racecards/2026-09-14/harlow/racecard/516253
2026-09-14,Harlow,11:54,1,Flattotheboards,516254,Sporting Life,https://www.sportinglife.com/greyhounds/racecards/2026-09-14/harlow/racecard/516254
2026-09-14,Harlow,11:54,2,Centre Line,516254,Sporting Life,https://www.sportinglife.com/greyhounds/racecards/2026-09-14/harlow/racecard/516254
2026-09-14,Harlow,11:54,3,Applegate Jet,516254,Sporting Life,https://www.sportinglife.com/greyhounds/racecards/2026-09-14/harlow/racecard/516254
2026-09-14,Harlow,11:54,4,Millview Bobby,516254,Sporting Life,https://www.sportinglife.com/greyhounds/racecards/2026-09-14/harlow/racecard/516254
2026-09-14,Harlow,11:54,5,Doggy Parton,516254,Sporting Life,https://www.sportinglife.com/greyhounds/racecards/2026-09-14/harlow/racecard/516254
2026-09-14,Harlow,11:54,6,Darver Casemiro,516254,Sporting Life,https://www.sportinglife.com/greyhounds/racecards/2026-09-14/harlow/racecard/516254
2026-09-14,Harlow,12:12,1,Salems Disaronno,516255,Sporting Life,https://www.sportinglife.com/greyhounds/racecards/2026-09-14/harlow/racecard/516255
2026-09-14,Harlow,12:12,2,Hillslot Salah,516255,Sporting Life,https://www.sportinglife.com/greyhounds/racecards/2026-09-14/harlow/racecard/516255
2026-09-14,Harlow,12:12,4,Pro Flo,516255,Sporting Life,https://www.sportinglife.com/greyhounds/racecards/2026-09-14/harlow/racecard/516255
2026-09-14,Harlow,12:12,5,Swift Opel,516255,Sporting Life,https://www.sportinglife.com/greyhounds/racecards/2026-09-14/harlow/racecard/516255
2026-09-14,Harlow,12:12,6,Valley Rockstar,516255,Sporting Life,https://www.sportinglife.com/greyhounds/racecards/2026-09-14/harlow/racecard/516255
2026-09-14,Harlow,12:29,1,Clodaghs Gift,516256,Sporting Life,https://www.sportinglife.com/greyhounds/racecards/2026-09-14/harlow/racecard/516256
2026-09-14,Harlow,12:29,2,Mud Dog,516256,Sporting Life,https://www.sportinglife.com/greyhounds/racecards/2026-09-14/harlow/racecard/516256
2026-09-14,Harlow,12:29,3,Essjay Ceearejay,516256,Sporting Life,https://www.sportinglife.com/greyhounds/racecards/2026-09-14/harlow/racecard/516256
2026-09-14,Harlow,12:29,4,Classic Cindy,516256,Sporting Life,https://www.sportinglife.com/greyhounds/racecards/2026-09-14/harlow/racecard/516256
2026-09-14,Harlow,12:29,5,Tobergal Millie,516256,Sporting Life,https://www.sportinglife.com/greyhounds/racecards/2026-09-14/harlow/racecard/516256
2026-09-14,Harlow,12:29,6,Classic Lisa,516256,Sporting Life,https://www.sportinglife.com/greyhounds/racecards/2026-09-14/harlow/racecard/516256
2026-09-14,Harlow,12:46,1,Hollywell Orchid,516257,Sporting Life,https://www.sportinglife.com/greyhounds/racecards/2026-09-14/harlow/racecard/516257
2026-09-14,Harlow,12:46,2,Glynnscross Blue,516257,Sporting Life,https://www.sportinglife.com/greyhounds/racecards/2026-09-14/harlow/racecard/516257
2026-09-14,Harlow,12:46,3,Pearseys Dasher,516257,Sporting Life,https://www.sportinglife.com/greyhounds/racecards/2026-09-14/harlow/racecard/516257
2026-09-14,Harlow,12:46,4,Cofam Spurs,516257,Sporting Life,https://www.sportinglife.com/greyhounds/racecards/2026-09-14/harlow/racecard/516257
2026-09-14,Harlow,12:46,6,Double Errill,516257,Sporting Life,https://www.sportinglife.com/greyhounds/racecards/2026-09-14/harlow/racecard/516257
2026-09-14,Harlow,13:03,1,Townsend Bruno,516258,Sporting Life,https://www.sportinglife.com/greyhounds/racecards/2026-09-14/harlow/racecard/516258
2026-09-14,Harlow,13:03,2,Essjay Syd,516258,Sporting Life,https://www.sportinglife.com/greyhounds/racecards/2026-09-14/harlow/racecard/516258
2026-09-14,Harlow,13:03,3,Buzzinger,516258,Sporting Life,https://www.sportinglife.com/greyhounds/racecards/2026-09-14/harlow/racecard/516258
2026-09-14,Harlow,13:03,4,Sloyans Ace,516258,Sporting Life,https://www.sportinglife.com/greyhounds/racecards/2026-09-14/harlow/racecard/516258
2026-09-14,Harlow,13:03,5,Shesgoodcompany,516258,Sporting Life,https://www.sportinglife.com/greyhounds/racecards/2026-09-14/harlow/racecard/516258
2026-09-14,Harlow,13:03,6,Tanvalley Robin,516258,Sporting Life,https://www.sportinglife.com/greyhounds/racecards/2026-09-14/harlow/racecard/516258
2026-09-14,Harlow,13:19,1,Speedy Gene,516259,Sporting Life,https://www.sportinglife.com/greyhounds/racecards/2026-09-14/harlow/racecard/516259
2026-09-14,Harlow,13:19,2,Lye In Wait,516259,Sporting Life,https://www.sportinglife.com/greyhounds/racecards/2026-09-14/harlow/racecard/516259
2026-09-14,Harlow,13:19,3,Tiermana Sally,516259,Sporting Life,https://www.sportinglife.com/greyhounds/racecards/2026-09-14/harlow/racecard/516259
2026-09-14,Harlow,13:19,4,Very Busy,516259,Sporting Life,https://www.sportinglife.com/greyhounds/racecards/2026-09-14/harlow/racecard/516259
2026-09-14,Harlow,13:19,6,Catunda Harrison,516259,Sporting Life,https://www.sportinglife.com/greyhounds/racecards/2026-09-14/harlow/racecard/516259
2026-09-14,Harlow,13:37,1,Muinteoir Jane,516260,Sporting Life,https://www.sportinglife.com/greyhounds/racecards/2026-09-14/harlow/racecard/516260
2026-09-14,Harlow,13:37,2,Tanvalley Blonde,516260,Sporting Life,https://www.sportinglife.com/greyhounds/racecards/2026-09-14/harlow/racecard/516260
2026-09-14,Harlow,13:37,3,Random Lou,516260,Sporting Life,https://www.sportinglife.com/greyhounds/racecards/2026-09-14/harlow/racecard/516260
2026-09-14,Harlow,13:37,4,Jamaica Smiles,516260,Sporting Life,https://www.sportinglife.com/greyhounds/racecards/2026-09-14/harlow/racecard/516260
2026-09-14,Harlow,13:37,5,Sallins Flyer,516260,Sporting Life,https://www.sportinglife.com/greyhounds/racecards/2026-09-14/harlow/racecard/516260
2026-09-14,Harlow,13:37,6,Burrow Bounty,516260,Sporting Life,https://www.sportinglife.com/greyhounds/racecards/2026-09-14/harlow/racecard/516260
2026-09-14,Harlow,13:54,1,Gothic Queen,516261,Sporting Life,https://www.sportinglife.com/greyhounds/racecards/2026-09-14/harlow/racecard/516261
2026-09-14,Harlow,13:54,2,Chasing Aiden,516261,Sporting Life,https://www.sportinglife.com/greyhounds/racecards/2026-09-14/harlow/racecard/516261
2026-09-14,Harlow,13:54,3,Tinks Jet,516261,Sporting Life,https://www.sportinglife.com/greyhounds/racecards/2026-09-14/harlow/racecard/516261
2026-09-14,Harlow,13:54,4,Browns Barbie,516261,Sporting Life,https://www.sportinglife.com/greyhounds/racecards/2026-09-14/harlow/racecard/516261
2026-09-14,Harlow,13:54,6,Donnybrook,516261,Sporting Life,https://www.sportinglife.com/greyhounds/racecards/2026-09-14/harlow/racecard/516261
2026-09-14,Harlow,14:11,1,Crystal Luna,516262,Sporting Life,https://www.sportinglife.com/greyhounds/racecards/2026-09-14/harlow/racecard/516262
2026-09-14,Harlow,14:11,2,Ravenswood Blake,516262,Sporting Life,https://www.sportinglife.com/greyhounds/racecards/2026-09-14/harlow/racecard/516262
2026-09-14,Harlow,14:11,3,Robbies King,516262,Sporting Life,https://www.sportinglife.com/greyhounds/racecards/2026-09-14/harlow/racecard/516262
2026-09-14,Harlow,14:11,4,Random Izzy,516262,Sporting Life,https://www.sportinglife.com/greyhounds/racecards/2026-09-14/harlow/racecard/516262
2026-09-14,Harlow,14:11,5,Cofam Tiger,516262,Sporting Life,https://www.sportinglife.com/greyhounds/racecards/2026-09-14/harlow/racecard/516262
2026-09-14,Harlow,14:11,6,Legendary Rebel,516262,Sporting Life,https://www.sportinglife.com/greyhounds/racecards/2026-09-14/harlow/racecard/516262
2026-09-14,Harlow,18:11,1,Savana Rip,516276,Sporting Life,https://www.sportinglife.com/greyhounds/racecards/2026-09-14/harlow/racecard/516276
2026-09-14,Harlow,18:11,2,Darrens Dog,516276,Sporting Life,https://www.sportinglife.com/greyhounds/racecards/2026-09-14/harlow/racecard/516276
2026-09-14,Harlow,18:11,3,Plenty Of Trend,516276,Sporting Life,https://www.sportinglife.com/greyhounds/racecards/2026-09-14/harlow/racecard/516276
2026-09-14,Harlow,18:11,4,Savana Beth,516276,Sporting Life,https://www.sportinglife.com/greyhounds/racecards/2026-09-14/harlow/racecard/516276
2026-09-14,Harlow,18:11,5,Townsend Cindy,516276,Sporting Life,https://www.sportinglife.com/greyhounds/racecards/2026-09-14/harlow/racecard/516276
2026-09-14,Harlow,18:11,6,Devilsbit Rose,516276,Sporting Life,https://www.sportinglife.com/greyhounds/racecards/2026-09-14/harlow/racecard/516276
2026-09-14,Harlow,18:29,1,Gothic Cheyenne,516277,Sporting Life,https://www.sportinglife.com/greyhounds/racecards/2026-09-14/harlow/racecard/516277
2026-09-14,Harlow,18:29,2,Tommys Handful,516277,Sporting Life,https://www.sportinglife.com/greyhounds/racecards/2026-09-14/harlow/racecard/516277
2026-09-14,Harlow,18:29,3,Savana Tayto,516277,Sporting Life,https://www.sportinglife.com/greyhounds/racecards/2026-09-14/harlow/racecard/516277
2026-09-14,Harlow,18:29,4,Meenagh Memphis,516277,Sporting Life,https://www.sportinglife.com/greyhounds/racecards/2026-09-14/harlow/racecard/516277
2026-09-14,Harlow,18:29,5,Mulrankin Raven,516277,Sporting Life,https://www.sportinglife.com/greyhounds/racecards/2026-09-14/harlow/racecard/516277
2026-09-14,Harlow,18:29,6,Old Fort Mickmac,516277,Sporting Life,https://www.sportinglife.com/greyhounds/racecards/2026-09-14/harlow/racecard/516277
2026-09-14,Harlow,18:46,1,Yo Jonny,516278,Sporting Life,https://www.sportinglife.com/greyhounds/racecards/2026-09-14/harlow/racecard/516278
2026-09-14,Harlow,18:46,2,Yo Dutchess,516278,Sporting Life,https://www.sportinglife.com/greyhounds/racecards/2026-09-14/harlow/racecard/516278
2026-09-14,Harlow,18:46,3,Rallying Wood,516278,Sporting Life,https://www.sportinglife.com/greyhounds/racecards/2026-09-14/harlow/racecard/516278
2026-09-14,Harlow,18:46,4,Ballybreen Zeta,516278,Sporting Life,https://www.sportinglife.com/greyhounds/racecards/2026-09-14/harlow/racecard/516278
2026-09-14,Harlow,18:46,6,Up North,516278,Sporting Life,https://www.sportinglife.com/greyhounds/racecards/2026-09-14/harlow/racecard/516278
2026-09-14,Harlow,19:04,1,Aero Callie,516279,Sporting Life,https://www.sportinglife.com/greyhounds/racecards/2026-09-14/harlow/racecard/516279
2026-09-14,Harlow,19:04,2,Rockmount Sylvie,516279,Sporting Life,https://www.sportinglife.com/greyhounds/racecards/2026-09-14/harlow/racecard/516279
2026-09-14,Harlow,19:04,3,Mustang Odyssey,516279,Sporting Life,https://www.sportinglife.com/greyhounds/racecards/2026-09-14/harlow/racecard/516279
2026-09-14,Harlow,19:04,4,Links Aphrodite,516279,Sporting Life,https://www.sportinglife.com/greyhounds/racecards/2026-09-14/harlow/racecard/516279
2026-09-14,Harlow,19:04,5,Savana Dingle,516279,Sporting Life,https://www.sportinglife.com/greyhounds/racecards/2026-09-14/harlow/racecard/516279
2026-09-14,Harlow,19:04,6,Malbay Thor,516279,Sporting Life,https://www.sportinglife.com/greyhounds/racecards/2026-09-14/harlow/racecard/516279
2026-09-14,Harlow,19:24,1,Skirk Bolger,516280,Sporting Life,https://www.sportinglife.com/greyhounds/racecards/2026-09-14/harlow/racecard/516280
2026-09-14,Harlow,19:24,2,Small Tommy,516280,Sporting Life,https://www.sportinglife.com/greyhounds/racecards/2026-09-14/harlow/racecard/516280
2026-09-14,Harlow,19:24,3,Savana Trigger,516280,Sporting Life,https://www.sportinglife.com/greyhounds/racecards/2026-09-14/harlow/racecard/516280
2026-09-14,Harlow,19:24,4,Portora Gold,516280,Sporting Life,https://www.sportinglife.com/greyhounds/racecards/2026-09-14/harlow/racecard/516280
2026-09-14,Harlow,19:24,5,Kilbride Duchess,516280,Sporting Life,https://www.sportinglife.com/greyhounds/racecards/2026-09-14/harlow/racecard/516280
2026-09-14,Harlow,19:42,1,Derry Rebel,516281,Sporting Life,https://www.sportinglife.com/greyhounds/racecards/2026-09-14/harlow/racecard/516281
2026-09-14,Harlow,19:42,2,Small But Speedy,516281,Sporting Life,https://www.sportinglife.com/greyhounds/racecards/2026-09-14/harlow/racecard/516281
2026-09-14,Harlow,19:42,3,Theresas Diamond,516281,Sporting Life,https://www.sportinglife.com/greyhounds/racecards/2026-09-14/harlow/racecard/516281
2026-09-14,Harlow,19:42,4,Yo Dolly,516281,Sporting Life,https://www.sportinglife.com/greyhounds/racecards/2026-09-14/harlow/racecard/516281
2026-09-14,Harlow,19:42,5,Savana Turtle,516281,Sporting Life,https://www.sportinglife.com/greyhounds/racecards/2026-09-14/harlow/racecard/516281
2026-09-14,Harlow,19:42,6,Lightupthedark,516281,Sporting Life,https://www.sportinglife.com/greyhounds/racecards/2026-09-14/harlow/racecard/516281
2026-09-14,Harlow,19:58,1,Droopys Halley,516282,Sporting Life,https://www.sportinglife.com/greyhounds/racecards/2026-09-14/harlow/racecard/516282
2026-09-14,Harlow,19:58,2,Jimmys Chew,516282,Sporting Life,https://www.sportinglife.com/greyhounds/racecards/2026-09-14/harlow/racecard/516282
2026-09-14,Harlow,19:58,3,Drumdoit Dorgu,516282,Sporting Life,https://www.sportinglife.com/greyhounds/racecards/2026-09-14/harlow/racecard/516282
2026-09-14,Harlow,19:58,4,Front Milan,516282,Sporting Life,https://www.sportinglife.com/greyhounds/racecards/2026-09-14/harlow/racecard/516282
2026-09-14,Harlow,19:58,5,Devon Ruth,516282,Sporting Life,https://www.sportinglife.com/greyhounds/racecards/2026-09-14/harlow/racecard/516282
2026-09-14,Harlow,19:58,6,Shivery Pants,516282,Sporting Life,https://www.sportinglife.com/greyhounds/racecards/2026-09-14/harlow/racecard/516282
2026-09-14,Harlow,20:16,1,Salternator,516283,Sporting Life,https://www.sportinglife.com/greyhounds/racecards/2026-09-14/harlow/racecard/516283
2026-09-14,Harlow,20:16,2,My Ballymac,516283,Sporting Life,https://www.sportinglife.com/greyhounds/racecards/2026-09-14/harlow/racecard/516283
2026-09-14,Harlow,20:16,3,Front Milo,516283,Sporting Life,https://www.sportinglife.com/greyhounds/racecards/2026-09-14/harlow/racecard/516283
2026-09-14,Harlow,20:16,4,Snoozing Dracula,516283,Sporting Life,https://www.sportinglife.com/greyhounds/racecards/2026-09-14/harlow/racecard/516283
2026-09-14,Harlow,20:16,6,Tommys Crown,516283,Sporting Life,https://www.sportinglife.com/greyhounds/racecards/2026-09-14/harlow/racecard/516283
2026-09-14,Harlow,20:34,1,Piercestown Post,516284,Sporting Life,https://www.sportinglife.com/greyhounds/racecards/2026-09-14/harlow/racecard/516284
2026-09-14,Harlow,20:34,2,Savana Marylou,516284,Sporting Life,https://www.sportinglife.com/greyhounds/racecards/2026-09-14/harlow/racecard/516284
2026-09-14,Harlow,20:34,3,Ballybrennan Jim,516284,Sporting Life,https://www.sportinglife.com/greyhounds/racecards/2026-09-14/harlow/racecard/516284
2026-09-14,Harlow,20:34,4,Ballybrennan Pat,516284,Sporting Life,https://www.sportinglife.com/greyhounds/racecards/2026-09-14/harlow/racecard/516284
2026-09-14,Harlow,20:34,5,Danielles Queen,516284,Sporting Life,https://www.sportinglife.com/greyhounds/racecards/2026-09-14/harlow/racecard/516284
2026-09-14,Harlow,20:34,6,Boreen Pearl,516284,Sporting Life,https://www.sportinglife.com/greyhounds/racecards/2026-09-14/harlow/racecard/516284
2026-09-14,Harlow,20:52,1,Keeppullin Smurf,516285,Sporting Life,https://www.sportinglife.com/greyhounds/racecards/2026-09-14/harlow/racecard/516285
2026-09-14,Harlow,20:52,2,Savanalittlelegs,516285,Sporting Life,https://www.sportinglife.com/greyhounds/racecards/2026-09-14/harlow/racecard/516285
2026-09-14,Harlow,20:52,3,Badminton Beach,516285,Sporting Life,https://www.sportinglife.com/greyhounds/racecards/2026-09-14/harlow/racecard/516285
2026-09-14,Harlow,20:52,4,Burgess Doireann,516285,Sporting Life,https://www.sportinglife.com/greyhounds/racecards/2026-09-14/harlow/racecard/516285
2026-09-14,Harlow,20:52,5,Estefans Tune,516285,Sporting Life,https://www.sportinglife.com/greyhounds/racecards/2026-09-14/harlow/racecard/516285
2026-09-14,Harlow,20:52,6,Townsend Margo,516285,Sporting Life,https://www.sportinglife.com/greyhounds/racecards/2026-09-14/harlow/racecard/516285
2026-09-14,Harlow,21:09,1,Fastlane Lilly,516286,Sporting Life,https://www.sportinglife.com/greyhounds/racecards/2026-09-14/harlow/racecard/516286
2026-09-14,Harlow,21:09,2,Jumbos Mia,516286,Sporting Life,https://www.sportinglife.com/greyhounds/racecards/2026-09-14/harlow/racecard/516286
2026-09-14,Harlow,21:09,3,Club Dream,516286,Sporting Life,https://www.sportinglife.com/greyhounds/racecards/2026-09-14/harlow/racecard/516286
2026-09-14,Harlow,21:09,4,Savana Tir Nanog,516286,Sporting Life,https://www.sportinglife.com/greyhounds/racecards/2026-09-14/harlow/racecard/516286
2026-09-14,Harlow,21:09,5,Skidrow Maria,516286,Sporting Life,https://www.sportinglife.com/greyhounds/racecards/2026-09-14/harlow/racecard/516286
2026-09-14,Harlow,21:09,6,Savana Boycie,516286,Sporting Life,https://www.sportinglife.com/greyhounds/racecards/2026-09-14/harlow/racecard/516286
2026-09-14,Harlow,21:26,1,My Fancy Ways,516287,Sporting Life,https://www.sportinglife.com/greyhounds/racecards/2026-09-14/harlow/racecard/516287
2026-09-14,Harlow,21:26,2,Jacko Carvoeiro,516287,Sporting Life,https://www.sportinglife.com/greyhounds/racecards/2026-09-14/harlow/racecard/516287
2026-09-14,Harlow,21:26,3,Forest Mark,516287,Sporting Life,https://www.sportinglife.com/greyhounds/racecards/2026-09-14/harlow/racecard/516287
2026-09-14,Harlow,21:26,4,Romantic Yvonne,516287,Sporting Life,https://www.sportinglife.com/greyhounds/racecards/2026-09-14/harlow/racecard/516287
2026-09-14,Harlow,21:26,5,Breakaway Bell,516287,Sporting Life,https://www.sportinglife.com/greyhounds/racecards/2026-09-14/harlow/racecard/516287
2026-09-14,Harlow,21:26,6,The Other Rafa,516287,Sporting Life,https://www.sportinglife.com/greyhounds/racecards/2026-09-14/harlow/racecard/516287
2026-09-14,Monmore,14:23,1,Tommys Magical,516179,Sporting Life,https://www.sportinglife.com/greyhounds/racecards/2026-09-14/monmore/racecard/516179
2026-09-14,Monmore,14:23,2,Painters Rory,516179,Sporting Life,https://www.sportinglife.com/greyhounds/racecards/2026-09-14/monmore/racecard/516179
2026-09-14,Monmore,14:23,3,Aero Leg It,516179,Sporting Life,https://www.sportinglife.com/greyhounds/racecards/2026-09-14/monmore/racecard/516179
2026-09-14,Monmore,14:23,4,Hollywell Mave,516179,Sporting Life,https://www.sportinglife.com/greyhounds/racecards/2026-09-14/monmore/racecard/516179
2026-09-14,Monmore,14:23,5,Newinn Giggles,516179,Sporting Life,https://www.sportinglife.com/greyhounds/racecards/2026-09-14/monmore/racecard/516179
2026-09-14,Monmore,14:23,6,Tullymurry Skies,516179,Sporting Life,https://www.sportinglife.com/greyhounds/racecards/2026-09-14/monmore/racecard/516179
2026-09-14,Monmore,14:41,1,Noruffsorscruffs,516182,Sporting Life,https://www.sportinglife.com/greyhounds/racecards/2026-09-14/monmore/racecard/516182
2026-09-14,Monmore,14:41,2,Monument Valley,516182,Sporting Life,https://www.sportinglife.com/greyhounds/racecards/2026-09-14/monmore/racecard/516182
2026-09-14,Monmore,14:41,3,Whisky Knight,516182,Sporting Life,https://www.sportinglife.com/greyhounds/racecards/2026-09-14/monmore/racecard/516182
2026-09-14,Monmore,14:41,4,Caseys World,516182,Sporting Life,https://www.sportinglife.com/greyhounds/racecards/2026-09-14/monmore/racecard/516182
2026-09-14,Monmore,14:41,5,Soap Box Surfer,516182,Sporting Life,https://www.sportinglife.com/greyhounds/racecards/2026-09-14/monmore/racecard/516182
2026-09-14,Monmore,14:41,6,Aero Bassett,516182,Sporting Life,https://www.sportinglife.com/greyhounds/racecards/2026-09-14/monmore/racecard/516182
2026-09-14,Monmore,15:01,1,Elderberry Mhysa,516184,Sporting Life,https://www.sportinglife.com/greyhounds/racecards/2026-09-14/monmore/racecard/516184
2026-09-14,Monmore,15:01,2,Skylars Chloe,516184,Sporting Life,https://www.sportinglife.com/greyhounds/racecards/2026-09-14/monmore/racecard/516184
2026-09-14,Monmore,15:01,3,Vixons Cruise,516184,Sporting Life,https://www.sportinglife.com/greyhounds/racecards/2026-09-14/monmore/racecard/516184
2026-09-14,Monmore,15:01,4,Winterfield Bear,516184,Sporting Life,https://www.sportinglife.com/greyhounds/racecards/2026-09-14/monmore/racecard/516184
2026-09-14,Monmore,15:01,5,Jayjays Ace,516184,Sporting Life,https://www.sportinglife.com/greyhounds/racecards/2026-09-14/monmore/racecard/516184
2026-09-14,Monmore,15:01,6,Aero Penda,516184,Sporting Life,https://www.sportinglife.com/greyhounds/racecards/2026-09-14/monmore/racecard/516184
2026-09-14,Monmore,15:19,1,Whisky Ernest,516187,Sporting Life,https://www.sportinglife.com/greyhounds/racecards/2026-09-14/monmore/racecard/516187
2026-09-14,Monmore,15:19,2,Newinn Rocky,516187,Sporting Life,https://www.sportinglife.com/greyhounds/racecards/2026-09-14/monmore/racecard/516187
2026-09-14,Monmore,15:19,3,Good Gold,516187,Sporting Life,https://www.sportinglife.com/greyhounds/racecards/2026-09-14/monmore/racecard/516187
2026-09-14,Monmore,15:19,4,Swift Jolly,516187,Sporting Life,https://www.sportinglife.com/greyhounds/racecards/2026-09-14/monmore/racecard/516187
2026-09-14,Monmore,15:19,5,Priceless Buzz,516187,Sporting Life,https://www.sportinglife.com/greyhounds/racecards/2026-09-14/monmore/racecard/516187
2026-09-14,Monmore,15:19,6,Foxy Loxy,516187,Sporting Life,https://www.sportinglife.com/greyhounds/racecards/2026-09-14/monmore/racecard/516187
2026-09-14,Monmore,15:38,1,Vixons Matt,516190,Sporting Life,https://www.sportinglife.com/greyhounds/racecards/2026-09-14/monmore/racecard/516190
2026-09-14,Monmore,15:38,2,Drive On Shelby,516190,Sporting Life,https://www.sportinglife.com/greyhounds/racecards/2026-09-14/monmore/racecard/516190
2026-09-14,Monmore,15:38,3,Sugar Gold,516190,Sporting Life,https://www.sportinglife.com/greyhounds/racecards/2026-09-14/monmore/racecard/516190
2026-09-14,Monmore,15:38,5,Aero Whisper,516190,Sporting Life,https://www.sportinglife.com/greyhounds/racecards/2026-09-14/monmore/racecard/516190
2026-09-14,Monmore,15:38,6,Suave Echo,516190,Sporting Life,https://www.sportinglife.com/greyhounds/racecards/2026-09-14/monmore/racecard/516190
2026-09-14,Monmore,15:57,1,Aero Mistake,516194,Sporting Life,https://www.sportinglife.com/greyhounds/racecards/2026-09-14/monmore/racecard/516194
2026-09-14,Monmore,15:57,2,Shes Back,516194,Sporting Life,https://www.sportinglife.com/greyhounds/racecards/2026-09-14/monmore/racecard/516194
2026-09-14,Monmore,15:57,3,Winterfield Boom,516194,Sporting Life,https://www.sportinglife.com/greyhounds/racecards/2026-09-14/monmore/racecard/516194
2026-09-14,Monmore,15:57,4,Aces Choice,516194,Sporting Life,https://www.sportinglife.com/greyhounds/racecards/2026-09-14/monmore/racecard/516194
2026-09-14,Monmore,15:57,5,Countess Velvet,516194,Sporting Life,https://www.sportinglife.com/greyhounds/racecards/2026-09-14/monmore/racecard/516194
2026-09-14,Monmore,15:57,6,Betrayl,516194,Sporting Life,https://www.sportinglife.com/greyhounds/racecards/2026-09-14/monmore/racecard/516194
2026-09-14,Monmore,16:16,1,Green Mans Girl,516196,Sporting Life,https://www.sportinglife.com/greyhounds/racecards/2026-09-14/monmore/racecard/516196
2026-09-14,Monmore,16:16,2,Mustang Carlos,516196,Sporting Life,https://www.sportinglife.com/greyhounds/racecards/2026-09-14/monmore/racecard/516196
2026-09-14,Monmore,16:16,3,Clonkeen Terry,516196,Sporting Life,https://www.sportinglife.com/greyhounds/racecards/2026-09-14/monmore/racecard/516196
2026-09-14,Monmore,16:16,4,Winterfield Rain,516196,Sporting Life,https://www.sportinglife.com/greyhounds/racecards/2026-09-14/monmore/racecard/516196
2026-09-14,Monmore,16:16,5,Peace O Mind,516196,Sporting Life,https://www.sportinglife.com/greyhounds/racecards/2026-09-14/monmore/racecard/516196
2026-09-14,Monmore,16:34,1,Winterfield Nina,516198,Sporting Life,https://www.sportinglife.com/greyhounds/racecards/2026-09-14/monmore/racecard/516198
2026-09-14,Monmore,16:34,2,Knockroe Emma,516198,Sporting Life,https://www.sportinglife.com/greyhounds/racecards/2026-09-14/monmore/racecard/516198
2026-09-14,Monmore,16:34,3,Aero Glengar,516198,Sporting Life,https://www.sportinglife.com/greyhounds/racecards/2026-09-14/monmore/racecard/516198
2026-09-14,Monmore,16:34,4,Green Road,516198,Sporting Life,https://www.sportinglife.com/greyhounds/racecards/2026-09-14/monmore/racecard/516198
2026-09-14,Monmore,16:34,5,Aurora Sky,516198,Sporting Life,https://www.sportinglife.com/greyhounds/racecards/2026-09-14/monmore/racecard/516198
2026-09-14,Monmore,16:34,6,Bits And Bobs,516198,Sporting Life,https://www.sportinglife.com/greyhounds/racecards/2026-09-14/monmore/racecard/516198
2026-09-14,Monmore,16:53,1,Vixons Salute,516199,Sporting Life,https://www.sportinglife.com/greyhounds/racecards/2026-09-14/monmore/racecard/516199
2026-09-14,Monmore,16:53,2,Tickets Bang,516199,Sporting Life,https://www.sportinglife.com/greyhounds/racecards/2026-09-14/monmore/racecard/516199
2026-09-14,Monmore,16:53,3,Winterfield May,516199,Sporting Life,https://www.sportinglife.com/greyhounds/racecards/2026-09-14/monmore/racecard/516199
2026-09-14,Monmore,16:53,4,Elderberry Misty,516199,Sporting Life,https://www.sportinglife.com/greyhounds/racecards/2026-09-14/monmore/racecard/516199
2026-09-14,Monmore,16:53,5,Tullymurry Otto,516199,Sporting Life,https://www.sportinglife.com/greyhounds/racecards/2026-09-14/monmore/racecard/516199
2026-09-14,Monmore,16:53,6,Spring Dancer,516199,Sporting Life,https://www.sportinglife.com/greyhounds/racecards/2026-09-14/monmore/racecard/516199
2026-09-14,Monmore,17:12,1,Gatchells Jack,516201,Sporting Life,https://www.sportinglife.com/greyhounds/racecards/2026-09-14/monmore/racecard/516201
2026-09-14,Monmore,17:12,2,Rackit Up Franco,516201,Sporting Life,https://www.sportinglife.com/greyhounds/racecards/2026-09-14/monmore/racecard/516201
2026-09-14,Monmore,17:12,3,Flying Calvn,516201,Sporting Life,https://www.sportinglife.com/greyhounds/racecards/2026-09-14/monmore/racecard/516201
2026-09-14,Monmore,17:12,4,Bangon Mrs Clock,516201,Sporting Life,https://www.sportinglife.com/greyhounds/racecards/2026-09-14/monmore/racecard/516201
2026-09-14,Monmore,17:12,6,Sugar Girl Dotty,516201,Sporting Life,https://www.sportinglife.com/greyhounds/racecards/2026-09-14/monmore/racecard/516201
2026-09-14,Monmore,17:31,1,Alien Brat,516203,Sporting Life,https://www.sportinglife.com/greyhounds/racecards/2026-09-14/monmore/racecard/516203
2026-09-14,Monmore,17:31,2,Return Fire,516203,Sporting Life,https://www.sportinglife.com/greyhounds/racecards/2026-09-14/monmore/racecard/516203
2026-09-14,Monmore,17:31,3,Tromora Finn,516203,Sporting Life,https://www.sportinglife.com/greyhounds/racecards/2026-09-14/monmore/racecard/516203
2026-09-14,Monmore,17:31,4,Magical Be Happy,516203,Sporting Life,https://www.sportinglife.com/greyhounds/racecards/2026-09-14/monmore/racecard/516203
2026-09-14,Monmore,17:31,5,Elderberry Bingo,516203,Sporting Life,https://www.sportinglife.com/greyhounds/racecards/2026-09-14/monmore/racecard/516203
2026-09-14,Monmore,17:31,6,Bundoran,516203,Sporting Life,https://www.sportinglife.com/greyhounds/racecards/2026-09-14/monmore/racecard/516203
2026-09-14,Monmore,17:49,1,Vixons Ariel,516206,Sporting Life,https://www.sportinglife.com/greyhounds/racecards/2026-09-14/monmore/racecard/516206
2026-09-14,Monmore,17:49,2,Stormy Bonito,516206,Sporting Life,https://www.sportinglife.com/greyhounds/racecards/2026-09-14/monmore/racecard/516206
2026-09-14,Monmore,17:49,3,Ropewalk Star,516206,Sporting Life,https://www.sportinglife.com/greyhounds/racecards/2026-09-14/monmore/racecard/516206
2026-09-14,Monmore,17:49,4,Coologue Molly,516206,Sporting Life,https://www.sportinglife.com/greyhounds/racecards/2026-09-14/monmore/racecard/516206
2026-09-14,Monmore,17:49,5,Winterfield Star,516206,Sporting Life,https://www.sportinglife.com/greyhounds/racecards/2026-09-14/monmore/racecard/516206
2026-09-14,Monmore,17:49,6,Final Fernandes,516206,Sporting Life,https://www.sportinglife.com/greyhounds/racecards/2026-09-14/monmore/racecard/516206
2026-09-14,Nottingham,18:37,1,Bandit Outlaw,516237,Sporting Life,https://www.sportinglife.com/greyhounds/racecards/2026-09-14/nottingham/racecard/516237
2026-09-14,Nottingham,18:37,2,Aegean Song,516237,Sporting Life,https://www.sportinglife.com/greyhounds/racecards/2026-09-14/nottingham/racecard/516237
2026-09-14,Nottingham,18:37,3,Doubtful Diamond,516237,Sporting Life,https://www.sportinglife.com/greyhounds/racecards/2026-09-14/nottingham/racecard/516237
2026-09-14,Nottingham,18:37,4,Alwaysoptimistic,516237,Sporting Life,https://www.sportinglife.com/greyhounds/racecards/2026-09-14/nottingham/racecard/516237
2026-09-14,Nottingham,18:37,5,Optic Helmet,516237,Sporting Life,https://www.sportinglife.com/greyhounds/racecards/2026-09-14/nottingham/racecard/516237
2026-09-14,Nottingham,18:53,1,New Cross Nights,516238,Sporting Life,https://www.sportinglife.com/greyhounds/racecards/2026-09-14/nottingham/racecard/516238
2026-09-14,Nottingham,18:53,2,Platinum Honey,516238,Sporting Life,https://www.sportinglife.com/greyhounds/racecards/2026-09-14/nottingham/racecard/516238
2026-09-14,Nottingham,18:53,3,Bluejig Polly,516238,Sporting Life,https://www.sportinglife.com/greyhounds/racecards/2026-09-14/nottingham/racecard/516238
2026-09-14,Nottingham,18:53,4,Churchill Queen,516238,Sporting Life,https://www.sportinglife.com/greyhounds/racecards/2026-09-14/nottingham/racecard/516238
2026-09-14,Nottingham,18:53,5,Broomfleet Magic,516238,Sporting Life,https://www.sportinglife.com/greyhounds/racecards/2026-09-14/nottingham/racecard/516238
2026-09-14,Nottingham,18:53,6,Macash Rose,516238,Sporting Life,https://www.sportinglife.com/greyhounds/racecards/2026-09-14/nottingham/racecard/516238
2026-09-14,Nottingham,19:11,1,Princes Legacy,516239,Sporting Life,https://www.sportinglife.com/greyhounds/racecards/2026-09-14/nottingham/racecard/516239
2026-09-14,Nottingham,19:11,2,Jager Bren,516239,Sporting Life,https://www.sportinglife.com/greyhounds/racecards/2026-09-14/nottingham/racecard/516239
2026-09-14,Nottingham,19:11,3,Look And Listen,516239,Sporting Life,https://www.sportinglife.com/greyhounds/racecards/2026-09-14/nottingham/racecard/516239
2026-09-14,Nottingham,19:11,4,Honeygar Bessy,516239,Sporting Life,https://www.sportinglife.com/greyhounds/racecards/2026-09-14/nottingham/racecard/516239
2026-09-14,Nottingham,19:11,5,Swift Tax,516239,Sporting Life,https://www.sportinglife.com/greyhounds/racecards/2026-09-14/nottingham/racecard/516239
2026-09-14,Nottingham,19:27,1,Gwyn Rocky,516240,Sporting Life,https://www.sportinglife.com/greyhounds/racecards/2026-09-14/nottingham/racecard/516240
2026-09-14,Nottingham,19:27,2,Blackburnybullet,516240,Sporting Life,https://www.sportinglife.com/greyhounds/racecards/2026-09-14/nottingham/racecard/516240
2026-09-14,Nottingham,19:27,3,Nunos Nugget,516240,Sporting Life,https://www.sportinglife.com/greyhounds/racecards/2026-09-14/nottingham/racecard/516240
2026-09-14,Nottingham,19:27,4,Stonepark Holly,516240,Sporting Life,https://www.sportinglife.com/greyhounds/racecards/2026-09-14/nottingham/racecard/516240
2026-09-14,Nottingham,19:27,5,Ballyhealy Zip,516240,Sporting Life,https://www.sportinglife.com/greyhounds/racecards/2026-09-14/nottingham/racecard/516240
2026-09-14,Nottingham,19:27,6,Gallant Taylor,516240,Sporting Life,https://www.sportinglife.com/greyhounds/racecards/2026-09-14/nottingham/racecard/516240
2026-09-14,Nottingham,19:44,1,The Other Kodi,516241,Sporting Life,https://www.sportinglife.com/greyhounds/racecards/2026-09-14/nottingham/racecard/516241
2026-09-14,Nottingham,19:44,2,No Dreamers,516241,Sporting Life,https://www.sportinglife.com/greyhounds/racecards/2026-09-14/nottingham/racecard/516241
2026-09-14,Nottingham,19:44,3,Swift Odran,516241,Sporting Life,https://www.sportinglife.com/greyhounds/racecards/2026-09-14/nottingham/racecard/516241
2026-09-14,Nottingham,19:44,4,Good Acclaim,516241,Sporting Life,https://www.sportinglife.com/greyhounds/racecards/2026-09-14/nottingham/racecard/516241
2026-09-14,Nottingham,19:44,5,Raha Jayjay,516241,Sporting Life,https://www.sportinglife.com/greyhounds/racecards/2026-09-14/nottingham/racecard/516241
2026-09-14,Nottingham,20:01,2,Swift Olivia,516242,Sporting Life,https://www.sportinglife.com/greyhounds/racecards/2026-09-14/nottingham/racecard/516242
2026-09-14,Nottingham,20:01,3,Saheel Charm,516242,Sporting Life,https://www.sportinglife.com/greyhounds/racecards/2026-09-14/nottingham/racecard/516242
2026-09-14,Nottingham,20:01,4,Hollys Magic,516242,Sporting Life,https://www.sportinglife.com/greyhounds/racecards/2026-09-14/nottingham/racecard/516242
2026-09-14,Nottingham,20:01,5,Loco Les,516242,Sporting Life,https://www.sportinglife.com/greyhounds/racecards/2026-09-14/nottingham/racecard/516242
2026-09-14,Nottingham,20:01,6,Wolf Dawn,516242,Sporting Life,https://www.sportinglife.com/greyhounds/racecards/2026-09-14/nottingham/racecard/516242
2026-09-14,Nottingham,20:19,1,Newinn Jolly,516243,Sporting Life,https://www.sportinglife.com/greyhounds/racecards/2026-09-14/nottingham/racecard/516243
2026-09-14,Nottingham,20:19,2,Droopys Extragud,516243,Sporting Life,https://www.sportinglife.com/greyhounds/racecards/2026-09-14/nottingham/racecard/516243
2026-09-14,Nottingham,20:19,3,Tetra Eco,516243,Sporting Life,https://www.sportinglife.com/greyhounds/racecards/2026-09-14/nottingham/racecard/516243
2026-09-14,Nottingham,20:19,4,Swift Kipper,516243,Sporting Life,https://www.sportinglife.com/greyhounds/racecards/2026-09-14/nottingham/racecard/516243
2026-09-14,Nottingham,20:19,5,Cockneys Crafty,516243,Sporting Life,https://www.sportinglife.com/greyhounds/racecards/2026-09-14/nottingham/racecard/516243
2026-09-14,Nottingham,20:19,6,Mossend Bute,516243,Sporting Life,https://www.sportinglife.com/greyhounds/racecards/2026-09-14/nottingham/racecard/516243
2026-09-14,Nottingham,20:36,1,Jillulie Blue,516244,Sporting Life,https://www.sportinglife.com/greyhounds/racecards/2026-09-14/nottingham/racecard/516244
2026-09-14,Nottingham,20:36,2,Swift Ursula,516244,Sporting Life,https://www.sportinglife.com/greyhounds/racecards/2026-09-14/nottingham/racecard/516244
2026-09-14,Nottingham,20:36,3,Ferryforth Mary,516244,Sporting Life,https://www.sportinglife.com/greyhounds/racecards/2026-09-14/nottingham/racecard/516244
2026-09-14,Nottingham,20:36,5,Wolf Midnight,516244,Sporting Life,https://www.sportinglife.com/greyhounds/racecards/2026-09-14/nottingham/racecard/516244
2026-09-14,Nottingham,20:36,6,Wolf Diamond,516244,Sporting Life,https://www.sportinglife.com/greyhounds/racecards/2026-09-14/nottingham/racecard/516244
2026-09-14,Nottingham,20:54,1,Velvet Madrid,516245,Sporting Life,https://www.sportinglife.com/greyhounds/racecards/2026-09-14/nottingham/racecard/516245
2026-09-14,Nottingham,20:54,2,Rosie Jackell,516245,Sporting Life,https://www.sportinglife.com/greyhounds/racecards/2026-09-14/nottingham/racecard/516245
2026-09-14,Nottingham,20:54,3,Stud Muffin,516245,Sporting Life,https://www.sportinglife.com/greyhounds/racecards/2026-09-14/nottingham/racecard/516245
2026-09-14,Nottingham,20:54,4,Leo The Yank,516245,Sporting Life,https://www.sportinglife.com/greyhounds/racecards/2026-09-14/nottingham/racecard/516245
2026-09-14,Nottingham,20:54,5,Tiznow,516245,Sporting Life,https://www.sportinglife.com/greyhounds/racecards/2026-09-14/nottingham/racecard/516245
2026-09-14,Nottingham,21:11,2,Millroad Heidi,516246,Sporting Life,https://www.sportinglife.com/greyhounds/racecards/2026-09-14/nottingham/racecard/516246
2026-09-14,Nottingham,21:11,3,Runforlucy,516246,Sporting Life,https://www.sportinglife.com/greyhounds/racecards/2026-09-14/nottingham/racecard/516246
2026-09-14,Nottingham,21:11,4,Wolf Flare,516246,Sporting Life,https://www.sportinglife.com/greyhounds/racecards/2026-09-14/nottingham/racecard/516246
2026-09-14,Nottingham,21:11,5,Fortanach Elsie,516246,Sporting Life,https://www.sportinglife.com/greyhounds/racecards/2026-09-14/nottingham/racecard/516246
2026-09-14,Nottingham,21:11,6,Spot The Loony,516246,Sporting Life,https://www.sportinglife.com/greyhounds/racecards/2026-09-14/nottingham/racecard/516246
2026-09-14,Nottingham,21:28,1,Hinault Mcrow,516247,Sporting Life,https://www.sportinglife.com/greyhounds/racecards/2026-09-14/nottingham/racecard/516247
2026-09-14,Nottingham,21:28,2,Platinumsunshine,516247,Sporting Life,https://www.sportinglife.com/greyhounds/racecards/2026-09-14/nottingham/racecard/516247
2026-09-14,Nottingham,21:28,3,Spagbol,516247,Sporting Life,https://www.sportinglife.com/greyhounds/racecards/2026-09-14/nottingham/racecard/516247
2026-09-14,Nottingham,21:28,5,Loxleys Vinnie,516247,Sporting Life,https://www.sportinglife.com/greyhounds/racecards/2026-09-14/nottingham/racecard/516247
2026-09-14,Nottingham,21:28,6,Roanna Ash,516247,Sporting Life,https://www.sportinglife.com/greyhounds/racecards/2026-09-14/nottingham/racecard/516247
2026-09-14,Nottingham,21:46,1,Bellmore Whiskey,516248,Sporting Life,https://www.sportinglife.com/greyhounds/racecards/2026-09-14/nottingham/racecard/516248
2026-09-14,Nottingham,21:46,2,Jet Stream Jane,516248,Sporting Life,https://www.sportinglife.com/greyhounds/racecards/2026-09-14/nottingham/racecard/516248
2026-09-14,Nottingham,21:46,3,Jackierua,516248,Sporting Life,https://www.sportinglife.com/greyhounds/racecards/2026-09-14/nottingham/racecard/516248
2026-09-14,Nottingham,21:46,4,Hardy Bucko,516248,Sporting Life,https://www.sportinglife.com/greyhounds/racecards/2026-09-14/nottingham/racecard/516248
2026-09-14,Romford,11:09,1,Lavan Jet,516193,Sporting Life,https://www.sportinglife.com/greyhounds/racecards/2026-09-14/romford/racecard/516193
2026-09-14,Romford,11:09,2,Droopys Maybe,516193,Sporting Life,https://www.sportinglife.com/greyhounds/racecards/2026-09-14/romford/racecard/516193
2026-09-14,Romford,11:09,3,Tiermana Scott,516193,Sporting Life,https://www.sportinglife.com/greyhounds/racecards/2026-09-14/romford/racecard/516193
2026-09-14,Romford,11:09,4,Show Stopper,516193,Sporting Life,https://www.sportinglife.com/greyhounds/racecards/2026-09-14/romford/racecard/516193
2026-09-14,Romford,11:09,6,Four Votes,516193,Sporting Life,https://www.sportinglife.com/greyhounds/racecards/2026-09-14/romford/racecard/516193
2026-09-14,Romford,11:27,1,Sparkling Katie,516195,Sporting Life,https://www.sportinglife.com/greyhounds/racecards/2026-09-14/romford/racecard/516195
2026-09-14,Romford,11:27,2,Public Reaction,516195,Sporting Life,https://www.sportinglife.com/greyhounds/racecards/2026-09-14/romford/racecard/516195
2026-09-14,Romford,11:27,3,Pretty Boy Roy,516195,Sporting Life,https://www.sportinglife.com/greyhounds/racecards/2026-09-14/romford/racecard/516195
2026-09-14,Romford,11:27,4,Chelms Jack,516195,Sporting Life,https://www.sportinglife.com/greyhounds/racecards/2026-09-14/romford/racecard/516195
2026-09-14,Romford,11:27,5,Kingdom Tilly,516195,Sporting Life,https://www.sportinglife.com/greyhounds/racecards/2026-09-14/romford/racecard/516195
2026-09-14,Romford,11:43,1,Velvet Kaela,516197,Sporting Life,https://www.sportinglife.com/greyhounds/racecards/2026-09-14/romford/racecard/516197
2026-09-14,Romford,11:43,2,Chapel Gardens,516197,Sporting Life,https://www.sportinglife.com/greyhounds/racecards/2026-09-14/romford/racecard/516197
2026-09-14,Romford,11:43,3,Carlow Road,516197,Sporting Life,https://www.sportinglife.com/greyhounds/racecards/2026-09-14/romford/racecard/516197
2026-09-14,Romford,11:43,4,Old Fort Jiver,516197,Sporting Life,https://www.sportinglife.com/greyhounds/racecards/2026-09-14/romford/racecard/516197
2026-09-14,Romford,11:43,5,Artisan Dancer,516197,Sporting Life,https://www.sportinglife.com/greyhounds/racecards/2026-09-14/romford/racecard/516197
2026-09-14,Romford,11:43,6,Blazeaway Blue,516197,Sporting Life,https://www.sportinglife.com/greyhounds/racecards/2026-09-14/romford/racecard/516197
2026-09-14,Romford,12:01,1,Bingo Tina,516200,Sporting Life,https://www.sportinglife.com/greyhounds/racecards/2026-09-14/romford/racecard/516200
2026-09-14,Romford,12:01,2,Velvet Ace,516200,Sporting Life,https://www.sportinglife.com/greyhounds/racecards/2026-09-14/romford/racecard/516200
2026-09-14,Romford,12:01,3,Ideal Guest,516200,Sporting Life,https://www.sportinglife.com/greyhounds/racecards/2026-09-14/romford/racecard/516200
2026-09-14,Romford,12:01,4,Silvertown Blues,516200,Sporting Life,https://www.sportinglife.com/greyhounds/racecards/2026-09-14/romford/racecard/516200
2026-09-14,Romford,12:01,5,Harley Hitch,516200,Sporting Life,https://www.sportinglife.com/greyhounds/racecards/2026-09-14/romford/racecard/516200
2026-09-14,Romford,12:01,6,Sunnyside Ted,516200,Sporting Life,https://www.sportinglife.com/greyhounds/racecards/2026-09-14/romford/racecard/516200
2026-09-14,Romford,12:18,1,Dellser Clara,516202,Sporting Life,https://www.sportinglife.com/greyhounds/racecards/2026-09-14/romford/racecard/516202
2026-09-14,Romford,12:18,2,Whizzy Dot,516202,Sporting Life,https://www.sportinglife.com/greyhounds/racecards/2026-09-14/romford/racecard/516202
2026-09-14,Romford,12:18,3,Demon Lad,516202,Sporting Life,https://www.sportinglife.com/greyhounds/racecards/2026-09-14/romford/racecard/516202
2026-09-14,Romford,12:18,4,Newtown Champ,516202,Sporting Life,https://www.sportinglife.com/greyhounds/racecards/2026-09-14/romford/racecard/516202
2026-09-14,Romford,12:18,5,Coolanga Junior,516202,Sporting Life,https://www.sportinglife.com/greyhounds/racecards/2026-09-14/romford/racecard/516202
2026-09-14,Romford,12:34,1,Allowdale Chloe,516204,Sporting Life,https://www.sportinglife.com/greyhounds/racecards/2026-09-14/romford/racecard/516204
2026-09-14,Romford,12:34,2,Icecool Albie,516204,Sporting Life,https://www.sportinglife.com/greyhounds/racecards/2026-09-14/romford/racecard/516204
2026-09-14,Romford,12:34,3,Kinielty Rosie,516204,Sporting Life,https://www.sportinglife.com/greyhounds/racecards/2026-09-14/romford/racecard/516204
2026-09-14,Romford,12:34,4,Swift Official,516204,Sporting Life,https://www.sportinglife.com/greyhounds/racecards/2026-09-14/romford/racecard/516204
2026-09-14,Romford,12:34,5,Tromora Lola,516204,Sporting Life,https://www.sportinglife.com/greyhounds/racecards/2026-09-14/romford/racecard/516204
2026-09-14,Romford,12:51,1,Lightfoot Jamie,516208,Sporting Life,https://www.sportinglife.com/greyhounds/racecards/2026-09-14/romford/racecard/516208
2026-09-14,Romford,12:51,2,Skylars Sonny,516208,Sporting Life,https://www.sportinglife.com/greyhounds/racecards/2026-09-14/romford/racecard/516208
2026-09-14,Romford,12:51,3,Patricias Gift,516208,Sporting Life,https://www.sportinglife.com/greyhounds/racecards/2026-09-14/romford/racecard/516208
2026-09-14,Romford,12:51,4,Roanna General,516208,Sporting Life,https://www.sportinglife.com/greyhounds/racecards/2026-09-14/romford/racecard/516208
2026-09-14,Romford,12:51,5,Yahoo Poppy,516208,Sporting Life,https://www.sportinglife.com/greyhounds/racecards/2026-09-14/romford/racecard/516208
2026-09-14,Romford,12:51,6,Da Blue Tiger,516208,Sporting Life,https://www.sportinglife.com/greyhounds/racecards/2026-09-14/romford/racecard/516208
2026-09-14,Romford,13:08,1,Minnie Majestic,516210,Sporting Life,https://www.sportinglife.com/greyhounds/racecards/2026-09-14/romford/racecard/516210
2026-09-14,Romford,13:08,2,Luminous Flyer,516210,Sporting Life,https://www.sportinglife.com/greyhounds/racecards/2026-09-14/romford/racecard/516210
2026-09-14,Romford,13:08,3,Naughty Dream,516210,Sporting Life,https://www.sportinglife.com/greyhounds/racecards/2026-09-14/romford/racecard/516210
2026-09-14,Romford,13:08,4,Kingdom Monty,516210,Sporting Life,https://www.sportinglife.com/greyhounds/racecards/2026-09-14/romford/racecard/516210
2026-09-14,Romford,13:08,5,Donegal Cian,516210,Sporting Life,https://www.sportinglife.com/greyhounds/racecards/2026-09-14/romford/racecard/516210
2026-09-14,Romford,13:26,1,Badminton Treaty,516213,Sporting Life,https://www.sportinglife.com/greyhounds/racecards/2026-09-14/romford/racecard/516213
2026-09-14,Romford,13:26,2,Don Cici,516213,Sporting Life,https://www.sportinglife.com/greyhounds/racecards/2026-09-14/romford/racecard/516213
2026-09-14,Romford,13:26,3,Miami Sapphire,516213,Sporting Life,https://www.sportinglife.com/greyhounds/racecards/2026-09-14/romford/racecard/516213
2026-09-14,Romford,13:26,4,Endova Swift,516213,Sporting Life,https://www.sportinglife.com/greyhounds/racecards/2026-09-14/romford/racecard/516213
2026-09-14,Romford,13:26,6,Biscuit Dunker,516213,Sporting Life,https://www.sportinglife.com/greyhounds/racecards/2026-09-14/romford/racecard/516213
2026-09-14,Romford,13:42,1,Roxys Sunshine,516216,Sporting Life,https://www.sportinglife.com/greyhounds/racecards/2026-09-14/romford/racecard/516216
2026-09-14,Romford,13:42,2,Jeopardy Bucks,516216,Sporting Life,https://www.sportinglife.com/greyhounds/racecards/2026-09-14/romford/racecard/516216
2026-09-14,Romford,13:42,3,Yahoo Bree,516216,Sporting Life,https://www.sportinglife.com/greyhounds/racecards/2026-09-14/romford/racecard/516216
2026-09-14,Romford,13:42,4,Unmistakeable,516216,Sporting Life,https://www.sportinglife.com/greyhounds/racecards/2026-09-14/romford/racecard/516216
2026-09-14,Romford,13:42,5,Droopys Standby,516216,Sporting Life,https://www.sportinglife.com/greyhounds/racecards/2026-09-14/romford/racecard/516216
2026-09-14,Romford,13:59,1,Headford View,516218,Sporting Life,https://www.sportinglife.com/greyhounds/racecards/2026-09-14/romford/racecard/516218
2026-09-14,Romford,13:59,2,Scooby Amethyst,516218,Sporting Life,https://www.sportinglife.com/greyhounds/racecards/2026-09-14/romford/racecard/516218
2026-09-14,Romford,13:59,3,Move The Magic,516218,Sporting Life,https://www.sportinglife.com/greyhounds/racecards/2026-09-14/romford/racecard/516218
2026-09-14,Romford,13:59,4,Zinedine Zedog,516218,Sporting Life,https://www.sportinglife.com/greyhounds/racecards/2026-09-14/romford/racecard/516218
2026-09-14,Romford,13:59,5,Valleymountshane,516218,Sporting Life,https://www.sportinglife.com/greyhounds/racecards/2026-09-14/romford/racecard/516218
2026-09-14,Romford,13:59,6,Zenith Zaza,516218,Sporting Life,https://www.sportinglife.com/greyhounds/racecards/2026-09-14/romford/racecard/516218
2026-09-14,Romford,14:14,1,Tip Top Katie,516222,Sporting Life,https://www.sportinglife.com/greyhounds/racecards/2026-09-14/romford/racecard/516222
2026-09-14,Romford,14:14,2,Underground Debs,516222,Sporting Life,https://www.sportinglife.com/greyhounds/racecards/2026-09-14/romford/racecard/516222
2026-09-14,Romford,14:14,3,Lazlos Babe,516222,Sporting Life,https://www.sportinglife.com/greyhounds/racecards/2026-09-14/romford/racecard/516222
2026-09-14,Romford,14:14,4,My Last Dog,516222,Sporting Life,https://www.sportinglife.com/greyhounds/racecards/2026-09-14/romford/racecard/516222
2026-09-14,Romford,14:14,5,Flacos Flyer,516222,Sporting Life,https://www.sportinglife.com/greyhounds/racecards/2026-09-14/romford/racecard/516222
2026-09-14,Romford,14:14,6,Miami Hero,516222,Sporting Life,https://www.sportinglife.com/greyhounds/racecards/2026-09-14/romford/racecard/516222
2026-09-14,Romford,14:14,1,Tip Top Katie,516223,Sporting Life,https://www.sportinglife.com/greyhounds/racecards/2026-09-14/romford/racecard/516223
2026-09-14,Romford,14:14,2,Underground Debs,516223,Sporting Life,https://www.sportinglife.com/greyhounds/racecards/2026-09-14/romford/racecard/516223
2026-09-14,Romford,14:14,3,Lazlos Babe,516223,Sporting Life,https://www.sportinglife.com/greyhounds/racecards/2026-09-14/romford/racecard/516223
2026-09-14,Romford,14:14,4,My Last Dog,516223,Sporting Life,https://www.sportinglife.com/greyhounds/racecards/2026-09-14/romford/racecard/516223
2026-09-14,Romford,14:14,5,Flacos Flyer,516223,Sporting Life,https://www.sportinglife.com/greyhounds/racecards/2026-09-14/romford/racecard/516223
2026-09-14,Romford,14:14,6,Miami Hero,516223,Sporting Life,https://www.sportinglife.com/greyhounds/racecards/2026-09-14/romford/racecard/516223
2026-09-14,Sunderland,14:29,1,Marwood Raven,516288,Sporting Life,https://www.sportinglife.com/greyhounds/racecards/2026-09-14/sunderland/racecard/516288
2026-09-14,Sunderland,14:29,2,Anglesey Exile,516288,Sporting Life,https://www.sportinglife.com/greyhounds/racecards/2026-09-14/sunderland/racecard/516288
2026-09-14,Sunderland,14:29,3,Southwood Kitty,516288,Sporting Life,https://www.sportinglife.com/greyhounds/racecards/2026-09-14/sunderland/racecard/516288
2026-09-14,Sunderland,14:29,4,Antigua Iceman,516288,Sporting Life,https://www.sportinglife.com/greyhounds/racecards/2026-09-14/sunderland/racecard/516288
2026-09-14,Sunderland,14:29,5,Blackstone Tino,516288,Sporting Life,https://www.sportinglife.com/greyhounds/racecards/2026-09-14/sunderland/racecard/516288
2026-09-14,Sunderland,14:29,6,Sunnyside Fergie,516288,Sporting Life,https://www.sportinglife.com/greyhounds/racecards/2026-09-14/sunderland/racecard/516288
2026-09-14,Sunderland,14:48,1,Untold Freysa,516289,Sporting Life,https://www.sportinglife.com/greyhounds/racecards/2026-09-14/sunderland/racecard/516289
2026-09-14,Sunderland,14:48,2,Easy Elaina,516289,Sporting Life,https://www.sportinglife.com/greyhounds/racecards/2026-09-14/sunderland/racecard/516289
2026-09-14,Sunderland,14:48,3,Regent Curious,516289,Sporting Life,https://www.sportinglife.com/greyhounds/racecards/2026-09-14/sunderland/racecard/516289
2026-09-14,Sunderland,14:48,4,Mallogs Gracie,516289,Sporting Life,https://www.sportinglife.com/greyhounds/racecards/2026-09-14/sunderland/racecard/516289
2026-09-14,Sunderland,14:48,5,Moulton Lily,516289,Sporting Life,https://www.sportinglife.com/greyhounds/racecards/2026-09-14/sunderland/racecard/516289
2026-09-14,Sunderland,14:48,6,Jacktavern Nicky,516289,Sporting Life,https://www.sportinglife.com/greyhounds/racecards/2026-09-14/sunderland/racecard/516289
2026-09-14,Sunderland,15:07,1,Master Of War,516290,Sporting Life,https://www.sportinglife.com/greyhounds/racecards/2026-09-14/sunderland/racecard/516290
2026-09-14,Sunderland,15:07,2,Grove Lass,516290,Sporting Life,https://www.sportinglife.com/greyhounds/racecards/2026-09-14/sunderland/racecard/516290
2026-09-14,Sunderland,15:07,3,Autumn Time,516290,Sporting Life,https://www.sportinglife.com/greyhounds/racecards/2026-09-14/sunderland/racecard/516290
2026-09-14,Sunderland,15:07,4,Good Edge,516290,Sporting Life,https://www.sportinglife.com/greyhounds/racecards/2026-09-14/sunderland/racecard/516290
2026-09-14,Sunderland,15:07,5,Hi Hilda,516290,Sporting Life,https://www.sportinglife.com/greyhounds/racecards/2026-09-14/sunderland/racecard/516290
2026-09-14,Sunderland,15:07,6,Long Lasting,516290,Sporting Life,https://www.sportinglife.com/greyhounds/racecards/2026-09-14/sunderland/racecard/516290
2026-09-14,Sunderland,15:26,1,Tuesday Two,516291,Sporting Life,https://www.sportinglife.com/greyhounds/racecards/2026-09-14/sunderland/racecard/516291
2026-09-14,Sunderland,15:26,2,Flying Bocko,516291,Sporting Life,https://www.sportinglife.com/greyhounds/racecards/2026-09-14/sunderland/racecard/516291
2026-09-14,Sunderland,15:26,4,Neon Drifter,516291,Sporting Life,https://www.sportinglife.com/greyhounds/racecards/2026-09-14/sunderland/racecard/516291
2026-09-14,Sunderland,15:26,5,Placeinmyheart,516291,Sporting Life,https://www.sportinglife.com/greyhounds/racecards/2026-09-14/sunderland/racecard/516291
2026-09-14,Sunderland,15:26,6,Wing View,516291,Sporting Life,https://www.sportinglife.com/greyhounds/racecards/2026-09-14/sunderland/racecard/516291
2026-09-14,Sunderland,15:44,1,Moonveen Hijack,516292,Sporting Life,https://www.sportinglife.com/greyhounds/racecards/2026-09-14/sunderland/racecard/516292
2026-09-14,Sunderland,15:44,2,Noirs Regina,516292,Sporting Life,https://www.sportinglife.com/greyhounds/racecards/2026-09-14/sunderland/racecard/516292
2026-09-14,Sunderland,15:44,3,Neon View,516292,Sporting Life,https://www.sportinglife.com/greyhounds/racecards/2026-09-14/sunderland/racecard/516292
2026-09-14,Sunderland,15:44,4,Fercullen Dodge,516292,Sporting Life,https://www.sportinglife.com/greyhounds/racecards/2026-09-14/sunderland/racecard/516292
2026-09-14,Sunderland,15:44,5,Gemmas Hope,516292,Sporting Life,https://www.sportinglife.com/greyhounds/racecards/2026-09-14/sunderland/racecard/516292
2026-09-14,Sunderland,15:44,6,Colrose Lady,516292,Sporting Life,https://www.sportinglife.com/greyhounds/racecards/2026-09-14/sunderland/racecard/516292
2026-09-14,Sunderland,16:03,1,Moulton Debbie,516293,Sporting Life,https://www.sportinglife.com/greyhounds/racecards/2026-09-14/sunderland/racecard/516293
2026-09-14,Sunderland,16:03,2,Strike It Odette,516293,Sporting Life,https://www.sportinglife.com/greyhounds/racecards/2026-09-14/sunderland/racecard/516293
2026-09-14,Sunderland,16:03,3,Romantic Jake,516293,Sporting Life,https://www.sportinglife.com/greyhounds/racecards/2026-09-14/sunderland/racecard/516293
2026-09-14,Sunderland,16:03,4,Knockduff Auz,516293,Sporting Life,https://www.sportinglife.com/greyhounds/racecards/2026-09-14/sunderland/racecard/516293
2026-09-14,Sunderland,16:03,6,Bangersandsmash,516293,Sporting Life,https://www.sportinglife.com/greyhounds/racecards/2026-09-14/sunderland/racecard/516293
2026-09-14,Sunderland,16:22,1,Kates Redwood,516294,Sporting Life,https://www.sportinglife.com/greyhounds/racecards/2026-09-14/sunderland/racecard/516294
2026-09-14,Sunderland,16:22,2,Noirs Lulu,516294,Sporting Life,https://www.sportinglife.com/greyhounds/racecards/2026-09-14/sunderland/racecard/516294
2026-09-14,Sunderland,16:22,3,Dairyland Maeve,516294,Sporting Life,https://www.sportinglife.com/greyhounds/racecards/2026-09-14/sunderland/racecard/516294
2026-09-14,Sunderland,16:22,4,Shelikethemother,516294,Sporting Life,https://www.sportinglife.com/greyhounds/racecards/2026-09-14/sunderland/racecard/516294
2026-09-14,Sunderland,16:22,5,Linton Reginald,516294,Sporting Life,https://www.sportinglife.com/greyhounds/racecards/2026-09-14/sunderland/racecard/516294
2026-09-14,Sunderland,16:22,6,Kerryroad Millie,516294,Sporting Life,https://www.sportinglife.com/greyhounds/racecards/2026-09-14/sunderland/racecard/516294
2026-09-14,Sunderland,16:41,1,Watermill Wendy,516295,Sporting Life,https://www.sportinglife.com/greyhounds/racecards/2026-09-14/sunderland/racecard/516295
2026-09-14,Sunderland,16:41,2,Donegal Cashout,516295,Sporting Life,https://www.sportinglife.com/greyhounds/racecards/2026-09-14/sunderland/racecard/516295
2026-09-14,Sunderland,16:41,4,Donegal Tiara,516295,Sporting Life,https://www.sportinglife.com/greyhounds/racecards/2026-09-14/sunderland/racecard/516295
2026-09-14,Sunderland,16:41,5,Neon Noble,516295,Sporting Life,https://www.sportinglife.com/greyhounds/racecards/2026-09-14/sunderland/racecard/516295
2026-09-14,Sunderland,16:41,6,Glideaway Ellie,516295,Sporting Life,https://www.sportinglife.com/greyhounds/racecards/2026-09-14/sunderland/racecard/516295
2026-09-14,Sunderland,16:59,1,Cagey Nancy,516296,Sporting Life,https://www.sportinglife.com/greyhounds/racecards/2026-09-14/sunderland/racecard/516296
2026-09-14,Sunderland,16:59,2,Dirty Cash,516296,Sporting Life,https://www.sportinglife.com/greyhounds/racecards/2026-09-14/sunderland/racecard/516296
2026-09-14,Sunderland,16:59,3,Quickstep Hoban,516296,Sporting Life,https://www.sportinglife.com/greyhounds/racecards/2026-09-14/sunderland/racecard/516296
2026-09-14,Sunderland,16:59,4,Millroad Rocket,516296,Sporting Life,https://www.sportinglife.com/greyhounds/racecards/2026-09-14/sunderland/racecard/516296
2026-09-14,Sunderland,16:59,5,Creevagh Boom,516296,Sporting Life,https://www.sportinglife.com/greyhounds/racecards/2026-09-14/sunderland/racecard/516296
2026-09-14,Sunderland,16:59,6,Lazy Loo,516296,Sporting Life,https://www.sportinglife.com/greyhounds/racecards/2026-09-14/sunderland/racecard/516296
2026-09-14,Sunderland,17:18,2,Autumn Athlete,516297,Sporting Life,https://www.sportinglife.com/greyhounds/racecards/2026-09-14/sunderland/racecard/516297
2026-09-14,Sunderland,17:18,3,Neon Whisper,516297,Sporting Life,https://www.sportinglife.com/greyhounds/racecards/2026-09-14/sunderland/racecard/516297
2026-09-14,Sunderland,17:18,4,Doubtful Lizzy,516297,Sporting Life,https://www.sportinglife.com/greyhounds/racecards/2026-09-14/sunderland/racecard/516297
2026-09-14,Sunderland,17:18,5,Vegas Mo Chara,516297,Sporting Life,https://www.sportinglife.com/greyhounds/racecards/2026-09-14/sunderland/racecard/516297
2026-09-14,Sunderland,17:18,6,Solsbury Hill,516297,Sporting Life,https://www.sportinglife.com/greyhounds/racecards/2026-09-14/sunderland/racecard/516297
2026-09-14,Sunderland,17:37,1,Wishful Nancy,516298,Sporting Life,https://www.sportinglife.com/greyhounds/racecards/2026-09-14/sunderland/racecard/516298
2026-09-14,Sunderland,17:37,2,Charlies Maddie,516298,Sporting Life,https://www.sportinglife.com/greyhounds/racecards/2026-09-14/sunderland/racecard/516298
2026-09-14,Sunderland,17:37,3,Russmur Josh,516298,Sporting Life,https://www.sportinglife.com/greyhounds/racecards/2026-09-14/sunderland/racecard/516298
2026-09-14,Sunderland,17:37,4,Linton Lucy,516298,Sporting Life,https://www.sportinglife.com/greyhounds/racecards/2026-09-14/sunderland/racecard/516298
2026-09-14,Sunderland,17:37,5,Sarahs Hope,516298,Sporting Life,https://www.sportinglife.com/greyhounds/racecards/2026-09-14/sunderland/racecard/516298
2026-09-14,Sunderland,17:37,6,Mikeyknowsbest,516298,Sporting Life,https://www.sportinglife.com/greyhounds/racecards/2026-09-14/sunderland/racecard/516298
2026-09-14,Sunderland,17:56,1,Scarsdale Pronto,516299,Sporting Life,https://www.sportinglife.com/greyhounds/racecards/2026-09-14/sunderland/racecard/516299
2026-09-14,Sunderland,17:56,2,Donishall Riley,516299,Sporting Life,https://www.sportinglife.com/greyhounds/racecards/2026-09-14/sunderland/racecard/516299
2026-09-14,Sunderland,17:56,3,Romantic Tessie,516299,Sporting Life,https://www.sportinglife.com/greyhounds/racecards/2026-09-14/sunderland/racecard/516299
2026-09-14,Sunderland,17:56,4,Tullymurry Shine,516299,Sporting Life,https://www.sportinglife.com/greyhounds/racecards/2026-09-14/sunderland/racecard/516299
2026-09-14,Sunderland,17:56,5,Tullymurry Peg,516299,Sporting Life,https://www.sportinglife.com/greyhounds/racecards/2026-09-14/sunderland/racecard/516299
2026-09-14,Towcester,18:08,1,Swift Delicious,516300,Sporting Life,https://www.sportinglife.com/greyhounds/racecards/2026-09-14/towcester/racecard/516300
2026-09-14,Towcester,18:08,2,Freyas Tiger,516300,Sporting Life,https://www.sportinglife.com/greyhounds/racecards/2026-09-14/towcester/racecard/516300
2026-09-14,Towcester,18:08,3,Ballyclearyflash,516300,Sporting Life,https://www.sportinglife.com/greyhounds/racecards/2026-09-14/towcester/racecard/516300
2026-09-14,Towcester,18:08,4,Ivy Hill Maisy,516300,Sporting Life,https://www.sportinglife.com/greyhounds/racecards/2026-09-14/towcester/racecard/516300
2026-09-14,Towcester,18:08,5,El Prez Bandit,516300,Sporting Life,https://www.sportinglife.com/greyhounds/racecards/2026-09-14/towcester/racecard/516300
2026-09-14,Towcester,18:08,6,Hitthelids Kaley,516300,Sporting Life,https://www.sportinglife.com/greyhounds/racecards/2026-09-14/towcester/racecard/516300
2026-09-14,Towcester,18:26,1,Freyas Lula,516301,Sporting Life,https://www.sportinglife.com/greyhounds/racecards/2026-09-14/towcester/racecard/516301
2026-09-14,Towcester,18:26,2,Last Race Toni,516301,Sporting Life,https://www.sportinglife.com/greyhounds/racecards/2026-09-14/towcester/racecard/516301
2026-09-14,Towcester,18:26,3,Sals Minnie,516301,Sporting Life,https://www.sportinglife.com/greyhounds/racecards/2026-09-14/towcester/racecard/516301
2026-09-14,Towcester,18:26,4,Mustang Miamar,516301,Sporting Life,https://www.sportinglife.com/greyhounds/racecards/2026-09-14/towcester/racecard/516301
2026-09-14,Towcester,18:26,5,Amka Bruce,516301,Sporting Life,https://www.sportinglife.com/greyhounds/racecards/2026-09-14/towcester/racecard/516301
2026-09-14,Towcester,18:26,6,Trapstyle Wee,516301,Sporting Life,https://www.sportinglife.com/greyhounds/racecards/2026-09-14/towcester/racecard/516301
2026-09-14,Towcester,18:42,1,Wraysbury Band,516302,Sporting Life,https://www.sportinglife.com/greyhounds/racecards/2026-09-14/towcester/racecard/516302
2026-09-14,Towcester,18:42,2,Johnie Oh,516302,Sporting Life,https://www.sportinglife.com/greyhounds/racecards/2026-09-14/towcester/racecard/516302
2026-09-14,Towcester,18:42,3,Four Assassins,516302,Sporting Life,https://www.sportinglife.com/greyhounds/racecards/2026-09-14/towcester/racecard/516302
2026-09-14,Towcester,18:42,4,Fabulous Ramona,516302,Sporting Life,https://www.sportinglife.com/greyhounds/racecards/2026-09-14/towcester/racecard/516302
2026-09-14,Towcester,18:59,2,Deecee Bono,516303,Sporting Life,https://www.sportinglife.com/greyhounds/racecards/2026-09-14/towcester/racecard/516303
2026-09-14,Towcester,18:59,3,Hiya Salah,516303,Sporting Life,https://www.sportinglife.com/greyhounds/racecards/2026-09-14/towcester/racecard/516303
2026-09-14,Towcester,18:59,4,No Dont Call Me,516303,Sporting Life,https://www.sportinglife.com/greyhounds/racecards/2026-09-14/towcester/racecard/516303
2026-09-14,Towcester,18:59,5,Charter Billy,516303,Sporting Life,https://www.sportinglife.com/greyhounds/racecards/2026-09-14/towcester/racecard/516303
2026-09-14,Towcester,18:59,6,Run Kirstie Run,516303,Sporting Life,https://www.sportinglife.com/greyhounds/racecards/2026-09-14/towcester/racecard/516303
2026-09-14,Towcester,19:16,1,Makeit Anton,516304,Sporting Life,https://www.sportinglife.com/greyhounds/racecards/2026-09-14/towcester/racecard/516304
2026-09-14,Towcester,19:16,2,Athy Town,516304,Sporting Life,https://www.sportinglife.com/greyhounds/racecards/2026-09-14/towcester/racecard/516304
2026-09-14,Towcester,19:16,3,Mischievouskelly,516304,Sporting Life,https://www.sportinglife.com/greyhounds/racecards/2026-09-14/towcester/racecard/516304
2026-09-14,Towcester,19:16,4,Unknown Alpha,516304,Sporting Life,https://www.sportinglife.com/greyhounds/racecards/2026-09-14/towcester/racecard/516304
2026-09-14,Towcester,19:16,5,Toems Model,516304,Sporting Life,https://www.sportinglife.com/greyhounds/racecards/2026-09-14/towcester/racecard/516304
2026-09-14,Towcester,19:16,6,Dublin Jimmy,516304,Sporting Life,https://www.sportinglife.com/greyhounds/racecards/2026-09-14/towcester/racecard/516304
2026-09-14,Towcester,19:33,1,Guinness Lad,516305,Sporting Life,https://www.sportinglife.com/greyhounds/racecards/2026-09-14/towcester/racecard/516305
2026-09-14,Towcester,19:33,2,Ollys Jill,516305,Sporting Life,https://www.sportinglife.com/greyhounds/racecards/2026-09-14/towcester/racecard/516305
2026-09-14,Towcester,19:33,3,Trapstyle Joy,516305,Sporting Life,https://www.sportinglife.com/greyhounds/racecards/2026-09-14/towcester/racecard/516305
2026-09-14,Towcester,19:33,4,Makeit Joy,516305,Sporting Life,https://www.sportinglife.com/greyhounds/racecards/2026-09-14/towcester/racecard/516305
2026-09-14,Towcester,19:33,5,Crucial Dutch,516305,Sporting Life,https://www.sportinglife.com/greyhounds/racecards/2026-09-14/towcester/racecard/516305
2026-09-14,Towcester,19:33,6,Rowington Ruse,516305,Sporting Life,https://www.sportinglife.com/greyhounds/racecards/2026-09-14/towcester/racecard/516305
2026-09-14,Towcester,19:49,1,Da Fox,516306,Sporting Life,https://www.sportinglife.com/greyhounds/racecards/2026-09-14/towcester/racecard/516306
2026-09-14,Towcester,19:49,2,Trapstyle Bunny,516306,Sporting Life,https://www.sportinglife.com/greyhounds/racecards/2026-09-14/towcester/racecard/516306
2026-09-14,Towcester,19:49,3,Zebedee Milan,516306,Sporting Life,https://www.sportinglife.com/greyhounds/racecards/2026-09-14/towcester/racecard/516306
2026-09-14,Towcester,19:49,4,Hitthelids Bono,516306,Sporting Life,https://www.sportinglife.com/greyhounds/racecards/2026-09-14/towcester/racecard/516306
2026-09-14,Towcester,19:49,5,Hiya Carneiro,516306,Sporting Life,https://www.sportinglife.com/greyhounds/racecards/2026-09-14/towcester/racecard/516306
2026-09-14,Towcester,19:49,6,Essex Abbie,516306,Sporting Life,https://www.sportinglife.com/greyhounds/racecards/2026-09-14/towcester/racecard/516306
2026-09-14,Towcester,20:07,1,Coffee Time Guys,516307,Sporting Life,https://www.sportinglife.com/greyhounds/racecards/2026-09-14/towcester/racecard/516307
2026-09-14,Towcester,20:07,2,Salacres Pip,516307,Sporting Life,https://www.sportinglife.com/greyhounds/racecards/2026-09-14/towcester/racecard/516307
2026-09-14,Towcester,20:07,3,Salacres Showoff,516307,Sporting Life,https://www.sportinglife.com/greyhounds/racecards/2026-09-14/towcester/racecard/516307
2026-09-14,Towcester,20:07,4,Antigua Bubble,516307,Sporting Life,https://www.sportinglife.com/greyhounds/racecards/2026-09-14/towcester/racecard/516307
2026-09-14,Towcester,20:07,5,Chelms Jacob,516307,Sporting Life,https://www.sportinglife.com/greyhounds/racecards/2026-09-14/towcester/racecard/516307
2026-09-14,Towcester,20:07,6,Stasi,516307,Sporting Life,https://www.sportinglife.com/greyhounds/racecards/2026-09-14/towcester/racecard/516307
2026-09-14,Towcester,20:24,1,Monroe Bess,516308,Sporting Life,https://www.sportinglife.com/greyhounds/racecards/2026-09-14/towcester/racecard/516308
2026-09-14,Towcester,20:24,2,Hitthelids Mateo,516308,Sporting Life,https://www.sportinglife.com/greyhounds/racecards/2026-09-14/towcester/racecard/516308
2026-09-14,Towcester,20:24,3,Vinies Pet,516308,Sporting Life,https://www.sportinglife.com/greyhounds/racecards/2026-09-14/towcester/racecard/516308
2026-09-14,Towcester,20:24,4,Choices Mile,516308,Sporting Life,https://www.sportinglife.com/greyhounds/racecards/2026-09-14/towcester/racecard/516308
2026-09-14,Towcester,20:24,5,Deerland Flyer,516308,Sporting Life,https://www.sportinglife.com/greyhounds/racecards/2026-09-14/towcester/racecard/516308
2026-09-14,Towcester,20:24,6,Swift Year Long,516308,Sporting Life,https://www.sportinglife.com/greyhounds/racecards/2026-09-14/towcester/racecard/516308
2026-09-14,Towcester,20:41,1,Clongour Duo,516309,Sporting Life,https://www.sportinglife.com/greyhounds/racecards/2026-09-14/towcester/racecard/516309
2026-09-14,Towcester,20:41,2,Bambis Daisy,516309,Sporting Life,https://www.sportinglife.com/greyhounds/racecards/2026-09-14/towcester/racecard/516309
2026-09-14,Towcester,20:41,3,Ballygraigue Ava,516309,Sporting Life,https://www.sportinglife.com/greyhounds/racecards/2026-09-14/towcester/racecard/516309
2026-09-14,Towcester,20:41,4,Salacres Showman,516309,Sporting Life,https://www.sportinglife.com/greyhounds/racecards/2026-09-14/towcester/racecard/516309
2026-09-14,Towcester,20:41,5,Plaza Kathleen,516309,Sporting Life,https://www.sportinglife.com/greyhounds/racecards/2026-09-14/towcester/racecard/516309
2026-09-14,Towcester,20:41,6,Foulkscourtstorm,516309,Sporting Life,https://www.sportinglife.com/greyhounds/racecards/2026-09-14/towcester/racecard/516309
2026-09-14,Towcester,20:59,1,Salacres Frankie,516310,Sporting Life,https://www.sportinglife.com/greyhounds/racecards/2026-09-14/towcester/racecard/516310
2026-09-14,Towcester,20:59,2,Goul River,516310,Sporting Life,https://www.sportinglife.com/greyhounds/racecards/2026-09-14/towcester/racecard/516310
2026-09-14,Towcester,20:59,3,Fabulous Arizona,516310,Sporting Life,https://www.sportinglife.com/greyhounds/racecards/2026-09-14/towcester/racecard/516310
2026-09-14,Towcester,20:59,4,Inniskeen Flash,516310,Sporting Life,https://www.sportinglife.com/greyhounds/racecards/2026-09-14/towcester/racecard/516310
2026-09-14,Towcester,20:59,5,Fifis Lad,516310,Sporting Life,https://www.sportinglife.com/greyhounds/racecards/2026-09-14/towcester/racecard/516310
2026-09-14,Towcester,20:59,6,Ivy Hill Willow,516310,Sporting Life,https://www.sportinglife.com/greyhounds/racecards/2026-09-14/towcester/racecard/516310
2026-09-14,Towcester,21:16,1,Mustang Beyonce,516311,Sporting Life,https://www.sportinglife.com/greyhounds/racecards/2026-09-14/towcester/racecard/516311
2026-09-14,Towcester,21:16,2,Salacres Logan,516311,Sporting Life,https://www.sportinglife.com/greyhounds/racecards/2026-09-14/towcester/racecard/516311
2026-09-14,Towcester,21:16,3,Mums Jill,516311,Sporting Life,https://www.sportinglife.com/greyhounds/racecards/2026-09-14/towcester/racecard/516311
2026-09-14,Towcester,21:16,4,Fabulous Masie,516311,Sporting Life,https://www.sportinglife.com/greyhounds/racecards/2026-09-14/towcester/racecard/516311
2026-09-14,Towcester,21:16,5,Salacres Brendan,516311,Sporting Life,https://www.sportinglife.com/greyhounds/racecards/2026-09-14/towcester/racecard/516311
2026-09-14,Towcester,21:16,6,Amka Phantom,516311,Sporting Life,https://www.sportinglife.com/greyhounds/racecards/2026-09-14/towcester/racecard/516311
2026-09-14,Yarmouth,18:14,1,Strideaway Gra,516207,Sporting Life,https://www.sportinglife.com/greyhounds/racecards/2026-09-14/yarmouth/racecard/516207
2026-09-14,Yarmouth,18:14,2,Blackrose Blue,516207,Sporting Life,https://www.sportinglife.com/greyhounds/racecards/2026-09-14/yarmouth/racecard/516207
2026-09-14,Yarmouth,18:14,3,Whyaye Lass,516207,Sporting Life,https://www.sportinglife.com/greyhounds/racecards/2026-09-14/yarmouth/racecard/516207
2026-09-14,Yarmouth,18:14,4,Morning Delight,516207,Sporting Life,https://www.sportinglife.com/greyhounds/racecards/2026-09-14/yarmouth/racecard/516207
2026-09-14,Yarmouth,18:14,5,All About Glory,516207,Sporting Life,https://www.sportinglife.com/greyhounds/racecards/2026-09-14/yarmouth/racecard/516207
2026-09-14,Yarmouth,18:31,1,Bird About Town,516209,Sporting Life,https://www.sportinglife.com/greyhounds/racecards/2026-09-14/yarmouth/racecard/516209
2026-09-14,Yarmouth,18:31,3,Savana Robbie,516209,Sporting Life,https://www.sportinglife.com/greyhounds/racecards/2026-09-14/yarmouth/racecard/516209
2026-09-14,Yarmouth,18:31,4,Carrigoon Kali,516209,Sporting Life,https://www.sportinglife.com/greyhounds/racecards/2026-09-14/yarmouth/racecard/516209
2026-09-14,Yarmouth,18:31,5,Bodell Bucks,516209,Sporting Life,https://www.sportinglife.com/greyhounds/racecards/2026-09-14/yarmouth/racecard/516209
2026-09-14,Yarmouth,18:31,6,Decoy Luca,516209,Sporting Life,https://www.sportinglife.com/greyhounds/racecards/2026-09-14/yarmouth/racecard/516209
2026-09-14,Yarmouth,18:48,1,Mystical Luke,516212,Sporting Life,https://www.sportinglife.com/greyhounds/racecards/2026-09-14/yarmouth/racecard/516212
2026-09-14,Yarmouth,18:48,2,Tommys Miss,516212,Sporting Life,https://www.sportinglife.com/greyhounds/racecards/2026-09-14/yarmouth/racecard/516212
2026-09-14,Yarmouth,18:48,3,Miss Titanic,516212,Sporting Life,https://www.sportinglife.com/greyhounds/racecards/2026-09-14/yarmouth/racecard/516212
2026-09-14,Yarmouth,18:48,4,Magical Wolf,516212,Sporting Life,https://www.sportinglife.com/greyhounds/racecards/2026-09-14/yarmouth/racecard/516212
2026-09-14,Yarmouth,18:48,6,Bluejig Designer,516212,Sporting Life,https://www.sportinglife.com/greyhounds/racecards/2026-09-14/yarmouth/racecard/516212
2026-09-14,Yarmouth,19:06,1,Swift You,516215,Sporting Life,https://www.sportinglife.com/greyhounds/racecards/2026-09-14/yarmouth/racecard/516215
2026-09-14,Yarmouth,19:06,2,Cosmic Maggie,516215,Sporting Life,https://www.sportinglife.com/greyhounds/racecards/2026-09-14/yarmouth/racecard/516215
2026-09-14,Yarmouth,19:06,3,Thunder Dance,516215,Sporting Life,https://www.sportinglife.com/greyhounds/racecards/2026-09-14/yarmouth/racecard/516215
2026-09-14,Yarmouth,19:06,4,Murrow Krakatoa,516215,Sporting Life,https://www.sportinglife.com/greyhounds/racecards/2026-09-14/yarmouth/racecard/516215
2026-09-14,Yarmouth,19:06,5,Coolruss Ronnie,516215,Sporting Life,https://www.sportinglife.com/greyhounds/racecards/2026-09-14/yarmouth/racecard/516215
2026-09-14,Yarmouth,19:06,6,Wee Mac Jimbo,516215,Sporting Life,https://www.sportinglife.com/greyhounds/racecards/2026-09-14/yarmouth/racecard/516215
2026-09-14,Yarmouth,19:22,1,Jinksy Lass,516219,Sporting Life,https://www.sportinglife.com/greyhounds/racecards/2026-09-14/yarmouth/racecard/516219
2026-09-14,Yarmouth,19:22,2,Harlequin Manila,516219,Sporting Life,https://www.sportinglife.com/greyhounds/racecards/2026-09-14/yarmouth/racecard/516219
2026-09-14,Yarmouth,19:22,3,Savana Memories,516219,Sporting Life,https://www.sportinglife.com/greyhounds/racecards/2026-09-14/yarmouth/racecard/516219
2026-09-14,Yarmouth,19:22,4,Wachovia Blaze,516219,Sporting Life,https://www.sportinglife.com/greyhounds/racecards/2026-09-14/yarmouth/racecard/516219
2026-09-14,Yarmouth,19:22,5,Savana Magique,516219,Sporting Life,https://www.sportinglife.com/greyhounds/racecards/2026-09-14/yarmouth/racecard/516219
2026-09-14,Yarmouth,19:39,1,Cloughtaney Emma,516221,Sporting Life,https://www.sportinglife.com/greyhounds/racecards/2026-09-14/yarmouth/racecard/516221
2026-09-14,Yarmouth,19:39,2,Keas Flyer,516221,Sporting Life,https://www.sportinglife.com/greyhounds/racecards/2026-09-14/yarmouth/racecard/516221
2026-09-14,Yarmouth,19:39,3,Rapido Camilla,516221,Sporting Life,https://www.sportinglife.com/greyhounds/racecards/2026-09-14/yarmouth/racecard/516221
2026-09-14,Yarmouth,19:39,4,Azzas Angel,516221,Sporting Life,https://www.sportinglife.com/greyhounds/racecards/2026-09-14/yarmouth/racecard/516221
2026-09-14,Yarmouth,19:39,5,Hawkfield Garry,516221,Sporting Life,https://www.sportinglife.com/greyhounds/racecards/2026-09-14/yarmouth/racecard/516221
2026-09-14,Yarmouth,19:39,6,Value Added,516221,Sporting Life,https://www.sportinglife.com/greyhounds/racecards/2026-09-14/yarmouth/racecard/516221
2026-09-14,Yarmouth,19:56,1,Browns Beauty,516225,Sporting Life,https://www.sportinglife.com/greyhounds/racecards/2026-09-14/yarmouth/racecard/516225
2026-09-14,Yarmouth,19:56,2,Olwinn Again,516225,Sporting Life,https://www.sportinglife.com/greyhounds/racecards/2026-09-14/yarmouth/racecard/516225
2026-09-14,Yarmouth,19:56,3,Ardagio,516225,Sporting Life,https://www.sportinglife.com/greyhounds/racecards/2026-09-14/yarmouth/racecard/516225
2026-09-14,Yarmouth,19:56,5,Savana Tango,516225,Sporting Life,https://www.sportinglife.com/greyhounds/racecards/2026-09-14/yarmouth/racecard/516225
2026-09-14,Yarmouth,19:56,6,Savana Buzz,516225,Sporting Life,https://www.sportinglife.com/greyhounds/racecards/2026-09-14/yarmouth/racecard/516225
2026-09-14,Yarmouth,20:13,1,Coolruss Sharon,516227,Sporting Life,https://www.sportinglife.com/greyhounds/racecards/2026-09-14/yarmouth/racecard/516227
2026-09-14,Yarmouth,20:13,2,Aurelia Geegee,516227,Sporting Life,https://www.sportinglife.com/greyhounds/racecards/2026-09-14/yarmouth/racecard/516227
2026-09-14,Yarmouth,20:13,4,Highview Laura,516227,Sporting Life,https://www.sportinglife.com/greyhounds/racecards/2026-09-14/yarmouth/racecard/516227
2026-09-14,Yarmouth,20:13,5,Adamant Olaf,516227,Sporting Life,https://www.sportinglife.com/greyhounds/racecards/2026-09-14/yarmouth/racecard/516227
2026-09-14,Yarmouth,20:13,6,Browns Bruce,516227,Sporting Life,https://www.sportinglife.com/greyhounds/racecards/2026-09-14/yarmouth/racecard/516227
2026-09-14,Yarmouth,20:31,1,Zoo Da Man,516229,Sporting Life,https://www.sportinglife.com/greyhounds/racecards/2026-09-14/yarmouth/racecard/516229
2026-09-14,Yarmouth,20:31,2,Razldazl Minty,516229,Sporting Life,https://www.sportinglife.com/greyhounds/racecards/2026-09-14/yarmouth/racecard/516229
2026-09-14,Yarmouth,20:31,3,Harlequin Rose,516229,Sporting Life,https://www.sportinglife.com/greyhounds/racecards/2026-09-14/yarmouth/racecard/516229
2026-09-14,Yarmouth,20:31,4,Murrow Tambora,516229,Sporting Life,https://www.sportinglife.com/greyhounds/racecards/2026-09-14/yarmouth/racecard/516229
2026-09-14,Yarmouth,20:31,5,Savana Macey,516229,Sporting Life,https://www.sportinglife.com/greyhounds/racecards/2026-09-14/yarmouth/racecard/516229
2026-09-14,Yarmouth,20:31,6,Melbury Loki,516229,Sporting Life,https://www.sportinglife.com/greyhounds/racecards/2026-09-14/yarmouth/racecard/516229
2026-09-14,Yarmouth,20:47,1,Aayamza Dreamer,516231,Sporting Life,https://www.sportinglife.com/greyhounds/racecards/2026-09-14/yarmouth/racecard/516231
2026-09-14,Yarmouth,20:47,2,Hello Lainey,516231,Sporting Life,https://www.sportinglife.com/greyhounds/racecards/2026-09-14/yarmouth/racecard/516231
2026-09-14,Yarmouth,20:47,3,Only The Third,516231,Sporting Life,https://www.sportinglife.com/greyhounds/racecards/2026-09-14/yarmouth/racecard/516231
2026-09-14,Yarmouth,20:47,4,Ardera Ville,516231,Sporting Life,https://www.sportinglife.com/greyhounds/racecards/2026-09-14/yarmouth/racecard/516231
2026-09-14,Yarmouth,20:47,6,Saleen Ace,516231,Sporting Life,https://www.sportinglife.com/greyhounds/racecards/2026-09-14/yarmouth/racecard/516231
2026-09-14,Yarmouth,21:04,1,Farneys Links,516233,Sporting Life,https://www.sportinglife.com/greyhounds/racecards/2026-09-14/yarmouth/racecard/516233
2026-09-14,Yarmouth,21:04,2,Browns Swifties,516233,Sporting Life,https://www.sportinglife.com/greyhounds/racecards/2026-09-14/yarmouth/racecard/516233
2026-09-14,Yarmouth,21:04,3,Barnora Horse,516233,Sporting Life,https://www.sportinglife.com/greyhounds/racecards/2026-09-14/yarmouth/racecard/516233
2026-09-14,Yarmouth,21:04,4,Blackrose Justin,516233,Sporting Life,https://www.sportinglife.com/greyhounds/racecards/2026-09-14/yarmouth/racecard/516233
2026-09-14,Yarmouth,21:04,5,Oscar,516233,Sporting Life,https://www.sportinglife.com/greyhounds/racecards/2026-09-14/yarmouth/racecard/516233
2026-09-14,Yarmouth,21:23,1,Moanteen Oscar,516235,Sporting Life,https://www.sportinglife.com/greyhounds/racecards/2026-09-14/yarmouth/racecard/516235
2026-09-14,Yarmouth,21:23,2,Monroe Daisy,516235,Sporting Life,https://www.sportinglife.com/greyhounds/racecards/2026-09-14/yarmouth/racecard/516235
2026-09-14,Yarmouth,21:23,3,Bobsleigh Shark,516235,Sporting Life,https://www.sportinglife.com/greyhounds/racecards/2026-09-14/yarmouth/racecard/516235
2026-09-14,Yarmouth,21:23,4,Drumdoit Buster,516235,Sporting Life,https://www.sportinglife.com/greyhounds/racecards/2026-09-14/yarmouth/racecard/516235
2026-09-14,Yarmouth,21:23,6,Homestead Anna,516235,Sporting Life,https://www.sportinglife.com/greyhounds/racecards/2026-09-14/yarmouth/racecard/516235
