date,track,race_time,runner_number,dog_name,race_id,source,race_url
2026-09-17,Central Park,14:23,1,Wilkinstown,516642,Sporting Life,https://www.sportinglife.com/greyhounds/racecards/2026-09-17/central-park/racecard/516642
2026-09-17,Central Park,14:23,2,Bawnfune Belle,516642,Sporting Life,https://www.sportinglife.com/greyhounds/racecards/2026-09-17/central-park/racecard/516642
2026-09-17,Central Park,14:23,3,Speedy Uso,516642,Sporting Life,https://www.sportinglife.com/greyhounds/racecards/2026-09-17/central-park/racecard/516642
2026-09-17,Central Park,14:23,4,Up Ta Hill,516642,Sporting Life,https://www.sportinglife.com/greyhounds/racecards/2026-09-17/central-park/racecard/516642
2026-09-17,Central Park,14:23,5,Kereight Pat,516642,Sporting Life,https://www.sportinglife.com/greyhounds/racecards/2026-09-17/central-park/racecard/516642
2026-09-17,Central Park,14:23,6,Savana Mai,516642,Sporting Life,https://www.sportinglife.com/greyhounds/racecards/2026-09-17/central-park/racecard/516642
2026-09-17,Central Park,14:41,1,Deelish Nice,516643,Sporting Life,https://www.sportinglife.com/greyhounds/racecards/2026-09-17/central-park/racecard/516643
2026-09-17,Central Park,14:41,2,Lemon Maxine,516643,Sporting Life,https://www.sportinglife.com/greyhounds/racecards/2026-09-17/central-park/racecard/516643
2026-09-17,Central Park,14:41,3,Coonough View,516643,Sporting Life,https://www.sportinglife.com/greyhounds/racecards/2026-09-17/central-park/racecard/516643
2026-09-17,Central Park,14:41,4,Jaguar Enable,516643,Sporting Life,https://www.sportinglife.com/greyhounds/racecards/2026-09-17/central-park/racecard/516643
2026-09-17,Central Park,14:41,5,Insane Investa,516643,Sporting Life,https://www.sportinglife.com/greyhounds/racecards/2026-09-17/central-park/racecard/516643
2026-09-17,Central Park,14:41,6,Capel Icon,516643,Sporting Life,https://www.sportinglife.com/greyhounds/racecards/2026-09-17/central-park/racecard/516643
2026-09-17,Central Park,15:01,1,Hollyoak Mable,516644,Sporting Life,https://www.sportinglife.com/greyhounds/racecards/2026-09-17/central-park/racecard/516644
2026-09-17,Central Park,15:01,2,Insane Ace,516644,Sporting Life,https://www.sportinglife.com/greyhounds/racecards/2026-09-17/central-park/racecard/516644
2026-09-17,Central Park,15:01,3,Autumn Breeze,516644,Sporting Life,https://www.sportinglife.com/greyhounds/racecards/2026-09-17/central-park/racecard/516644
2026-09-17,Central Park,15:01,4,Stophers Pumpkin,516644,Sporting Life,https://www.sportinglife.com/greyhounds/racecards/2026-09-17/central-park/racecard/516644
2026-09-17,Central Park,15:01,5,Barnfield Mojo,516644,Sporting Life,https://www.sportinglife.com/greyhounds/racecards/2026-09-17/central-park/racecard/516644
2026-09-17,Central Park,15:01,6,Hollyoak Doogal,516644,Sporting Life,https://www.sportinglife.com/greyhounds/racecards/2026-09-17/central-park/racecard/516644
2026-09-17,Central Park,15:19,1,Devonshire Lad,516645,Sporting Life,https://www.sportinglife.com/greyhounds/racecards/2026-09-17/central-park/racecard/516645
2026-09-17,Central Park,15:19,3,Deelish Maggie,516645,Sporting Life,https://www.sportinglife.com/greyhounds/racecards/2026-09-17/central-park/racecard/516645
2026-09-17,Central Park,15:19,4,Windsor Times,516645,Sporting Life,https://www.sportinglife.com/greyhounds/racecards/2026-09-17/central-park/racecard/516645
2026-09-17,Central Park,15:19,5,Westwood Gem,516645,Sporting Life,https://www.sportinglife.com/greyhounds/racecards/2026-09-17/central-park/racecard/516645
2026-09-17,Central Park,15:19,6,Roaming Polly,516645,Sporting Life,https://www.sportinglife.com/greyhounds/racecards/2026-09-17/central-park/racecard/516645
2026-09-17,Central Park,15:38,2,Speedy Delilah,516646,Sporting Life,https://www.sportinglife.com/greyhounds/racecards/2026-09-17/central-park/racecard/516646
2026-09-17,Central Park,15:38,3,Foxwood Dolly,516646,Sporting Life,https://www.sportinglife.com/greyhounds/racecards/2026-09-17/central-park/racecard/516646
2026-09-17,Central Park,15:38,4,Autumn Jane,516646,Sporting Life,https://www.sportinglife.com/greyhounds/racecards/2026-09-17/central-park/racecard/516646
2026-09-17,Central Park,15:38,5,Earls Rosie,516646,Sporting Life,https://www.sportinglife.com/greyhounds/racecards/2026-09-17/central-park/racecard/516646
2026-09-17,Central Park,15:38,6,Baggios Diva,516646,Sporting Life,https://www.sportinglife.com/greyhounds/racecards/2026-09-17/central-park/racecard/516646
2026-09-17,Central Park,15:57,1,Insane Cuddles,516647,Sporting Life,https://www.sportinglife.com/greyhounds/racecards/2026-09-17/central-park/racecard/516647
2026-09-17,Central Park,15:57,2,One More Tune,516647,Sporting Life,https://www.sportinglife.com/greyhounds/racecards/2026-09-17/central-park/racecard/516647
2026-09-17,Central Park,15:57,3,Savana Yahoo,516647,Sporting Life,https://www.sportinglife.com/greyhounds/racecards/2026-09-17/central-park/racecard/516647
2026-09-17,Central Park,15:57,5,Jumpstart Sarah,516647,Sporting Life,https://www.sportinglife.com/greyhounds/racecards/2026-09-17/central-park/racecard/516647
2026-09-17,Central Park,15:57,6,Swift What,516647,Sporting Life,https://www.sportinglife.com/greyhounds/racecards/2026-09-17/central-park/racecard/516647
2026-09-17,Central Park,16:16,1,Hollyoak Cleo,516648,Sporting Life,https://www.sportinglife.com/greyhounds/racecards/2026-09-17/central-park/racecard/516648
2026-09-17,Central Park,16:16,2,Traceys Mol,516648,Sporting Life,https://www.sportinglife.com/greyhounds/racecards/2026-09-17/central-park/racecard/516648
2026-09-17,Central Park,16:16,3,Rallying Lucy,516648,Sporting Life,https://www.sportinglife.com/greyhounds/racecards/2026-09-17/central-park/racecard/516648
2026-09-17,Central Park,16:16,4,Front Dilemma,516648,Sporting Life,https://www.sportinglife.com/greyhounds/racecards/2026-09-17/central-park/racecard/516648
2026-09-17,Central Park,16:16,5,Footfield Bucko,516648,Sporting Life,https://www.sportinglife.com/greyhounds/racecards/2026-09-17/central-park/racecard/516648
2026-09-17,Central Park,16:34,1,Beach Bar,516649,Sporting Life,https://www.sportinglife.com/greyhounds/racecards/2026-09-17/central-park/racecard/516649
2026-09-17,Central Park,16:34,2,Ballymac Pyramid,516649,Sporting Life,https://www.sportinglife.com/greyhounds/racecards/2026-09-17/central-park/racecard/516649
2026-09-17,Central Park,16:34,3,Beach Time,516649,Sporting Life,https://www.sportinglife.com/greyhounds/racecards/2026-09-17/central-park/racecard/516649
2026-09-17,Central Park,16:34,4,Ima Rocket Fran,516649,Sporting Life,https://www.sportinglife.com/greyhounds/racecards/2026-09-17/central-park/racecard/516649
2026-09-17,Central Park,16:34,6,Windsor Beauty,516649,Sporting Life,https://www.sportinglife.com/greyhounds/racecards/2026-09-17/central-park/racecard/516649
2026-09-17,Central Park,16:53,2,Innfield Hunter,516650,Sporting Life,https://www.sportinglife.com/greyhounds/racecards/2026-09-17/central-park/racecard/516650
2026-09-17,Central Park,16:53,3,Insane Mariela,516650,Sporting Life,https://www.sportinglife.com/greyhounds/racecards/2026-09-17/central-park/racecard/516650
2026-09-17,Central Park,16:53,4,Autumn Mary,516650,Sporting Life,https://www.sportinglife.com/greyhounds/racecards/2026-09-17/central-park/racecard/516650
2026-09-17,Central Park,16:53,5,Stophers Trick,516650,Sporting Life,https://www.sportinglife.com/greyhounds/racecards/2026-09-17/central-park/racecard/516650
2026-09-17,Central Park,16:53,6,Ballydoyle Megan,516650,Sporting Life,https://www.sportinglife.com/greyhounds/racecards/2026-09-17/central-park/racecard/516650
2026-09-17,Central Park,17:12,1,Aphantasia,516651,Sporting Life,https://www.sportinglife.com/greyhounds/racecards/2026-09-17/central-park/racecard/516651
2026-09-17,Central Park,17:12,2,Kereight Belle,516651,Sporting Life,https://www.sportinglife.com/greyhounds/racecards/2026-09-17/central-park/racecard/516651
2026-09-17,Central Park,17:12,3,Aero Spears,516651,Sporting Life,https://www.sportinglife.com/greyhounds/racecards/2026-09-17/central-park/racecard/516651
2026-09-17,Central Park,17:12,4,Scary Moll Dolls,516651,Sporting Life,https://www.sportinglife.com/greyhounds/racecards/2026-09-17/central-park/racecard/516651
2026-09-17,Central Park,17:12,5,Lively Gezza,516651,Sporting Life,https://www.sportinglife.com/greyhounds/racecards/2026-09-17/central-park/racecard/516651
2026-09-17,Central Park,17:12,6,Santas Ferrari,516651,Sporting Life,https://www.sportinglife.com/greyhounds/racecards/2026-09-17/central-park/racecard/516651
2026-09-17,Central Park,17:31,1,Burgess Sophia,516652,Sporting Life,https://www.sportinglife.com/greyhounds/racecards/2026-09-17/central-park/racecard/516652
2026-09-17,Central Park,17:31,2,Hollyoak Artemis,516652,Sporting Life,https://www.sportinglife.com/greyhounds/racecards/2026-09-17/central-park/racecard/516652
2026-09-17,Central Park,17:31,3,Scilly Willow,516652,Sporting Life,https://www.sportinglife.com/greyhounds/racecards/2026-09-17/central-park/racecard/516652
2026-09-17,Central Park,17:31,4,Stophers Dorito,516652,Sporting Life,https://www.sportinglife.com/greyhounds/racecards/2026-09-17/central-park/racecard/516652
2026-09-17,Central Park,17:31,5,Bling Bling Musk,516652,Sporting Life,https://www.sportinglife.com/greyhounds/racecards/2026-09-17/central-park/racecard/516652
2026-09-17,Central Park,17:49,1,Ever So Cheerio,516653,Sporting Life,https://www.sportinglife.com/greyhounds/racecards/2026-09-17/central-park/racecard/516653
2026-09-17,Central Park,17:49,3,Westwood Betty,516653,Sporting Life,https://www.sportinglife.com/greyhounds/racecards/2026-09-17/central-park/racecard/516653
2026-09-17,Central Park,17:49,4,Insane Gee Two,516653,Sporting Life,https://www.sportinglife.com/greyhounds/racecards/2026-09-17/central-park/racecard/516653
2026-09-17,Central Park,17:49,5,No Nenono Yes,516653,Sporting Life,https://www.sportinglife.com/greyhounds/racecards/2026-09-17/central-park/racecard/516653
2026-09-17,Central Park,17:49,6,King Iggy,516653,Sporting Life,https://www.sportinglife.com/greyhounds/racecards/2026-09-17/central-park/racecard/516653
2026-09-17,Dunstall Park,14:29,1,Elemjay Lass,516666,Sporting Life,https://www.sportinglife.com/greyhounds/racecards/2026-09-17/dunstall-park/racecard/516666
2026-09-17,Dunstall Park,14:29,2,Hillend Julie,516666,Sporting Life,https://www.sportinglife.com/greyhounds/racecards/2026-09-17/dunstall-park/racecard/516666
2026-09-17,Dunstall Park,14:29,3,Shadow Diva,516666,Sporting Life,https://www.sportinglife.com/greyhounds/racecards/2026-09-17/dunstall-park/racecard/516666
2026-09-17,Dunstall Park,14:29,4,Slow Joe,516666,Sporting Life,https://www.sportinglife.com/greyhounds/racecards/2026-09-17/dunstall-park/racecard/516666
2026-09-17,Dunstall Park,14:29,5,Crokers Ella,516666,Sporting Life,https://www.sportinglife.com/greyhounds/racecards/2026-09-17/dunstall-park/racecard/516666
2026-09-17,Dunstall Park,14:29,6,Motherland,516666,Sporting Life,https://www.sportinglife.com/greyhounds/racecards/2026-09-17/dunstall-park/racecard/516666
2026-09-17,Dunstall Park,14:48,1,Antigua Lumiere,516667,Sporting Life,https://www.sportinglife.com/greyhounds/racecards/2026-09-17/dunstall-park/racecard/516667
2026-09-17,Dunstall Park,14:48,2,Avarua Flight,516667,Sporting Life,https://www.sportinglife.com/greyhounds/racecards/2026-09-17/dunstall-park/racecard/516667
2026-09-17,Dunstall Park,14:48,3,Sister Grace,516667,Sporting Life,https://www.sportinglife.com/greyhounds/racecards/2026-09-17/dunstall-park/racecard/516667
2026-09-17,Dunstall Park,14:48,4,Hi Ash,516667,Sporting Life,https://www.sportinglife.com/greyhounds/racecards/2026-09-17/dunstall-park/racecard/516667
2026-09-17,Dunstall Park,14:48,5,Bombay Tilda,516667,Sporting Life,https://www.sportinglife.com/greyhounds/racecards/2026-09-17/dunstall-park/racecard/516667
2026-09-17,Dunstall Park,14:48,6,Eyrehill Samson,516667,Sporting Life,https://www.sportinglife.com/greyhounds/racecards/2026-09-17/dunstall-park/racecard/516667
2026-09-17,Dunstall Park,15:07,1,Kiltealy,516668,Sporting Life,https://www.sportinglife.com/greyhounds/racecards/2026-09-17/dunstall-park/racecard/516668
2026-09-17,Dunstall Park,15:07,2,First Ambition,516668,Sporting Life,https://www.sportinglife.com/greyhounds/racecards/2026-09-17/dunstall-park/racecard/516668
2026-09-17,Dunstall Park,15:07,3,Lynnia Da Devil,516668,Sporting Life,https://www.sportinglife.com/greyhounds/racecards/2026-09-17/dunstall-park/racecard/516668
2026-09-17,Dunstall Park,15:07,4,Glenrock Ace,516668,Sporting Life,https://www.sportinglife.com/greyhounds/racecards/2026-09-17/dunstall-park/racecard/516668
2026-09-17,Dunstall Park,15:07,5,Ballymac Og,516668,Sporting Life,https://www.sportinglife.com/greyhounds/racecards/2026-09-17/dunstall-park/racecard/516668
2026-09-17,Dunstall Park,15:07,6,Kingdom Bucks,516668,Sporting Life,https://www.sportinglife.com/greyhounds/racecards/2026-09-17/dunstall-park/racecard/516668
2026-09-17,Dunstall Park,15:26,1,Ivy Hill Archie,516669,Sporting Life,https://www.sportinglife.com/greyhounds/racecards/2026-09-17/dunstall-park/racecard/516669
2026-09-17,Dunstall Park,15:26,2,Mercia Artemis,516669,Sporting Life,https://www.sportinglife.com/greyhounds/racecards/2026-09-17/dunstall-park/racecard/516669
2026-09-17,Dunstall Park,15:26,3,Eagles Ebz,516669,Sporting Life,https://www.sportinglife.com/greyhounds/racecards/2026-09-17/dunstall-park/racecard/516669
2026-09-17,Dunstall Park,15:26,4,Small Parcel,516669,Sporting Life,https://www.sportinglife.com/greyhounds/racecards/2026-09-17/dunstall-park/racecard/516669
2026-09-17,Dunstall Park,15:26,5,Mohican Bale,516669,Sporting Life,https://www.sportinglife.com/greyhounds/racecards/2026-09-17/dunstall-park/racecard/516669
2026-09-17,Dunstall Park,15:26,6,Swift Zaria,516669,Sporting Life,https://www.sportinglife.com/greyhounds/racecards/2026-09-17/dunstall-park/racecard/516669
2026-09-17,Dunstall Park,15:44,1,Slippy Alan,516670,Sporting Life,https://www.sportinglife.com/greyhounds/racecards/2026-09-17/dunstall-park/racecard/516670
2026-09-17,Dunstall Park,15:44,2,Scarsdale Sue,516670,Sporting Life,https://www.sportinglife.com/greyhounds/racecards/2026-09-17/dunstall-park/racecard/516670
2026-09-17,Dunstall Park,15:44,3,Aldean Spice,516670,Sporting Life,https://www.sportinglife.com/greyhounds/racecards/2026-09-17/dunstall-park/racecard/516670
2026-09-17,Dunstall Park,15:44,4,On The Razl,516670,Sporting Life,https://www.sportinglife.com/greyhounds/racecards/2026-09-17/dunstall-park/racecard/516670
2026-09-17,Dunstall Park,15:44,5,Rockmount Junior,516670,Sporting Life,https://www.sportinglife.com/greyhounds/racecards/2026-09-17/dunstall-park/racecard/516670
2026-09-17,Dunstall Park,15:44,6,Knock Voodoo,516670,Sporting Life,https://www.sportinglife.com/greyhounds/racecards/2026-09-17/dunstall-park/racecard/516670
2026-09-17,Dunstall Park,16:03,1,Crokers Delight,516671,Sporting Life,https://www.sportinglife.com/greyhounds/racecards/2026-09-17/dunstall-park/racecard/516671
2026-09-17,Dunstall Park,16:03,2,Bannan Dubhg,516671,Sporting Life,https://www.sportinglife.com/greyhounds/racecards/2026-09-17/dunstall-park/racecard/516671
2026-09-17,Dunstall Park,16:03,3,Klassical Model,516671,Sporting Life,https://www.sportinglife.com/greyhounds/racecards/2026-09-17/dunstall-park/racecard/516671
2026-09-17,Dunstall Park,16:03,4,Chiti Khabootri,516671,Sporting Life,https://www.sportinglife.com/greyhounds/racecards/2026-09-17/dunstall-park/racecard/516671
2026-09-17,Dunstall Park,16:03,5,Mainoos Girl,516671,Sporting Life,https://www.sportinglife.com/greyhounds/racecards/2026-09-17/dunstall-park/racecard/516671
2026-09-17,Dunstall Park,16:03,6,Society Paddy,516671,Sporting Life,https://www.sportinglife.com/greyhounds/racecards/2026-09-17/dunstall-park/racecard/516671
2026-09-17,Dunstall Park,16:22,1,Detroit Sonny,516672,Sporting Life,https://www.sportinglife.com/greyhounds/racecards/2026-09-17/dunstall-park/racecard/516672
2026-09-17,Dunstall Park,16:22,2,Saint Arion,516672,Sporting Life,https://www.sportinglife.com/greyhounds/racecards/2026-09-17/dunstall-park/racecard/516672
2026-09-17,Dunstall Park,16:22,3,Whoops Larry,516672,Sporting Life,https://www.sportinglife.com/greyhounds/racecards/2026-09-17/dunstall-park/racecard/516672
2026-09-17,Dunstall Park,16:22,4,Southwind Ned,516672,Sporting Life,https://www.sportinglife.com/greyhounds/racecards/2026-09-17/dunstall-park/racecard/516672
2026-09-17,Dunstall Park,16:22,5,Bullseye Bob,516672,Sporting Life,https://www.sportinglife.com/greyhounds/racecards/2026-09-17/dunstall-park/racecard/516672
2026-09-17,Dunstall Park,16:22,6,Dapper Chunky,516672,Sporting Life,https://www.sportinglife.com/greyhounds/racecards/2026-09-17/dunstall-park/racecard/516672
2026-09-17,Dunstall Park,16:41,1,Limekiln Pam,516673,Sporting Life,https://www.sportinglife.com/greyhounds/racecards/2026-09-17/dunstall-park/racecard/516673
2026-09-17,Dunstall Park,16:41,2,Roanna Dizzy,516673,Sporting Life,https://www.sportinglife.com/greyhounds/racecards/2026-09-17/dunstall-park/racecard/516673
2026-09-17,Dunstall Park,16:41,3,Firecrackerheidi,516673,Sporting Life,https://www.sportinglife.com/greyhounds/racecards/2026-09-17/dunstall-park/racecard/516673
2026-09-17,Dunstall Park,16:41,4,Lemon Yoli,516673,Sporting Life,https://www.sportinglife.com/greyhounds/racecards/2026-09-17/dunstall-park/racecard/516673
2026-09-17,Dunstall Park,16:41,5,Keplar Danzig,516673,Sporting Life,https://www.sportinglife.com/greyhounds/racecards/2026-09-17/dunstall-park/racecard/516673
2026-09-17,Dunstall Park,16:41,6,Bluntys Blue Eye,516673,Sporting Life,https://www.sportinglife.com/greyhounds/racecards/2026-09-17/dunstall-park/racecard/516673
2026-09-17,Dunstall Park,16:59,1,Southfield Ace,516674,Sporting Life,https://www.sportinglife.com/greyhounds/racecards/2026-09-17/dunstall-park/racecard/516674
2026-09-17,Dunstall Park,16:59,2,Bensons Boone,516674,Sporting Life,https://www.sportinglife.com/greyhounds/racecards/2026-09-17/dunstall-park/racecard/516674
2026-09-17,Dunstall Park,16:59,3,Al Be Chloe,516674,Sporting Life,https://www.sportinglife.com/greyhounds/racecards/2026-09-17/dunstall-park/racecard/516674
2026-09-17,Dunstall Park,16:59,4,Woolleys Wonder,516674,Sporting Life,https://www.sportinglife.com/greyhounds/racecards/2026-09-17/dunstall-park/racecard/516674
2026-09-17,Dunstall Park,16:59,5,Lynnia Cymru,516674,Sporting Life,https://www.sportinglife.com/greyhounds/racecards/2026-09-17/dunstall-park/racecard/516674
2026-09-17,Dunstall Park,16:59,6,Elsies Aoife,516674,Sporting Life,https://www.sportinglife.com/greyhounds/racecards/2026-09-17/dunstall-park/racecard/516674
2026-09-17,Dunstall Park,17:18,1,Transfusion,516675,Sporting Life,https://www.sportinglife.com/greyhounds/racecards/2026-09-17/dunstall-park/racecard/516675
2026-09-17,Dunstall Park,17:18,2,Da Rocky,516675,Sporting Life,https://www.sportinglife.com/greyhounds/racecards/2026-09-17/dunstall-park/racecard/516675
2026-09-17,Dunstall Park,17:18,3,Yahoo Gavin,516675,Sporting Life,https://www.sportinglife.com/greyhounds/racecards/2026-09-17/dunstall-park/racecard/516675
2026-09-17,Dunstall Park,17:18,4,Groveshill Boss,516675,Sporting Life,https://www.sportinglife.com/greyhounds/racecards/2026-09-17/dunstall-park/racecard/516675
2026-09-17,Dunstall Park,17:18,5,Pennys Edge,516675,Sporting Life,https://www.sportinglife.com/greyhounds/racecards/2026-09-17/dunstall-park/racecard/516675
2026-09-17,Dunstall Park,17:18,6,Skinnylittlemiss,516675,Sporting Life,https://www.sportinglife.com/greyhounds/racecards/2026-09-17/dunstall-park/racecard/516675
2026-09-17,Dunstall Park,17:37,1,Shortwood Design,516676,Sporting Life,https://www.sportinglife.com/greyhounds/racecards/2026-09-17/dunstall-park/racecard/516676
2026-09-17,Dunstall Park,17:37,2,Brosna Height,516676,Sporting Life,https://www.sportinglife.com/greyhounds/racecards/2026-09-17/dunstall-park/racecard/516676
2026-09-17,Dunstall Park,17:37,3,Ballymac Shelly,516676,Sporting Life,https://www.sportinglife.com/greyhounds/racecards/2026-09-17/dunstall-park/racecard/516676
2026-09-17,Dunstall Park,17:37,4,Popstar Rose,516676,Sporting Life,https://www.sportinglife.com/greyhounds/racecards/2026-09-17/dunstall-park/racecard/516676
2026-09-17,Dunstall Park,17:37,5,Heatseeker,516676,Sporting Life,https://www.sportinglife.com/greyhounds/racecards/2026-09-17/dunstall-park/racecard/516676
2026-09-17,Dunstall Park,17:37,6,Moulton Mickey,516676,Sporting Life,https://www.sportinglife.com/greyhounds/racecards/2026-09-17/dunstall-park/racecard/516676
2026-09-17,Dunstall Park,17:56,1,Crokers Eimear,516677,Sporting Life,https://www.sportinglife.com/greyhounds/racecards/2026-09-17/dunstall-park/racecard/516677
2026-09-17,Dunstall Park,17:56,2,Blazeaway Jorge,516677,Sporting Life,https://www.sportinglife.com/greyhounds/racecards/2026-09-17/dunstall-park/racecard/516677
2026-09-17,Dunstall Park,17:56,3,Blazeaway Drip,516677,Sporting Life,https://www.sportinglife.com/greyhounds/racecards/2026-09-17/dunstall-park/racecard/516677
2026-09-17,Dunstall Park,17:56,4,Scarborough Lucy,516677,Sporting Life,https://www.sportinglife.com/greyhounds/racecards/2026-09-17/dunstall-park/racecard/516677
2026-09-17,Dunstall Park,17:56,5,False Warrior,516677,Sporting Life,https://www.sportinglife.com/greyhounds/racecards/2026-09-17/dunstall-park/racecard/516677
2026-09-17,Dunstall Park,17:56,6,Shockwave Salina,516677,Sporting Life,https://www.sportinglife.com/greyhounds/racecards/2026-09-17/dunstall-park/racecard/516677
2026-09-17,Hove,18:08,1,Candolim Tornado,516630,Sporting Life,https://www.sportinglife.com/greyhounds/racecards/2026-09-17/hove/racecard/516630
2026-09-17,Hove,18:08,2,Mertonaby Gigi,516630,Sporting Life,https://www.sportinglife.com/greyhounds/racecards/2026-09-17/hove/racecard/516630
2026-09-17,Hove,18:08,4,Clonkeen Jim,516630,Sporting Life,https://www.sportinglife.com/greyhounds/racecards/2026-09-17/hove/racecard/516630
2026-09-17,Hove,18:08,5,Bu Han Tag,516630,Sporting Life,https://www.sportinglife.com/greyhounds/racecards/2026-09-17/hove/racecard/516630
2026-09-17,Hove,18:08,6,Tell On Olivia,516630,Sporting Life,https://www.sportinglife.com/greyhounds/racecards/2026-09-17/hove/racecard/516630
2026-09-17,Hove,18:26,1,Antigua Luigi,516631,Sporting Life,https://www.sportinglife.com/greyhounds/racecards/2026-09-17/hove/racecard/516631
2026-09-17,Hove,18:26,3,Glideaway Joey,516631,Sporting Life,https://www.sportinglife.com/greyhounds/racecards/2026-09-17/hove/racecard/516631
2026-09-17,Hove,18:26,4,Broncos Bullet,516631,Sporting Life,https://www.sportinglife.com/greyhounds/racecards/2026-09-17/hove/racecard/516631
2026-09-17,Hove,18:26,5,Seomra Hachi,516631,Sporting Life,https://www.sportinglife.com/greyhounds/racecards/2026-09-17/hove/racecard/516631
2026-09-17,Hove,18:26,6,Westwood Jet,516631,Sporting Life,https://www.sportinglife.com/greyhounds/racecards/2026-09-17/hove/racecard/516631
2026-09-17,Hove,18:42,1,Pawsome Bullet,516632,Sporting Life,https://www.sportinglife.com/greyhounds/racecards/2026-09-17/hove/racecard/516632
2026-09-17,Hove,18:42,2,Carrigoon Milo,516632,Sporting Life,https://www.sportinglife.com/greyhounds/racecards/2026-09-17/hove/racecard/516632
2026-09-17,Hove,18:42,3,Burrows Titan,516632,Sporting Life,https://www.sportinglife.com/greyhounds/racecards/2026-09-17/hove/racecard/516632
2026-09-17,Hove,18:42,4,Broadway Lord,516632,Sporting Life,https://www.sportinglife.com/greyhounds/racecards/2026-09-17/hove/racecard/516632
2026-09-17,Hove,18:42,5,Burrows Fizz,516632,Sporting Life,https://www.sportinglife.com/greyhounds/racecards/2026-09-17/hove/racecard/516632
2026-09-17,Hove,18:59,1,Clairekeith Mary,516633,Sporting Life,https://www.sportinglife.com/greyhounds/racecards/2026-09-17/hove/racecard/516633
2026-09-17,Hove,18:59,2,Break Point,516633,Sporting Life,https://www.sportinglife.com/greyhounds/racecards/2026-09-17/hove/racecard/516633
2026-09-17,Hove,18:59,3,Streets Of Bono,516633,Sporting Life,https://www.sportinglife.com/greyhounds/racecards/2026-09-17/hove/racecard/516633
2026-09-17,Hove,18:59,4,Burrows Dilemma,516633,Sporting Life,https://www.sportinglife.com/greyhounds/racecards/2026-09-17/hove/racecard/516633
2026-09-17,Hove,18:59,5,Rory The Arb,516633,Sporting Life,https://www.sportinglife.com/greyhounds/racecards/2026-09-17/hove/racecard/516633
2026-09-17,Hove,19:16,1,Letter Eileen,516634,Sporting Life,https://www.sportinglife.com/greyhounds/racecards/2026-09-17/hove/racecard/516634
2026-09-17,Hove,19:16,2,Shes One Eighty,516634,Sporting Life,https://www.sportinglife.com/greyhounds/racecards/2026-09-17/hove/racecard/516634
2026-09-17,Hove,19:16,3,Vahbelle,516634,Sporting Life,https://www.sportinglife.com/greyhounds/racecards/2026-09-17/hove/racecard/516634
2026-09-17,Hove,19:16,4,Copney Queen,516634,Sporting Life,https://www.sportinglife.com/greyhounds/racecards/2026-09-17/hove/racecard/516634
2026-09-17,Hove,19:16,6,Noelles Glenlo,516634,Sporting Life,https://www.sportinglife.com/greyhounds/racecards/2026-09-17/hove/racecard/516634
2026-09-17,Hove,19:33,1,Bella Bullet,516635,Sporting Life,https://www.sportinglife.com/greyhounds/racecards/2026-09-17/hove/racecard/516635
2026-09-17,Hove,19:33,2,Dark Madam,516635,Sporting Life,https://www.sportinglife.com/greyhounds/racecards/2026-09-17/hove/racecard/516635
2026-09-17,Hove,19:33,3,Rebel California,516635,Sporting Life,https://www.sportinglife.com/greyhounds/racecards/2026-09-17/hove/racecard/516635
2026-09-17,Hove,19:33,5,Coloured Magic,516635,Sporting Life,https://www.sportinglife.com/greyhounds/racecards/2026-09-17/hove/racecard/516635
2026-09-17,Hove,19:33,6,Ballymac Kinga,516635,Sporting Life,https://www.sportinglife.com/greyhounds/racecards/2026-09-17/hove/racecard/516635
2026-09-17,Hove,19:49,1,Coppeen Cert,516636,Sporting Life,https://www.sportinglife.com/greyhounds/racecards/2026-09-17/hove/racecard/516636
2026-09-17,Hove,19:49,2,Westwood Bill,516636,Sporting Life,https://www.sportinglife.com/greyhounds/racecards/2026-09-17/hove/racecard/516636
2026-09-17,Hove,19:49,3,Media Mogul,516636,Sporting Life,https://www.sportinglife.com/greyhounds/racecards/2026-09-17/hove/racecard/516636
2026-09-17,Hove,19:49,4,Limestone Fizz,516636,Sporting Life,https://www.sportinglife.com/greyhounds/racecards/2026-09-17/hove/racecard/516636
2026-09-17,Hove,19:49,6,Droopys Invasion,516636,Sporting Life,https://www.sportinglife.com/greyhounds/racecards/2026-09-17/hove/racecard/516636
2026-09-17,Hove,20:07,1,Sussex Villan,516637,Sporting Life,https://www.sportinglife.com/greyhounds/racecards/2026-09-17/hove/racecard/516637
2026-09-17,Hove,20:07,2,Faypoint Harlow,516637,Sporting Life,https://www.sportinglife.com/greyhounds/racecards/2026-09-17/hove/racecard/516637
2026-09-17,Hove,20:07,3,Clairkeith Candy,516637,Sporting Life,https://www.sportinglife.com/greyhounds/racecards/2026-09-17/hove/racecard/516637
2026-09-17,Hove,20:07,4,Chain Of Hope,516637,Sporting Life,https://www.sportinglife.com/greyhounds/racecards/2026-09-17/hove/racecard/516637
2026-09-17,Hove,20:07,5,Minstrels Five,516637,Sporting Life,https://www.sportinglife.com/greyhounds/racecards/2026-09-17/hove/racecard/516637
2026-09-17,Hove,20:07,6,Vegan Warrior,516637,Sporting Life,https://www.sportinglife.com/greyhounds/racecards/2026-09-17/hove/racecard/516637
2026-09-17,Hove,20:24,1,Underground Arlo,516638,Sporting Life,https://www.sportinglife.com/greyhounds/racecards/2026-09-17/hove/racecard/516638
2026-09-17,Hove,20:24,2,Jimmyjimmyjimmy,516638,Sporting Life,https://www.sportinglife.com/greyhounds/racecards/2026-09-17/hove/racecard/516638
2026-09-17,Hove,20:24,3,Jackpot Blue,516638,Sporting Life,https://www.sportinglife.com/greyhounds/racecards/2026-09-17/hove/racecard/516638
2026-09-17,Hove,20:24,5,Droopys Deploy,516638,Sporting Life,https://www.sportinglife.com/greyhounds/racecards/2026-09-17/hove/racecard/516638
2026-09-17,Hove,20:24,6,Bowmers Wildcat,516638,Sporting Life,https://www.sportinglife.com/greyhounds/racecards/2026-09-17/hove/racecard/516638
2026-09-17,Hove,20:41,1,Burrows Charm,516639,Sporting Life,https://www.sportinglife.com/greyhounds/racecards/2026-09-17/hove/racecard/516639
2026-09-17,Hove,20:41,2,Droopys Invent,516639,Sporting Life,https://www.sportinglife.com/greyhounds/racecards/2026-09-17/hove/racecard/516639
2026-09-17,Hove,20:41,3,Smokestack Saxon,516639,Sporting Life,https://www.sportinglife.com/greyhounds/racecards/2026-09-17/hove/racecard/516639
2026-09-17,Hove,20:41,4,Bluey Bullet,516639,Sporting Life,https://www.sportinglife.com/greyhounds/racecards/2026-09-17/hove/racecard/516639
2026-09-17,Hove,20:41,5,Fastlane Blu,516639,Sporting Life,https://www.sportinglife.com/greyhounds/racecards/2026-09-17/hove/racecard/516639
2026-09-17,Hove,20:41,6,Alright Arthur,516639,Sporting Life,https://www.sportinglife.com/greyhounds/racecards/2026-09-17/hove/racecard/516639
2026-09-17,Hove,20:59,1,Minstrels Six,516640,Sporting Life,https://www.sportinglife.com/greyhounds/racecards/2026-09-17/hove/racecard/516640
2026-09-17,Hove,20:59,2,Swift Jarvis,516640,Sporting Life,https://www.sportinglife.com/greyhounds/racecards/2026-09-17/hove/racecard/516640
2026-09-17,Hove,20:59,3,Newinn Ginger,516640,Sporting Life,https://www.sportinglife.com/greyhounds/racecards/2026-09-17/hove/racecard/516640
2026-09-17,Hove,20:59,4,Candolim Typhoon,516640,Sporting Life,https://www.sportinglife.com/greyhounds/racecards/2026-09-17/hove/racecard/516640
2026-09-17,Hove,20:59,5,Art Riddler,516640,Sporting Life,https://www.sportinglife.com/greyhounds/racecards/2026-09-17/hove/racecard/516640
2026-09-17,Hove,21:16,1,Zenith Aslan,516641,Sporting Life,https://www.sportinglife.com/greyhounds/racecards/2026-09-17/hove/racecard/516641
2026-09-17,Hove,21:16,2,Beachy Bullet,516641,Sporting Life,https://www.sportinglife.com/greyhounds/racecards/2026-09-17/hove/racecard/516641
2026-09-17,Hove,21:16,3,Droopys Crafty,516641,Sporting Life,https://www.sportinglife.com/greyhounds/racecards/2026-09-17/hove/racecard/516641
2026-09-17,Hove,21:16,4,Droopys Prospect,516641,Sporting Life,https://www.sportinglife.com/greyhounds/racecards/2026-09-17/hove/racecard/516641
2026-09-17,Hove,21:16,6,Burrows Aries,516641,Sporting Life,https://www.sportinglife.com/greyhounds/racecards/2026-09-17/hove/racecard/516641
2026-09-17,Kinsley,11:14,1,Velardi,516582,Sporting Life,https://www.sportinglife.com/greyhounds/racecards/2026-09-17/kinsley/racecard/516582
2026-09-17,Kinsley,11:14,3,Southwind Twirl,516582,Sporting Life,https://www.sportinglife.com/greyhounds/racecards/2026-09-17/kinsley/racecard/516582
2026-09-17,Kinsley,11:14,4,Mineola Topman,516582,Sporting Life,https://www.sportinglife.com/greyhounds/racecards/2026-09-17/kinsley/racecard/516582
2026-09-17,Kinsley,11:14,5,Swift Qay,516582,Sporting Life,https://www.sportinglife.com/greyhounds/racecards/2026-09-17/kinsley/racecard/516582
2026-09-17,Kinsley,11:14,6,Hazelgrove Pearl,516582,Sporting Life,https://www.sportinglife.com/greyhounds/racecards/2026-09-17/kinsley/racecard/516582
2026-09-17,Kinsley,11:30,1,Tommys Nifty,516583,Sporting Life,https://www.sportinglife.com/greyhounds/racecards/2026-09-17/kinsley/racecard/516583
2026-09-17,Kinsley,11:30,2,Grumpy Sandstorm,516583,Sporting Life,https://www.sportinglife.com/greyhounds/racecards/2026-09-17/kinsley/racecard/516583
2026-09-17,Kinsley,11:30,3,Deecee Smile,516583,Sporting Life,https://www.sportinglife.com/greyhounds/racecards/2026-09-17/kinsley/racecard/516583
2026-09-17,Kinsley,11:30,4,Golan Zara,516583,Sporting Life,https://www.sportinglife.com/greyhounds/racecards/2026-09-17/kinsley/racecard/516583
2026-09-17,Kinsley,11:30,5,Deelish Lucy,516583,Sporting Life,https://www.sportinglife.com/greyhounds/racecards/2026-09-17/kinsley/racecard/516583
2026-09-17,Kinsley,11:30,6,Swift Paulina,516583,Sporting Life,https://www.sportinglife.com/greyhounds/racecards/2026-09-17/kinsley/racecard/516583
2026-09-17,Kinsley,11:46,1,Crystal Camila,516584,Sporting Life,https://www.sportinglife.com/greyhounds/racecards/2026-09-17/kinsley/racecard/516584
2026-09-17,Kinsley,11:46,2,Norristown Hydro,516584,Sporting Life,https://www.sportinglife.com/greyhounds/racecards/2026-09-17/kinsley/racecard/516584
2026-09-17,Kinsley,11:46,3,Castlerock Cash,516584,Sporting Life,https://www.sportinglife.com/greyhounds/racecards/2026-09-17/kinsley/racecard/516584
2026-09-17,Kinsley,11:46,4,Grumpy Walter,516584,Sporting Life,https://www.sportinglife.com/greyhounds/racecards/2026-09-17/kinsley/racecard/516584
2026-09-17,Kinsley,11:46,6,Step The Beat,516584,Sporting Life,https://www.sportinglife.com/greyhounds/racecards/2026-09-17/kinsley/racecard/516584
2026-09-17,Kinsley,12:03,1,Scuba Stevie,516585,Sporting Life,https://www.sportinglife.com/greyhounds/racecards/2026-09-17/kinsley/racecard/516585
2026-09-17,Kinsley,12:03,2,Grumpy Florence,516585,Sporting Life,https://www.sportinglife.com/greyhounds/racecards/2026-09-17/kinsley/racecard/516585
2026-09-17,Kinsley,12:03,3,Mid Tipp Sophie,516585,Sporting Life,https://www.sportinglife.com/greyhounds/racecards/2026-09-17/kinsley/racecard/516585
2026-09-17,Kinsley,12:03,4,Clongeen General,516585,Sporting Life,https://www.sportinglife.com/greyhounds/racecards/2026-09-17/kinsley/racecard/516585
2026-09-17,Kinsley,12:03,5,Ramblin Frosty,516585,Sporting Life,https://www.sportinglife.com/greyhounds/racecards/2026-09-17/kinsley/racecard/516585
2026-09-17,Kinsley,12:03,6,Speedy Killeavy,516585,Sporting Life,https://www.sportinglife.com/greyhounds/racecards/2026-09-17/kinsley/racecard/516585
2026-09-17,Kinsley,12:20,1,Polar Express,516586,Sporting Life,https://www.sportinglife.com/greyhounds/racecards/2026-09-17/kinsley/racecard/516586
2026-09-17,Kinsley,12:20,3,Russian Doctor,516586,Sporting Life,https://www.sportinglife.com/greyhounds/racecards/2026-09-17/kinsley/racecard/516586
2026-09-17,Kinsley,12:20,4,Swift Often,516586,Sporting Life,https://www.sportinglife.com/greyhounds/racecards/2026-09-17/kinsley/racecard/516586
2026-09-17,Kinsley,12:20,5,Twisted Logic,516586,Sporting Life,https://www.sportinglife.com/greyhounds/racecards/2026-09-17/kinsley/racecard/516586
2026-09-17,Kinsley,12:20,6,Swift Hooley,516586,Sporting Life,https://www.sportinglife.com/greyhounds/racecards/2026-09-17/kinsley/racecard/516586
2026-09-17,Kinsley,12:37,1,Monadreen Joy,516587,Sporting Life,https://www.sportinglife.com/greyhounds/racecards/2026-09-17/kinsley/racecard/516587
2026-09-17,Kinsley,12:37,2,Crystal Ray,516587,Sporting Life,https://www.sportinglife.com/greyhounds/racecards/2026-09-17/kinsley/racecard/516587
2026-09-17,Kinsley,12:37,3,How Ya Fixed,516587,Sporting Life,https://www.sportinglife.com/greyhounds/racecards/2026-09-17/kinsley/racecard/516587
2026-09-17,Kinsley,12:37,4,Zebedee Vienna,516587,Sporting Life,https://www.sportinglife.com/greyhounds/racecards/2026-09-17/kinsley/racecard/516587
2026-09-17,Kinsley,12:37,5,Grumpy Edith,516587,Sporting Life,https://www.sportinglife.com/greyhounds/racecards/2026-09-17/kinsley/racecard/516587
2026-09-17,Kinsley,12:37,6,Droopys Odran,516587,Sporting Life,https://www.sportinglife.com/greyhounds/racecards/2026-09-17/kinsley/racecard/516587
2026-09-17,Kinsley,12:53,1,Deecee Gracie,516588,Sporting Life,https://www.sportinglife.com/greyhounds/racecards/2026-09-17/kinsley/racecard/516588
2026-09-17,Kinsley,12:53,2,Knotmor Signet,516588,Sporting Life,https://www.sportinglife.com/greyhounds/racecards/2026-09-17/kinsley/racecard/516588
2026-09-17,Kinsley,12:53,3,Grantstown Road,516588,Sporting Life,https://www.sportinglife.com/greyhounds/racecards/2026-09-17/kinsley/racecard/516588
2026-09-17,Kinsley,12:53,4,Ardsallagh Lady,516588,Sporting Life,https://www.sportinglife.com/greyhounds/racecards/2026-09-17/kinsley/racecard/516588
2026-09-17,Kinsley,12:53,6,Raise The Beat,516588,Sporting Life,https://www.sportinglife.com/greyhounds/racecards/2026-09-17/kinsley/racecard/516588
2026-09-17,Kinsley,13:11,1,Grumpy Adagio,516589,Sporting Life,https://www.sportinglife.com/greyhounds/racecards/2026-09-17/kinsley/racecard/516589
2026-09-17,Kinsley,13:11,2,Tommys Messi,516589,Sporting Life,https://www.sportinglife.com/greyhounds/racecards/2026-09-17/kinsley/racecard/516589
2026-09-17,Kinsley,13:11,3,Cotswold Milady,516589,Sporting Life,https://www.sportinglife.com/greyhounds/racecards/2026-09-17/kinsley/racecard/516589
2026-09-17,Kinsley,13:11,4,Hazelgrove Pixie,516589,Sporting Life,https://www.sportinglife.com/greyhounds/racecards/2026-09-17/kinsley/racecard/516589
2026-09-17,Kinsley,13:11,5,Glenvale Dave,516589,Sporting Life,https://www.sportinglife.com/greyhounds/racecards/2026-09-17/kinsley/racecard/516589
2026-09-17,Kinsley,13:26,1,Crystal Jade,516590,Sporting Life,https://www.sportinglife.com/greyhounds/racecards/2026-09-17/kinsley/racecard/516590
2026-09-17,Kinsley,13:26,2,Treamanagh Star,516590,Sporting Life,https://www.sportinglife.com/greyhounds/racecards/2026-09-17/kinsley/racecard/516590
2026-09-17,Kinsley,13:26,3,Cashout Kitty,516590,Sporting Life,https://www.sportinglife.com/greyhounds/racecards/2026-09-17/kinsley/racecard/516590
2026-09-17,Kinsley,13:26,5,Coola Vega,516590,Sporting Life,https://www.sportinglife.com/greyhounds/racecards/2026-09-17/kinsley/racecard/516590
2026-09-17,Kinsley,13:26,6,Polyphenols,516590,Sporting Life,https://www.sportinglife.com/greyhounds/racecards/2026-09-17/kinsley/racecard/516590
2026-09-17,Kinsley,13:41,2,Thats So True,516591,Sporting Life,https://www.sportinglife.com/greyhounds/racecards/2026-09-17/kinsley/racecard/516591
2026-09-17,Kinsley,13:41,3,Dashgrove Shadow,516591,Sporting Life,https://www.sportinglife.com/greyhounds/racecards/2026-09-17/kinsley/racecard/516591
2026-09-17,Kinsley,13:41,4,Costly Chips,516591,Sporting Life,https://www.sportinglife.com/greyhounds/racecards/2026-09-17/kinsley/racecard/516591
2026-09-17,Kinsley,13:41,5,Tickets Katie,516591,Sporting Life,https://www.sportinglife.com/greyhounds/racecards/2026-09-17/kinsley/racecard/516591
2026-09-17,Kinsley,13:41,6,Crystal Dakota,516591,Sporting Life,https://www.sportinglife.com/greyhounds/racecards/2026-09-17/kinsley/racecard/516591
2026-09-17,Kinsley,13:58,1,Treanmanagh Ruby,516592,Sporting Life,https://www.sportinglife.com/greyhounds/racecards/2026-09-17/kinsley/racecard/516592
2026-09-17,Kinsley,13:58,2,Scorching Desert,516592,Sporting Life,https://www.sportinglife.com/greyhounds/racecards/2026-09-17/kinsley/racecard/516592
2026-09-17,Kinsley,13:58,3,Letter Flash,516592,Sporting Life,https://www.sportinglife.com/greyhounds/racecards/2026-09-17/kinsley/racecard/516592
2026-09-17,Kinsley,13:58,4,Deacon Hope,516592,Sporting Life,https://www.sportinglife.com/greyhounds/racecards/2026-09-17/kinsley/racecard/516592
2026-09-17,Kinsley,13:58,5,Swift Perry,516592,Sporting Life,https://www.sportinglife.com/greyhounds/racecards/2026-09-17/kinsley/racecard/516592
2026-09-17,Kinsley,13:58,6,Cactus Closedown,516592,Sporting Life,https://www.sportinglife.com/greyhounds/racecards/2026-09-17/kinsley/racecard/516592
2026-09-17,Kinsley,14:14,2,Eagles Magic,516593,Sporting Life,https://www.sportinglife.com/greyhounds/racecards/2026-09-17/kinsley/racecard/516593
2026-09-17,Kinsley,14:14,3,Mingdrum Focus,516593,Sporting Life,https://www.sportinglife.com/greyhounds/racecards/2026-09-17/kinsley/racecard/516593
2026-09-17,Kinsley,14:14,4,Canya Moll,516593,Sporting Life,https://www.sportinglife.com/greyhounds/racecards/2026-09-17/kinsley/racecard/516593
2026-09-17,Kinsley,14:14,5,Sporting Buchan,516593,Sporting Life,https://www.sportinglife.com/greyhounds/racecards/2026-09-17/kinsley/racecard/516593
2026-09-17,Kinsley,14:14,6,Fleetwood Robbie,516593,Sporting Life,https://www.sportinglife.com/greyhounds/racecards/2026-09-17/kinsley/racecard/516593
2026-09-17,Monmore,18:14,1,Rushmoor Erney,516594,Sporting Life,https://www.sportinglife.com/greyhounds/racecards/2026-09-17/monmore/racecard/516594
2026-09-17,Monmore,18:14,2,Good Luna,516594,Sporting Life,https://www.sportinglife.com/greyhounds/racecards/2026-09-17/monmore/racecard/516594
2026-09-17,Monmore,18:14,3,Painters Money,516594,Sporting Life,https://www.sportinglife.com/greyhounds/racecards/2026-09-17/monmore/racecard/516594
2026-09-17,Monmore,18:14,4,Aero Vigil,516594,Sporting Life,https://www.sportinglife.com/greyhounds/racecards/2026-09-17/monmore/racecard/516594
2026-09-17,Monmore,18:14,5,Bloos Bro Bugsy,516594,Sporting Life,https://www.sportinglife.com/greyhounds/racecards/2026-09-17/monmore/racecard/516594
2026-09-17,Monmore,18:14,6,Pennys Snow,516594,Sporting Life,https://www.sportinglife.com/greyhounds/racecards/2026-09-17/monmore/racecard/516594
2026-09-17,Monmore,18:31,1,Freedom Spirit,516595,Sporting Life,https://www.sportinglife.com/greyhounds/racecards/2026-09-17/monmore/racecard/516595
2026-09-17,Monmore,18:31,2,Catunda Apollo,516595,Sporting Life,https://www.sportinglife.com/greyhounds/racecards/2026-09-17/monmore/racecard/516595
2026-09-17,Monmore,18:31,3,Aero Evie,516595,Sporting Life,https://www.sportinglife.com/greyhounds/racecards/2026-09-17/monmore/racecard/516595
2026-09-17,Monmore,18:31,4,Aero Biscuit,516595,Sporting Life,https://www.sportinglife.com/greyhounds/racecards/2026-09-17/monmore/racecard/516595
2026-09-17,Monmore,18:31,5,Yama Queen,516595,Sporting Life,https://www.sportinglife.com/greyhounds/racecards/2026-09-17/monmore/racecard/516595
2026-09-17,Monmore,18:31,6,Mucky Danno,516595,Sporting Life,https://www.sportinglife.com/greyhounds/racecards/2026-09-17/monmore/racecard/516595
2026-09-17,Monmore,18:48,1,Goldstar Michael,516596,Sporting Life,https://www.sportinglife.com/greyhounds/racecards/2026-09-17/monmore/racecard/516596
2026-09-17,Monmore,18:48,2,Zenith Scorpion,516596,Sporting Life,https://www.sportinglife.com/greyhounds/racecards/2026-09-17/monmore/racecard/516596
2026-09-17,Monmore,18:48,3,Tromora Force,516596,Sporting Life,https://www.sportinglife.com/greyhounds/racecards/2026-09-17/monmore/racecard/516596
2026-09-17,Monmore,18:48,4,Wilma Rudolph,516596,Sporting Life,https://www.sportinglife.com/greyhounds/racecards/2026-09-17/monmore/racecard/516596
2026-09-17,Monmore,18:48,5,Good Maverick,516596,Sporting Life,https://www.sportinglife.com/greyhounds/racecards/2026-09-17/monmore/racecard/516596
2026-09-17,Monmore,18:48,6,Whisky Hunter,516596,Sporting Life,https://www.sportinglife.com/greyhounds/racecards/2026-09-17/monmore/racecard/516596
2026-09-17,Monmore,19:06,1,Hawkfield Bionic,516597,Sporting Life,https://www.sportinglife.com/greyhounds/racecards/2026-09-17/monmore/racecard/516597
2026-09-17,Monmore,19:06,2,Aero Annoy,516597,Sporting Life,https://www.sportinglife.com/greyhounds/racecards/2026-09-17/monmore/racecard/516597
2026-09-17,Monmore,19:06,3,Final Episode,516597,Sporting Life,https://www.sportinglife.com/greyhounds/racecards/2026-09-17/monmore/racecard/516597
2026-09-17,Monmore,19:06,4,Tromora Five,516597,Sporting Life,https://www.sportinglife.com/greyhounds/racecards/2026-09-17/monmore/racecard/516597
2026-09-17,Monmore,19:06,6,Rushmoor Patsy,516597,Sporting Life,https://www.sportinglife.com/greyhounds/racecards/2026-09-17/monmore/racecard/516597
2026-09-17,Monmore,19:22,1,Anglesey Rebel,516598,Sporting Life,https://www.sportinglife.com/greyhounds/racecards/2026-09-17/monmore/racecard/516598
2026-09-17,Monmore,19:22,2,Aero Molly,516598,Sporting Life,https://www.sportinglife.com/greyhounds/racecards/2026-09-17/monmore/racecard/516598
2026-09-17,Monmore,19:22,3,Rinn Soileir,516598,Sporting Life,https://www.sportinglife.com/greyhounds/racecards/2026-09-17/monmore/racecard/516598
2026-09-17,Monmore,19:22,4,Velvet Neymar,516598,Sporting Life,https://www.sportinglife.com/greyhounds/racecards/2026-09-17/monmore/racecard/516598
2026-09-17,Monmore,19:22,5,Aero Stormrage,516598,Sporting Life,https://www.sportinglife.com/greyhounds/racecards/2026-09-17/monmore/racecard/516598
2026-09-17,Monmore,19:22,6,Cashin Alvin,516598,Sporting Life,https://www.sportinglife.com/greyhounds/racecards/2026-09-17/monmore/racecard/516598
2026-09-17,Monmore,19:39,1,Freyas Fancy,516599,Sporting Life,https://www.sportinglife.com/greyhounds/racecards/2026-09-17/monmore/racecard/516599
2026-09-17,Monmore,19:39,2,Still Moment,516599,Sporting Life,https://www.sportinglife.com/greyhounds/racecards/2026-09-17/monmore/racecard/516599
2026-09-17,Monmore,19:39,3,First Dates,516599,Sporting Life,https://www.sportinglife.com/greyhounds/racecards/2026-09-17/monmore/racecard/516599
2026-09-17,Monmore,19:39,5,Dunquin Brendan,516599,Sporting Life,https://www.sportinglife.com/greyhounds/racecards/2026-09-17/monmore/racecard/516599
2026-09-17,Monmore,19:39,6,Yama Darlin,516599,Sporting Life,https://www.sportinglife.com/greyhounds/racecards/2026-09-17/monmore/racecard/516599
2026-09-17,Monmore,19:56,1,Cazzers Bassey,516600,Sporting Life,https://www.sportinglife.com/greyhounds/racecards/2026-09-17/monmore/racecard/516600
2026-09-17,Monmore,19:56,2,Hackney Pub,516600,Sporting Life,https://www.sportinglife.com/greyhounds/racecards/2026-09-17/monmore/racecard/516600
2026-09-17,Monmore,19:56,3,Yama Witch,516600,Sporting Life,https://www.sportinglife.com/greyhounds/racecards/2026-09-17/monmore/racecard/516600
2026-09-17,Monmore,19:56,4,Aero Mockery,516600,Sporting Life,https://www.sportinglife.com/greyhounds/racecards/2026-09-17/monmore/racecard/516600
2026-09-17,Monmore,19:56,5,Bloos Ladysandra,516600,Sporting Life,https://www.sportinglife.com/greyhounds/racecards/2026-09-17/monmore/racecard/516600
2026-09-17,Monmore,19:56,6,Do Gooder,516600,Sporting Life,https://www.sportinglife.com/greyhounds/racecards/2026-09-17/monmore/racecard/516600
2026-09-17,Monmore,20:13,1,Tommys Target,516601,Sporting Life,https://www.sportinglife.com/greyhounds/racecards/2026-09-17/monmore/racecard/516601
2026-09-17,Monmore,20:13,2,Bogger Rapid,516601,Sporting Life,https://www.sportinglife.com/greyhounds/racecards/2026-09-17/monmore/racecard/516601
2026-09-17,Monmore,20:13,4,Drive On Signet,516601,Sporting Life,https://www.sportinglife.com/greyhounds/racecards/2026-09-17/monmore/racecard/516601
2026-09-17,Monmore,20:13,5,Tullymurry Ned,516601,Sporting Life,https://www.sportinglife.com/greyhounds/racecards/2026-09-17/monmore/racecard/516601
2026-09-17,Monmore,20:13,6,Wanfourtoeknee,516601,Sporting Life,https://www.sportinglife.com/greyhounds/racecards/2026-09-17/monmore/racecard/516601
2026-09-17,Monmore,20:31,1,Jimmy Shoe Shine,516602,Sporting Life,https://www.sportinglife.com/greyhounds/racecards/2026-09-17/monmore/racecard/516602
2026-09-17,Monmore,20:31,2,Swift Fabric,516602,Sporting Life,https://www.sportinglife.com/greyhounds/racecards/2026-09-17/monmore/racecard/516602
2026-09-17,Monmore,20:31,3,Aero Ella,516602,Sporting Life,https://www.sportinglife.com/greyhounds/racecards/2026-09-17/monmore/racecard/516602
2026-09-17,Monmore,20:31,5,Tiree,516602,Sporting Life,https://www.sportinglife.com/greyhounds/racecards/2026-09-17/monmore/racecard/516602
2026-09-17,Monmore,20:31,6,Bang On Hollie,516602,Sporting Life,https://www.sportinglife.com/greyhounds/racecards/2026-09-17/monmore/racecard/516602
2026-09-17,Monmore,20:47,1,Whisky Dream,516603,Sporting Life,https://www.sportinglife.com/greyhounds/racecards/2026-09-17/monmore/racecard/516603
2026-09-17,Monmore,20:47,2,See The Secret,516603,Sporting Life,https://www.sportinglife.com/greyhounds/racecards/2026-09-17/monmore/racecard/516603
2026-09-17,Monmore,20:47,3,Tell Me Nova,516603,Sporting Life,https://www.sportinglife.com/greyhounds/racecards/2026-09-17/monmore/racecard/516603
2026-09-17,Monmore,20:47,4,Thirty Seconds,516603,Sporting Life,https://www.sportinglife.com/greyhounds/racecards/2026-09-17/monmore/racecard/516603
2026-09-17,Monmore,20:47,5,Gulf Breeze,516603,Sporting Life,https://www.sportinglife.com/greyhounds/racecards/2026-09-17/monmore/racecard/516603
2026-09-17,Monmore,20:47,6,Longacres Spider,516603,Sporting Life,https://www.sportinglife.com/greyhounds/racecards/2026-09-17/monmore/racecard/516603
2026-09-17,Monmore,21:04,1,Bridefort Lady,516604,Sporting Life,https://www.sportinglife.com/greyhounds/racecards/2026-09-17/monmore/racecard/516604
2026-09-17,Monmore,21:04,2,Zenith Quincy,516604,Sporting Life,https://www.sportinglife.com/greyhounds/racecards/2026-09-17/monmore/racecard/516604
2026-09-17,Monmore,21:04,3,Swift Swan,516604,Sporting Life,https://www.sportinglife.com/greyhounds/racecards/2026-09-17/monmore/racecard/516604
2026-09-17,Monmore,21:04,5,Ballybough Mikey,516604,Sporting Life,https://www.sportinglife.com/greyhounds/racecards/2026-09-17/monmore/racecard/516604
2026-09-17,Monmore,21:04,6,Ballymac Prada,516604,Sporting Life,https://www.sportinglife.com/greyhounds/racecards/2026-09-17/monmore/racecard/516604
2026-09-17,Monmore,21:23,1,Rallying Cash,516605,Sporting Life,https://www.sportinglife.com/greyhounds/racecards/2026-09-17/monmore/racecard/516605
2026-09-17,Monmore,21:23,2,Battery Jack,516605,Sporting Life,https://www.sportinglife.com/greyhounds/racecards/2026-09-17/monmore/racecard/516605
2026-09-17,Monmore,21:23,3,Tullymurry Rishi,516605,Sporting Life,https://www.sportinglife.com/greyhounds/racecards/2026-09-17/monmore/racecard/516605
2026-09-17,Monmore,21:23,4,Catchem Flawless,516605,Sporting Life,https://www.sportinglife.com/greyhounds/racecards/2026-09-17/monmore/racecard/516605
2026-09-17,Monmore,21:23,5,Getup Me Ava,516605,Sporting Life,https://www.sportinglife.com/greyhounds/racecards/2026-09-17/monmore/racecard/516605
2026-09-17,Newcastle,18:37,1,Mongys Sapphire,516654,Sporting Life,https://www.sportinglife.com/greyhounds/racecards/2026-09-17/newcastle/racecard/516654
2026-09-17,Newcastle,18:37,2,Alnwick News,516654,Sporting Life,https://www.sportinglife.com/greyhounds/racecards/2026-09-17/newcastle/racecard/516654
2026-09-17,Newcastle,18:37,3,Slingshot Lomond,516654,Sporting Life,https://www.sportinglife.com/greyhounds/racecards/2026-09-17/newcastle/racecard/516654
2026-09-17,Newcastle,18:37,4,Modern World,516654,Sporting Life,https://www.sportinglife.com/greyhounds/racecards/2026-09-17/newcastle/racecard/516654
2026-09-17,Newcastle,18:37,5,Canny Orla,516654,Sporting Life,https://www.sportinglife.com/greyhounds/racecards/2026-09-17/newcastle/racecard/516654
2026-09-17,Newcastle,18:37,6,Alnwick Barney,516654,Sporting Life,https://www.sportinglife.com/greyhounds/racecards/2026-09-17/newcastle/racecard/516654
2026-09-17,Newcastle,18:53,1,Never Too Late,516655,Sporting Life,https://www.sportinglife.com/greyhounds/racecards/2026-09-17/newcastle/racecard/516655
2026-09-17,Newcastle,18:53,2,Chips Ahoy,516655,Sporting Life,https://www.sportinglife.com/greyhounds/racecards/2026-09-17/newcastle/racecard/516655
2026-09-17,Newcastle,18:53,3,Chamonix,516655,Sporting Life,https://www.sportinglife.com/greyhounds/racecards/2026-09-17/newcastle/racecard/516655
2026-09-17,Newcastle,18:53,4,Slingshot Nessy,516655,Sporting Life,https://www.sportinglife.com/greyhounds/racecards/2026-09-17/newcastle/racecard/516655
2026-09-17,Newcastle,18:53,5,Footfield Squeak,516655,Sporting Life,https://www.sportinglife.com/greyhounds/racecards/2026-09-17/newcastle/racecard/516655
2026-09-17,Newcastle,18:53,6,Alnwick Haws,516655,Sporting Life,https://www.sportinglife.com/greyhounds/racecards/2026-09-17/newcastle/racecard/516655
2026-09-17,Newcastle,19:11,1,Onlyinthejockey,516656,Sporting Life,https://www.sportinglife.com/greyhounds/racecards/2026-09-17/newcastle/racecard/516656
2026-09-17,Newcastle,19:11,2,Zenith Efendi,516656,Sporting Life,https://www.sportinglife.com/greyhounds/racecards/2026-09-17/newcastle/racecard/516656
2026-09-17,Newcastle,19:11,3,Canny Striker,516656,Sporting Life,https://www.sportinglife.com/greyhounds/racecards/2026-09-17/newcastle/racecard/516656
2026-09-17,Newcastle,19:11,4,Droopys Coach,516656,Sporting Life,https://www.sportinglife.com/greyhounds/racecards/2026-09-17/newcastle/racecard/516656
2026-09-17,Newcastle,19:11,5,Slingshot Leeona,516656,Sporting Life,https://www.sportinglife.com/greyhounds/racecards/2026-09-17/newcastle/racecard/516656
2026-09-17,Newcastle,19:11,6,Withme Withoutme,516656,Sporting Life,https://www.sportinglife.com/greyhounds/racecards/2026-09-17/newcastle/racecard/516656
2026-09-17,Newcastle,19:27,1,Fruity Loxleys,516657,Sporting Life,https://www.sportinglife.com/greyhounds/racecards/2026-09-17/newcastle/racecard/516657
2026-09-17,Newcastle,19:27,2,Demon Hunter,516657,Sporting Life,https://www.sportinglife.com/greyhounds/racecards/2026-09-17/newcastle/racecard/516657
2026-09-17,Newcastle,19:27,3,My Twilight Zone,516657,Sporting Life,https://www.sportinglife.com/greyhounds/racecards/2026-09-17/newcastle/racecard/516657
2026-09-17,Newcastle,19:27,4,Carrabbas,516657,Sporting Life,https://www.sportinglife.com/greyhounds/racecards/2026-09-17/newcastle/racecard/516657
2026-09-17,Newcastle,19:27,5,Slingshot Fyne,516657,Sporting Life,https://www.sportinglife.com/greyhounds/racecards/2026-09-17/newcastle/racecard/516657
2026-09-17,Newcastle,19:27,6,Bloodline,516657,Sporting Life,https://www.sportinglife.com/greyhounds/racecards/2026-09-17/newcastle/racecard/516657
2026-09-17,Newcastle,19:44,1,Ballyhimikin Meg,516658,Sporting Life,https://www.sportinglife.com/greyhounds/racecards/2026-09-17/newcastle/racecard/516658
2026-09-17,Newcastle,19:44,2,Freedom Pro Am,516658,Sporting Life,https://www.sportinglife.com/greyhounds/racecards/2026-09-17/newcastle/racecard/516658
2026-09-17,Newcastle,19:44,3,Crooks On Fire,516658,Sporting Life,https://www.sportinglife.com/greyhounds/racecards/2026-09-17/newcastle/racecard/516658
2026-09-17,Newcastle,19:44,4,Slinky Dog Dash,516658,Sporting Life,https://www.sportinglife.com/greyhounds/racecards/2026-09-17/newcastle/racecard/516658
2026-09-17,Newcastle,19:44,5,Putya Foot Down,516658,Sporting Life,https://www.sportinglife.com/greyhounds/racecards/2026-09-17/newcastle/racecard/516658
2026-09-17,Newcastle,19:44,6,Fardoe Sleek,516658,Sporting Life,https://www.sportinglife.com/greyhounds/racecards/2026-09-17/newcastle/racecard/516658
2026-09-17,Newcastle,20:01,1,Shorten The Tale,516659,Sporting Life,https://www.sportinglife.com/greyhounds/racecards/2026-09-17/newcastle/racecard/516659
2026-09-17,Newcastle,20:01,2,Ngumohaaa,516659,Sporting Life,https://www.sportinglife.com/greyhounds/racecards/2026-09-17/newcastle/racecard/516659
2026-09-17,Newcastle,20:01,3,Amazing Rex,516659,Sporting Life,https://www.sportinglife.com/greyhounds/racecards/2026-09-17/newcastle/racecard/516659
2026-09-17,Newcastle,20:01,4,Alnwick Aurora,516659,Sporting Life,https://www.sportinglife.com/greyhounds/racecards/2026-09-17/newcastle/racecard/516659
2026-09-17,Newcastle,20:01,5,Interest Free,516659,Sporting Life,https://www.sportinglife.com/greyhounds/racecards/2026-09-17/newcastle/racecard/516659
2026-09-17,Newcastle,20:01,6,Inclement Mist,516659,Sporting Life,https://www.sportinglife.com/greyhounds/racecards/2026-09-17/newcastle/racecard/516659
2026-09-17,Newcastle,20:19,1,Blackhousehariet,516660,Sporting Life,https://www.sportinglife.com/greyhounds/racecards/2026-09-17/newcastle/racecard/516660
2026-09-17,Newcastle,20:19,2,Szoboszlai,516660,Sporting Life,https://www.sportinglife.com/greyhounds/racecards/2026-09-17/newcastle/racecard/516660
2026-09-17,Newcastle,20:19,3,Slingshot Forth,516660,Sporting Life,https://www.sportinglife.com/greyhounds/racecards/2026-09-17/newcastle/racecard/516660
2026-09-17,Newcastle,20:19,4,Howay Miley,516660,Sporting Life,https://www.sportinglife.com/greyhounds/racecards/2026-09-17/newcastle/racecard/516660
2026-09-17,Newcastle,20:19,5,A Bit Of Ebony,516660,Sporting Life,https://www.sportinglife.com/greyhounds/racecards/2026-09-17/newcastle/racecard/516660
2026-09-17,Newcastle,20:19,6,Alnwick River,516660,Sporting Life,https://www.sportinglife.com/greyhounds/racecards/2026-09-17/newcastle/racecard/516660
2026-09-17,Newcastle,20:36,1,Cahermone Best,516661,Sporting Life,https://www.sportinglife.com/greyhounds/racecards/2026-09-17/newcastle/racecard/516661
2026-09-17,Newcastle,20:36,2,Atlantas Blu,516661,Sporting Life,https://www.sportinglife.com/greyhounds/racecards/2026-09-17/newcastle/racecard/516661
2026-09-17,Newcastle,20:36,3,A Bit Of Maur,516661,Sporting Life,https://www.sportinglife.com/greyhounds/racecards/2026-09-17/newcastle/racecard/516661
2026-09-17,Newcastle,20:36,4,Romeo Tomatin,516661,Sporting Life,https://www.sportinglife.com/greyhounds/racecards/2026-09-17/newcastle/racecard/516661
2026-09-17,Newcastle,20:36,5,Zenith Mikmacker,516661,Sporting Life,https://www.sportinglife.com/greyhounds/racecards/2026-09-17/newcastle/racecard/516661
2026-09-17,Newcastle,20:36,6,Greenwell Bolt,516661,Sporting Life,https://www.sportinglife.com/greyhounds/racecards/2026-09-17/newcastle/racecard/516661
2026-09-17,Newcastle,20:54,1,Howay Big Dan,516662,Sporting Life,https://www.sportinglife.com/greyhounds/racecards/2026-09-17/newcastle/racecard/516662
2026-09-17,Newcastle,20:54,2,Bramble Harvey,516662,Sporting Life,https://www.sportinglife.com/greyhounds/racecards/2026-09-17/newcastle/racecard/516662
2026-09-17,Newcastle,20:54,3,Coolemount Crest,516662,Sporting Life,https://www.sportinglife.com/greyhounds/racecards/2026-09-17/newcastle/racecard/516662
2026-09-17,Newcastle,20:54,4,Fabulous Kimiko,516662,Sporting Life,https://www.sportinglife.com/greyhounds/racecards/2026-09-17/newcastle/racecard/516662
2026-09-17,Newcastle,20:54,5,Toddys Panther,516662,Sporting Life,https://www.sportinglife.com/greyhounds/racecards/2026-09-17/newcastle/racecard/516662
2026-09-17,Newcastle,20:54,6,Canny Smokey,516662,Sporting Life,https://www.sportinglife.com/greyhounds/racecards/2026-09-17/newcastle/racecard/516662
2026-09-17,Newcastle,21:11,1,Drombeg Angel,516663,Sporting Life,https://www.sportinglife.com/greyhounds/racecards/2026-09-17/newcastle/racecard/516663
2026-09-17,Newcastle,21:11,2,Blackhouse Lewi,516663,Sporting Life,https://www.sportinglife.com/greyhounds/racecards/2026-09-17/newcastle/racecard/516663
2026-09-17,Newcastle,21:11,3,Crooks Mackemboy,516663,Sporting Life,https://www.sportinglife.com/greyhounds/racecards/2026-09-17/newcastle/racecard/516663
2026-09-17,Newcastle,21:11,4,Slingshot Major,516663,Sporting Life,https://www.sportinglife.com/greyhounds/racecards/2026-09-17/newcastle/racecard/516663
2026-09-17,Newcastle,21:11,6,Fabulous Harmony,516663,Sporting Life,https://www.sportinglife.com/greyhounds/racecards/2026-09-17/newcastle/racecard/516663
2026-09-17,Newcastle,21:28,1,Hardwick Teddy,516664,Sporting Life,https://www.sportinglife.com/greyhounds/racecards/2026-09-17/newcastle/racecard/516664
2026-09-17,Newcastle,21:28,2,Greenwell Crazy,516664,Sporting Life,https://www.sportinglife.com/greyhounds/racecards/2026-09-17/newcastle/racecard/516664
2026-09-17,Newcastle,21:28,3,Fabulous Adriana,516664,Sporting Life,https://www.sportinglife.com/greyhounds/racecards/2026-09-17/newcastle/racecard/516664
2026-09-17,Newcastle,21:28,4,Wipe The Slate,516664,Sporting Life,https://www.sportinglife.com/greyhounds/racecards/2026-09-17/newcastle/racecard/516664
2026-09-17,Newcastle,21:28,5,Crokers Luna,516664,Sporting Life,https://www.sportinglife.com/greyhounds/racecards/2026-09-17/newcastle/racecard/516664
2026-09-17,Newcastle,21:28,6,Now Were Flyin,516664,Sporting Life,https://www.sportinglife.com/greyhounds/racecards/2026-09-17/newcastle/racecard/516664
2026-09-17,Newcastle,21:46,1,Tinnock Sheba,516665,Sporting Life,https://www.sportinglife.com/greyhounds/racecards/2026-09-17/newcastle/racecard/516665
2026-09-17,Newcastle,21:46,2,Fabulous Sakura,516665,Sporting Life,https://www.sportinglife.com/greyhounds/racecards/2026-09-17/newcastle/racecard/516665
2026-09-17,Newcastle,21:46,3,Highview Edge,516665,Sporting Life,https://www.sportinglife.com/greyhounds/racecards/2026-09-17/newcastle/racecard/516665
2026-09-17,Newcastle,21:46,4,Burrow Nitro,516665,Sporting Life,https://www.sportinglife.com/greyhounds/racecards/2026-09-17/newcastle/racecard/516665
2026-09-17,Newcastle,21:46,5,Swift King,516665,Sporting Life,https://www.sportinglife.com/greyhounds/racecards/2026-09-17/newcastle/racecard/516665
2026-09-17,Newcastle,21:46,6,Romeo Mig,516665,Sporting Life,https://www.sportinglife.com/greyhounds/racecards/2026-09-17/newcastle/racecard/516665
2026-09-17,Nottingham,11:25,1,Honour Flyer,516571,Sporting Life,https://www.sportinglife.com/greyhounds/racecards/2026-09-17/nottingham/racecard/516571
2026-09-17,Nottingham,11:25,2,Springwood Penny,516571,Sporting Life,https://www.sportinglife.com/greyhounds/racecards/2026-09-17/nottingham/racecard/516571
2026-09-17,Nottingham,11:25,3,Newinn Rosie,516571,Sporting Life,https://www.sportinglife.com/greyhounds/racecards/2026-09-17/nottingham/racecard/516571
2026-09-17,Nottingham,11:25,4,Headford Tara,516571,Sporting Life,https://www.sportinglife.com/greyhounds/racecards/2026-09-17/nottingham/racecard/516571
2026-09-17,Nottingham,11:25,5,Stellas Jessie,516571,Sporting Life,https://www.sportinglife.com/greyhounds/racecards/2026-09-17/nottingham/racecard/516571
2026-09-17,Nottingham,11:41,1,Sudoky Zoom,516572,Sporting Life,https://www.sportinglife.com/greyhounds/racecards/2026-09-17/nottingham/racecard/516572
2026-09-17,Nottingham,11:41,2,Westfield Pepper,516572,Sporting Life,https://www.sportinglife.com/greyhounds/racecards/2026-09-17/nottingham/racecard/516572
2026-09-17,Nottingham,11:41,3,Keefill Amelia,516572,Sporting Life,https://www.sportinglife.com/greyhounds/racecards/2026-09-17/nottingham/racecard/516572
2026-09-17,Nottingham,11:41,4,Eagles Charm,516572,Sporting Life,https://www.sportinglife.com/greyhounds/racecards/2026-09-17/nottingham/racecard/516572
2026-09-17,Nottingham,11:41,5,Westfield Basil,516572,Sporting Life,https://www.sportinglife.com/greyhounds/racecards/2026-09-17/nottingham/racecard/516572
2026-09-17,Nottingham,11:41,6,Westfield Betty,516572,Sporting Life,https://www.sportinglife.com/greyhounds/racecards/2026-09-17/nottingham/racecard/516572
2026-09-17,Nottingham,11:58,1,He Ran Exile,516573,Sporting Life,https://www.sportinglife.com/greyhounds/racecards/2026-09-17/nottingham/racecard/516573
2026-09-17,Nottingham,11:58,2,Tetra Revenge,516573,Sporting Life,https://www.sportinglife.com/greyhounds/racecards/2026-09-17/nottingham/racecard/516573
2026-09-17,Nottingham,11:58,3,Fancroftmawbaker,516573,Sporting Life,https://www.sportinglife.com/greyhounds/racecards/2026-09-17/nottingham/racecard/516573
2026-09-17,Nottingham,11:58,4,Yankee Leader,516573,Sporting Life,https://www.sportinglife.com/greyhounds/racecards/2026-09-17/nottingham/racecard/516573
2026-09-17,Nottingham,11:58,5,Franco Jon Jo,516573,Sporting Life,https://www.sportinglife.com/greyhounds/racecards/2026-09-17/nottingham/racecard/516573
2026-09-17,Nottingham,11:58,6,Bonnies Legacy,516573,Sporting Life,https://www.sportinglife.com/greyhounds/racecards/2026-09-17/nottingham/racecard/516573
2026-09-17,Nottingham,12:14,1,Milos Delivery,516574,Sporting Life,https://www.sportinglife.com/greyhounds/racecards/2026-09-17/nottingham/racecard/516574
2026-09-17,Nottingham,12:14,2,Wolf Larry,516574,Sporting Life,https://www.sportinglife.com/greyhounds/racecards/2026-09-17/nottingham/racecard/516574
2026-09-17,Nottingham,12:14,3,Untold Real,516574,Sporting Life,https://www.sportinglife.com/greyhounds/racecards/2026-09-17/nottingham/racecard/516574
2026-09-17,Nottingham,12:14,5,Noteworthy,516574,Sporting Life,https://www.sportinglife.com/greyhounds/racecards/2026-09-17/nottingham/racecard/516574
2026-09-17,Nottingham,12:14,6,Headford Angela,516574,Sporting Life,https://www.sportinglife.com/greyhounds/racecards/2026-09-17/nottingham/racecard/516574
2026-09-17,Nottingham,12:31,1,Sharben Umbreon,516575,Sporting Life,https://www.sportinglife.com/greyhounds/racecards/2026-09-17/nottingham/racecard/516575
2026-09-17,Nottingham,12:31,2,Inclement Dream,516575,Sporting Life,https://www.sportinglife.com/greyhounds/racecards/2026-09-17/nottingham/racecard/516575
2026-09-17,Nottingham,12:31,3,Our Moll,516575,Sporting Life,https://www.sportinglife.com/greyhounds/racecards/2026-09-17/nottingham/racecard/516575
2026-09-17,Nottingham,12:31,4,Cashoutagain,516575,Sporting Life,https://www.sportinglife.com/greyhounds/racecards/2026-09-17/nottingham/racecard/516575
2026-09-17,Nottingham,12:31,5,Hitthebottleneil,516575,Sporting Life,https://www.sportinglife.com/greyhounds/racecards/2026-09-17/nottingham/racecard/516575
2026-09-17,Nottingham,12:48,1,Honour Big Mac,516576,Sporting Life,https://www.sportinglife.com/greyhounds/racecards/2026-09-17/nottingham/racecard/516576
2026-09-17,Nottingham,12:48,2,Honour Janice,516576,Sporting Life,https://www.sportinglife.com/greyhounds/racecards/2026-09-17/nottingham/racecard/516576
2026-09-17,Nottingham,12:48,3,Lightfoot Vogue,516576,Sporting Life,https://www.sportinglife.com/greyhounds/racecards/2026-09-17/nottingham/racecard/516576
2026-09-17,Nottingham,12:48,4,Ballyhimikin Lee,516576,Sporting Life,https://www.sportinglife.com/greyhounds/racecards/2026-09-17/nottingham/racecard/516576
2026-09-17,Nottingham,12:48,5,Sporting Fingers,516576,Sporting Life,https://www.sportinglife.com/greyhounds/racecards/2026-09-17/nottingham/racecard/516576
2026-09-17,Nottingham,12:48,6,Firebird Queenie,516576,Sporting Life,https://www.sportinglife.com/greyhounds/racecards/2026-09-17/nottingham/racecard/516576
2026-09-17,Nottingham,13:06,1,Eagles Chance,516577,Sporting Life,https://www.sportinglife.com/greyhounds/racecards/2026-09-17/nottingham/racecard/516577
2026-09-17,Nottingham,13:06,2,Drombane Bono,516577,Sporting Life,https://www.sportinglife.com/greyhounds/racecards/2026-09-17/nottingham/racecard/516577
2026-09-17,Nottingham,13:06,3,Lush Life,516577,Sporting Life,https://www.sportinglife.com/greyhounds/racecards/2026-09-17/nottingham/racecard/516577
2026-09-17,Nottingham,13:06,4,Rosshill Sue,516577,Sporting Life,https://www.sportinglife.com/greyhounds/racecards/2026-09-17/nottingham/racecard/516577
2026-09-17,Nottingham,13:06,5,Chasing Niamh,516577,Sporting Life,https://www.sportinglife.com/greyhounds/racecards/2026-09-17/nottingham/racecard/516577
2026-09-17,Nottingham,13:06,6,Piemans Fairy,516577,Sporting Life,https://www.sportinglife.com/greyhounds/racecards/2026-09-17/nottingham/racecard/516577
2026-09-17,Nottingham,13:21,1,Yoguartpotjohn,516578,Sporting Life,https://www.sportinglife.com/greyhounds/racecards/2026-09-17/nottingham/racecard/516578
2026-09-17,Nottingham,13:21,2,Stradbally Anne,516578,Sporting Life,https://www.sportinglife.com/greyhounds/racecards/2026-09-17/nottingham/racecard/516578
2026-09-17,Nottingham,13:21,3,Honour Precious,516578,Sporting Life,https://www.sportinglife.com/greyhounds/racecards/2026-09-17/nottingham/racecard/516578
2026-09-17,Nottingham,13:21,4,Rondayhere,516578,Sporting Life,https://www.sportinglife.com/greyhounds/racecards/2026-09-17/nottingham/racecard/516578
2026-09-17,Nottingham,13:21,5,Noirs Fly,516578,Sporting Life,https://www.sportinglife.com/greyhounds/racecards/2026-09-17/nottingham/racecard/516578
2026-09-17,Nottingham,13:21,6,Lemon Shirley,516578,Sporting Life,https://www.sportinglife.com/greyhounds/racecards/2026-09-17/nottingham/racecard/516578
2026-09-17,Nottingham,13:36,1,Oforgoodnessake,516579,Sporting Life,https://www.sportinglife.com/greyhounds/racecards/2026-09-17/nottingham/racecard/516579
2026-09-17,Nottingham,13:36,2,Rogerthedodge,516579,Sporting Life,https://www.sportinglife.com/greyhounds/racecards/2026-09-17/nottingham/racecard/516579
2026-09-17,Nottingham,13:36,3,Silverwing,516579,Sporting Life,https://www.sportinglife.com/greyhounds/racecards/2026-09-17/nottingham/racecard/516579
2026-09-17,Nottingham,13:36,4,Honour Roll,516579,Sporting Life,https://www.sportinglife.com/greyhounds/racecards/2026-09-17/nottingham/racecard/516579
2026-09-17,Nottingham,13:36,5,Kellies Jewel,516579,Sporting Life,https://www.sportinglife.com/greyhounds/racecards/2026-09-17/nottingham/racecard/516579
2026-09-17,Nottingham,13:36,6,Blackfriars Gold,516579,Sporting Life,https://www.sportinglife.com/greyhounds/racecards/2026-09-17/nottingham/racecard/516579
2026-09-17,Nottingham,13:52,1,Honour Face,516580,Sporting Life,https://www.sportinglife.com/greyhounds/racecards/2026-09-17/nottingham/racecard/516580
2026-09-17,Nottingham,13:52,2,Petite Pippa,516580,Sporting Life,https://www.sportinglife.com/greyhounds/racecards/2026-09-17/nottingham/racecard/516580
2026-09-17,Nottingham,13:52,3,Furcombe Hall,516580,Sporting Life,https://www.sportinglife.com/greyhounds/racecards/2026-09-17/nottingham/racecard/516580
2026-09-17,Nottingham,13:52,4,Lightfoot Pearl,516580,Sporting Life,https://www.sportinglife.com/greyhounds/racecards/2026-09-17/nottingham/racecard/516580
2026-09-17,Nottingham,13:52,5,Alien Emma,516580,Sporting Life,https://www.sportinglife.com/greyhounds/racecards/2026-09-17/nottingham/racecard/516580
2026-09-17,Nottingham,13:52,6,Clonlost Deedee,516580,Sporting Life,https://www.sportinglife.com/greyhounds/racecards/2026-09-17/nottingham/racecard/516580
2026-09-17,Nottingham,14:09,1,Bonos Brother,516581,Sporting Life,https://www.sportinglife.com/greyhounds/racecards/2026-09-17/nottingham/racecard/516581
2026-09-17,Nottingham,14:09,2,Mongys Tiger,516581,Sporting Life,https://www.sportinglife.com/greyhounds/racecards/2026-09-17/nottingham/racecard/516581
2026-09-17,Nottingham,14:09,3,Saleen Stunner,516581,Sporting Life,https://www.sportinglife.com/greyhounds/racecards/2026-09-17/nottingham/racecard/516581
2026-09-17,Nottingham,14:09,4,Bobsleigh Act,516581,Sporting Life,https://www.sportinglife.com/greyhounds/racecards/2026-09-17/nottingham/racecard/516581
2026-09-17,Nottingham,14:09,5,Bit View Bella,516581,Sporting Life,https://www.sportinglife.com/greyhounds/racecards/2026-09-17/nottingham/racecard/516581
2026-09-17,Sheffield,11:03,1,Priceless Juliet,516618,Sporting Life,https://www.sportinglife.com/greyhounds/racecards/2026-09-17/sheffield/racecard/516618
2026-09-17,Sheffield,11:03,2,La Flor,516618,Sporting Life,https://www.sportinglife.com/greyhounds/racecards/2026-09-17/sheffield/racecard/516618
2026-09-17,Sheffield,11:03,3,Finnery Wendy,516618,Sporting Life,https://www.sportinglife.com/greyhounds/racecards/2026-09-17/sheffield/racecard/516618
2026-09-17,Sheffield,11:03,5,Windgap Frost,516618,Sporting Life,https://www.sportinglife.com/greyhounds/racecards/2026-09-17/sheffield/racecard/516618
2026-09-17,Sheffield,11:03,6,Sunline Eabha,516618,Sporting Life,https://www.sportinglife.com/greyhounds/racecards/2026-09-17/sheffield/racecard/516618
2026-09-17,Sheffield,11:19,1,Knockbroganexile,516619,Sporting Life,https://www.sportinglife.com/greyhounds/racecards/2026-09-17/sheffield/racecard/516619
2026-09-17,Sheffield,11:19,2,Calgray Deva,516619,Sporting Life,https://www.sportinglife.com/greyhounds/racecards/2026-09-17/sheffield/racecard/516619
2026-09-17,Sheffield,11:19,3,Twice On Sundays,516619,Sporting Life,https://www.sportinglife.com/greyhounds/racecards/2026-09-17/sheffield/racecard/516619
2026-09-17,Sheffield,11:19,4,Killeacle Heidi,516619,Sporting Life,https://www.sportinglife.com/greyhounds/racecards/2026-09-17/sheffield/racecard/516619
2026-09-17,Sheffield,11:19,5,Elegant Jet,516619,Sporting Life,https://www.sportinglife.com/greyhounds/racecards/2026-09-17/sheffield/racecard/516619
2026-09-17,Sheffield,11:36,1,Bling Bling Kobi,516620,Sporting Life,https://www.sportinglife.com/greyhounds/racecards/2026-09-17/sheffield/racecard/516620
2026-09-17,Sheffield,11:36,2,Drumdoit Pixie,516620,Sporting Life,https://www.sportinglife.com/greyhounds/racecards/2026-09-17/sheffield/racecard/516620
2026-09-17,Sheffield,11:36,3,Swift Uni,516620,Sporting Life,https://www.sportinglife.com/greyhounds/racecards/2026-09-17/sheffield/racecard/516620
2026-09-17,Sheffield,11:36,4,Drumdoit Bono,516620,Sporting Life,https://www.sportinglife.com/greyhounds/racecards/2026-09-17/sheffield/racecard/516620
2026-09-17,Sheffield,11:36,6,Russanda Penny,516620,Sporting Life,https://www.sportinglife.com/greyhounds/racecards/2026-09-17/sheffield/racecard/516620
2026-09-17,Sheffield,11:52,1,Forest Magic,516621,Sporting Life,https://www.sportinglife.com/greyhounds/racecards/2026-09-17/sheffield/racecard/516621
2026-09-17,Sheffield,11:52,2,Drumdoit Evie,516621,Sporting Life,https://www.sportinglife.com/greyhounds/racecards/2026-09-17/sheffield/racecard/516621
2026-09-17,Sheffield,11:52,3,Nans Miguel,516621,Sporting Life,https://www.sportinglife.com/greyhounds/racecards/2026-09-17/sheffield/racecard/516621
2026-09-17,Sheffield,11:52,4,Drumdoit Minnie,516621,Sporting Life,https://www.sportinglife.com/greyhounds/racecards/2026-09-17/sheffield/racecard/516621
2026-09-17,Sheffield,11:52,5,Ballycowen Mara,516621,Sporting Life,https://www.sportinglife.com/greyhounds/racecards/2026-09-17/sheffield/racecard/516621
2026-09-17,Sheffield,11:52,6,Catunda Sniper,516621,Sporting Life,https://www.sportinglife.com/greyhounds/racecards/2026-09-17/sheffield/racecard/516621
2026-09-17,Sheffield,12:09,1,Fourpenny Glider,516622,Sporting Life,https://www.sportinglife.com/greyhounds/racecards/2026-09-17/sheffield/racecard/516622
2026-09-17,Sheffield,12:09,2,Be My Lass,516622,Sporting Life,https://www.sportinglife.com/greyhounds/racecards/2026-09-17/sheffield/racecard/516622
2026-09-17,Sheffield,12:09,3,Emers Lola,516622,Sporting Life,https://www.sportinglife.com/greyhounds/racecards/2026-09-17/sheffield/racecard/516622
2026-09-17,Sheffield,12:09,4,Mucky Trump,516622,Sporting Life,https://www.sportinglife.com/greyhounds/racecards/2026-09-17/sheffield/racecard/516622
2026-09-17,Sheffield,12:09,6,Muldona Diamond,516622,Sporting Life,https://www.sportinglife.com/greyhounds/racecards/2026-09-17/sheffield/racecard/516622
2026-09-17,Sheffield,12:26,1,Vegas Maggie,516623,Sporting Life,https://www.sportinglife.com/greyhounds/racecards/2026-09-17/sheffield/racecard/516623
2026-09-17,Sheffield,12:26,2,Wholovesye,516623,Sporting Life,https://www.sportinglife.com/greyhounds/racecards/2026-09-17/sheffield/racecard/516623
2026-09-17,Sheffield,12:26,3,Fugazi,516623,Sporting Life,https://www.sportinglife.com/greyhounds/racecards/2026-09-17/sheffield/racecard/516623
2026-09-17,Sheffield,12:26,4,Timeless Truth,516623,Sporting Life,https://www.sportinglife.com/greyhounds/racecards/2026-09-17/sheffield/racecard/516623
2026-09-17,Sheffield,12:26,5,Dip Yer Bread,516623,Sporting Life,https://www.sportinglife.com/greyhounds/racecards/2026-09-17/sheffield/racecard/516623
2026-09-17,Sheffield,12:26,6,Tumbledown,516623,Sporting Life,https://www.sportinglife.com/greyhounds/racecards/2026-09-17/sheffield/racecard/516623
2026-09-17,Sheffield,12:42,1,Clear Jade,516624,Sporting Life,https://www.sportinglife.com/greyhounds/racecards/2026-09-17/sheffield/racecard/516624
2026-09-17,Sheffield,12:42,2,Dusty Path,516624,Sporting Life,https://www.sportinglife.com/greyhounds/racecards/2026-09-17/sheffield/racecard/516624
2026-09-17,Sheffield,12:42,3,Olwinn Win,516624,Sporting Life,https://www.sportinglife.com/greyhounds/racecards/2026-09-17/sheffield/racecard/516624
2026-09-17,Sheffield,12:42,4,Kemosabe,516624,Sporting Life,https://www.sportinglife.com/greyhounds/racecards/2026-09-17/sheffield/racecard/516624
2026-09-17,Sheffield,12:42,6,Pass The Buck,516624,Sporting Life,https://www.sportinglife.com/greyhounds/racecards/2026-09-17/sheffield/racecard/516624
2026-09-17,Sheffield,12:59,1,Marlfield Arthur,516625,Sporting Life,https://www.sportinglife.com/greyhounds/racecards/2026-09-17/sheffield/racecard/516625
2026-09-17,Sheffield,12:59,2,Drumdoit Gizmo,516625,Sporting Life,https://www.sportinglife.com/greyhounds/racecards/2026-09-17/sheffield/racecard/516625
2026-09-17,Sheffield,12:59,3,No Rainbows,516625,Sporting Life,https://www.sportinglife.com/greyhounds/racecards/2026-09-17/sheffield/racecard/516625
2026-09-17,Sheffield,12:59,4,Jaykay Seven,516625,Sporting Life,https://www.sportinglife.com/greyhounds/racecards/2026-09-17/sheffield/racecard/516625
2026-09-17,Sheffield,12:59,5,Catunda Echo,516625,Sporting Life,https://www.sportinglife.com/greyhounds/racecards/2026-09-17/sheffield/racecard/516625
2026-09-17,Sheffield,12:59,6,Notsofastteddy,516625,Sporting Life,https://www.sportinglife.com/greyhounds/racecards/2026-09-17/sheffield/racecard/516625
2026-09-17,Sheffield,13:16,1,Thats Mikeys,516626,Sporting Life,https://www.sportinglife.com/greyhounds/racecards/2026-09-17/sheffield/racecard/516626
2026-09-17,Sheffield,13:16,2,Vale Speedy,516626,Sporting Life,https://www.sportinglife.com/greyhounds/racecards/2026-09-17/sheffield/racecard/516626
2026-09-17,Sheffield,13:16,3,Hollyhill Ace,516626,Sporting Life,https://www.sportinglife.com/greyhounds/racecards/2026-09-17/sheffield/racecard/516626
2026-09-17,Sheffield,13:16,4,Killduff Pippa,516626,Sporting Life,https://www.sportinglife.com/greyhounds/racecards/2026-09-17/sheffield/racecard/516626
2026-09-17,Sheffield,13:16,5,Avongate Gloss,516626,Sporting Life,https://www.sportinglife.com/greyhounds/racecards/2026-09-17/sheffield/racecard/516626
2026-09-17,Sheffield,13:31,1,Newinn Polly,516627,Sporting Life,https://www.sportinglife.com/greyhounds/racecards/2026-09-17/sheffield/racecard/516627
2026-09-17,Sheffield,13:31,2,No Small Talk,516627,Sporting Life,https://www.sportinglife.com/greyhounds/racecards/2026-09-17/sheffield/racecard/516627
2026-09-17,Sheffield,13:31,3,Letter Magic,516627,Sporting Life,https://www.sportinglife.com/greyhounds/racecards/2026-09-17/sheffield/racecard/516627
2026-09-17,Sheffield,13:31,4,Slippy Falcon,516627,Sporting Life,https://www.sportinglife.com/greyhounds/racecards/2026-09-17/sheffield/racecard/516627
2026-09-17,Sheffield,13:31,6,Blake Delight,516627,Sporting Life,https://www.sportinglife.com/greyhounds/racecards/2026-09-17/sheffield/racecard/516627
2026-09-17,Sheffield,13:46,1,Easy Rhi,516628,Sporting Life,https://www.sportinglife.com/greyhounds/racecards/2026-09-17/sheffield/racecard/516628
2026-09-17,Sheffield,13:46,2,Slippy Julie,516628,Sporting Life,https://www.sportinglife.com/greyhounds/racecards/2026-09-17/sheffield/racecard/516628
2026-09-17,Sheffield,13:46,3,Swift Agenda,516628,Sporting Life,https://www.sportinglife.com/greyhounds/racecards/2026-09-17/sheffield/racecard/516628
2026-09-17,Sheffield,13:46,4,Camacho,516628,Sporting Life,https://www.sportinglife.com/greyhounds/racecards/2026-09-17/sheffield/racecard/516628
2026-09-17,Sheffield,13:46,5,Feora Cora,516628,Sporting Life,https://www.sportinglife.com/greyhounds/racecards/2026-09-17/sheffield/racecard/516628
2026-09-17,Sheffield,13:46,6,Farout Trio,516628,Sporting Life,https://www.sportinglife.com/greyhounds/racecards/2026-09-17/sheffield/racecard/516628
2026-09-17,Sheffield,14:04,1,Slippy Shane,516629,Sporting Life,https://www.sportinglife.com/greyhounds/racecards/2026-09-17/sheffield/racecard/516629
2026-09-17,Sheffield,14:04,2,Whisky Empress,516629,Sporting Life,https://www.sportinglife.com/greyhounds/racecards/2026-09-17/sheffield/racecard/516629
2026-09-17,Sheffield,14:04,4,Easy Mix,516629,Sporting Life,https://www.sportinglife.com/greyhounds/racecards/2026-09-17/sheffield/racecard/516629
2026-09-17,Sheffield,14:04,5,Slippy Daniel,516629,Sporting Life,https://www.sportinglife.com/greyhounds/racecards/2026-09-17/sheffield/racecard/516629
2026-09-17,Sheffield,14:04,6,Cape Liberty,516629,Sporting Life,https://www.sportinglife.com/greyhounds/racecards/2026-09-17/sheffield/racecard/516629
2026-09-17,Towcester,14:36,1,Skilled Prince,516678,Sporting Life,https://www.sportinglife.com/greyhounds/racecards/2026-09-17/towcester/racecard/516678
2026-09-17,Towcester,14:36,2,Lucky Spinner,516678,Sporting Life,https://www.sportinglife.com/greyhounds/racecards/2026-09-17/towcester/racecard/516678
2026-09-17,Towcester,14:36,3,Fabulous Regard,516678,Sporting Life,https://www.sportinglife.com/greyhounds/racecards/2026-09-17/towcester/racecard/516678
2026-09-17,Towcester,14:36,4,Makeit Oolala,516678,Sporting Life,https://www.sportinglife.com/greyhounds/racecards/2026-09-17/towcester/racecard/516678
2026-09-17,Towcester,14:36,5,Hoxton Star,516678,Sporting Life,https://www.sportinglife.com/greyhounds/racecards/2026-09-17/towcester/racecard/516678
2026-09-17,Towcester,14:36,6,Swift Pavlo,516678,Sporting Life,https://www.sportinglife.com/greyhounds/racecards/2026-09-17/towcester/racecard/516678
2026-09-17,Towcester,14:54,1,Savana Kommeno,516679,Sporting Life,https://www.sportinglife.com/greyhounds/racecards/2026-09-17/towcester/racecard/516679
2026-09-17,Towcester,14:54,2,Runlike Skippy,516679,Sporting Life,https://www.sportinglife.com/greyhounds/racecards/2026-09-17/towcester/racecard/516679
2026-09-17,Towcester,14:54,3,Makeit Rufus,516679,Sporting Life,https://www.sportinglife.com/greyhounds/racecards/2026-09-17/towcester/racecard/516679
2026-09-17,Towcester,14:54,4,Vinegarhill Dee,516679,Sporting Life,https://www.sportinglife.com/greyhounds/racecards/2026-09-17/towcester/racecard/516679
2026-09-17,Towcester,14:54,5,Lamorna Rudie,516679,Sporting Life,https://www.sportinglife.com/greyhounds/racecards/2026-09-17/towcester/racecard/516679
2026-09-17,Towcester,14:54,6,Flee From Gossip,516679,Sporting Life,https://www.sportinglife.com/greyhounds/racecards/2026-09-17/towcester/racecard/516679
2026-09-17,Towcester,15:13,1,Netherton Lad,516680,Sporting Life,https://www.sportinglife.com/greyhounds/racecards/2026-09-17/towcester/racecard/516680
2026-09-17,Towcester,15:13,2,Choices Cara,516680,Sporting Life,https://www.sportinglife.com/greyhounds/racecards/2026-09-17/towcester/racecard/516680
2026-09-17,Towcester,15:13,3,Swift Isla,516680,Sporting Life,https://www.sportinglife.com/greyhounds/racecards/2026-09-17/towcester/racecard/516680
2026-09-17,Towcester,15:13,4,Homebound Blanko,516680,Sporting Life,https://www.sportinglife.com/greyhounds/racecards/2026-09-17/towcester/racecard/516680
2026-09-17,Towcester,15:13,5,Lamorna Marley,516680,Sporting Life,https://www.sportinglife.com/greyhounds/racecards/2026-09-17/towcester/racecard/516680
2026-09-17,Towcester,15:13,6,Marians Hero,516680,Sporting Life,https://www.sportinglife.com/greyhounds/racecards/2026-09-17/towcester/racecard/516680
2026-09-17,Towcester,15:32,1,Makeit Valentino,516681,Sporting Life,https://www.sportinglife.com/greyhounds/racecards/2026-09-17/towcester/racecard/516681
2026-09-17,Towcester,15:32,2,Black Serpent,516681,Sporting Life,https://www.sportinglife.com/greyhounds/racecards/2026-09-17/towcester/racecard/516681
2026-09-17,Towcester,15:32,3,The Rising Sun,516681,Sporting Life,https://www.sportinglife.com/greyhounds/racecards/2026-09-17/towcester/racecard/516681
2026-09-17,Towcester,15:32,4,Trapstyle Spud,516681,Sporting Life,https://www.sportinglife.com/greyhounds/racecards/2026-09-17/towcester/racecard/516681
2026-09-17,Towcester,15:32,5,Gothic Opera,516681,Sporting Life,https://www.sportinglife.com/greyhounds/racecards/2026-09-17/towcester/racecard/516681
2026-09-17,Towcester,15:32,6,Romeo Bora,516681,Sporting Life,https://www.sportinglife.com/greyhounds/racecards/2026-09-17/towcester/racecard/516681
2026-09-17,Towcester,15:51,1,Sovereign Poppy,516682,Sporting Life,https://www.sportinglife.com/greyhounds/racecards/2026-09-17/towcester/racecard/516682
2026-09-17,Towcester,15:51,2,Adamant Dawn,516682,Sporting Life,https://www.sportinglife.com/greyhounds/racecards/2026-09-17/towcester/racecard/516682
2026-09-17,Towcester,15:51,3,Scooby Picasso,516682,Sporting Life,https://www.sportinglife.com/greyhounds/racecards/2026-09-17/towcester/racecard/516682
2026-09-17,Towcester,15:51,4,Vinegarhill Bell,516682,Sporting Life,https://www.sportinglife.com/greyhounds/racecards/2026-09-17/towcester/racecard/516682
2026-09-17,Towcester,15:51,5,Lamorna Lill Moo,516682,Sporting Life,https://www.sportinglife.com/greyhounds/racecards/2026-09-17/towcester/racecard/516682
2026-09-17,Towcester,15:51,6,Swift Wally,516682,Sporting Life,https://www.sportinglife.com/greyhounds/racecards/2026-09-17/towcester/racecard/516682
2026-09-17,Towcester,16:09,1,Pagan And Chief,516683,Sporting Life,https://www.sportinglife.com/greyhounds/racecards/2026-09-17/towcester/racecard/516683
2026-09-17,Towcester,16:09,2,Giant Killer,516683,Sporting Life,https://www.sportinglife.com/greyhounds/racecards/2026-09-17/towcester/racecard/516683
2026-09-17,Towcester,16:09,3,Zebedee Aye,516683,Sporting Life,https://www.sportinglife.com/greyhounds/racecards/2026-09-17/towcester/racecard/516683
2026-09-17,Towcester,16:09,4,Sonic Angel,516683,Sporting Life,https://www.sportinglife.com/greyhounds/racecards/2026-09-17/towcester/racecard/516683
2026-09-17,Towcester,16:09,5,Gurtnacrehy Ohio,516683,Sporting Life,https://www.sportinglife.com/greyhounds/racecards/2026-09-17/towcester/racecard/516683
2026-09-17,Towcester,16:09,6,Lucky Sevens,516683,Sporting Life,https://www.sportinglife.com/greyhounds/racecards/2026-09-17/towcester/racecard/516683
2026-09-17,Towcester,16:28,1,Blue Sparta,516684,Sporting Life,https://www.sportinglife.com/greyhounds/racecards/2026-09-17/towcester/racecard/516684
2026-09-17,Towcester,16:28,2,Rockstar Sally,516684,Sporting Life,https://www.sportinglife.com/greyhounds/racecards/2026-09-17/towcester/racecard/516684
2026-09-17,Towcester,16:28,3,My Brindle Diva,516684,Sporting Life,https://www.sportinglife.com/greyhounds/racecards/2026-09-17/towcester/racecard/516684
2026-09-17,Towcester,16:28,4,Monaghan Prince,516684,Sporting Life,https://www.sportinglife.com/greyhounds/racecards/2026-09-17/towcester/racecard/516684
2026-09-17,Towcester,16:28,5,Choices Jean,516684,Sporting Life,https://www.sportinglife.com/greyhounds/racecards/2026-09-17/towcester/racecard/516684
2026-09-17,Towcester,16:28,6,Decent Jeff,516684,Sporting Life,https://www.sportinglife.com/greyhounds/racecards/2026-09-17/towcester/racecard/516684
2026-09-17,Towcester,16:47,1,Salacres Merkel,516685,Sporting Life,https://www.sportinglife.com/greyhounds/racecards/2026-09-17/towcester/racecard/516685
2026-09-17,Towcester,16:47,2,Salacres Sahara,516685,Sporting Life,https://www.sportinglife.com/greyhounds/racecards/2026-09-17/towcester/racecard/516685
2026-09-17,Towcester,16:47,3,Eagles Dream,516685,Sporting Life,https://www.sportinglife.com/greyhounds/racecards/2026-09-17/towcester/racecard/516685
2026-09-17,Towcester,16:47,4,Kranky Paddy,516685,Sporting Life,https://www.sportinglife.com/greyhounds/racecards/2026-09-17/towcester/racecard/516685
2026-09-17,Towcester,16:47,5,Vinegarhill Blue,516685,Sporting Life,https://www.sportinglife.com/greyhounds/racecards/2026-09-17/towcester/racecard/516685
2026-09-17,Towcester,16:47,6,Dairyland Jimmy,516685,Sporting Life,https://www.sportinglife.com/greyhounds/racecards/2026-09-17/towcester/racecard/516685
2026-09-17,Towcester,17:06,1,Coppice Aries,516686,Sporting Life,https://www.sportinglife.com/greyhounds/racecards/2026-09-17/towcester/racecard/516686
2026-09-17,Towcester,17:06,2,Ballymac Nuna,516686,Sporting Life,https://www.sportinglife.com/greyhounds/racecards/2026-09-17/towcester/racecard/516686
2026-09-17,Towcester,17:06,3,Ballymac Decky,516686,Sporting Life,https://www.sportinglife.com/greyhounds/racecards/2026-09-17/towcester/racecard/516686
2026-09-17,Towcester,17:06,4,Baran Tombstone,516686,Sporting Life,https://www.sportinglife.com/greyhounds/racecards/2026-09-17/towcester/racecard/516686
2026-09-17,Towcester,17:06,5,Ballymac Pallas,516686,Sporting Life,https://www.sportinglife.com/greyhounds/racecards/2026-09-17/towcester/racecard/516686
2026-09-17,Towcester,17:06,6,Demon Slave,516686,Sporting Life,https://www.sportinglife.com/greyhounds/racecards/2026-09-17/towcester/racecard/516686
2026-09-17,Towcester,17:24,1,Eagles Mako,516687,Sporting Life,https://www.sportinglife.com/greyhounds/racecards/2026-09-17/towcester/racecard/516687
2026-09-17,Towcester,17:24,2,Sovereign Tifosi,516687,Sporting Life,https://www.sportinglife.com/greyhounds/racecards/2026-09-17/towcester/racecard/516687
2026-09-17,Towcester,17:24,3,Droopys Mikayla,516687,Sporting Life,https://www.sportinglife.com/greyhounds/racecards/2026-09-17/towcester/racecard/516687
2026-09-17,Towcester,17:24,4,Curly Sean,516687,Sporting Life,https://www.sportinglife.com/greyhounds/racecards/2026-09-17/towcester/racecard/516687
2026-09-17,Towcester,17:24,5,Salacres Jojo,516687,Sporting Life,https://www.sportinglife.com/greyhounds/racecards/2026-09-17/towcester/racecard/516687
2026-09-17,Towcester,17:24,6,Ballymac Genius,516687,Sporting Life,https://www.sportinglife.com/greyhounds/racecards/2026-09-17/towcester/racecard/516687
2026-09-17,Towcester,17:43,1,Salacres Cath,516688,Sporting Life,https://www.sportinglife.com/greyhounds/racecards/2026-09-17/towcester/racecard/516688
2026-09-17,Towcester,17:43,2,Flickering Belle,516688,Sporting Life,https://www.sportinglife.com/greyhounds/racecards/2026-09-17/towcester/racecard/516688
2026-09-17,Towcester,17:43,3,Salacres Select,516688,Sporting Life,https://www.sportinglife.com/greyhounds/racecards/2026-09-17/towcester/racecard/516688
2026-09-17,Towcester,17:43,4,Freeway Dotty,516688,Sporting Life,https://www.sportinglife.com/greyhounds/racecards/2026-09-17/towcester/racecard/516688
2026-09-17,Towcester,17:43,5,Bossy Bullet,516688,Sporting Life,https://www.sportinglife.com/greyhounds/racecards/2026-09-17/towcester/racecard/516688
2026-09-17,Towcester,17:43,6,Drohobych Falcon,516688,Sporting Life,https://www.sportinglife.com/greyhounds/racecards/2026-09-17/towcester/racecard/516688
2026-09-17,Towcester,18:02,1,Hitthelids Miley,516689,Sporting Life,https://www.sportinglife.com/greyhounds/racecards/2026-09-17/towcester/racecard/516689
2026-09-17,Towcester,18:02,2,Donishall Jet,516689,Sporting Life,https://www.sportinglife.com/greyhounds/racecards/2026-09-17/towcester/racecard/516689
2026-09-17,Towcester,18:02,3,Baggios Haze,516689,Sporting Life,https://www.sportinglife.com/greyhounds/racecards/2026-09-17/towcester/racecard/516689
2026-09-17,Towcester,18:02,4,Trapstyle Grumpy,516689,Sporting Life,https://www.sportinglife.com/greyhounds/racecards/2026-09-17/towcester/racecard/516689
2026-09-17,Towcester,18:02,5,Moathouse Roman,516689,Sporting Life,https://www.sportinglife.com/greyhounds/racecards/2026-09-17/towcester/racecard/516689
2026-09-17,Towcester,18:02,6,Disembark,516689,Sporting Life,https://www.sportinglife.com/greyhounds/racecards/2026-09-17/towcester/racecard/516689
2026-09-17,Valley,18:11,1,Crokers Lisa,516606,Sporting Life,https://www.sportinglife.com/greyhounds/racecards/2026-09-17/valley/racecard/516606
2026-09-17,Valley,18:11,2,Most Dapper,516606,Sporting Life,https://www.sportinglife.com/greyhounds/racecards/2026-09-17/valley/racecard/516606
2026-09-17,Valley,18:11,3,Belfast Born,516606,Sporting Life,https://www.sportinglife.com/greyhounds/racecards/2026-09-17/valley/racecard/516606
2026-09-17,Valley,18:11,4,No Dont Panic,516606,Sporting Life,https://www.sportinglife.com/greyhounds/racecards/2026-09-17/valley/racecard/516606
2026-09-17,Valley,18:11,5,Hawkfield Zoom,516606,Sporting Life,https://www.sportinglife.com/greyhounds/racecards/2026-09-17/valley/racecard/516606
2026-09-17,Valley,18:11,6,Crokers Dinny,516606,Sporting Life,https://www.sportinglife.com/greyhounds/racecards/2026-09-17/valley/racecard/516606
2026-09-17,Valley,18:29,1,Bring The Bee,516607,Sporting Life,https://www.sportinglife.com/greyhounds/racecards/2026-09-17/valley/racecard/516607
2026-09-17,Valley,18:29,2,Texas Dolly,516607,Sporting Life,https://www.sportinglife.com/greyhounds/racecards/2026-09-17/valley/racecard/516607
2026-09-17,Valley,18:29,3,Hawkfield Jasmin,516607,Sporting Life,https://www.sportinglife.com/greyhounds/racecards/2026-09-17/valley/racecard/516607
2026-09-17,Valley,18:29,4,Crypto Dalejo,516607,Sporting Life,https://www.sportinglife.com/greyhounds/racecards/2026-09-17/valley/racecard/516607
2026-09-17,Valley,18:29,5,Vixons Nala,516607,Sporting Life,https://www.sportinglife.com/greyhounds/racecards/2026-09-17/valley/racecard/516607
2026-09-17,Valley,18:29,6,Mid West Daisy,516607,Sporting Life,https://www.sportinglife.com/greyhounds/racecards/2026-09-17/valley/racecard/516607
2026-09-17,Valley,18:46,1,Geneva Josie,516608,Sporting Life,https://www.sportinglife.com/greyhounds/racecards/2026-09-17/valley/racecard/516608
2026-09-17,Valley,18:46,2,Tagalong Jess,516608,Sporting Life,https://www.sportinglife.com/greyhounds/racecards/2026-09-17/valley/racecard/516608
2026-09-17,Valley,18:46,3,Roanna Smiley,516608,Sporting Life,https://www.sportinglife.com/greyhounds/racecards/2026-09-17/valley/racecard/516608
2026-09-17,Valley,18:46,4,Breaking Stones,516608,Sporting Life,https://www.sportinglife.com/greyhounds/racecards/2026-09-17/valley/racecard/516608
2026-09-17,Valley,18:46,5,Coillbhui Catchy,516608,Sporting Life,https://www.sportinglife.com/greyhounds/racecards/2026-09-17/valley/racecard/516608
2026-09-17,Valley,18:46,6,Livingonaprayer,516608,Sporting Life,https://www.sportinglife.com/greyhounds/racecards/2026-09-17/valley/racecard/516608
2026-09-17,Valley,19:04,1,Quare Surprise,516609,Sporting Life,https://www.sportinglife.com/greyhounds/racecards/2026-09-17/valley/racecard/516609
2026-09-17,Valley,19:04,2,Rockstar Johnny,516609,Sporting Life,https://www.sportinglife.com/greyhounds/racecards/2026-09-17/valley/racecard/516609
2026-09-17,Valley,19:04,3,Sudden Bolt,516609,Sporting Life,https://www.sportinglife.com/greyhounds/racecards/2026-09-17/valley/racecard/516609
2026-09-17,Valley,19:04,4,Rollaway Willow,516609,Sporting Life,https://www.sportinglife.com/greyhounds/racecards/2026-09-17/valley/racecard/516609
2026-09-17,Valley,19:04,5,Kansas City Life,516609,Sporting Life,https://www.sportinglife.com/greyhounds/racecards/2026-09-17/valley/racecard/516609
2026-09-17,Valley,19:04,6,Crokers Ocean,516609,Sporting Life,https://www.sportinglife.com/greyhounds/racecards/2026-09-17/valley/racecard/516609
2026-09-17,Valley,19:24,1,Hawkfield Jackie,516610,Sporting Life,https://www.sportinglife.com/greyhounds/racecards/2026-09-17/valley/racecard/516610
2026-09-17,Valley,19:24,2,Jackos Dog,516610,Sporting Life,https://www.sportinglife.com/greyhounds/racecards/2026-09-17/valley/racecard/516610
2026-09-17,Valley,19:24,3,Coding,516610,Sporting Life,https://www.sportinglife.com/greyhounds/racecards/2026-09-17/valley/racecard/516610
2026-09-17,Valley,19:24,4,Shelone Nifty,516610,Sporting Life,https://www.sportinglife.com/greyhounds/racecards/2026-09-17/valley/racecard/516610
2026-09-17,Valley,19:24,5,Rollerball,516610,Sporting Life,https://www.sportinglife.com/greyhounds/racecards/2026-09-17/valley/racecard/516610
2026-09-17,Valley,19:24,6,Vixons Lionheart,516610,Sporting Life,https://www.sportinglife.com/greyhounds/racecards/2026-09-17/valley/racecard/516610
2026-09-17,Valley,19:42,1,Mongys Sydney,516611,Sporting Life,https://www.sportinglife.com/greyhounds/racecards/2026-09-17/valley/racecard/516611
2026-09-17,Valley,19:42,2,Crokers Music,516611,Sporting Life,https://www.sportinglife.com/greyhounds/racecards/2026-09-17/valley/racecard/516611
2026-09-17,Valley,19:42,3,Knockroe Ace,516611,Sporting Life,https://www.sportinglife.com/greyhounds/racecards/2026-09-17/valley/racecard/516611
2026-09-17,Valley,19:42,4,A Touch Of Class,516611,Sporting Life,https://www.sportinglife.com/greyhounds/racecards/2026-09-17/valley/racecard/516611
2026-09-17,Valley,19:42,5,Gavins Cake,516611,Sporting Life,https://www.sportinglife.com/greyhounds/racecards/2026-09-17/valley/racecard/516611
2026-09-17,Valley,19:42,6,Beechview Bale,516611,Sporting Life,https://www.sportinglife.com/greyhounds/racecards/2026-09-17/valley/racecard/516611
2026-09-17,Valley,19:58,1,Shunters Peace,516612,Sporting Life,https://www.sportinglife.com/greyhounds/racecards/2026-09-17/valley/racecard/516612
2026-09-17,Valley,19:58,2,Distant Shakira,516612,Sporting Life,https://www.sportinglife.com/greyhounds/racecards/2026-09-17/valley/racecard/516612
2026-09-17,Valley,19:58,3,Cathals Rock,516612,Sporting Life,https://www.sportinglife.com/greyhounds/racecards/2026-09-17/valley/racecard/516612
2026-09-17,Valley,19:58,4,Carrigmore Scott,516612,Sporting Life,https://www.sportinglife.com/greyhounds/racecards/2026-09-17/valley/racecard/516612
2026-09-17,Valley,19:58,5,Hawkfield Hoffa,516612,Sporting Life,https://www.sportinglife.com/greyhounds/racecards/2026-09-17/valley/racecard/516612
2026-09-17,Valley,19:58,6,Only The Future,516612,Sporting Life,https://www.sportinglife.com/greyhounds/racecards/2026-09-17/valley/racecard/516612
2026-09-17,Valley,20:16,1,Pandy Daffy,516613,Sporting Life,https://www.sportinglife.com/greyhounds/racecards/2026-09-17/valley/racecard/516613
2026-09-17,Valley,20:16,2,Crokers Heidi,516613,Sporting Life,https://www.sportinglife.com/greyhounds/racecards/2026-09-17/valley/racecard/516613
2026-09-17,Valley,20:16,3,Imgoodiam,516613,Sporting Life,https://www.sportinglife.com/greyhounds/racecards/2026-09-17/valley/racecard/516613
2026-09-17,Valley,20:16,4,Pure Panfila,516613,Sporting Life,https://www.sportinglife.com/greyhounds/racecards/2026-09-17/valley/racecard/516613
2026-09-17,Valley,20:16,5,Swift Kadesha,516613,Sporting Life,https://www.sportinglife.com/greyhounds/racecards/2026-09-17/valley/racecard/516613
2026-09-17,Valley,20:16,6,Confey Sile,516613,Sporting Life,https://www.sportinglife.com/greyhounds/racecards/2026-09-17/valley/racecard/516613
2026-09-17,Valley,20:34,1,Ballymac Kuro,516614,Sporting Life,https://www.sportinglife.com/greyhounds/racecards/2026-09-17/valley/racecard/516614
2026-09-17,Valley,20:34,2,Hawkfield Coco,516614,Sporting Life,https://www.sportinglife.com/greyhounds/racecards/2026-09-17/valley/racecard/516614
2026-09-17,Valley,20:34,3,Home Grainne,516614,Sporting Life,https://www.sportinglife.com/greyhounds/racecards/2026-09-17/valley/racecard/516614
2026-09-17,Valley,20:34,4,Toems Hour,516614,Sporting Life,https://www.sportinglife.com/greyhounds/racecards/2026-09-17/valley/racecard/516614
2026-09-17,Valley,20:34,5,Faradays Larry,516614,Sporting Life,https://www.sportinglife.com/greyhounds/racecards/2026-09-17/valley/racecard/516614
2026-09-17,Valley,20:34,6,Crokers Wiffen,516614,Sporting Life,https://www.sportinglife.com/greyhounds/racecards/2026-09-17/valley/racecard/516614
2026-09-17,Valley,20:52,1,Mustang Darwin,516615,Sporting Life,https://www.sportinglife.com/greyhounds/racecards/2026-09-17/valley/racecard/516615
2026-09-17,Valley,20:52,2,Hawkfield Elvis,516615,Sporting Life,https://www.sportinglife.com/greyhounds/racecards/2026-09-17/valley/racecard/516615
2026-09-17,Valley,20:52,3,Mallogs Roy,516615,Sporting Life,https://www.sportinglife.com/greyhounds/racecards/2026-09-17/valley/racecard/516615
2026-09-17,Valley,20:52,4,Glory Goodtime,516615,Sporting Life,https://www.sportinglife.com/greyhounds/racecards/2026-09-17/valley/racecard/516615
2026-09-17,Valley,20:52,5,Bluejig Bobby,516615,Sporting Life,https://www.sportinglife.com/greyhounds/racecards/2026-09-17/valley/racecard/516615
2026-09-17,Valley,21:09,2,Furry Neck,516616,Sporting Life,https://www.sportinglife.com/greyhounds/racecards/2026-09-17/valley/racecard/516616
2026-09-17,Valley,21:09,3,Hawkfield Magic,516616,Sporting Life,https://www.sportinglife.com/greyhounds/racecards/2026-09-17/valley/racecard/516616
2026-09-17,Valley,21:09,4,Knockmant Zee,516616,Sporting Life,https://www.sportinglife.com/greyhounds/racecards/2026-09-17/valley/racecard/516616
2026-09-17,Valley,21:09,5,Millbank Lolly,516616,Sporting Life,https://www.sportinglife.com/greyhounds/racecards/2026-09-17/valley/racecard/516616
2026-09-17,Valley,21:09,6,Rollover Lucy,516616,Sporting Life,https://www.sportinglife.com/greyhounds/racecards/2026-09-17/valley/racecard/516616
2026-09-17,Valley,21:26,1,Miss Eske,516617,Sporting Life,https://www.sportinglife.com/greyhounds/racecards/2026-09-17/valley/racecard/516617
2026-09-17,Valley,21:26,2,Ballyroyal Rocky,516617,Sporting Life,https://www.sportinglife.com/greyhounds/racecards/2026-09-17/valley/racecard/516617
2026-09-17,Valley,21:26,3,Bale Out Lucy,516617,Sporting Life,https://www.sportinglife.com/greyhounds/racecards/2026-09-17/valley/racecard/516617
2026-09-17,Valley,21:26,4,Crokers Procecco,516617,Sporting Life,https://www.sportinglife.com/greyhounds/racecards/2026-09-17/valley/racecard/516617
2026-09-17,Valley,21:26,5,Dry Morning,516617,Sporting Life,https://www.sportinglife.com/greyhounds/racecards/2026-09-17/valley/racecard/516617
