date,track,race_time,runner_number,dog_name,race_id,source,race_url
2026-09-02,Doncaster,14:33,1,Mia Jezabelle,514656,Sporting Life,https://www.sportinglife.com/greyhounds/racecards/2026-09-02/doncaster/racecard/514656
2026-09-02,Doncaster,14:33,2,Easy Kite,514656,Sporting Life,https://www.sportinglife.com/greyhounds/racecards/2026-09-02/doncaster/racecard/514656
2026-09-02,Doncaster,14:33,3,Tasty Choice,514656,Sporting Life,https://www.sportinglife.com/greyhounds/racecards/2026-09-02/doncaster/racecard/514656
2026-09-02,Doncaster,14:33,4,Side Chick,514656,Sporting Life,https://www.sportinglife.com/greyhounds/racecards/2026-09-02/doncaster/racecard/514656
2026-09-02,Doncaster,14:33,6,Anchor Banken,514656,Sporting Life,https://www.sportinglife.com/greyhounds/racecards/2026-09-02/doncaster/racecard/514656
2026-09-02,Doncaster,14:52,2,Cockneyokoronkwo,514657,Sporting Life,https://www.sportinglife.com/greyhounds/racecards/2026-09-02/doncaster/racecard/514657
2026-09-02,Doncaster,14:52,3,Dellser Paidi,514657,Sporting Life,https://www.sportinglife.com/greyhounds/racecards/2026-09-02/doncaster/racecard/514657
2026-09-02,Doncaster,14:52,4,Miss Mini Lulu,514657,Sporting Life,https://www.sportinglife.com/greyhounds/racecards/2026-09-02/doncaster/racecard/514657
2026-09-02,Doncaster,14:52,5,Cockney Tan,514657,Sporting Life,https://www.sportinglife.com/greyhounds/racecards/2026-09-02/doncaster/racecard/514657
2026-09-02,Doncaster,14:52,6,Savana Brendo,514657,Sporting Life,https://www.sportinglife.com/greyhounds/racecards/2026-09-02/doncaster/racecard/514657
2026-09-02,Doncaster,15:11,1,Hugo Jezabelle,514658,Sporting Life,https://www.sportinglife.com/greyhounds/racecards/2026-09-02/doncaster/racecard/514658
2026-09-02,Doncaster,15:11,2,Cockneys Elsa,514658,Sporting Life,https://www.sportinglife.com/greyhounds/racecards/2026-09-02/doncaster/racecard/514658
2026-09-02,Doncaster,15:11,3,Sparta Knight,514658,Sporting Life,https://www.sportinglife.com/greyhounds/racecards/2026-09-02/doncaster/racecard/514658
2026-09-02,Doncaster,15:11,5,Ballymac Hanson,514658,Sporting Life,https://www.sportinglife.com/greyhounds/racecards/2026-09-02/doncaster/racecard/514658
2026-09-02,Doncaster,15:11,6,Natural Clover,514658,Sporting Life,https://www.sportinglife.com/greyhounds/racecards/2026-09-02/doncaster/racecard/514658
2026-09-02,Doncaster,15:29,2,Cockneys Zeus,514659,Sporting Life,https://www.sportinglife.com/greyhounds/racecards/2026-09-02/doncaster/racecard/514659
2026-09-02,Doncaster,15:29,3,Avongate Queen,514659,Sporting Life,https://www.sportinglife.com/greyhounds/racecards/2026-09-02/doncaster/racecard/514659
2026-09-02,Doncaster,15:29,4,Shanahee Brian,514659,Sporting Life,https://www.sportinglife.com/greyhounds/racecards/2026-09-02/doncaster/racecard/514659
2026-09-02,Doncaster,15:29,5,Railteen Sarah,514659,Sporting Life,https://www.sportinglife.com/greyhounds/racecards/2026-09-02/doncaster/racecard/514659
2026-09-02,Doncaster,15:29,6,Easy Stump,514659,Sporting Life,https://www.sportinglife.com/greyhounds/racecards/2026-09-02/doncaster/racecard/514659
2026-09-02,Doncaster,15:49,2,Late Lola,514660,Sporting Life,https://www.sportinglife.com/greyhounds/racecards/2026-09-02/doncaster/racecard/514660
2026-09-02,Doncaster,15:49,3,Keady Storm,514660,Sporting Life,https://www.sportinglife.com/greyhounds/racecards/2026-09-02/doncaster/racecard/514660
2026-09-02,Doncaster,15:49,4,Busy Cailin,514660,Sporting Life,https://www.sportinglife.com/greyhounds/racecards/2026-09-02/doncaster/racecard/514660
2026-09-02,Doncaster,15:49,5,Keady Cashout,514660,Sporting Life,https://www.sportinglife.com/greyhounds/racecards/2026-09-02/doncaster/racecard/514660
2026-09-02,Doncaster,15:49,6,Rossa Kali,514660,Sporting Life,https://www.sportinglife.com/greyhounds/racecards/2026-09-02/doncaster/racecard/514660
2026-09-02,Doncaster,16:07,1,Alno Dee,514661,Sporting Life,https://www.sportinglife.com/greyhounds/racecards/2026-09-02/doncaster/racecard/514661
2026-09-02,Doncaster,16:07,2,Lissan Bro,514661,Sporting Life,https://www.sportinglife.com/greyhounds/racecards/2026-09-02/doncaster/racecard/514661
2026-09-02,Doncaster,16:07,3,Ballinabola Mini,514661,Sporting Life,https://www.sportinglife.com/greyhounds/racecards/2026-09-02/doncaster/racecard/514661
2026-09-02,Doncaster,16:07,5,Diegos Talavara,514661,Sporting Life,https://www.sportinglife.com/greyhounds/racecards/2026-09-02/doncaster/racecard/514661
2026-09-02,Doncaster,16:07,6,Ballymac Acres,514661,Sporting Life,https://www.sportinglife.com/greyhounds/racecards/2026-09-02/doncaster/racecard/514661
2026-09-02,Doncaster,16:26,1,Savana Sandy,514662,Sporting Life,https://www.sportinglife.com/greyhounds/racecards/2026-09-02/doncaster/racecard/514662
2026-09-02,Doncaster,16:26,2,Grouchos Eubank,514662,Sporting Life,https://www.sportinglife.com/greyhounds/racecards/2026-09-02/doncaster/racecard/514662
2026-09-02,Doncaster,16:26,3,Easy Chloe,514662,Sporting Life,https://www.sportinglife.com/greyhounds/racecards/2026-09-02/doncaster/racecard/514662
2026-09-02,Doncaster,16:26,5,Two Headcases,514662,Sporting Life,https://www.sportinglife.com/greyhounds/racecards/2026-09-02/doncaster/racecard/514662
2026-09-02,Doncaster,16:26,6,Cockney King Kev,514662,Sporting Life,https://www.sportinglife.com/greyhounds/racecards/2026-09-02/doncaster/racecard/514662
2026-09-02,Doncaster,16:44,1,Grouchos Gail,514663,Sporting Life,https://www.sportinglife.com/greyhounds/racecards/2026-09-02/doncaster/racecard/514663
2026-09-02,Doncaster,16:44,2,Savana Soda,514663,Sporting Life,https://www.sportinglife.com/greyhounds/racecards/2026-09-02/doncaster/racecard/514663
2026-09-02,Doncaster,16:44,3,Savana Trike,514663,Sporting Life,https://www.sportinglife.com/greyhounds/racecards/2026-09-02/doncaster/racecard/514663
2026-09-02,Doncaster,16:44,4,Creative Way,514663,Sporting Life,https://www.sportinglife.com/greyhounds/racecards/2026-09-02/doncaster/racecard/514663
2026-09-02,Doncaster,16:44,5,Ballymac Nagini,514663,Sporting Life,https://www.sportinglife.com/greyhounds/racecards/2026-09-02/doncaster/racecard/514663
2026-09-02,Doncaster,16:44,6,Skirk Mia,514663,Sporting Life,https://www.sportinglife.com/greyhounds/racecards/2026-09-02/doncaster/racecard/514663
2026-09-02,Dunstall Park,18:08,1,Burrows Ace,514633,Sporting Life,https://www.sportinglife.com/greyhounds/racecards/2026-09-02/dunstall-park/racecard/514633
2026-09-02,Dunstall Park,18:08,2,Bannan Dubhg,514633,Sporting Life,https://www.sportinglife.com/greyhounds/racecards/2026-09-02/dunstall-park/racecard/514633
2026-09-02,Dunstall Park,18:08,3,Lightfoot Angel,514633,Sporting Life,https://www.sportinglife.com/greyhounds/racecards/2026-09-02/dunstall-park/racecard/514633
2026-09-02,Dunstall Park,18:08,4,Mainoos Girl,514633,Sporting Life,https://www.sportinglife.com/greyhounds/racecards/2026-09-02/dunstall-park/racecard/514633
2026-09-02,Dunstall Park,18:08,5,Moanteen Molly,514633,Sporting Life,https://www.sportinglife.com/greyhounds/racecards/2026-09-02/dunstall-park/racecard/514633
2026-09-02,Dunstall Park,18:08,6,Moulton Mickey,514633,Sporting Life,https://www.sportinglife.com/greyhounds/racecards/2026-09-02/dunstall-park/racecard/514633
2026-09-02,Dunstall Park,18:26,1,Swift Wag,514634,Sporting Life,https://www.sportinglife.com/greyhounds/racecards/2026-09-02/dunstall-park/racecard/514634
2026-09-02,Dunstall Park,18:26,2,Ballymac Elijah,514634,Sporting Life,https://www.sportinglife.com/greyhounds/racecards/2026-09-02/dunstall-park/racecard/514634
2026-09-02,Dunstall Park,18:26,3,Malaika Queen,514634,Sporting Life,https://www.sportinglife.com/greyhounds/racecards/2026-09-02/dunstall-park/racecard/514634
2026-09-02,Dunstall Park,18:26,4,Southwind Ned,514634,Sporting Life,https://www.sportinglife.com/greyhounds/racecards/2026-09-02/dunstall-park/racecard/514634
2026-09-02,Dunstall Park,18:26,5,Devilgate Joe,514634,Sporting Life,https://www.sportinglife.com/greyhounds/racecards/2026-09-02/dunstall-park/racecard/514634
2026-09-02,Dunstall Park,18:42,1,Roanna Dizzy,514635,Sporting Life,https://www.sportinglife.com/greyhounds/racecards/2026-09-02/dunstall-park/racecard/514635
2026-09-02,Dunstall Park,18:42,2,Listen Angie,514635,Sporting Life,https://www.sportinglife.com/greyhounds/racecards/2026-09-02/dunstall-park/racecard/514635
2026-09-02,Dunstall Park,18:42,3,Ashtons Rosalina,514635,Sporting Life,https://www.sportinglife.com/greyhounds/racecards/2026-09-02/dunstall-park/racecard/514635
2026-09-02,Dunstall Park,18:42,4,Flyhigh Pebbles,514635,Sporting Life,https://www.sportinglife.com/greyhounds/racecards/2026-09-02/dunstall-park/racecard/514635
2026-09-02,Dunstall Park,18:42,5,Saka Cracker,514635,Sporting Life,https://www.sportinglife.com/greyhounds/racecards/2026-09-02/dunstall-park/racecard/514635
2026-09-02,Dunstall Park,18:42,6,Rathsilla Gizmo,514635,Sporting Life,https://www.sportinglife.com/greyhounds/racecards/2026-09-02/dunstall-park/racecard/514635
2026-09-02,Dunstall Park,18:59,1,Cloughtaney Chaz,514636,Sporting Life,https://www.sportinglife.com/greyhounds/racecards/2026-09-02/dunstall-park/racecard/514636
2026-09-02,Dunstall Park,18:59,2,Buda Tom,514636,Sporting Life,https://www.sportinglife.com/greyhounds/racecards/2026-09-02/dunstall-park/racecard/514636
2026-09-02,Dunstall Park,18:59,3,Swift Filippa,514636,Sporting Life,https://www.sportinglife.com/greyhounds/racecards/2026-09-02/dunstall-park/racecard/514636
2026-09-02,Dunstall Park,18:59,4,Groveshill Boss,514636,Sporting Life,https://www.sportinglife.com/greyhounds/racecards/2026-09-02/dunstall-park/racecard/514636
2026-09-02,Dunstall Park,18:59,5,Showemyourtail,514636,Sporting Life,https://www.sportinglife.com/greyhounds/racecards/2026-09-02/dunstall-park/racecard/514636
2026-09-02,Dunstall Park,18:59,6,Shuffle The Deck,514636,Sporting Life,https://www.sportinglife.com/greyhounds/racecards/2026-09-02/dunstall-park/racecard/514636
2026-09-02,Dunstall Park,19:16,1,Tantalising Joy,514637,Sporting Life,https://www.sportinglife.com/greyhounds/racecards/2026-09-02/dunstall-park/racecard/514637
2026-09-02,Dunstall Park,19:16,2,Burrows Shadow,514637,Sporting Life,https://www.sportinglife.com/greyhounds/racecards/2026-09-02/dunstall-park/racecard/514637
2026-09-02,Dunstall Park,19:16,3,Blazeaway Tee,514637,Sporting Life,https://www.sportinglife.com/greyhounds/racecards/2026-09-02/dunstall-park/racecard/514637
2026-09-02,Dunstall Park,19:16,4,Swift Olympia,514637,Sporting Life,https://www.sportinglife.com/greyhounds/racecards/2026-09-02/dunstall-park/racecard/514637
2026-09-02,Dunstall Park,19:16,5,Shockwave Sirius,514637,Sporting Life,https://www.sportinglife.com/greyhounds/racecards/2026-09-02/dunstall-park/racecard/514637
2026-09-02,Dunstall Park,19:33,1,Kiltealy,514638,Sporting Life,https://www.sportinglife.com/greyhounds/racecards/2026-09-02/dunstall-park/racecard/514638
2026-09-02,Dunstall Park,19:33,2,Wicky Rodge,514638,Sporting Life,https://www.sportinglife.com/greyhounds/racecards/2026-09-02/dunstall-park/racecard/514638
2026-09-02,Dunstall Park,19:33,3,Sister Grace,514638,Sporting Life,https://www.sportinglife.com/greyhounds/racecards/2026-09-02/dunstall-park/racecard/514638
2026-09-02,Dunstall Park,19:33,4,Ashtons Deako,514638,Sporting Life,https://www.sportinglife.com/greyhounds/racecards/2026-09-02/dunstall-park/racecard/514638
2026-09-02,Dunstall Park,19:33,5,Final Furlong,514638,Sporting Life,https://www.sportinglife.com/greyhounds/racecards/2026-09-02/dunstall-park/racecard/514638
2026-09-02,Dunstall Park,19:33,6,Mr Gaffney,514638,Sporting Life,https://www.sportinglife.com/greyhounds/racecards/2026-09-02/dunstall-park/racecard/514638
2026-09-02,Dunstall Park,19:49,1,Detroit Blu,514639,Sporting Life,https://www.sportinglife.com/greyhounds/racecards/2026-09-02/dunstall-park/racecard/514639
2026-09-02,Dunstall Park,19:49,2,Skin Fade,514639,Sporting Life,https://www.sportinglife.com/greyhounds/racecards/2026-09-02/dunstall-park/racecard/514639
2026-09-02,Dunstall Park,19:49,3,Breezer,514639,Sporting Life,https://www.sportinglife.com/greyhounds/racecards/2026-09-02/dunstall-park/racecard/514639
2026-09-02,Dunstall Park,19:49,4,Wingates Baloo,514639,Sporting Life,https://www.sportinglife.com/greyhounds/racecards/2026-09-02/dunstall-park/racecard/514639
2026-09-02,Dunstall Park,19:49,5,Heatseeker,514639,Sporting Life,https://www.sportinglife.com/greyhounds/racecards/2026-09-02/dunstall-park/racecard/514639
2026-09-02,Dunstall Park,19:49,6,Tee Emgee Flyer,514639,Sporting Life,https://www.sportinglife.com/greyhounds/racecards/2026-09-02/dunstall-park/racecard/514639
2026-09-02,Dunstall Park,20:07,1,Tantalising Jess,514640,Sporting Life,https://www.sportinglife.com/greyhounds/racecards/2026-09-02/dunstall-park/racecard/514640
2026-09-02,Dunstall Park,20:07,2,Tan And Lashes,514640,Sporting Life,https://www.sportinglife.com/greyhounds/racecards/2026-09-02/dunstall-park/racecard/514640
2026-09-02,Dunstall Park,20:07,3,Kelseys Angel,514640,Sporting Life,https://www.sportinglife.com/greyhounds/racecards/2026-09-02/dunstall-park/racecard/514640
2026-09-02,Dunstall Park,20:07,4,Headford Shark,514640,Sporting Life,https://www.sportinglife.com/greyhounds/racecards/2026-09-02/dunstall-park/racecard/514640
2026-09-02,Dunstall Park,20:07,5,Vixons Samba,514640,Sporting Life,https://www.sportinglife.com/greyhounds/racecards/2026-09-02/dunstall-park/racecard/514640
2026-09-02,Dunstall Park,20:07,6,Colliers Flight,514640,Sporting Life,https://www.sportinglife.com/greyhounds/racecards/2026-09-02/dunstall-park/racecard/514640
2026-09-02,Dunstall Park,20:24,1,Mohican Lisa,514641,Sporting Life,https://www.sportinglife.com/greyhounds/racecards/2026-09-02/dunstall-park/racecard/514641
2026-09-02,Dunstall Park,20:24,2,Hello Mate,514641,Sporting Life,https://www.sportinglife.com/greyhounds/racecards/2026-09-02/dunstall-park/racecard/514641
2026-09-02,Dunstall Park,20:24,3,Scarborough Lucy,514641,Sporting Life,https://www.sportinglife.com/greyhounds/racecards/2026-09-02/dunstall-park/racecard/514641
2026-09-02,Dunstall Park,20:24,4,Racecourse Pluto,514641,Sporting Life,https://www.sportinglife.com/greyhounds/racecards/2026-09-02/dunstall-park/racecard/514641
2026-09-02,Dunstall Park,20:24,5,Mongys Boss,514641,Sporting Life,https://www.sportinglife.com/greyhounds/racecards/2026-09-02/dunstall-park/racecard/514641
2026-09-02,Dunstall Park,20:24,6,Shenanigan Dream,514641,Sporting Life,https://www.sportinglife.com/greyhounds/racecards/2026-09-02/dunstall-park/racecard/514641
2026-09-02,Dunstall Park,20:41,1,Headford Sonny,514642,Sporting Life,https://www.sportinglife.com/greyhounds/racecards/2026-09-02/dunstall-park/racecard/514642
2026-09-02,Dunstall Park,20:41,2,Crokers Eimear,514642,Sporting Life,https://www.sportinglife.com/greyhounds/racecards/2026-09-02/dunstall-park/racecard/514642
2026-09-02,Dunstall Park,20:41,3,Al Be Chloe,514642,Sporting Life,https://www.sportinglife.com/greyhounds/racecards/2026-09-02/dunstall-park/racecard/514642
2026-09-02,Dunstall Park,20:41,4,Swift Vein,514642,Sporting Life,https://www.sportinglife.com/greyhounds/racecards/2026-09-02/dunstall-park/racecard/514642
2026-09-02,Dunstall Park,20:41,5,Tinnaban Taylor,514642,Sporting Life,https://www.sportinglife.com/greyhounds/racecards/2026-09-02/dunstall-park/racecard/514642
2026-09-02,Dunstall Park,20:41,6,Fairest View,514642,Sporting Life,https://www.sportinglife.com/greyhounds/racecards/2026-09-02/dunstall-park/racecard/514642
2026-09-02,Dunstall Park,20:59,1,Pharis Roxy,514643,Sporting Life,https://www.sportinglife.com/greyhounds/racecards/2026-09-02/dunstall-park/racecard/514643
2026-09-02,Dunstall Park,20:59,2,Taffy Sarrug,514643,Sporting Life,https://www.sportinglife.com/greyhounds/racecards/2026-09-02/dunstall-park/racecard/514643
2026-09-02,Dunstall Park,20:59,3,My Midnitespoton,514643,Sporting Life,https://www.sportinglife.com/greyhounds/racecards/2026-09-02/dunstall-park/racecard/514643
2026-09-02,Dunstall Park,20:59,4,Tee Emgee Outlaw,514643,Sporting Life,https://www.sportinglife.com/greyhounds/racecards/2026-09-02/dunstall-park/racecard/514643
2026-09-02,Dunstall Park,20:59,5,Soap Box Heads,514643,Sporting Life,https://www.sportinglife.com/greyhounds/racecards/2026-09-02/dunstall-park/racecard/514643
2026-09-02,Dunstall Park,20:59,6,Moyar Gossip,514643,Sporting Life,https://www.sportinglife.com/greyhounds/racecards/2026-09-02/dunstall-park/racecard/514643
2026-09-02,Dunstall Park,21:16,1,Angels Oakley,514644,Sporting Life,https://www.sportinglife.com/greyhounds/racecards/2026-09-02/dunstall-park/racecard/514644
2026-09-02,Dunstall Park,21:16,2,Moyar Hill,514644,Sporting Life,https://www.sportinglife.com/greyhounds/racecards/2026-09-02/dunstall-park/racecard/514644
2026-09-02,Dunstall Park,21:16,3,Sparta Bell,514644,Sporting Life,https://www.sportinglife.com/greyhounds/racecards/2026-09-02/dunstall-park/racecard/514644
2026-09-02,Dunstall Park,21:16,4,Mohican Hallie,514644,Sporting Life,https://www.sportinglife.com/greyhounds/racecards/2026-09-02/dunstall-park/racecard/514644
2026-09-02,Dunstall Park,21:16,5,Final Frontier,514644,Sporting Life,https://www.sportinglife.com/greyhounds/racecards/2026-09-02/dunstall-park/racecard/514644
2026-09-02,Dunstall Park,21:16,6,Mid Tipp Goose,514644,Sporting Life,https://www.sportinglife.com/greyhounds/racecards/2026-09-02/dunstall-park/racecard/514644
2026-09-02,Harlow,10:32,1,Moaning Allora,514664,Sporting Life,https://www.sportinglife.com/greyhounds/racecards/2026-09-02/harlow/racecard/514664
2026-09-02,Harlow,10:32,2,Gooner Be Good,514664,Sporting Life,https://www.sportinglife.com/greyhounds/racecards/2026-09-02/harlow/racecard/514664
2026-09-02,Harlow,10:32,3,Nipper,514664,Sporting Life,https://www.sportinglife.com/greyhounds/racecards/2026-09-02/harlow/racecard/514664
2026-09-02,Harlow,10:32,4,Heres Victoria,514664,Sporting Life,https://www.sportinglife.com/greyhounds/racecards/2026-09-02/harlow/racecard/514664
2026-09-02,Harlow,10:32,5,Coolruss Izzy,514664,Sporting Life,https://www.sportinglife.com/greyhounds/racecards/2026-09-02/harlow/racecard/514664
2026-09-02,Harlow,10:32,6,For Noreen,514664,Sporting Life,https://www.sportinglife.com/greyhounds/racecards/2026-09-02/harlow/racecard/514664
2026-09-02,Harlow,10:48,1,Tapa Torpedo,514665,Sporting Life,https://www.sportinglife.com/greyhounds/racecards/2026-09-02/harlow/racecard/514665
2026-09-02,Harlow,10:48,2,Crystal Luna,514665,Sporting Life,https://www.sportinglife.com/greyhounds/racecards/2026-09-02/harlow/racecard/514665
2026-09-02,Harlow,10:48,3,Edermine Magic,514665,Sporting Life,https://www.sportinglife.com/greyhounds/racecards/2026-09-02/harlow/racecard/514665
2026-09-02,Harlow,10:48,4,Cree Lullaby,514665,Sporting Life,https://www.sportinglife.com/greyhounds/racecards/2026-09-02/harlow/racecard/514665
2026-09-02,Harlow,10:48,5,Royston Rubble,514665,Sporting Life,https://www.sportinglife.com/greyhounds/racecards/2026-09-02/harlow/racecard/514665
2026-09-02,Harlow,10:48,6,Olwinn Jackson,514665,Sporting Life,https://www.sportinglife.com/greyhounds/racecards/2026-09-02/harlow/racecard/514665
2026-09-02,Harlow,11:04,1,Blue Gemstone,514666,Sporting Life,https://www.sportinglife.com/greyhounds/racecards/2026-09-02/harlow/racecard/514666
2026-09-02,Harlow,11:04,2,Burkos Destiny,514666,Sporting Life,https://www.sportinglife.com/greyhounds/racecards/2026-09-02/harlow/racecard/514666
2026-09-02,Harlow,11:04,3,Foxrock Alfie,514666,Sporting Life,https://www.sportinglife.com/greyhounds/racecards/2026-09-02/harlow/racecard/514666
2026-09-02,Harlow,11:04,5,Pips Rosie,514666,Sporting Life,https://www.sportinglife.com/greyhounds/racecards/2026-09-02/harlow/racecard/514666
2026-09-02,Harlow,11:04,6,Moaning Monster,514666,Sporting Life,https://www.sportinglife.com/greyhounds/racecards/2026-09-02/harlow/racecard/514666
2026-09-02,Harlow,11:21,1,More Firepower,514667,Sporting Life,https://www.sportinglife.com/greyhounds/racecards/2026-09-02/harlow/racecard/514667
2026-09-02,Harlow,11:21,2,Rallying Wood,514667,Sporting Life,https://www.sportinglife.com/greyhounds/racecards/2026-09-02/harlow/racecard/514667
2026-09-02,Harlow,11:21,3,Tinks That,514667,Sporting Life,https://www.sportinglife.com/greyhounds/racecards/2026-09-02/harlow/racecard/514667
2026-09-02,Harlow,11:21,4,Lemon Beaufort,514667,Sporting Life,https://www.sportinglife.com/greyhounds/racecards/2026-09-02/harlow/racecard/514667
2026-09-02,Harlow,11:21,5,Doggy Parton,514667,Sporting Life,https://www.sportinglife.com/greyhounds/racecards/2026-09-02/harlow/racecard/514667
2026-09-02,Harlow,11:21,6,Tanvalley Robin,514667,Sporting Life,https://www.sportinglife.com/greyhounds/racecards/2026-09-02/harlow/racecard/514667
2026-09-02,Harlow,11:38,2,Headford Musk,514668,Sporting Life,https://www.sportinglife.com/greyhounds/racecards/2026-09-02/harlow/racecard/514668
2026-09-02,Harlow,11:38,3,Moaning Hagler,514668,Sporting Life,https://www.sportinglife.com/greyhounds/racecards/2026-09-02/harlow/racecard/514668
2026-09-02,Harlow,11:38,4,Moaning May,514668,Sporting Life,https://www.sportinglife.com/greyhounds/racecards/2026-09-02/harlow/racecard/514668
2026-09-02,Harlow,11:38,5,Swift Opel,514668,Sporting Life,https://www.sportinglife.com/greyhounds/racecards/2026-09-02/harlow/racecard/514668
2026-09-02,Harlow,11:38,6,Tinas Liberty,514668,Sporting Life,https://www.sportinglife.com/greyhounds/racecards/2026-09-02/harlow/racecard/514668
2026-09-02,Harlow,11:54,1,Salems Lily,514669,Sporting Life,https://www.sportinglife.com/greyhounds/racecards/2026-09-02/harlow/racecard/514669
2026-09-02,Harlow,11:54,2,Skirk Sky,514669,Sporting Life,https://www.sportinglife.com/greyhounds/racecards/2026-09-02/harlow/racecard/514669
2026-09-02,Harlow,11:54,3,Black Gem,514669,Sporting Life,https://www.sportinglife.com/greyhounds/racecards/2026-09-02/harlow/racecard/514669
2026-09-02,Harlow,11:54,4,Oppo,514669,Sporting Life,https://www.sportinglife.com/greyhounds/racecards/2026-09-02/harlow/racecard/514669
2026-09-02,Harlow,11:54,5,Simply Perfect,514669,Sporting Life,https://www.sportinglife.com/greyhounds/racecards/2026-09-02/harlow/racecard/514669
2026-09-02,Harlow,11:54,6,Boreen Pearl,514669,Sporting Life,https://www.sportinglife.com/greyhounds/racecards/2026-09-02/harlow/racecard/514669
2026-09-02,Harlow,12:12,1,My Fancy Ways,514670,Sporting Life,https://www.sportinglife.com/greyhounds/racecards/2026-09-02/harlow/racecard/514670
2026-09-02,Harlow,12:12,2,Dashgrove Sam,514670,Sporting Life,https://www.sportinglife.com/greyhounds/racecards/2026-09-02/harlow/racecard/514670
2026-09-02,Harlow,12:12,3,Donegal Shane,514670,Sporting Life,https://www.sportinglife.com/greyhounds/racecards/2026-09-02/harlow/racecard/514670
2026-09-02,Harlow,12:12,4,Moaning Gamble,514670,Sporting Life,https://www.sportinglife.com/greyhounds/racecards/2026-09-02/harlow/racecard/514670
2026-09-02,Harlow,12:12,5,Skidrow Strongbo,514670,Sporting Life,https://www.sportinglife.com/greyhounds/racecards/2026-09-02/harlow/racecard/514670
2026-09-02,Harlow,12:12,6,Front Boo,514670,Sporting Life,https://www.sportinglife.com/greyhounds/racecards/2026-09-02/harlow/racecard/514670
2026-09-02,Harlow,12:29,1,Likeyoustoleit,514671,Sporting Life,https://www.sportinglife.com/greyhounds/racecards/2026-09-02/harlow/racecard/514671
2026-09-02,Harlow,12:29,3,Ballymac Julia,514671,Sporting Life,https://www.sportinglife.com/greyhounds/racecards/2026-09-02/harlow/racecard/514671
2026-09-02,Harlow,12:29,4,Sloyans Ace,514671,Sporting Life,https://www.sportinglife.com/greyhounds/racecards/2026-09-02/harlow/racecard/514671
2026-09-02,Harlow,12:29,5,Moaning Mai Tai,514671,Sporting Life,https://www.sportinglife.com/greyhounds/racecards/2026-09-02/harlow/racecard/514671
2026-09-02,Harlow,12:29,6,Ballinabola Vol,514671,Sporting Life,https://www.sportinglife.com/greyhounds/racecards/2026-09-02/harlow/racecard/514671
2026-09-02,Harlow,12:46,1,Hollyhill Ma,514672,Sporting Life,https://www.sportinglife.com/greyhounds/racecards/2026-09-02/harlow/racecard/514672
2026-09-02,Harlow,12:46,3,Moaning Dior,514672,Sporting Life,https://www.sportinglife.com/greyhounds/racecards/2026-09-02/harlow/racecard/514672
2026-09-02,Harlow,12:46,4,Barrington Chap,514672,Sporting Life,https://www.sportinglife.com/greyhounds/racecards/2026-09-02/harlow/racecard/514672
2026-09-02,Harlow,12:46,5,Miss Margaret,514672,Sporting Life,https://www.sportinglife.com/greyhounds/racecards/2026-09-02/harlow/racecard/514672
2026-09-02,Harlow,12:46,6,Blackheath Charm,514672,Sporting Life,https://www.sportinglife.com/greyhounds/racecards/2026-09-02/harlow/racecard/514672
2026-09-02,Harlow,13:03,1,Blastoff Bailly,514673,Sporting Life,https://www.sportinglife.com/greyhounds/racecards/2026-09-02/harlow/racecard/514673
2026-09-02,Harlow,13:03,2,Old Bed Forrest,514673,Sporting Life,https://www.sportinglife.com/greyhounds/racecards/2026-09-02/harlow/racecard/514673
2026-09-02,Harlow,13:03,3,Essjay Ceearejay,514673,Sporting Life,https://www.sportinglife.com/greyhounds/racecards/2026-09-02/harlow/racecard/514673
2026-09-02,Harlow,13:03,4,El Cairos,514673,Sporting Life,https://www.sportinglife.com/greyhounds/racecards/2026-09-02/harlow/racecard/514673
2026-09-02,Harlow,13:03,5,Divine Rule,514673,Sporting Life,https://www.sportinglife.com/greyhounds/racecards/2026-09-02/harlow/racecard/514673
2026-09-02,Harlow,13:03,6,Fairhill Hug,514673,Sporting Life,https://www.sportinglife.com/greyhounds/racecards/2026-09-02/harlow/racecard/514673
2026-09-02,Harlow,13:19,1,Day Tripper,514674,Sporting Life,https://www.sportinglife.com/greyhounds/racecards/2026-09-02/harlow/racecard/514674
2026-09-02,Harlow,13:19,2,Maddox Rose,514674,Sporting Life,https://www.sportinglife.com/greyhounds/racecards/2026-09-02/harlow/racecard/514674
2026-09-02,Harlow,13:19,3,Skinny Pete,514674,Sporting Life,https://www.sportinglife.com/greyhounds/racecards/2026-09-02/harlow/racecard/514674
2026-09-02,Harlow,13:19,4,Mikeys Pick,514674,Sporting Life,https://www.sportinglife.com/greyhounds/racecards/2026-09-02/harlow/racecard/514674
2026-09-02,Harlow,13:19,5,Tis The Time,514674,Sporting Life,https://www.sportinglife.com/greyhounds/racecards/2026-09-02/harlow/racecard/514674
2026-09-02,Harlow,13:19,6,Ardnasool Hulk,514674,Sporting Life,https://www.sportinglife.com/greyhounds/racecards/2026-09-02/harlow/racecard/514674
2026-09-02,Harlow,13:37,1,Moaning Thelma,514675,Sporting Life,https://www.sportinglife.com/greyhounds/racecards/2026-09-02/harlow/racecard/514675
2026-09-02,Harlow,13:37,2,Comer Canal,514675,Sporting Life,https://www.sportinglife.com/greyhounds/racecards/2026-09-02/harlow/racecard/514675
2026-09-02,Harlow,13:37,3,Random Lou,514675,Sporting Life,https://www.sportinglife.com/greyhounds/racecards/2026-09-02/harlow/racecard/514675
2026-09-02,Harlow,13:37,4,Random Izzy,514675,Sporting Life,https://www.sportinglife.com/greyhounds/racecards/2026-09-02/harlow/racecard/514675
2026-09-02,Harlow,13:37,5,Tobergal View,514675,Sporting Life,https://www.sportinglife.com/greyhounds/racecards/2026-09-02/harlow/racecard/514675
2026-09-02,Harlow,13:37,6,Jamaica Luna,514675,Sporting Life,https://www.sportinglife.com/greyhounds/racecards/2026-09-02/harlow/racecard/514675
2026-09-02,Harlow,13:54,1,Glenadda Lily,514676,Sporting Life,https://www.sportinglife.com/greyhounds/racecards/2026-09-02/harlow/racecard/514676
2026-09-02,Harlow,13:54,2,Marys Glen,514676,Sporting Life,https://www.sportinglife.com/greyhounds/racecards/2026-09-02/harlow/racecard/514676
2026-09-02,Harlow,13:54,3,Foxrock Bell,514676,Sporting Life,https://www.sportinglife.com/greyhounds/racecards/2026-09-02/harlow/racecard/514676
2026-09-02,Harlow,13:54,4,Minnies Volga,514676,Sporting Life,https://www.sportinglife.com/greyhounds/racecards/2026-09-02/harlow/racecard/514676
2026-09-02,Harlow,13:54,5,Syls Angel,514676,Sporting Life,https://www.sportinglife.com/greyhounds/racecards/2026-09-02/harlow/racecard/514676
2026-09-02,Harlow,13:54,6,Absconder,514676,Sporting Life,https://www.sportinglife.com/greyhounds/racecards/2026-09-02/harlow/racecard/514676
2026-09-02,Harlow,14:11,1,Rathmeehan Suzy,514677,Sporting Life,https://www.sportinglife.com/greyhounds/racecards/2026-09-02/harlow/racecard/514677
2026-09-02,Harlow,14:11,2,Havana Kaci,514677,Sporting Life,https://www.sportinglife.com/greyhounds/racecards/2026-09-02/harlow/racecard/514677
2026-09-02,Harlow,14:11,3,Caislean Champ,514677,Sporting Life,https://www.sportinglife.com/greyhounds/racecards/2026-09-02/harlow/racecard/514677
2026-09-02,Harlow,14:11,4,Millview Bobby,514677,Sporting Life,https://www.sportinglife.com/greyhounds/racecards/2026-09-02/harlow/racecard/514677
2026-09-02,Harlow,14:11,5,Sine Nomine,514677,Sporting Life,https://www.sportinglife.com/greyhounds/racecards/2026-09-02/harlow/racecard/514677
2026-09-02,Harlow,14:11,6,Edermine Bucks,514677,Sporting Life,https://www.sportinglife.com/greyhounds/racecards/2026-09-02/harlow/racecard/514677
2026-09-02,Harlow,18:11,2,Keefill Coco,514678,Sporting Life,https://www.sportinglife.com/greyhounds/racecards/2026-09-02/harlow/racecard/514678
2026-09-02,Harlow,18:11,3,Mabels Ribbons,514678,Sporting Life,https://www.sportinglife.com/greyhounds/racecards/2026-09-02/harlow/racecard/514678
2026-09-02,Harlow,18:11,4,My Bella Rose,514678,Sporting Life,https://www.sportinglife.com/greyhounds/racecards/2026-09-02/harlow/racecard/514678
2026-09-02,Harlow,18:11,5,Maybe Later,514678,Sporting Life,https://www.sportinglife.com/greyhounds/racecards/2026-09-02/harlow/racecard/514678
2026-09-02,Harlow,18:11,6,Savana Boycie,514678,Sporting Life,https://www.sportinglife.com/greyhounds/racecards/2026-09-02/harlow/racecard/514678
2026-09-02,Harlow,18:29,1,Aero Callie,514679,Sporting Life,https://www.sportinglife.com/greyhounds/racecards/2026-09-02/harlow/racecard/514679
2026-09-02,Harlow,18:29,2,Yo Cashout,514679,Sporting Life,https://www.sportinglife.com/greyhounds/racecards/2026-09-02/harlow/racecard/514679
2026-09-02,Harlow,18:29,3,Glasheen Zoey,514679,Sporting Life,https://www.sportinglife.com/greyhounds/racecards/2026-09-02/harlow/racecard/514679
2026-09-02,Harlow,18:29,4,Hawkfield Impact,514679,Sporting Life,https://www.sportinglife.com/greyhounds/racecards/2026-09-02/harlow/racecard/514679
2026-09-02,Harlow,18:29,5,Yo Magic,514679,Sporting Life,https://www.sportinglife.com/greyhounds/racecards/2026-09-02/harlow/racecard/514679
2026-09-02,Harlow,18:29,6,Devil In A Dress,514679,Sporting Life,https://www.sportinglife.com/greyhounds/racecards/2026-09-02/harlow/racecard/514679
2026-09-02,Harlow,18:46,1,Salems Blues,514680,Sporting Life,https://www.sportinglife.com/greyhounds/racecards/2026-09-02/harlow/racecard/514680
2026-09-02,Harlow,18:46,2,Savana Maggiemay,514680,Sporting Life,https://www.sportinglife.com/greyhounds/racecards/2026-09-02/harlow/racecard/514680
2026-09-02,Harlow,18:46,3,Townsend Daisy,514680,Sporting Life,https://www.sportinglife.com/greyhounds/racecards/2026-09-02/harlow/racecard/514680
2026-09-02,Harlow,18:46,5,Breakaway Bell,514680,Sporting Life,https://www.sportinglife.com/greyhounds/racecards/2026-09-02/harlow/racecard/514680
2026-09-02,Harlow,18:46,6,Baran Ghost,514680,Sporting Life,https://www.sportinglife.com/greyhounds/racecards/2026-09-02/harlow/racecard/514680
2026-09-02,Harlow,19:04,1,Dunnanelly Exit,514681,Sporting Life,https://www.sportinglife.com/greyhounds/racecards/2026-09-02/harlow/racecard/514681
2026-09-02,Harlow,19:04,2,Howsyerday Dolly,514681,Sporting Life,https://www.sportinglife.com/greyhounds/racecards/2026-09-02/harlow/racecard/514681
2026-09-02,Harlow,19:04,3,Jumbos Cairo,514681,Sporting Life,https://www.sportinglife.com/greyhounds/racecards/2026-09-02/harlow/racecard/514681
2026-09-02,Harlow,19:04,5,Wilbys Flyer,514681,Sporting Life,https://www.sportinglife.com/greyhounds/racecards/2026-09-02/harlow/racecard/514681
2026-09-02,Harlow,19:04,6,Lightupthedark,514681,Sporting Life,https://www.sportinglife.com/greyhounds/racecards/2026-09-02/harlow/racecard/514681
2026-09-02,Harlow,19:24,1,Savana Ripple,514682,Sporting Life,https://www.sportinglife.com/greyhounds/racecards/2026-09-02/harlow/racecard/514682
2026-09-02,Harlow,19:24,2,Hillcroft Mick,514682,Sporting Life,https://www.sportinglife.com/greyhounds/racecards/2026-09-02/harlow/racecard/514682
2026-09-02,Harlow,19:24,3,Portora Gold,514682,Sporting Life,https://www.sportinglife.com/greyhounds/racecards/2026-09-02/harlow/racecard/514682
2026-09-02,Harlow,19:24,4,Luminous Cutie,514682,Sporting Life,https://www.sportinglife.com/greyhounds/racecards/2026-09-02/harlow/racecard/514682
2026-09-02,Harlow,19:24,6,Tommys Crown,514682,Sporting Life,https://www.sportinglife.com/greyhounds/racecards/2026-09-02/harlow/racecard/514682
2026-09-02,Harlow,19:42,1,Southwind Oz,514683,Sporting Life,https://www.sportinglife.com/greyhounds/racecards/2026-09-02/harlow/racecard/514683
2026-09-02,Harlow,19:42,3,Canya Tick,514683,Sporting Life,https://www.sportinglife.com/greyhounds/racecards/2026-09-02/harlow/racecard/514683
2026-09-02,Harlow,19:42,4,Early Pace,514683,Sporting Life,https://www.sportinglife.com/greyhounds/racecards/2026-09-02/harlow/racecard/514683
2026-09-02,Harlow,19:42,5,Alno Sue,514683,Sporting Life,https://www.sportinglife.com/greyhounds/racecards/2026-09-02/harlow/racecard/514683
2026-09-02,Harlow,19:42,6,Savana Sakari,514683,Sporting Life,https://www.sportinglife.com/greyhounds/racecards/2026-09-02/harlow/racecard/514683
2026-09-02,Harlow,19:58,1,Yo Dutchess,514684,Sporting Life,https://www.sportinglife.com/greyhounds/racecards/2026-09-02/harlow/racecard/514684
2026-09-02,Harlow,19:58,2,Savana Ohmy Jo,514684,Sporting Life,https://www.sportinglife.com/greyhounds/racecards/2026-09-02/harlow/racecard/514684
2026-09-02,Harlow,19:58,3,Bouncy Jet,514684,Sporting Life,https://www.sportinglife.com/greyhounds/racecards/2026-09-02/harlow/racecard/514684
2026-09-02,Harlow,19:58,4,Spade Work,514684,Sporting Life,https://www.sportinglife.com/greyhounds/racecards/2026-09-02/harlow/racecard/514684
2026-09-02,Harlow,19:58,6,Leathems Bingo,514684,Sporting Life,https://www.sportinglife.com/greyhounds/racecards/2026-09-02/harlow/racecard/514684
2026-09-02,Harlow,20:16,1,Britbull Poppy,514685,Sporting Life,https://www.sportinglife.com/greyhounds/racecards/2026-09-02/harlow/racecard/514685
2026-09-02,Harlow,20:16,2,Kilgarran Rub,514685,Sporting Life,https://www.sportinglife.com/greyhounds/racecards/2026-09-02/harlow/racecard/514685
2026-09-02,Harlow,20:16,3,Maeda,514685,Sporting Life,https://www.sportinglife.com/greyhounds/racecards/2026-09-02/harlow/racecard/514685
2026-09-02,Harlow,20:16,4,Tyford Pet,514685,Sporting Life,https://www.sportinglife.com/greyhounds/racecards/2026-09-02/harlow/racecard/514685
2026-09-02,Harlow,20:16,5,Perfecto Dupont,514685,Sporting Life,https://www.sportinglife.com/greyhounds/racecards/2026-09-02/harlow/racecard/514685
2026-09-02,Harlow,20:16,6,Bisto Rio,514685,Sporting Life,https://www.sportinglife.com/greyhounds/racecards/2026-09-02/harlow/racecard/514685
2026-09-02,Harlow,20:34,1,Townsend Abby,514686,Sporting Life,https://www.sportinglife.com/greyhounds/racecards/2026-09-02/harlow/racecard/514686
2026-09-02,Harlow,20:34,2,Savana Max,514686,Sporting Life,https://www.sportinglife.com/greyhounds/racecards/2026-09-02/harlow/racecard/514686
2026-09-02,Harlow,20:34,3,Colrose Queen,514686,Sporting Life,https://www.sportinglife.com/greyhounds/racecards/2026-09-02/harlow/racecard/514686
2026-09-02,Harlow,20:34,4,Samrose Taylor,514686,Sporting Life,https://www.sportinglife.com/greyhounds/racecards/2026-09-02/harlow/racecard/514686
2026-09-02,Harlow,20:34,6,Keepers Notgrove,514686,Sporting Life,https://www.sportinglife.com/greyhounds/racecards/2026-09-02/harlow/racecard/514686
2026-09-02,Harlow,20:52,1,Unlikely Maddie,514687,Sporting Life,https://www.sportinglife.com/greyhounds/racecards/2026-09-02/harlow/racecard/514687
2026-09-02,Harlow,20:52,2,Rockmount Sylvie,514687,Sporting Life,https://www.sportinglife.com/greyhounds/racecards/2026-09-02/harlow/racecard/514687
2026-09-02,Harlow,20:52,3,Romantic Yvonne,514687,Sporting Life,https://www.sportinglife.com/greyhounds/racecards/2026-09-02/harlow/racecard/514687
2026-09-02,Harlow,20:52,4,Ballybreen Zeta,514687,Sporting Life,https://www.sportinglife.com/greyhounds/racecards/2026-09-02/harlow/racecard/514687
2026-09-02,Harlow,20:52,5,Savana Bueno,514687,Sporting Life,https://www.sportinglife.com/greyhounds/racecards/2026-09-02/harlow/racecard/514687
2026-09-02,Harlow,20:52,6,Signet Toofy,514687,Sporting Life,https://www.sportinglife.com/greyhounds/racecards/2026-09-02/harlow/racecard/514687
2026-09-02,Harlow,21:09,1,Nolas Bigfoot,514688,Sporting Life,https://www.sportinglife.com/greyhounds/racecards/2026-09-02/harlow/racecard/514688
2026-09-02,Harlow,21:09,2,Savana Rip,514688,Sporting Life,https://www.sportinglife.com/greyhounds/racecards/2026-09-02/harlow/racecard/514688
2026-09-02,Harlow,21:09,3,Savana Albert,514688,Sporting Life,https://www.sportinglife.com/greyhounds/racecards/2026-09-02/harlow/racecard/514688
2026-09-02,Harlow,21:09,4,Tullycanna Sadie,514688,Sporting Life,https://www.sportinglife.com/greyhounds/racecards/2026-09-02/harlow/racecard/514688
2026-09-02,Harlow,21:09,5,Townsend Margo,514688,Sporting Life,https://www.sportinglife.com/greyhounds/racecards/2026-09-02/harlow/racecard/514688
2026-09-02,Harlow,21:26,1,Townsend Tonya,514689,Sporting Life,https://www.sportinglife.com/greyhounds/racecards/2026-09-02/harlow/racecard/514689
2026-09-02,Harlow,21:26,2,Da Motor Man,514689,Sporting Life,https://www.sportinglife.com/greyhounds/racecards/2026-09-02/harlow/racecard/514689
2026-09-02,Harlow,21:26,3,Club Dream,514689,Sporting Life,https://www.sportinglife.com/greyhounds/racecards/2026-09-02/harlow/racecard/514689
2026-09-02,Harlow,21:26,4,Savana Monica,514689,Sporting Life,https://www.sportinglife.com/greyhounds/racecards/2026-09-02/harlow/racecard/514689
2026-09-02,Harlow,21:26,5,Skidrow Maria,514689,Sporting Life,https://www.sportinglife.com/greyhounds/racecards/2026-09-02/harlow/racecard/514689
2026-09-02,Harlow,21:26,6,Baran Brady,514689,Sporting Life,https://www.sportinglife.com/greyhounds/racecards/2026-09-02/harlow/racecard/514689
2026-09-02,Hove,14:23,1,Clairekeith Dexi,514702,Sporting Life,https://www.sportinglife.com/greyhounds/racecards/2026-09-02/hove/racecard/514702
2026-09-02,Hove,14:23,2,Sly Bluebird,514702,Sporting Life,https://www.sportinglife.com/greyhounds/racecards/2026-09-02/hove/racecard/514702
2026-09-02,Hove,14:23,3,Fabulous Opera,514702,Sporting Life,https://www.sportinglife.com/greyhounds/racecards/2026-09-02/hove/racecard/514702
2026-09-02,Hove,14:23,4,Yougo Finn,514702,Sporting Life,https://www.sportinglife.com/greyhounds/racecards/2026-09-02/hove/racecard/514702
2026-09-02,Hove,14:23,5,Burrows Sonic,514702,Sporting Life,https://www.sportinglife.com/greyhounds/racecards/2026-09-02/hove/racecard/514702
2026-09-02,Hove,14:23,6,Rapido Willow,514702,Sporting Life,https://www.sportinglife.com/greyhounds/racecards/2026-09-02/hove/racecard/514702
2026-09-02,Hove,14:41,1,Courty Ivy,514703,Sporting Life,https://www.sportinglife.com/greyhounds/racecards/2026-09-02/hove/racecard/514703
2026-09-02,Hove,14:41,2,Ghost Mode,514703,Sporting Life,https://www.sportinglife.com/greyhounds/racecards/2026-09-02/hove/racecard/514703
2026-09-02,Hove,14:41,3,Nice Enough,514703,Sporting Life,https://www.sportinglife.com/greyhounds/racecards/2026-09-02/hove/racecard/514703
2026-09-02,Hove,14:41,4,Hypershock,514703,Sporting Life,https://www.sportinglife.com/greyhounds/racecards/2026-09-02/hove/racecard/514703
2026-09-02,Hove,14:41,6,Homework Diary,514703,Sporting Life,https://www.sportinglife.com/greyhounds/racecards/2026-09-02/hove/racecard/514703
2026-09-02,Hove,15:01,1,Turbine Tynamite,514704,Sporting Life,https://www.sportinglife.com/greyhounds/racecards/2026-09-02/hove/racecard/514704
2026-09-02,Hove,15:01,2,Fatboy Stu,514704,Sporting Life,https://www.sportinglife.com/greyhounds/racecards/2026-09-02/hove/racecard/514704
2026-09-02,Hove,15:01,3,Gin For Lisa,514704,Sporting Life,https://www.sportinglife.com/greyhounds/racecards/2026-09-02/hove/racecard/514704
2026-09-02,Hove,15:01,4,Droopys Mpressiv,514704,Sporting Life,https://www.sportinglife.com/greyhounds/racecards/2026-09-02/hove/racecard/514704
2026-09-02,Hove,15:01,5,Candolim Spice,514704,Sporting Life,https://www.sportinglife.com/greyhounds/racecards/2026-09-02/hove/racecard/514704
2026-09-02,Hove,15:01,6,Droopys Roster,514704,Sporting Life,https://www.sportinglife.com/greyhounds/racecards/2026-09-02/hove/racecard/514704
2026-09-02,Hove,15:19,1,Elite Tim,514705,Sporting Life,https://www.sportinglife.com/greyhounds/racecards/2026-09-02/hove/racecard/514705
2026-09-02,Hove,15:19,2,Zenith Eze,514705,Sporting Life,https://www.sportinglife.com/greyhounds/racecards/2026-09-02/hove/racecard/514705
2026-09-02,Hove,15:19,3,Chain Of Hope,514705,Sporting Life,https://www.sportinglife.com/greyhounds/racecards/2026-09-02/hove/racecard/514705
2026-09-02,Hove,15:19,5,Vegan Warrior,514705,Sporting Life,https://www.sportinglife.com/greyhounds/racecards/2026-09-02/hove/racecard/514705
2026-09-02,Hove,15:19,6,Untold Aave,514705,Sporting Life,https://www.sportinglife.com/greyhounds/racecards/2026-09-02/hove/racecard/514705
2026-09-02,Hove,15:38,1,Minstrels Six,514706,Sporting Life,https://www.sportinglife.com/greyhounds/racecards/2026-09-02/hove/racecard/514706
2026-09-02,Hove,15:38,2,Yougo Jazz,514706,Sporting Life,https://www.sportinglife.com/greyhounds/racecards/2026-09-02/hove/racecard/514706
2026-09-02,Hove,15:38,3,Montalto Glory,514706,Sporting Life,https://www.sportinglife.com/greyhounds/racecards/2026-09-02/hove/racecard/514706
2026-09-02,Hove,15:38,4,Feora Cara,514706,Sporting Life,https://www.sportinglife.com/greyhounds/racecards/2026-09-02/hove/racecard/514706
2026-09-02,Hove,15:38,5,Avarua Herbie,514706,Sporting Life,https://www.sportinglife.com/greyhounds/racecards/2026-09-02/hove/racecard/514706
2026-09-02,Hove,15:57,1,Insane Marshall,514707,Sporting Life,https://www.sportinglife.com/greyhounds/racecards/2026-09-02/hove/racecard/514707
2026-09-02,Hove,15:57,2,Kanturk Man,514707,Sporting Life,https://www.sportinglife.com/greyhounds/racecards/2026-09-02/hove/racecard/514707
2026-09-02,Hove,15:57,3,Mad To Run,514707,Sporting Life,https://www.sportinglife.com/greyhounds/racecards/2026-09-02/hove/racecard/514707
2026-09-02,Hove,15:57,4,Showjumper,514707,Sporting Life,https://www.sportinglife.com/greyhounds/racecards/2026-09-02/hove/racecard/514707
2026-09-02,Hove,15:57,5,Signet Cooper,514707,Sporting Life,https://www.sportinglife.com/greyhounds/racecards/2026-09-02/hove/racecard/514707
2026-09-02,Hove,16:16,1,Smashngrabpunk,514708,Sporting Life,https://www.sportinglife.com/greyhounds/racecards/2026-09-02/hove/racecard/514708
2026-09-02,Hove,16:16,2,Ballymac Humilis,514708,Sporting Life,https://www.sportinglife.com/greyhounds/racecards/2026-09-02/hove/racecard/514708
2026-09-02,Hove,16:16,3,Courancove Cat,514708,Sporting Life,https://www.sportinglife.com/greyhounds/racecards/2026-09-02/hove/racecard/514708
2026-09-02,Hove,16:16,4,Ferryforth Zara,514708,Sporting Life,https://www.sportinglife.com/greyhounds/racecards/2026-09-02/hove/racecard/514708
2026-09-02,Hove,16:16,6,Harley Quinn,514708,Sporting Life,https://www.sportinglife.com/greyhounds/racecards/2026-09-02/hove/racecard/514708
2026-09-02,Hove,16:34,1,Droopys Crafty,514709,Sporting Life,https://www.sportinglife.com/greyhounds/racecards/2026-09-02/hove/racecard/514709
2026-09-02,Hove,16:34,2,Yougo Charlie,514709,Sporting Life,https://www.sportinglife.com/greyhounds/racecards/2026-09-02/hove/racecard/514709
2026-09-02,Hove,16:34,3,Rory The Arb,514709,Sporting Life,https://www.sportinglife.com/greyhounds/racecards/2026-09-02/hove/racecard/514709
2026-09-02,Hove,16:34,4,Au Revoir,514709,Sporting Life,https://www.sportinglife.com/greyhounds/racecards/2026-09-02/hove/racecard/514709
2026-09-02,Hove,16:34,5,Signet Ell,514709,Sporting Life,https://www.sportinglife.com/greyhounds/racecards/2026-09-02/hove/racecard/514709
2026-09-02,Hove,16:34,6,Noelles Glenlo,514709,Sporting Life,https://www.sportinglife.com/greyhounds/racecards/2026-09-02/hove/racecard/514709
2026-09-02,Hove,16:53,1,Melbury Tyr,514710,Sporting Life,https://www.sportinglife.com/greyhounds/racecards/2026-09-02/hove/racecard/514710
2026-09-02,Hove,16:53,2,Believe You Can,514710,Sporting Life,https://www.sportinglife.com/greyhounds/racecards/2026-09-02/hove/racecard/514710
2026-09-02,Hove,16:53,3,Kanturk Tony,514710,Sporting Life,https://www.sportinglife.com/greyhounds/racecards/2026-09-02/hove/racecard/514710
2026-09-02,Hove,16:53,4,Adamant Star,514710,Sporting Life,https://www.sportinglife.com/greyhounds/racecards/2026-09-02/hove/racecard/514710
2026-09-02,Hove,16:53,5,Stormy Bluey,514710,Sporting Life,https://www.sportinglife.com/greyhounds/racecards/2026-09-02/hove/racecard/514710
2026-09-02,Hove,16:53,6,Mustang Maverick,514710,Sporting Life,https://www.sportinglife.com/greyhounds/racecards/2026-09-02/hove/racecard/514710
2026-09-02,Hove,17:12,1,Move Over Eva,514711,Sporting Life,https://www.sportinglife.com/greyhounds/racecards/2026-09-02/hove/racecard/514711
2026-09-02,Hove,17:12,2,Bengals Champ,514711,Sporting Life,https://www.sportinglife.com/greyhounds/racecards/2026-09-02/hove/racecard/514711
2026-09-02,Hove,17:12,4,Small Boss,514711,Sporting Life,https://www.sportinglife.com/greyhounds/racecards/2026-09-02/hove/racecard/514711
2026-09-02,Hove,17:12,5,Curtin Raiser,514711,Sporting Life,https://www.sportinglife.com/greyhounds/racecards/2026-09-02/hove/racecard/514711
2026-09-02,Hove,17:12,6,Oziblue,514711,Sporting Life,https://www.sportinglife.com/greyhounds/racecards/2026-09-02/hove/racecard/514711
2026-09-02,Hove,17:31,1,Daring Duchess,514712,Sporting Life,https://www.sportinglife.com/greyhounds/racecards/2026-09-02/hove/racecard/514712
2026-09-02,Hove,17:31,2,Punk Rock Thief,514712,Sporting Life,https://www.sportinglife.com/greyhounds/racecards/2026-09-02/hove/racecard/514712
2026-09-02,Hove,17:31,3,Broadfieldbullet,514712,Sporting Life,https://www.sportinglife.com/greyhounds/racecards/2026-09-02/hove/racecard/514712
2026-09-02,Hove,17:31,4,Bowles Bullet,514712,Sporting Life,https://www.sportinglife.com/greyhounds/racecards/2026-09-02/hove/racecard/514712
2026-09-02,Hove,17:31,5,Cloheena Rodney,514712,Sporting Life,https://www.sportinglife.com/greyhounds/racecards/2026-09-02/hove/racecard/514712
2026-09-02,Hove,17:31,6,Coppice Frank,514712,Sporting Life,https://www.sportinglife.com/greyhounds/racecards/2026-09-02/hove/racecard/514712
2026-09-02,Hove,17:49,1,Bluestar Gunner,514713,Sporting Life,https://www.sportinglife.com/greyhounds/racecards/2026-09-02/hove/racecard/514713
2026-09-02,Hove,17:49,2,Romeo Havok,514713,Sporting Life,https://www.sportinglife.com/greyhounds/racecards/2026-09-02/hove/racecard/514713
2026-09-02,Hove,17:49,3,Gorgeous Girl,514713,Sporting Life,https://www.sportinglife.com/greyhounds/racecards/2026-09-02/hove/racecard/514713
2026-09-02,Hove,17:49,4,Slippy Queen,514713,Sporting Life,https://www.sportinglife.com/greyhounds/racecards/2026-09-02/hove/racecard/514713
2026-09-02,Hove,17:49,5,Dawncourt Dolly,514713,Sporting Life,https://www.sportinglife.com/greyhounds/racecards/2026-09-02/hove/racecard/514713
2026-09-02,Hove,17:49,6,Peroni Sarah,514713,Sporting Life,https://www.sportinglife.com/greyhounds/racecards/2026-09-02/hove/racecard/514713
2026-09-02,Kinsley,11:14,1,Private Bucks,514621,Sporting Life,https://www.sportinglife.com/greyhounds/racecards/2026-09-02/kinsley/racecard/514621
2026-09-02,Kinsley,11:14,2,Mid Tipp Sophie,514621,Sporting Life,https://www.sportinglife.com/greyhounds/racecards/2026-09-02/kinsley/racecard/514621
2026-09-02,Kinsley,11:14,3,Mineola Topman,514621,Sporting Life,https://www.sportinglife.com/greyhounds/racecards/2026-09-02/kinsley/racecard/514621
2026-09-02,Kinsley,11:14,4,Hazelgrove Pixie,514621,Sporting Life,https://www.sportinglife.com/greyhounds/racecards/2026-09-02/kinsley/racecard/514621
2026-09-02,Kinsley,11:14,5,Swift Loch,514621,Sporting Life,https://www.sportinglife.com/greyhounds/racecards/2026-09-02/kinsley/racecard/514621
2026-09-02,Kinsley,11:14,6,Hazelgrove Pearl,514621,Sporting Life,https://www.sportinglife.com/greyhounds/racecards/2026-09-02/kinsley/racecard/514621
2026-09-02,Kinsley,11:30,1,Dromana Milo,514622,Sporting Life,https://www.sportinglife.com/greyhounds/racecards/2026-09-02/kinsley/racecard/514622
2026-09-02,Kinsley,11:30,2,Crystal Twodots,514622,Sporting Life,https://www.sportinglife.com/greyhounds/racecards/2026-09-02/kinsley/racecard/514622
2026-09-02,Kinsley,11:30,4,Swift Perry,514622,Sporting Life,https://www.sportinglife.com/greyhounds/racecards/2026-09-02/kinsley/racecard/514622
2026-09-02,Kinsley,11:30,5,Mandeville Mist,514622,Sporting Life,https://www.sportinglife.com/greyhounds/racecards/2026-09-02/kinsley/racecard/514622
2026-09-02,Kinsley,11:30,6,Scullys Eddie,514622,Sporting Life,https://www.sportinglife.com/greyhounds/racecards/2026-09-02/kinsley/racecard/514622
2026-09-02,Kinsley,11:46,1,Dairyland Jose,514623,Sporting Life,https://www.sportinglife.com/greyhounds/racecards/2026-09-02/kinsley/racecard/514623
2026-09-02,Kinsley,11:46,2,Elite Lizzie,514623,Sporting Life,https://www.sportinglife.com/greyhounds/racecards/2026-09-02/kinsley/racecard/514623
2026-09-02,Kinsley,11:46,3,Mingdrum Focus,514623,Sporting Life,https://www.sportinglife.com/greyhounds/racecards/2026-09-02/kinsley/racecard/514623
2026-09-02,Kinsley,11:46,4,Move Over Manly,514623,Sporting Life,https://www.sportinglife.com/greyhounds/racecards/2026-09-02/kinsley/racecard/514623
2026-09-02,Kinsley,11:46,5,Norden Girl,514623,Sporting Life,https://www.sportinglife.com/greyhounds/racecards/2026-09-02/kinsley/racecard/514623
2026-09-02,Kinsley,11:46,6,Revilo Eagle,514623,Sporting Life,https://www.sportinglife.com/greyhounds/racecards/2026-09-02/kinsley/racecard/514623
2026-09-02,Kinsley,12:03,1,Crystal Jade,514624,Sporting Life,https://www.sportinglife.com/greyhounds/racecards/2026-09-02/kinsley/racecard/514624
2026-09-02,Kinsley,12:03,2,Coastal Fever,514624,Sporting Life,https://www.sportinglife.com/greyhounds/racecards/2026-09-02/kinsley/racecard/514624
2026-09-02,Kinsley,12:03,3,Snazzy Roadwheel,514624,Sporting Life,https://www.sportinglife.com/greyhounds/racecards/2026-09-02/kinsley/racecard/514624
2026-09-02,Kinsley,12:03,4,Noirs Coach,514624,Sporting Life,https://www.sportinglife.com/greyhounds/racecards/2026-09-02/kinsley/racecard/514624
2026-09-02,Kinsley,12:03,5,Madam Tiger,514624,Sporting Life,https://www.sportinglife.com/greyhounds/racecards/2026-09-02/kinsley/racecard/514624
2026-09-02,Kinsley,12:03,6,Scotrath Kiki,514624,Sporting Life,https://www.sportinglife.com/greyhounds/racecards/2026-09-02/kinsley/racecard/514624
2026-09-02,Kinsley,12:20,1,Highview Dance,514625,Sporting Life,https://www.sportinglife.com/greyhounds/racecards/2026-09-02/kinsley/racecard/514625
2026-09-02,Kinsley,12:20,2,Darver Pigeon,514625,Sporting Life,https://www.sportinglife.com/greyhounds/racecards/2026-09-02/kinsley/racecard/514625
2026-09-02,Kinsley,12:20,3,Marcianos Punch,514625,Sporting Life,https://www.sportinglife.com/greyhounds/racecards/2026-09-02/kinsley/racecard/514625
2026-09-02,Kinsley,12:20,4,Swift Often,514625,Sporting Life,https://www.sportinglife.com/greyhounds/racecards/2026-09-02/kinsley/racecard/514625
2026-09-02,Kinsley,12:20,5,Deecee Phoenix,514625,Sporting Life,https://www.sportinglife.com/greyhounds/racecards/2026-09-02/kinsley/racecard/514625
2026-09-02,Kinsley,12:20,6,Norristown May,514625,Sporting Life,https://www.sportinglife.com/greyhounds/racecards/2026-09-02/kinsley/racecard/514625
2026-09-02,Kinsley,12:37,1,Not Wired Up,514626,Sporting Life,https://www.sportinglife.com/greyhounds/racecards/2026-09-02/kinsley/racecard/514626
2026-09-02,Kinsley,12:37,2,Ballymac Frisby,514626,Sporting Life,https://www.sportinglife.com/greyhounds/racecards/2026-09-02/kinsley/racecard/514626
2026-09-02,Kinsley,12:37,3,Crystal Turtle,514626,Sporting Life,https://www.sportinglife.com/greyhounds/racecards/2026-09-02/kinsley/racecard/514626
2026-09-02,Kinsley,12:37,4,Golan Zara,514626,Sporting Life,https://www.sportinglife.com/greyhounds/racecards/2026-09-02/kinsley/racecard/514626
2026-09-02,Kinsley,12:37,6,Speedy Killeavy,514626,Sporting Life,https://www.sportinglife.com/greyhounds/racecards/2026-09-02/kinsley/racecard/514626
2026-09-02,Kinsley,12:53,1,Daniel Maxi,514627,Sporting Life,https://www.sportinglife.com/greyhounds/racecards/2026-09-02/kinsley/racecard/514627
2026-09-02,Kinsley,12:53,2,Sporting Chicpea,514627,Sporting Life,https://www.sportinglife.com/greyhounds/racecards/2026-09-02/kinsley/racecard/514627
2026-09-02,Kinsley,12:53,3,Golan Hazel,514627,Sporting Life,https://www.sportinglife.com/greyhounds/racecards/2026-09-02/kinsley/racecard/514627
2026-09-02,Kinsley,12:53,4,Alno Rose,514627,Sporting Life,https://www.sportinglife.com/greyhounds/racecards/2026-09-02/kinsley/racecard/514627
2026-09-02,Kinsley,12:53,5,Bells Meadow,514627,Sporting Life,https://www.sportinglife.com/greyhounds/racecards/2026-09-02/kinsley/racecard/514627
2026-09-02,Kinsley,12:53,6,Shrewd Amiee,514627,Sporting Life,https://www.sportinglife.com/greyhounds/racecards/2026-09-02/kinsley/racecard/514627
2026-09-02,Kinsley,13:11,1,Chosen Lady,514628,Sporting Life,https://www.sportinglife.com/greyhounds/racecards/2026-09-02/kinsley/racecard/514628
2026-09-02,Kinsley,13:11,2,Heathsastriker,514628,Sporting Life,https://www.sportinglife.com/greyhounds/racecards/2026-09-02/kinsley/racecard/514628
2026-09-02,Kinsley,13:11,3,Crystal Willow,514628,Sporting Life,https://www.sportinglife.com/greyhounds/racecards/2026-09-02/kinsley/racecard/514628
2026-09-02,Kinsley,13:11,4,Deacon Hope,514628,Sporting Life,https://www.sportinglife.com/greyhounds/racecards/2026-09-02/kinsley/racecard/514628
2026-09-02,Kinsley,13:11,5,Toems Diva,514628,Sporting Life,https://www.sportinglife.com/greyhounds/racecards/2026-09-02/kinsley/racecard/514628
2026-09-02,Kinsley,13:11,6,Highview Roots,514628,Sporting Life,https://www.sportinglife.com/greyhounds/racecards/2026-09-02/kinsley/racecard/514628
2026-09-02,Kinsley,13:26,1,Mohican Yoshi,514629,Sporting Life,https://www.sportinglife.com/greyhounds/racecards/2026-09-02/kinsley/racecard/514629
2026-09-02,Kinsley,13:26,3,Ballymacken Sun,514629,Sporting Life,https://www.sportinglife.com/greyhounds/racecards/2026-09-02/kinsley/racecard/514629
2026-09-02,Kinsley,13:26,4,Clay Kimey,514629,Sporting Life,https://www.sportinglife.com/greyhounds/racecards/2026-09-02/kinsley/racecard/514629
2026-09-02,Kinsley,13:26,5,Blackbell Mini,514629,Sporting Life,https://www.sportinglife.com/greyhounds/racecards/2026-09-02/kinsley/racecard/514629
2026-09-02,Kinsley,13:26,6,Swift Vienna,514629,Sporting Life,https://www.sportinglife.com/greyhounds/racecards/2026-09-02/kinsley/racecard/514629
2026-09-02,Kinsley,13:41,1,Kilara Theo,514630,Sporting Life,https://www.sportinglife.com/greyhounds/racecards/2026-09-02/kinsley/racecard/514630
2026-09-02,Kinsley,13:41,2,Thats So True,514630,Sporting Life,https://www.sportinglife.com/greyhounds/racecards/2026-09-02/kinsley/racecard/514630
2026-09-02,Kinsley,13:41,3,Call Me Swift,514630,Sporting Life,https://www.sportinglife.com/greyhounds/racecards/2026-09-02/kinsley/racecard/514630
2026-09-02,Kinsley,13:41,4,Zebedee Vienna,514630,Sporting Life,https://www.sportinglife.com/greyhounds/racecards/2026-09-02/kinsley/racecard/514630
2026-09-02,Kinsley,13:41,5,Clay Twister,514630,Sporting Life,https://www.sportinglife.com/greyhounds/racecards/2026-09-02/kinsley/racecard/514630
2026-09-02,Kinsley,13:58,1,Crystal Ranger,514631,Sporting Life,https://www.sportinglife.com/greyhounds/racecards/2026-09-02/kinsley/racecard/514631
2026-09-02,Kinsley,13:58,2,Caddells Pride,514631,Sporting Life,https://www.sportinglife.com/greyhounds/racecards/2026-09-02/kinsley/racecard/514631
2026-09-02,Kinsley,13:58,3,Deecee Ava,514631,Sporting Life,https://www.sportinglife.com/greyhounds/racecards/2026-09-02/kinsley/racecard/514631
2026-09-02,Kinsley,13:58,4,Crossfield Nora,514631,Sporting Life,https://www.sportinglife.com/greyhounds/racecards/2026-09-02/kinsley/racecard/514631
2026-09-02,Kinsley,13:58,5,Tickets Katie,514631,Sporting Life,https://www.sportinglife.com/greyhounds/racecards/2026-09-02/kinsley/racecard/514631
2026-09-02,Kinsley,13:58,6,Twoshookmen,514631,Sporting Life,https://www.sportinglife.com/greyhounds/racecards/2026-09-02/kinsley/racecard/514631
2026-09-02,Kinsley,14:14,1,Killfen Flyer,514632,Sporting Life,https://www.sportinglife.com/greyhounds/racecards/2026-09-02/kinsley/racecard/514632
2026-09-02,Kinsley,14:14,2,Markstreet Barry,514632,Sporting Life,https://www.sportinglife.com/greyhounds/racecards/2026-09-02/kinsley/racecard/514632
2026-09-02,Kinsley,14:14,3,Canya Moll,514632,Sporting Life,https://www.sportinglife.com/greyhounds/racecards/2026-09-02/kinsley/racecard/514632
2026-09-02,Kinsley,14:14,4,Lightfoot Rosa,514632,Sporting Life,https://www.sportinglife.com/greyhounds/racecards/2026-09-02/kinsley/racecard/514632
2026-09-02,Kinsley,14:14,5,Glenvale Dave,514632,Sporting Life,https://www.sportinglife.com/greyhounds/racecards/2026-09-02/kinsley/racecard/514632
2026-09-02,Kinsley,14:14,6,Me Birthday,514632,Sporting Life,https://www.sportinglife.com/greyhounds/racecards/2026-09-02/kinsley/racecard/514632
2026-09-02,Monmore,11:03,1,Florican Gem,514598,Sporting Life,https://www.sportinglife.com/greyhounds/racecards/2026-09-02/monmore/racecard/514598
2026-09-02,Monmore,11:03,2,Only On Bale,514598,Sporting Life,https://www.sportinglife.com/greyhounds/racecards/2026-09-02/monmore/racecard/514598
2026-09-02,Monmore,11:03,4,Tromora Spice,514598,Sporting Life,https://www.sportinglife.com/greyhounds/racecards/2026-09-02/monmore/racecard/514598
2026-09-02,Monmore,11:03,5,Aero Maisie,514598,Sporting Life,https://www.sportinglife.com/greyhounds/racecards/2026-09-02/monmore/racecard/514598
2026-09-02,Monmore,11:03,6,Yama King,514598,Sporting Life,https://www.sportinglife.com/greyhounds/racecards/2026-09-02/monmore/racecard/514598
2026-09-02,Monmore,11:19,1,Hi Cara,514599,Sporting Life,https://www.sportinglife.com/greyhounds/racecards/2026-09-02/monmore/racecard/514599
2026-09-02,Monmore,11:19,2,Dhustone Spud,514599,Sporting Life,https://www.sportinglife.com/greyhounds/racecards/2026-09-02/monmore/racecard/514599
2026-09-02,Monmore,11:19,3,Union Raider,514599,Sporting Life,https://www.sportinglife.com/greyhounds/racecards/2026-09-02/monmore/racecard/514599
2026-09-02,Monmore,11:19,4,Union Piper,514599,Sporting Life,https://www.sportinglife.com/greyhounds/racecards/2026-09-02/monmore/racecard/514599
2026-09-02,Monmore,11:19,6,Tullymurry Ned,514599,Sporting Life,https://www.sportinglife.com/greyhounds/racecards/2026-09-02/monmore/racecard/514599
2026-09-02,Monmore,11:36,1,Aero Sizzler,514600,Sporting Life,https://www.sportinglife.com/greyhounds/racecards/2026-09-02/monmore/racecard/514600
2026-09-02,Monmore,11:36,2,Flyaway Lizzie,514600,Sporting Life,https://www.sportinglife.com/greyhounds/racecards/2026-09-02/monmore/racecard/514600
2026-09-02,Monmore,11:36,3,Aero Greatest,514600,Sporting Life,https://www.sportinglife.com/greyhounds/racecards/2026-09-02/monmore/racecard/514600
2026-09-02,Monmore,11:36,5,Winterfield Boom,514600,Sporting Life,https://www.sportinglife.com/greyhounds/racecards/2026-09-02/monmore/racecard/514600
2026-09-02,Monmore,11:36,6,Droopys Vanity,514600,Sporting Life,https://www.sportinglife.com/greyhounds/racecards/2026-09-02/monmore/racecard/514600
2026-09-02,Monmore,11:52,1,Winterfield Jack,514601,Sporting Life,https://www.sportinglife.com/greyhounds/racecards/2026-09-02/monmore/racecard/514601
2026-09-02,Monmore,11:52,2,Tickets Bang,514601,Sporting Life,https://www.sportinglife.com/greyhounds/racecards/2026-09-02/monmore/racecard/514601
2026-09-02,Monmore,11:52,3,Monument Valley,514601,Sporting Life,https://www.sportinglife.com/greyhounds/racecards/2026-09-02/monmore/racecard/514601
2026-09-02,Monmore,11:52,4,Rhyming Ella,514601,Sporting Life,https://www.sportinglife.com/greyhounds/racecards/2026-09-02/monmore/racecard/514601
2026-09-02,Monmore,11:52,5,Caseys World,514601,Sporting Life,https://www.sportinglife.com/greyhounds/racecards/2026-09-02/monmore/racecard/514601
2026-09-02,Monmore,11:52,6,Pennys Shadow,514601,Sporting Life,https://www.sportinglife.com/greyhounds/racecards/2026-09-02/monmore/racecard/514601
2026-09-02,Monmore,12:09,1,Stormy Bonito,514602,Sporting Life,https://www.sportinglife.com/greyhounds/racecards/2026-09-02/monmore/racecard/514602
2026-09-02,Monmore,12:09,2,Sugar Sherbut,514602,Sporting Life,https://www.sportinglife.com/greyhounds/racecards/2026-09-02/monmore/racecard/514602
2026-09-02,Monmore,12:09,3,Whisky N Coke,514602,Sporting Life,https://www.sportinglife.com/greyhounds/racecards/2026-09-02/monmore/racecard/514602
2026-09-02,Monmore,12:09,4,Blarney Castle,514602,Sporting Life,https://www.sportinglife.com/greyhounds/racecards/2026-09-02/monmore/racecard/514602
2026-09-02,Monmore,12:09,6,Soap Box Surfer,514602,Sporting Life,https://www.sportinglife.com/greyhounds/racecards/2026-09-02/monmore/racecard/514602
2026-09-02,Monmore,12:26,1,Starmount Flash,514603,Sporting Life,https://www.sportinglife.com/greyhounds/racecards/2026-09-02/monmore/racecard/514603
2026-09-02,Monmore,12:26,2,Transfer Aaliyah,514603,Sporting Life,https://www.sportinglife.com/greyhounds/racecards/2026-09-02/monmore/racecard/514603
2026-09-02,Monmore,12:26,3,Inca Darling,514603,Sporting Life,https://www.sportinglife.com/greyhounds/racecards/2026-09-02/monmore/racecard/514603
2026-09-02,Monmore,12:26,4,Winterfield Rain,514603,Sporting Life,https://www.sportinglife.com/greyhounds/racecards/2026-09-02/monmore/racecard/514603
2026-09-02,Monmore,12:26,6,Butterbean,514603,Sporting Life,https://www.sportinglife.com/greyhounds/racecards/2026-09-02/monmore/racecard/514603
2026-09-02,Monmore,12:42,1,Ballyhealy Star,514604,Sporting Life,https://www.sportinglife.com/greyhounds/racecards/2026-09-02/monmore/racecard/514604
2026-09-02,Monmore,12:42,2,Battery Jack,514604,Sporting Life,https://www.sportinglife.com/greyhounds/racecards/2026-09-02/monmore/racecard/514604
2026-09-02,Monmore,12:42,4,Citadel Bob,514604,Sporting Life,https://www.sportinglife.com/greyhounds/racecards/2026-09-02/monmore/racecard/514604
2026-09-02,Monmore,12:42,5,Magical Sparkle,514604,Sporting Life,https://www.sportinglife.com/greyhounds/racecards/2026-09-02/monmore/racecard/514604
2026-09-02,Monmore,12:42,6,Aero Whisper,514604,Sporting Life,https://www.sportinglife.com/greyhounds/racecards/2026-09-02/monmore/racecard/514604
2026-09-02,Monmore,12:59,1,Madabout Racer,514605,Sporting Life,https://www.sportinglife.com/greyhounds/racecards/2026-09-02/monmore/racecard/514605
2026-09-02,Monmore,12:59,2,Bluey Hills,514605,Sporting Life,https://www.sportinglife.com/greyhounds/racecards/2026-09-02/monmore/racecard/514605
2026-09-02,Monmore,12:59,3,Vixons Vanilla,514605,Sporting Life,https://www.sportinglife.com/greyhounds/racecards/2026-09-02/monmore/racecard/514605
2026-09-02,Monmore,12:59,4,Love To See,514605,Sporting Life,https://www.sportinglife.com/greyhounds/racecards/2026-09-02/monmore/racecard/514605
2026-09-02,Monmore,12:59,5,Tullymurry Otto,514605,Sporting Life,https://www.sportinglife.com/greyhounds/racecards/2026-09-02/monmore/racecard/514605
2026-09-02,Monmore,12:59,6,Bundoran,514605,Sporting Life,https://www.sportinglife.com/greyhounds/racecards/2026-09-02/monmore/racecard/514605
2026-09-02,Monmore,13:16,1,Winterfield Bro,514606,Sporting Life,https://www.sportinglife.com/greyhounds/racecards/2026-09-02/monmore/racecard/514606
2026-09-02,Monmore,13:16,2,Fourpenny Jack,514606,Sporting Life,https://www.sportinglife.com/greyhounds/racecards/2026-09-02/monmore/racecard/514606
2026-09-02,Monmore,13:16,3,Shebas Comet,514606,Sporting Life,https://www.sportinglife.com/greyhounds/racecards/2026-09-02/monmore/racecard/514606
2026-09-02,Monmore,13:16,4,Jimmytheconman,514606,Sporting Life,https://www.sportinglife.com/greyhounds/racecards/2026-09-02/monmore/racecard/514606
2026-09-02,Monmore,13:16,5,Chilledout Chick,514606,Sporting Life,https://www.sportinglife.com/greyhounds/racecards/2026-09-02/monmore/racecard/514606
2026-09-02,Monmore,13:16,6,Kinaffe Star,514606,Sporting Life,https://www.sportinglife.com/greyhounds/racecards/2026-09-02/monmore/racecard/514606
2026-09-02,Monmore,13:31,1,Longrange Comet,514607,Sporting Life,https://www.sportinglife.com/greyhounds/racecards/2026-09-02/monmore/racecard/514607
2026-09-02,Monmore,13:31,2,Whelan,514607,Sporting Life,https://www.sportinglife.com/greyhounds/racecards/2026-09-02/monmore/racecard/514607
2026-09-02,Monmore,13:31,3,Four The Hunt,514607,Sporting Life,https://www.sportinglife.com/greyhounds/racecards/2026-09-02/monmore/racecard/514607
2026-09-02,Monmore,13:31,4,Winterfield Bear,514607,Sporting Life,https://www.sportinglife.com/greyhounds/racecards/2026-09-02/monmore/racecard/514607
2026-09-02,Monmore,13:31,5,Aero Penda,514607,Sporting Life,https://www.sportinglife.com/greyhounds/racecards/2026-09-02/monmore/racecard/514607
2026-09-02,Monmore,13:31,6,Elderberry Bingo,514607,Sporting Life,https://www.sportinglife.com/greyhounds/racecards/2026-09-02/monmore/racecard/514607
2026-09-02,Monmore,13:46,1,Pas Daly,514608,Sporting Life,https://www.sportinglife.com/greyhounds/racecards/2026-09-02/monmore/racecard/514608
2026-09-02,Monmore,13:46,2,Epic Susie,514608,Sporting Life,https://www.sportinglife.com/greyhounds/racecards/2026-09-02/monmore/racecard/514608
2026-09-02,Monmore,13:46,3,Vixons Salute,514608,Sporting Life,https://www.sportinglife.com/greyhounds/racecards/2026-09-02/monmore/racecard/514608
2026-09-02,Monmore,13:46,4,Whisky Knight,514608,Sporting Life,https://www.sportinglife.com/greyhounds/racecards/2026-09-02/monmore/racecard/514608
2026-09-02,Monmore,13:46,5,Small Hours,514608,Sporting Life,https://www.sportinglife.com/greyhounds/racecards/2026-09-02/monmore/racecard/514608
2026-09-02,Monmore,13:46,6,Spring Dancer,514608,Sporting Life,https://www.sportinglife.com/greyhounds/racecards/2026-09-02/monmore/racecard/514608
2026-09-02,Monmore,14:04,1,Pippy Longsocks,514609,Sporting Life,https://www.sportinglife.com/greyhounds/racecards/2026-09-02/monmore/racecard/514609
2026-09-02,Monmore,14:04,2,Noruffsorscruffs,514609,Sporting Life,https://www.sportinglife.com/greyhounds/racecards/2026-09-02/monmore/racecard/514609
2026-09-02,Monmore,14:04,3,Swift Jam,514609,Sporting Life,https://www.sportinglife.com/greyhounds/racecards/2026-09-02/monmore/racecard/514609
2026-09-02,Monmore,14:04,4,Without Delay,514609,Sporting Life,https://www.sportinglife.com/greyhounds/racecards/2026-09-02/monmore/racecard/514609
2026-09-02,Monmore,14:04,5,Winterfield Star,514609,Sporting Life,https://www.sportinglife.com/greyhounds/racecards/2026-09-02/monmore/racecard/514609
2026-09-02,Monmore,14:04,6,Final Fernandes,514609,Sporting Life,https://www.sportinglife.com/greyhounds/racecards/2026-09-02/monmore/racecard/514609
2026-09-02,Newcastle,14:29,1,Whitehills Magic,514726,Sporting Life,https://www.sportinglife.com/greyhounds/racecards/2026-09-02/newcastle/racecard/514726
2026-09-02,Newcastle,14:29,2,Slingshot Nessy,514726,Sporting Life,https://www.sportinglife.com/greyhounds/racecards/2026-09-02/newcastle/racecard/514726
2026-09-02,Newcastle,14:29,3,Sixsevensixseven,514726,Sporting Life,https://www.sportinglife.com/greyhounds/racecards/2026-09-02/newcastle/racecard/514726
2026-09-02,Newcastle,14:29,4,Burrow Nitro,514726,Sporting Life,https://www.sportinglife.com/greyhounds/racecards/2026-09-02/newcastle/racecard/514726
2026-09-02,Newcastle,14:29,5,Coolemount Raid,514726,Sporting Life,https://www.sportinglife.com/greyhounds/racecards/2026-09-02/newcastle/racecard/514726
2026-09-02,Newcastle,14:29,6,Withme Withoutme,514726,Sporting Life,https://www.sportinglife.com/greyhounds/racecards/2026-09-02/newcastle/racecard/514726
2026-09-02,Newcastle,14:48,1,Smiling Evamac,514727,Sporting Life,https://www.sportinglife.com/greyhounds/racecards/2026-09-02/newcastle/racecard/514727
2026-09-02,Newcastle,14:48,2,El Mirador,514727,Sporting Life,https://www.sportinglife.com/greyhounds/racecards/2026-09-02/newcastle/racecard/514727
2026-09-02,Newcastle,14:48,3,Quivers Rolex,514727,Sporting Life,https://www.sportinglife.com/greyhounds/racecards/2026-09-02/newcastle/racecard/514727
2026-09-02,Newcastle,14:48,4,Proud One,514727,Sporting Life,https://www.sportinglife.com/greyhounds/racecards/2026-09-02/newcastle/racecard/514727
2026-09-02,Newcastle,14:48,5,Alnwick Betty,514727,Sporting Life,https://www.sportinglife.com/greyhounds/racecards/2026-09-02/newcastle/racecard/514727
2026-09-02,Newcastle,14:48,6,Newinn Zulu,514727,Sporting Life,https://www.sportinglife.com/greyhounds/racecards/2026-09-02/newcastle/racecard/514727
2026-09-02,Newcastle,15:07,1,Highview Joey,514728,Sporting Life,https://www.sportinglife.com/greyhounds/racecards/2026-09-02/newcastle/racecard/514728
2026-09-02,Newcastle,15:07,2,Drombeg Angel,514728,Sporting Life,https://www.sportinglife.com/greyhounds/racecards/2026-09-02/newcastle/racecard/514728
2026-09-02,Newcastle,15:07,3,Slingshot Major,514728,Sporting Life,https://www.sportinglife.com/greyhounds/racecards/2026-09-02/newcastle/racecard/514728
2026-09-02,Newcastle,15:07,4,Slingshot Blue,514728,Sporting Life,https://www.sportinglife.com/greyhounds/racecards/2026-09-02/newcastle/racecard/514728
2026-09-02,Newcastle,15:07,5,Zenith Mikmacker,514728,Sporting Life,https://www.sportinglife.com/greyhounds/racecards/2026-09-02/newcastle/racecard/514728
2026-09-02,Newcastle,15:07,6,Grouchos Hawk,514728,Sporting Life,https://www.sportinglife.com/greyhounds/racecards/2026-09-02/newcastle/racecard/514728
2026-09-02,Newcastle,15:26,1,Midtown Ebony,514729,Sporting Life,https://www.sportinglife.com/greyhounds/racecards/2026-09-02/newcastle/racecard/514729
2026-09-02,Newcastle,15:26,2,Swift Frills,514729,Sporting Life,https://www.sportinglife.com/greyhounds/racecards/2026-09-02/newcastle/racecard/514729
2026-09-02,Newcastle,15:26,3,Kerabellec Ella,514729,Sporting Life,https://www.sportinglife.com/greyhounds/racecards/2026-09-02/newcastle/racecard/514729
2026-09-02,Newcastle,15:26,4,Crooks Willow,514729,Sporting Life,https://www.sportinglife.com/greyhounds/racecards/2026-09-02/newcastle/racecard/514729
2026-09-02,Newcastle,15:26,5,Moyvane Taylor,514729,Sporting Life,https://www.sportinglife.com/greyhounds/racecards/2026-09-02/newcastle/racecard/514729
2026-09-02,Newcastle,15:26,6,A Bit Of Paige,514729,Sporting Life,https://www.sportinglife.com/greyhounds/racecards/2026-09-02/newcastle/racecard/514729
2026-09-02,Newcastle,15:44,1,Coppice Survivor,514730,Sporting Life,https://www.sportinglife.com/greyhounds/racecards/2026-09-02/newcastle/racecard/514730
2026-09-02,Newcastle,15:44,2,Howay Ramsey,514730,Sporting Life,https://www.sportinglife.com/greyhounds/racecards/2026-09-02/newcastle/racecard/514730
2026-09-02,Newcastle,15:44,3,Bloodline,514730,Sporting Life,https://www.sportinglife.com/greyhounds/racecards/2026-09-02/newcastle/racecard/514730
2026-09-02,Newcastle,15:44,4,Do It Zara,514730,Sporting Life,https://www.sportinglife.com/greyhounds/racecards/2026-09-02/newcastle/racecard/514730
2026-09-02,Newcastle,15:44,5,Whitehills Louis,514730,Sporting Life,https://www.sportinglife.com/greyhounds/racecards/2026-09-02/newcastle/racecard/514730
2026-09-02,Newcastle,16:03,1,Coppice Cochise,514731,Sporting Life,https://www.sportinglife.com/greyhounds/racecards/2026-09-02/newcastle/racecard/514731
2026-09-02,Newcastle,16:03,2,Hollywell Ernie,514731,Sporting Life,https://www.sportinglife.com/greyhounds/racecards/2026-09-02/newcastle/racecard/514731
2026-09-02,Newcastle,16:03,3,Hasty Session,514731,Sporting Life,https://www.sportinglife.com/greyhounds/racecards/2026-09-02/newcastle/racecard/514731
2026-09-02,Newcastle,16:03,4,Wirtz Class,514731,Sporting Life,https://www.sportinglife.com/greyhounds/racecards/2026-09-02/newcastle/racecard/514731
2026-09-02,Newcastle,16:03,5,Canny Orla,514731,Sporting Life,https://www.sportinglife.com/greyhounds/racecards/2026-09-02/newcastle/racecard/514731
2026-09-02,Newcastle,16:03,6,Crooks Rocky,514731,Sporting Life,https://www.sportinglife.com/greyhounds/racecards/2026-09-02/newcastle/racecard/514731
2026-09-02,Newcastle,16:22,1,Hardwick Teddy,514732,Sporting Life,https://www.sportinglife.com/greyhounds/racecards/2026-09-02/newcastle/racecard/514732
2026-09-02,Newcastle,16:22,2,Wraysbury Ace,514732,Sporting Life,https://www.sportinglife.com/greyhounds/racecards/2026-09-02/newcastle/racecard/514732
2026-09-02,Newcastle,16:22,3,Alnwick Nidge,514732,Sporting Life,https://www.sportinglife.com/greyhounds/racecards/2026-09-02/newcastle/racecard/514732
2026-09-02,Newcastle,16:22,4,Brief News,514732,Sporting Life,https://www.sportinglife.com/greyhounds/racecards/2026-09-02/newcastle/racecard/514732
2026-09-02,Newcastle,16:22,5,Slingshot Leeona,514732,Sporting Life,https://www.sportinglife.com/greyhounds/racecards/2026-09-02/newcastle/racecard/514732
2026-09-02,Newcastle,16:22,6,Romeo Elite,514732,Sporting Life,https://www.sportinglife.com/greyhounds/racecards/2026-09-02/newcastle/racecard/514732
2026-09-02,Newcastle,16:41,1,Szoboszlai,514733,Sporting Life,https://www.sportinglife.com/greyhounds/racecards/2026-09-02/newcastle/racecard/514733
2026-09-02,Newcastle,16:41,2,Churro,514733,Sporting Life,https://www.sportinglife.com/greyhounds/racecards/2026-09-02/newcastle/racecard/514733
2026-09-02,Newcastle,16:41,3,Bramble Angel,514733,Sporting Life,https://www.sportinglife.com/greyhounds/racecards/2026-09-02/newcastle/racecard/514733
2026-09-02,Newcastle,16:41,4,Blackhousereggie,514733,Sporting Life,https://www.sportinglife.com/greyhounds/racecards/2026-09-02/newcastle/racecard/514733
2026-09-02,Newcastle,16:41,6,Swift Leon,514733,Sporting Life,https://www.sportinglife.com/greyhounds/racecards/2026-09-02/newcastle/racecard/514733
2026-09-02,Newcastle,16:59,1,Two Votes,514734,Sporting Life,https://www.sportinglife.com/greyhounds/racecards/2026-09-02/newcastle/racecard/514734
2026-09-02,Newcastle,16:59,2,So Its Lillie,514734,Sporting Life,https://www.sportinglife.com/greyhounds/racecards/2026-09-02/newcastle/racecard/514734
2026-09-02,Newcastle,16:59,3,Blackhouse Cat,514734,Sporting Life,https://www.sportinglife.com/greyhounds/racecards/2026-09-02/newcastle/racecard/514734
2026-09-02,Newcastle,16:59,4,Alnwick Toonarmy,514734,Sporting Life,https://www.sportinglife.com/greyhounds/racecards/2026-09-02/newcastle/racecard/514734
2026-09-02,Newcastle,16:59,5,Butterbridge Top,514734,Sporting Life,https://www.sportinglife.com/greyhounds/racecards/2026-09-02/newcastle/racecard/514734
2026-09-02,Newcastle,16:59,6,Ridgedale Spirit,514734,Sporting Life,https://www.sportinglife.com/greyhounds/racecards/2026-09-02/newcastle/racecard/514734
2026-09-02,Newcastle,17:18,1,Jackos Cody,514735,Sporting Life,https://www.sportinglife.com/greyhounds/racecards/2026-09-02/newcastle/racecard/514735
2026-09-02,Newcastle,17:18,2,Freedom Kestrel,514735,Sporting Life,https://www.sportinglife.com/greyhounds/racecards/2026-09-02/newcastle/racecard/514735
2026-09-02,Newcastle,17:18,3,Fabulous Myoki,514735,Sporting Life,https://www.sportinglife.com/greyhounds/racecards/2026-09-02/newcastle/racecard/514735
2026-09-02,Newcastle,17:18,4,Swift King,514735,Sporting Life,https://www.sportinglife.com/greyhounds/racecards/2026-09-02/newcastle/racecard/514735
2026-09-02,Newcastle,17:18,5,Crooks Nottofar,514735,Sporting Life,https://www.sportinglife.com/greyhounds/racecards/2026-09-02/newcastle/racecard/514735
2026-09-02,Newcastle,17:18,6,Trinity Coco,514735,Sporting Life,https://www.sportinglife.com/greyhounds/racecards/2026-09-02/newcastle/racecard/514735
2026-09-02,Newcastle,17:37,1,Cahermone Best,514736,Sporting Life,https://www.sportinglife.com/greyhounds/racecards/2026-09-02/newcastle/racecard/514736
2026-09-02,Newcastle,17:37,2,A Bit Of Maur,514736,Sporting Life,https://www.sportinglife.com/greyhounds/racecards/2026-09-02/newcastle/racecard/514736
2026-09-02,Newcastle,17:37,3,Canny Striker,514736,Sporting Life,https://www.sportinglife.com/greyhounds/racecards/2026-09-02/newcastle/racecard/514736
2026-09-02,Newcastle,17:37,4,Fooled Again,514736,Sporting Life,https://www.sportinglife.com/greyhounds/racecards/2026-09-02/newcastle/racecard/514736
2026-09-02,Newcastle,17:37,6,Now Were Flyin,514736,Sporting Life,https://www.sportinglife.com/greyhounds/racecards/2026-09-02/newcastle/racecard/514736
2026-09-02,Newcastle,17:56,1,Coppice Melbelle,514737,Sporting Life,https://www.sportinglife.com/greyhounds/racecards/2026-09-02/newcastle/racecard/514737
2026-09-02,Newcastle,17:56,2,Blackhouseharley,514737,Sporting Life,https://www.sportinglife.com/greyhounds/racecards/2026-09-02/newcastle/racecard/514737
2026-09-02,Newcastle,17:56,3,Whitehills Zoey,514737,Sporting Life,https://www.sportinglife.com/greyhounds/racecards/2026-09-02/newcastle/racecard/514737
2026-09-02,Newcastle,17:56,4,Alnwick Gem,514737,Sporting Life,https://www.sportinglife.com/greyhounds/racecards/2026-09-02/newcastle/racecard/514737
2026-09-02,Newcastle,17:56,5,Interest Free,514737,Sporting Life,https://www.sportinglife.com/greyhounds/racecards/2026-09-02/newcastle/racecard/514737
2026-09-02,Nottingham,11:25,1,Ballymac Selma,514610,Sporting Life,https://www.sportinglife.com/greyhounds/racecards/2026-09-02/nottingham/racecard/514610
2026-09-02,Nottingham,11:25,2,Brocquy,514610,Sporting Life,https://www.sportinglife.com/greyhounds/racecards/2026-09-02/nottingham/racecard/514610
2026-09-02,Nottingham,11:25,3,MOST READ,514610,Sporting Life,https://www.sportinglife.com/greyhounds/racecards/2026-09-02/nottingham/racecard/514610
2026-09-02,Nottingham,11:25,4,Beaming Kim,514610,Sporting Life,https://www.sportinglife.com/greyhounds/racecards/2026-09-02/nottingham/racecard/514610
2026-09-02,Nottingham,11:25,5,Alien Emma,514610,Sporting Life,https://www.sportinglife.com/greyhounds/racecards/2026-09-02/nottingham/racecard/514610
2026-09-02,Nottingham,11:25,6,Vair Rumpol,514610,Sporting Life,https://www.sportinglife.com/greyhounds/racecards/2026-09-02/nottingham/racecard/514610
2026-09-02,Nottingham,11:41,1,Churchill Boy,514611,Sporting Life,https://www.sportinglife.com/greyhounds/racecards/2026-09-02/nottingham/racecard/514611
2026-09-02,Nottingham,11:41,2,Flyers Swiftly,514611,Sporting Life,https://www.sportinglife.com/greyhounds/racecards/2026-09-02/nottingham/racecard/514611
2026-09-02,Nottingham,11:41,3,Mongys Tiger,514611,Sporting Life,https://www.sportinglife.com/greyhounds/racecards/2026-09-02/nottingham/racecard/514611
2026-09-02,Nottingham,11:41,4,Skyfall Orna,514611,Sporting Life,https://www.sportinglife.com/greyhounds/racecards/2026-09-02/nottingham/racecard/514611
2026-09-02,Nottingham,11:41,5,Bit View Bella,514611,Sporting Life,https://www.sportinglife.com/greyhounds/racecards/2026-09-02/nottingham/racecard/514611
2026-09-02,Nottingham,11:41,6,Headford Angela,514611,Sporting Life,https://www.sportinglife.com/greyhounds/racecards/2026-09-02/nottingham/racecard/514611
2026-09-02,Nottingham,11:58,1,In Form Lady,514612,Sporting Life,https://www.sportinglife.com/greyhounds/racecards/2026-09-02/nottingham/racecard/514612
2026-09-02,Nottingham,11:58,2,Grandad Bingo,514612,Sporting Life,https://www.sportinglife.com/greyhounds/racecards/2026-09-02/nottingham/racecard/514612
2026-09-02,Nottingham,11:58,3,Crafty Merino,514612,Sporting Life,https://www.sportinglife.com/greyhounds/racecards/2026-09-02/nottingham/racecard/514612
2026-09-02,Nottingham,11:58,4,Keefill Beth,514612,Sporting Life,https://www.sportinglife.com/greyhounds/racecards/2026-09-02/nottingham/racecard/514612
2026-09-02,Nottingham,11:58,5,Hotshot Molly,514612,Sporting Life,https://www.sportinglife.com/greyhounds/racecards/2026-09-02/nottingham/racecard/514612
2026-09-02,Nottingham,12:14,1,Kelva Brie,514613,Sporting Life,https://www.sportinglife.com/greyhounds/racecards/2026-09-02/nottingham/racecard/514613
2026-09-02,Nottingham,12:14,2,Orchid Mansory,514613,Sporting Life,https://www.sportinglife.com/greyhounds/racecards/2026-09-02/nottingham/racecard/514613
2026-09-02,Nottingham,12:14,3,Southwind Beauty,514613,Sporting Life,https://www.sportinglife.com/greyhounds/racecards/2026-09-02/nottingham/racecard/514613
2026-09-02,Nottingham,12:14,4,Sonic Reindeer,514613,Sporting Life,https://www.sportinglife.com/greyhounds/racecards/2026-09-02/nottingham/racecard/514613
2026-09-02,Nottingham,12:14,5,Kelva Brahm,514613,Sporting Life,https://www.sportinglife.com/greyhounds/racecards/2026-09-02/nottingham/racecard/514613
2026-09-02,Nottingham,12:14,6,Westfield Rosie,514613,Sporting Life,https://www.sportinglife.com/greyhounds/racecards/2026-09-02/nottingham/racecard/514613
2026-09-02,Nottingham,12:31,1,Westfield Forno,514614,Sporting Life,https://www.sportinglife.com/greyhounds/racecards/2026-09-02/nottingham/racecard/514614
2026-09-02,Nottingham,12:31,2,Black River,514614,Sporting Life,https://www.sportinglife.com/greyhounds/racecards/2026-09-02/nottingham/racecard/514614
2026-09-02,Nottingham,12:31,3,Invincia Jewel,514614,Sporting Life,https://www.sportinglife.com/greyhounds/racecards/2026-09-02/nottingham/racecard/514614
2026-09-02,Nottingham,12:31,4,Lagile Houdini,514614,Sporting Life,https://www.sportinglife.com/greyhounds/racecards/2026-09-02/nottingham/racecard/514614
2026-09-02,Nottingham,12:31,5,Westfield Bleu,514614,Sporting Life,https://www.sportinglife.com/greyhounds/racecards/2026-09-02/nottingham/racecard/514614
2026-09-02,Nottingham,12:31,6,Wolf Woodie,514614,Sporting Life,https://www.sportinglife.com/greyhounds/racecards/2026-09-02/nottingham/racecard/514614
2026-09-02,Nottingham,12:48,1,Honour Face,514615,Sporting Life,https://www.sportinglife.com/greyhounds/racecards/2026-09-02/nottingham/racecard/514615
2026-09-02,Nottingham,12:48,2,Vair Misinformed,514615,Sporting Life,https://www.sportinglife.com/greyhounds/racecards/2026-09-02/nottingham/racecard/514615
2026-09-02,Nottingham,12:48,3,Longacres Smoke,514615,Sporting Life,https://www.sportinglife.com/greyhounds/racecards/2026-09-02/nottingham/racecard/514615
2026-09-02,Nottingham,12:48,4,Overtaker,514615,Sporting Life,https://www.sportinglife.com/greyhounds/racecards/2026-09-02/nottingham/racecard/514615
2026-09-02,Nottingham,12:48,5,Blae No Play,514615,Sporting Life,https://www.sportinglife.com/greyhounds/racecards/2026-09-02/nottingham/racecard/514615
2026-09-02,Nottingham,12:48,6,Wolf Diamond,514615,Sporting Life,https://www.sportinglife.com/greyhounds/racecards/2026-09-02/nottingham/racecard/514615
2026-09-02,Nottingham,13:06,1,Romantic Rosie,514616,Sporting Life,https://www.sportinglife.com/greyhounds/racecards/2026-09-02/nottingham/racecard/514616
2026-09-02,Nottingham,13:06,2,Swift Lama,514616,Sporting Life,https://www.sportinglife.com/greyhounds/racecards/2026-09-02/nottingham/racecard/514616
2026-09-02,Nottingham,13:06,3,Furcombe Hall,514616,Sporting Life,https://www.sportinglife.com/greyhounds/racecards/2026-09-02/nottingham/racecard/514616
2026-09-02,Nottingham,13:06,5,Rowington Reign,514616,Sporting Life,https://www.sportinglife.com/greyhounds/racecards/2026-09-02/nottingham/racecard/514616
2026-09-02,Nottingham,13:06,6,Honour Boomerang,514616,Sporting Life,https://www.sportinglife.com/greyhounds/racecards/2026-09-02/nottingham/racecard/514616
2026-09-02,Nottingham,13:21,1,Honour Tequila,514617,Sporting Life,https://www.sportinglife.com/greyhounds/racecards/2026-09-02/nottingham/racecard/514617
2026-09-02,Nottingham,13:21,2,No Luck,514617,Sporting Life,https://www.sportinglife.com/greyhounds/racecards/2026-09-02/nottingham/racecard/514617
2026-09-02,Nottingham,13:21,3,Wolf Eclipse,514617,Sporting Life,https://www.sportinglife.com/greyhounds/racecards/2026-09-02/nottingham/racecard/514617
2026-09-02,Nottingham,13:21,4,Rondayhere,514617,Sporting Life,https://www.sportinglife.com/greyhounds/racecards/2026-09-02/nottingham/racecard/514617
2026-09-02,Nottingham,13:21,5,Lightfoot Vogue,514617,Sporting Life,https://www.sportinglife.com/greyhounds/racecards/2026-09-02/nottingham/racecard/514617
2026-09-02,Nottingham,13:21,6,Kellies Jewel,514617,Sporting Life,https://www.sportinglife.com/greyhounds/racecards/2026-09-02/nottingham/racecard/514617
2026-09-02,Nottingham,13:36,1,Westfield Tigris,514618,Sporting Life,https://www.sportinglife.com/greyhounds/racecards/2026-09-02/nottingham/racecard/514618
2026-09-02,Nottingham,13:36,2,Yoguartpotjohn,514618,Sporting Life,https://www.sportinglife.com/greyhounds/racecards/2026-09-02/nottingham/racecard/514618
2026-09-02,Nottingham,13:36,3,Stradbally Anne,514618,Sporting Life,https://www.sportinglife.com/greyhounds/racecards/2026-09-02/nottingham/racecard/514618
2026-09-02,Nottingham,13:36,4,Harlequin Breeze,514618,Sporting Life,https://www.sportinglife.com/greyhounds/racecards/2026-09-02/nottingham/racecard/514618
2026-09-02,Nottingham,13:36,5,Loco Les,514618,Sporting Life,https://www.sportinglife.com/greyhounds/racecards/2026-09-02/nottingham/racecard/514618
2026-09-02,Nottingham,13:36,6,Blackfriars Gold,514618,Sporting Life,https://www.sportinglife.com/greyhounds/racecards/2026-09-02/nottingham/racecard/514618
2026-09-02,Nottingham,13:52,1,Springwood Penny,514619,Sporting Life,https://www.sportinglife.com/greyhounds/racecards/2026-09-02/nottingham/racecard/514619
2026-09-02,Nottingham,13:52,2,Monbeg Bella,514619,Sporting Life,https://www.sportinglife.com/greyhounds/racecards/2026-09-02/nottingham/racecard/514619
2026-09-02,Nottingham,13:52,3,Blue Danube,514619,Sporting Life,https://www.sportinglife.com/greyhounds/racecards/2026-09-02/nottingham/racecard/514619
2026-09-02,Nottingham,13:52,4,Headford Tara,514619,Sporting Life,https://www.sportinglife.com/greyhounds/racecards/2026-09-02/nottingham/racecard/514619
2026-09-02,Nottingham,13:52,5,Loxleys Vinnie,514619,Sporting Life,https://www.sportinglife.com/greyhounds/racecards/2026-09-02/nottingham/racecard/514619
2026-09-02,Nottingham,13:52,6,Droopys Treat,514619,Sporting Life,https://www.sportinglife.com/greyhounds/racecards/2026-09-02/nottingham/racecard/514619
2026-09-02,Nottingham,14:09,1,Blackfriars Buzz,514620,Sporting Life,https://www.sportinglife.com/greyhounds/racecards/2026-09-02/nottingham/racecard/514620
2026-09-02,Nottingham,14:09,2,Bonos Brother,514620,Sporting Life,https://www.sportinglife.com/greyhounds/racecards/2026-09-02/nottingham/racecard/514620
2026-09-02,Nottingham,14:09,3,Michelle My Bell,514620,Sporting Life,https://www.sportinglife.com/greyhounds/racecards/2026-09-02/nottingham/racecard/514620
2026-09-02,Nottingham,14:09,4,Saleen Stunner,514620,Sporting Life,https://www.sportinglife.com/greyhounds/racecards/2026-09-02/nottingham/racecard/514620
2026-09-02,Nottingham,14:09,5,Leo The Yank,514620,Sporting Life,https://www.sportinglife.com/greyhounds/racecards/2026-09-02/nottingham/racecard/514620
2026-09-02,Romford,18:37,1,Pharis Cashout,514690,Sporting Life,https://www.sportinglife.com/greyhounds/racecards/2026-09-02/romford/racecard/514690
2026-09-02,Romford,18:37,2,Mohican Honey,514690,Sporting Life,https://www.sportinglife.com/greyhounds/racecards/2026-09-02/romford/racecard/514690
2026-09-02,Romford,18:37,3,Lazlos Babe,514690,Sporting Life,https://www.sportinglife.com/greyhounds/racecards/2026-09-02/romford/racecard/514690
2026-09-02,Romford,18:37,4,Jeopardy Venus,514690,Sporting Life,https://www.sportinglife.com/greyhounds/racecards/2026-09-02/romford/racecard/514690
2026-09-02,Romford,18:37,5,Clasheen Dior,514690,Sporting Life,https://www.sportinglife.com/greyhounds/racecards/2026-09-02/romford/racecard/514690
2026-09-02,Romford,18:37,6,Mollycoddle,514690,Sporting Life,https://www.sportinglife.com/greyhounds/racecards/2026-09-02/romford/racecard/514690
2026-09-02,Romford,18:53,1,Aminutetooten,514691,Sporting Life,https://www.sportinglife.com/greyhounds/racecards/2026-09-02/romford/racecard/514691
2026-09-02,Romford,18:53,2,Ballymac Suntan,514691,Sporting Life,https://www.sportinglife.com/greyhounds/racecards/2026-09-02/romford/racecard/514691
2026-09-02,Romford,18:53,3,Tiermana Scott,514691,Sporting Life,https://www.sportinglife.com/greyhounds/racecards/2026-09-02/romford/racecard/514691
2026-09-02,Romford,18:53,4,Silvertown Blues,514691,Sporting Life,https://www.sportinglife.com/greyhounds/racecards/2026-09-02/romford/racecard/514691
2026-09-02,Romford,18:53,5,Kinstons Angel,514691,Sporting Life,https://www.sportinglife.com/greyhounds/racecards/2026-09-02/romford/racecard/514691
2026-09-02,Romford,18:53,6,Four Votes,514691,Sporting Life,https://www.sportinglife.com/greyhounds/racecards/2026-09-02/romford/racecard/514691
2026-09-02,Romford,19:11,1,Pantone Alley,514692,Sporting Life,https://www.sportinglife.com/greyhounds/racecards/2026-09-02/romford/racecard/514692
2026-09-02,Romford,19:11,2,Droopys Pedigree,514692,Sporting Life,https://www.sportinglife.com/greyhounds/racecards/2026-09-02/romford/racecard/514692
2026-09-02,Romford,19:11,3,Pupi Chulo,514692,Sporting Life,https://www.sportinglife.com/greyhounds/racecards/2026-09-02/romford/racecard/514692
2026-09-02,Romford,19:11,4,Saleen Blaze,514692,Sporting Life,https://www.sportinglife.com/greyhounds/racecards/2026-09-02/romford/racecard/514692
2026-09-02,Romford,19:11,5,Wine It Friday,514692,Sporting Life,https://www.sportinglife.com/greyhounds/racecards/2026-09-02/romford/racecard/514692
2026-09-02,Romford,19:11,6,Moaning Dolly,514692,Sporting Life,https://www.sportinglife.com/greyhounds/racecards/2026-09-02/romford/racecard/514692
2026-09-02,Romford,19:27,1,Minnie Majestic,514693,Sporting Life,https://www.sportinglife.com/greyhounds/racecards/2026-09-02/romford/racecard/514693
2026-09-02,Romford,19:27,2,Tip Top Pinky,514693,Sporting Life,https://www.sportinglife.com/greyhounds/racecards/2026-09-02/romford/racecard/514693
2026-09-02,Romford,19:27,3,Four Under Par,514693,Sporting Life,https://www.sportinglife.com/greyhounds/racecards/2026-09-02/romford/racecard/514693
2026-09-02,Romford,19:27,4,Catunda Steph,514693,Sporting Life,https://www.sportinglife.com/greyhounds/racecards/2026-09-02/romford/racecard/514693
2026-09-02,Romford,19:27,5,Artisan Dancer,514693,Sporting Life,https://www.sportinglife.com/greyhounds/racecards/2026-09-02/romford/racecard/514693
2026-09-02,Romford,19:44,1,Lego,514694,Sporting Life,https://www.sportinglife.com/greyhounds/racecards/2026-09-02/romford/racecard/514694
2026-09-02,Romford,19:44,2,Bretons Boy,514694,Sporting Life,https://www.sportinglife.com/greyhounds/racecards/2026-09-02/romford/racecard/514694
2026-09-02,Romford,19:44,3,My Lil Bella,514694,Sporting Life,https://www.sportinglife.com/greyhounds/racecards/2026-09-02/romford/racecard/514694
2026-09-02,Romford,19:44,4,Hams Twin Turbo,514694,Sporting Life,https://www.sportinglife.com/greyhounds/racecards/2026-09-02/romford/racecard/514694
2026-09-02,Romford,19:44,5,Haverhill Ellie,514694,Sporting Life,https://www.sportinglife.com/greyhounds/racecards/2026-09-02/romford/racecard/514694
2026-09-02,Romford,20:01,1,College Twain,514695,Sporting Life,https://www.sportinglife.com/greyhounds/racecards/2026-09-02/romford/racecard/514695
2026-09-02,Romford,20:01,2,My Agne,514695,Sporting Life,https://www.sportinglife.com/greyhounds/racecards/2026-09-02/romford/racecard/514695
2026-09-02,Romford,20:01,3,Long Parrott,514695,Sporting Life,https://www.sportinglife.com/greyhounds/racecards/2026-09-02/romford/racecard/514695
2026-09-02,Romford,20:01,4,Blackburny Storm,514695,Sporting Life,https://www.sportinglife.com/greyhounds/racecards/2026-09-02/romford/racecard/514695
2026-09-02,Romford,20:01,6,Headford Srange,514695,Sporting Life,https://www.sportinglife.com/greyhounds/racecards/2026-09-02/romford/racecard/514695
2026-09-02,Romford,20:19,1,Orange Camilla,514696,Sporting Life,https://www.sportinglife.com/greyhounds/racecards/2026-09-02/romford/racecard/514696
2026-09-02,Romford,20:19,2,Derrygrath Lisa,514696,Sporting Life,https://www.sportinglife.com/greyhounds/racecards/2026-09-02/romford/racecard/514696
2026-09-02,Romford,20:19,3,Ballybreen Holly,514696,Sporting Life,https://www.sportinglife.com/greyhounds/racecards/2026-09-02/romford/racecard/514696
2026-09-02,Romford,20:19,4,Amelias Tag,514696,Sporting Life,https://www.sportinglife.com/greyhounds/racecards/2026-09-02/romford/racecard/514696
2026-09-02,Romford,20:19,5,Lollipop Lucy,514696,Sporting Life,https://www.sportinglife.com/greyhounds/racecards/2026-09-02/romford/racecard/514696
2026-09-02,Romford,20:36,1,Two Sterling,514697,Sporting Life,https://www.sportinglife.com/greyhounds/racecards/2026-09-02/romford/racecard/514697
2026-09-02,Romford,20:36,2,Skylars Sonny,514697,Sporting Life,https://www.sportinglife.com/greyhounds/racecards/2026-09-02/romford/racecard/514697
2026-09-02,Romford,20:36,3,Zinedine Zedog,514697,Sporting Life,https://www.sportinglife.com/greyhounds/racecards/2026-09-02/romford/racecard/514697
2026-09-02,Romford,20:36,4,Bombay Flash,514697,Sporting Life,https://www.sportinglife.com/greyhounds/racecards/2026-09-02/romford/racecard/514697
2026-09-02,Romford,20:36,5,Bubbly Everest,514697,Sporting Life,https://www.sportinglife.com/greyhounds/racecards/2026-09-02/romford/racecard/514697
2026-09-02,Romford,20:36,6,Romantic Romeo,514697,Sporting Life,https://www.sportinglife.com/greyhounds/racecards/2026-09-02/romford/racecard/514697
2026-09-02,Romford,20:54,1,Tip Top Katie,514698,Sporting Life,https://www.sportinglife.com/greyhounds/racecards/2026-09-02/romford/racecard/514698
2026-09-02,Romford,20:54,2,Ritzy Rosie,514698,Sporting Life,https://www.sportinglife.com/greyhounds/racecards/2026-09-02/romford/racecard/514698
2026-09-02,Romford,20:54,3,Noreason Jess,514698,Sporting Life,https://www.sportinglife.com/greyhounds/racecards/2026-09-02/romford/racecard/514698
2026-09-02,Romford,20:54,4,Run Away Terry,514698,Sporting Life,https://www.sportinglife.com/greyhounds/racecards/2026-09-02/romford/racecard/514698
2026-09-02,Romford,20:54,5,Distant Diana,514698,Sporting Life,https://www.sportinglife.com/greyhounds/racecards/2026-09-02/romford/racecard/514698
2026-09-02,Romford,20:54,6,Miami Hero,514698,Sporting Life,https://www.sportinglife.com/greyhounds/racecards/2026-09-02/romford/racecard/514698
2026-09-02,Romford,21:11,1,Sundance Sasha,514699,Sporting Life,https://www.sportinglife.com/greyhounds/racecards/2026-09-02/romford/racecard/514699
2026-09-02,Romford,21:11,2,Icecool Albie,514699,Sporting Life,https://www.sportinglife.com/greyhounds/racecards/2026-09-02/romford/racecard/514699
2026-09-02,Romford,21:11,3,Naughty Dream,514699,Sporting Life,https://www.sportinglife.com/greyhounds/racecards/2026-09-02/romford/racecard/514699
2026-09-02,Romford,21:11,4,Distant Faraday,514699,Sporting Life,https://www.sportinglife.com/greyhounds/racecards/2026-09-02/romford/racecard/514699
2026-09-02,Romford,21:11,5,Seomra Miska,514699,Sporting Life,https://www.sportinglife.com/greyhounds/racecards/2026-09-02/romford/racecard/514699
2026-09-02,Romford,21:28,2,Milton Ariel,514700,Sporting Life,https://www.sportinglife.com/greyhounds/racecards/2026-09-02/romford/racecard/514700
2026-09-02,Romford,21:28,3,Hollywood Bullet,514700,Sporting Life,https://www.sportinglife.com/greyhounds/racecards/2026-09-02/romford/racecard/514700
2026-09-02,Romford,21:28,4,Roanna General,514700,Sporting Life,https://www.sportinglife.com/greyhounds/racecards/2026-09-02/romford/racecard/514700
2026-09-02,Romford,21:28,5,Express Tag,514700,Sporting Life,https://www.sportinglife.com/greyhounds/racecards/2026-09-02/romford/racecard/514700
2026-09-02,Romford,21:46,1,Gothic Doll,514701,Sporting Life,https://www.sportinglife.com/greyhounds/racecards/2026-09-02/romford/racecard/514701
2026-09-02,Romford,21:46,2,Didier Dogba,514701,Sporting Life,https://www.sportinglife.com/greyhounds/racecards/2026-09-02/romford/racecard/514701
2026-09-02,Romford,21:46,3,Hesarightbucko,514701,Sporting Life,https://www.sportinglife.com/greyhounds/racecards/2026-09-02/romford/racecard/514701
2026-09-02,Romford,21:46,4,Stormtrooper,514701,Sporting Life,https://www.sportinglife.com/greyhounds/racecards/2026-09-02/romford/racecard/514701
2026-09-02,Romford,21:46,5,Yahoo Orla,514701,Sporting Life,https://www.sportinglife.com/greyhounds/racecards/2026-09-02/romford/racecard/514701
2026-09-02,Romford,21:46,6,Kathy,514701,Sporting Life,https://www.sportinglife.com/greyhounds/racecards/2026-09-02/romford/racecard/514701
2026-09-02,Sunderland,14:36,1,Black Rikke,514738,Sporting Life,https://www.sportinglife.com/greyhounds/racecards/2026-09-02/sunderland/racecard/514738
2026-09-02,Sunderland,14:36,2,Diddly Squat,514738,Sporting Life,https://www.sportinglife.com/greyhounds/racecards/2026-09-02/sunderland/racecard/514738
2026-09-02,Sunderland,14:36,3,Pretending,514738,Sporting Life,https://www.sportinglife.com/greyhounds/racecards/2026-09-02/sunderland/racecard/514738
2026-09-02,Sunderland,14:36,4,Are Man Why,514738,Sporting Life,https://www.sportinglife.com/greyhounds/racecards/2026-09-02/sunderland/racecard/514738
2026-09-02,Sunderland,14:36,5,Zari Cora,514738,Sporting Life,https://www.sportinglife.com/greyhounds/racecards/2026-09-02/sunderland/racecard/514738
2026-09-02,Sunderland,14:36,6,Bangersandsmash,514738,Sporting Life,https://www.sportinglife.com/greyhounds/racecards/2026-09-02/sunderland/racecard/514738
2026-09-02,Sunderland,14:54,1,Fruity Dazzler,514739,Sporting Life,https://www.sportinglife.com/greyhounds/racecards/2026-09-02/sunderland/racecard/514739
2026-09-02,Sunderland,14:54,2,Autumn Athlete,514739,Sporting Life,https://www.sportinglife.com/greyhounds/racecards/2026-09-02/sunderland/racecard/514739
2026-09-02,Sunderland,14:54,3,Quickstep Hoban,514739,Sporting Life,https://www.sportinglife.com/greyhounds/racecards/2026-09-02/sunderland/racecard/514739
2026-09-02,Sunderland,14:54,4,Abbeyside Jasmin,514739,Sporting Life,https://www.sportinglife.com/greyhounds/racecards/2026-09-02/sunderland/racecard/514739
2026-09-02,Sunderland,14:54,5,Glenhead Holly,514739,Sporting Life,https://www.sportinglife.com/greyhounds/racecards/2026-09-02/sunderland/racecard/514739
2026-09-02,Sunderland,14:54,6,Laurens Bruno,514739,Sporting Life,https://www.sportinglife.com/greyhounds/racecards/2026-09-02/sunderland/racecard/514739
2026-09-02,Sunderland,15:13,1,Strike It Ali,514740,Sporting Life,https://www.sportinglife.com/greyhounds/racecards/2026-09-02/sunderland/racecard/514740
2026-09-02,Sunderland,15:13,2,Reneas Boy,514740,Sporting Life,https://www.sportinglife.com/greyhounds/racecards/2026-09-02/sunderland/racecard/514740
2026-09-02,Sunderland,15:13,3,Ballymac Deboss,514740,Sporting Life,https://www.sportinglife.com/greyhounds/racecards/2026-09-02/sunderland/racecard/514740
2026-09-02,Sunderland,15:13,4,Shinjim Magic,514740,Sporting Life,https://www.sportinglife.com/greyhounds/racecards/2026-09-02/sunderland/racecard/514740
2026-09-02,Sunderland,15:13,5,Vale Bucko,514740,Sporting Life,https://www.sportinglife.com/greyhounds/racecards/2026-09-02/sunderland/racecard/514740
2026-09-02,Sunderland,15:32,1,Tuesday Two,514741,Sporting Life,https://www.sportinglife.com/greyhounds/racecards/2026-09-02/sunderland/racecard/514741
2026-09-02,Sunderland,15:32,2,Watermill Wendy,514741,Sporting Life,https://www.sportinglife.com/greyhounds/racecards/2026-09-02/sunderland/racecard/514741
2026-09-02,Sunderland,15:32,4,Hi Hilda,514741,Sporting Life,https://www.sportinglife.com/greyhounds/racecards/2026-09-02/sunderland/racecard/514741
2026-09-02,Sunderland,15:32,5,Neon Drifter,514741,Sporting Life,https://www.sportinglife.com/greyhounds/racecards/2026-09-02/sunderland/racecard/514741
2026-09-02,Sunderland,15:32,6,Marwood Magic,514741,Sporting Life,https://www.sportinglife.com/greyhounds/racecards/2026-09-02/sunderland/racecard/514741
2026-09-02,Sunderland,15:51,1,Mid Tipp Jacko,514742,Sporting Life,https://www.sportinglife.com/greyhounds/racecards/2026-09-02/sunderland/racecard/514742
2026-09-02,Sunderland,15:51,2,Fruity Pebbles,514742,Sporting Life,https://www.sportinglife.com/greyhounds/racecards/2026-09-02/sunderland/racecard/514742
2026-09-02,Sunderland,15:51,3,Ballyhooly Rory,514742,Sporting Life,https://www.sportinglife.com/greyhounds/racecards/2026-09-02/sunderland/racecard/514742
2026-09-02,Sunderland,15:51,5,Roanna Chance,514742,Sporting Life,https://www.sportinglife.com/greyhounds/racecards/2026-09-02/sunderland/racecard/514742
2026-09-02,Sunderland,15:51,6,Statsman,514742,Sporting Life,https://www.sportinglife.com/greyhounds/racecards/2026-09-02/sunderland/racecard/514742
2026-09-02,Sunderland,16:09,1,Wishful Nancy,514743,Sporting Life,https://www.sportinglife.com/greyhounds/racecards/2026-09-02/sunderland/racecard/514743
2026-09-02,Sunderland,16:09,2,Neon Whisper,514743,Sporting Life,https://www.sportinglife.com/greyhounds/racecards/2026-09-02/sunderland/racecard/514743
2026-09-02,Sunderland,16:09,3,Macys Honey,514743,Sporting Life,https://www.sportinglife.com/greyhounds/racecards/2026-09-02/sunderland/racecard/514743
2026-09-02,Sunderland,16:09,4,Donegal Tiara,514743,Sporting Life,https://www.sportinglife.com/greyhounds/racecards/2026-09-02/sunderland/racecard/514743
2026-09-02,Sunderland,16:09,5,Comawn Ginny,514743,Sporting Life,https://www.sportinglife.com/greyhounds/racecards/2026-09-02/sunderland/racecard/514743
2026-09-02,Sunderland,16:09,6,Jacktavern Nicky,514743,Sporting Life,https://www.sportinglife.com/greyhounds/racecards/2026-09-02/sunderland/racecard/514743
2026-09-02,Sunderland,16:28,1,Nicoles Noir,514744,Sporting Life,https://www.sportinglife.com/greyhounds/racecards/2026-09-02/sunderland/racecard/514744
2026-09-02,Sunderland,16:28,2,Neon Rebel,514744,Sporting Life,https://www.sportinglife.com/greyhounds/racecards/2026-09-02/sunderland/racecard/514744
2026-09-02,Sunderland,16:28,3,Gringos Socks,514744,Sporting Life,https://www.sportinglife.com/greyhounds/racecards/2026-09-02/sunderland/racecard/514744
2026-09-02,Sunderland,16:28,4,Cantcallhimaero,514744,Sporting Life,https://www.sportinglife.com/greyhounds/racecards/2026-09-02/sunderland/racecard/514744
2026-09-02,Sunderland,16:28,5,Chiltern Lily,514744,Sporting Life,https://www.sportinglife.com/greyhounds/racecards/2026-09-02/sunderland/racecard/514744
2026-09-02,Sunderland,16:28,6,Mikeyknowsbest,514744,Sporting Life,https://www.sportinglife.com/greyhounds/racecards/2026-09-02/sunderland/racecard/514744
2026-09-02,Sunderland,16:47,1,Cagey Nancy,514745,Sporting Life,https://www.sportinglife.com/greyhounds/racecards/2026-09-02/sunderland/racecard/514745
2026-09-02,Sunderland,16:47,2,Calabina,514745,Sporting Life,https://www.sportinglife.com/greyhounds/racecards/2026-09-02/sunderland/racecard/514745
2026-09-02,Sunderland,16:47,3,Dellser Cassie,514745,Sporting Life,https://www.sportinglife.com/greyhounds/racecards/2026-09-02/sunderland/racecard/514745
2026-09-02,Sunderland,16:47,4,Linton Lucy,514745,Sporting Life,https://www.sportinglife.com/greyhounds/racecards/2026-09-02/sunderland/racecard/514745
2026-09-02,Sunderland,16:47,5,Creevagh Boom,514745,Sporting Life,https://www.sportinglife.com/greyhounds/racecards/2026-09-02/sunderland/racecard/514745
2026-09-02,Sunderland,16:47,6,Vinegarhill Spy,514745,Sporting Life,https://www.sportinglife.com/greyhounds/racecards/2026-09-02/sunderland/racecard/514745
2026-09-02,Sunderland,17:06,1,Roaming Jet,514746,Sporting Life,https://www.sportinglife.com/greyhounds/racecards/2026-09-02/sunderland/racecard/514746
2026-09-02,Sunderland,17:06,2,Groovy Ellie,514746,Sporting Life,https://www.sportinglife.com/greyhounds/racecards/2026-09-02/sunderland/racecard/514746
2026-09-02,Sunderland,17:06,3,Marinas Mendoza,514746,Sporting Life,https://www.sportinglife.com/greyhounds/racecards/2026-09-02/sunderland/racecard/514746
2026-09-02,Sunderland,17:06,4,Allowdale Bono,514746,Sporting Life,https://www.sportinglife.com/greyhounds/racecards/2026-09-02/sunderland/racecard/514746
2026-09-02,Sunderland,17:06,5,Doubtful Lizzy,514746,Sporting Life,https://www.sportinglife.com/greyhounds/racecards/2026-09-02/sunderland/racecard/514746
2026-09-02,Sunderland,17:06,6,Long Lasting,514746,Sporting Life,https://www.sportinglife.com/greyhounds/racecards/2026-09-02/sunderland/racecard/514746
2026-09-02,Sunderland,17:24,1,Diamond Noelle,514747,Sporting Life,https://www.sportinglife.com/greyhounds/racecards/2026-09-02/sunderland/racecard/514747
2026-09-02,Sunderland,17:24,2,Kerabellec Neill,514747,Sporting Life,https://www.sportinglife.com/greyhounds/racecards/2026-09-02/sunderland/racecard/514747
2026-09-02,Sunderland,17:24,3,Louies Lass,514747,Sporting Life,https://www.sportinglife.com/greyhounds/racecards/2026-09-02/sunderland/racecard/514747
2026-09-02,Sunderland,17:24,4,Ballyquin Pedro,514747,Sporting Life,https://www.sportinglife.com/greyhounds/racecards/2026-09-02/sunderland/racecard/514747
2026-09-02,Sunderland,17:24,5,Cape Quest,514747,Sporting Life,https://www.sportinglife.com/greyhounds/racecards/2026-09-02/sunderland/racecard/514747
2026-09-02,Sunderland,17:24,6,Vegas Kemosabe,514747,Sporting Life,https://www.sportinglife.com/greyhounds/racecards/2026-09-02/sunderland/racecard/514747
2026-09-02,Sunderland,17:43,1,Monroe Milo,514748,Sporting Life,https://www.sportinglife.com/greyhounds/racecards/2026-09-02/sunderland/racecard/514748
2026-09-02,Sunderland,17:43,2,Noirs Regina,514748,Sporting Life,https://www.sportinglife.com/greyhounds/racecards/2026-09-02/sunderland/racecard/514748
2026-09-02,Sunderland,17:43,3,Rios Mags,514748,Sporting Life,https://www.sportinglife.com/greyhounds/racecards/2026-09-02/sunderland/racecard/514748
2026-09-02,Sunderland,17:43,4,Baby Centurion,514748,Sporting Life,https://www.sportinglife.com/greyhounds/racecards/2026-09-02/sunderland/racecard/514748
2026-09-02,Sunderland,17:43,6,Monday One,514748,Sporting Life,https://www.sportinglife.com/greyhounds/racecards/2026-09-02/sunderland/racecard/514748
2026-09-02,Sunderland,18:02,2,Scarsdale Pronto,514749,Sporting Life,https://www.sportinglife.com/greyhounds/racecards/2026-09-02/sunderland/racecard/514749
2026-09-02,Sunderland,18:02,3,Latin Rose,514749,Sporting Life,https://www.sportinglife.com/greyhounds/racecards/2026-09-02/sunderland/racecard/514749
2026-09-02,Sunderland,18:02,4,Donishall Riley,514749,Sporting Life,https://www.sportinglife.com/greyhounds/racecards/2026-09-02/sunderland/racecard/514749
2026-09-02,Sunderland,18:02,5,Tullymurry Peg,514749,Sporting Life,https://www.sportinglife.com/greyhounds/racecards/2026-09-02/sunderland/racecard/514749
2026-09-02,Sunderland,18:02,6,Play On Words,514749,Sporting Life,https://www.sportinglife.com/greyhounds/racecards/2026-09-02/sunderland/racecard/514749
2026-09-02,Valley,13:49,1,Battle Lass,514645,Sporting Life,https://www.sportinglife.com/greyhounds/racecards/2026-09-02/valley/racecard/514645
2026-09-02,Valley,13:49,2,Crokers Sista,514645,Sporting Life,https://www.sportinglife.com/greyhounds/racecards/2026-09-02/valley/racecard/514645
2026-09-02,Valley,13:49,3,Sawpit Sable,514645,Sporting Life,https://www.sportinglife.com/greyhounds/racecards/2026-09-02/valley/racecard/514645
2026-09-02,Valley,13:49,4,Lady Smith,514645,Sporting Life,https://www.sportinglife.com/greyhounds/racecards/2026-09-02/valley/racecard/514645
2026-09-02,Valley,13:49,5,Battle Taylor,514645,Sporting Life,https://www.sportinglife.com/greyhounds/racecards/2026-09-02/valley/racecard/514645
2026-09-02,Valley,14:08,1,Sawpit Smokey,514646,Sporting Life,https://www.sportinglife.com/greyhounds/racecards/2026-09-02/valley/racecard/514646
2026-09-02,Valley,14:08,2,Runaway May,514646,Sporting Life,https://www.sportinglife.com/greyhounds/racecards/2026-09-02/valley/racecard/514646
2026-09-02,Valley,14:08,3,Crokers Procecco,514646,Sporting Life,https://www.sportinglife.com/greyhounds/racecards/2026-09-02/valley/racecard/514646
2026-09-02,Valley,14:08,4,Dry Morning,514646,Sporting Life,https://www.sportinglife.com/greyhounds/racecards/2026-09-02/valley/racecard/514646
2026-09-02,Valley,14:08,5,Rollover Lucy,514646,Sporting Life,https://www.sportinglife.com/greyhounds/racecards/2026-09-02/valley/racecard/514646
2026-09-02,Valley,14:08,6,Mohican Ramsey,514646,Sporting Life,https://www.sportinglife.com/greyhounds/racecards/2026-09-02/valley/racecard/514646
2026-09-02,Valley,14:26,1,Pandy Daffy,514647,Sporting Life,https://www.sportinglife.com/greyhounds/racecards/2026-09-02/valley/racecard/514647
2026-09-02,Valley,14:26,2,Ballinabola Phil,514647,Sporting Life,https://www.sportinglife.com/greyhounds/racecards/2026-09-02/valley/racecard/514647
2026-09-02,Valley,14:26,3,Trionas Tangle,514647,Sporting Life,https://www.sportinglife.com/greyhounds/racecards/2026-09-02/valley/racecard/514647
2026-09-02,Valley,14:26,4,My Little Farmer,514647,Sporting Life,https://www.sportinglife.com/greyhounds/racecards/2026-09-02/valley/racecard/514647
2026-09-02,Valley,14:26,5,Gavins Cake,514647,Sporting Life,https://www.sportinglife.com/greyhounds/racecards/2026-09-02/valley/racecard/514647
2026-09-02,Valley,14:44,1,Geneva Josie,514648,Sporting Life,https://www.sportinglife.com/greyhounds/racecards/2026-09-02/valley/racecard/514648
2026-09-02,Valley,14:44,2,Dees Lad,514648,Sporting Life,https://www.sportinglife.com/greyhounds/racecards/2026-09-02/valley/racecard/514648
2026-09-02,Valley,14:44,3,Toems Hour,514648,Sporting Life,https://www.sportinglife.com/greyhounds/racecards/2026-09-02/valley/racecard/514648
2026-09-02,Valley,14:44,4,Home Grainne,514648,Sporting Life,https://www.sportinglife.com/greyhounds/racecards/2026-09-02/valley/racecard/514648
2026-09-02,Valley,14:44,5,Taxi Joe,514648,Sporting Life,https://www.sportinglife.com/greyhounds/racecards/2026-09-02/valley/racecard/514648
2026-09-02,Valley,15:03,2,Crokers Anton,514649,Sporting Life,https://www.sportinglife.com/greyhounds/racecards/2026-09-02/valley/racecard/514649
2026-09-02,Valley,15:03,3,Kippagh Epic,514649,Sporting Life,https://www.sportinglife.com/greyhounds/racecards/2026-09-02/valley/racecard/514649
2026-09-02,Valley,15:03,4,Chadwell Tyson,514649,Sporting Life,https://www.sportinglife.com/greyhounds/racecards/2026-09-02/valley/racecard/514649
2026-09-02,Valley,15:03,5,Chesters Boy,514649,Sporting Life,https://www.sportinglife.com/greyhounds/racecards/2026-09-02/valley/racecard/514649
2026-09-02,Valley,15:03,6,Affleck Nashwan,514649,Sporting Life,https://www.sportinglife.com/greyhounds/racecards/2026-09-02/valley/racecard/514649
2026-09-02,Valley,15:22,1,Sawpit Sauvignon,514650,Sporting Life,https://www.sportinglife.com/greyhounds/racecards/2026-09-02/valley/racecard/514650
2026-09-02,Valley,15:22,2,Rory Bellows,514650,Sporting Life,https://www.sportinglife.com/greyhounds/racecards/2026-09-02/valley/racecard/514650
2026-09-02,Valley,15:22,3,Billis Sniper,514650,Sporting Life,https://www.sportinglife.com/greyhounds/racecards/2026-09-02/valley/racecard/514650
2026-09-02,Valley,15:22,4,Crokers Pat,514650,Sporting Life,https://www.sportinglife.com/greyhounds/racecards/2026-09-02/valley/racecard/514650
2026-09-02,Valley,15:22,5,Memories Clash,514650,Sporting Life,https://www.sportinglife.com/greyhounds/racecards/2026-09-02/valley/racecard/514650
2026-09-02,Valley,15:22,6,Swift Backround,514650,Sporting Life,https://www.sportinglife.com/greyhounds/racecards/2026-09-02/valley/racecard/514650
2026-09-02,Valley,15:41,1,Furry Neck,514651,Sporting Life,https://www.sportinglife.com/greyhounds/racecards/2026-09-02/valley/racecard/514651
2026-09-02,Valley,15:41,2,Miss Eske,514651,Sporting Life,https://www.sportinglife.com/greyhounds/racecards/2026-09-02/valley/racecard/514651
2026-09-02,Valley,15:41,3,Evies Choice,514651,Sporting Life,https://www.sportinglife.com/greyhounds/racecards/2026-09-02/valley/racecard/514651
2026-09-02,Valley,15:41,4,Breffni Tina,514651,Sporting Life,https://www.sportinglife.com/greyhounds/racecards/2026-09-02/valley/racecard/514651
2026-09-02,Valley,15:41,5,Livingonaprayer,514651,Sporting Life,https://www.sportinglife.com/greyhounds/racecards/2026-09-02/valley/racecard/514651
2026-09-02,Valley,15:41,6,Hawkfield Tweeny,514651,Sporting Life,https://www.sportinglife.com/greyhounds/racecards/2026-09-02/valley/racecard/514651
2026-09-02,Valley,15:59,2,Most Dapper,514652,Sporting Life,https://www.sportinglife.com/greyhounds/racecards/2026-09-02/valley/racecard/514652
2026-09-02,Valley,15:59,3,Rollaway Willow,514652,Sporting Life,https://www.sportinglife.com/greyhounds/racecards/2026-09-02/valley/racecard/514652
2026-09-02,Valley,15:59,4,Vanessas Redrose,514652,Sporting Life,https://www.sportinglife.com/greyhounds/racecards/2026-09-02/valley/racecard/514652
2026-09-02,Valley,15:59,5,Gizmo Mysterious,514652,Sporting Life,https://www.sportinglife.com/greyhounds/racecards/2026-09-02/valley/racecard/514652
2026-09-02,Valley,15:59,6,Rapido Firmino,514652,Sporting Life,https://www.sportinglife.com/greyhounds/racecards/2026-09-02/valley/racecard/514652
2026-09-02,Valley,16:18,2,Burgess Julie,514653,Sporting Life,https://www.sportinglife.com/greyhounds/racecards/2026-09-02/valley/racecard/514653
2026-09-02,Valley,16:18,3,Trionas Twilight,514653,Sporting Life,https://www.sportinglife.com/greyhounds/racecards/2026-09-02/valley/racecard/514653
2026-09-02,Valley,16:18,4,Crokers Grayson,514653,Sporting Life,https://www.sportinglife.com/greyhounds/racecards/2026-09-02/valley/racecard/514653
2026-09-02,Valley,16:18,5,Shanbally Blues,514653,Sporting Life,https://www.sportinglife.com/greyhounds/racecards/2026-09-02/valley/racecard/514653
2026-09-02,Valley,16:18,6,Hawkfield Hugo,514653,Sporting Life,https://www.sportinglife.com/greyhounds/racecards/2026-09-02/valley/racecard/514653
2026-09-02,Valley,16:37,1,Boherdota Angel,514654,Sporting Life,https://www.sportinglife.com/greyhounds/racecards/2026-09-02/valley/racecard/514654
2026-09-02,Valley,16:37,2,Mylerstown Sage,514654,Sporting Life,https://www.sportinglife.com/greyhounds/racecards/2026-09-02/valley/racecard/514654
2026-09-02,Valley,16:37,3,Coolree Blue,514654,Sporting Life,https://www.sportinglife.com/greyhounds/racecards/2026-09-02/valley/racecard/514654
2026-09-02,Valley,16:37,4,Boherdota Flash,514654,Sporting Life,https://www.sportinglife.com/greyhounds/racecards/2026-09-02/valley/racecard/514654
2026-09-02,Valley,16:37,5,Hawkfield Jasmin,514654,Sporting Life,https://www.sportinglife.com/greyhounds/racecards/2026-09-02/valley/racecard/514654
2026-09-02,Valley,16:37,6,Mid West Daisy,514654,Sporting Life,https://www.sportinglife.com/greyhounds/racecards/2026-09-02/valley/racecard/514654
2026-09-02,Valley,16:56,1,Captainannie,514655,Sporting Life,https://www.sportinglife.com/greyhounds/racecards/2026-09-02/valley/racecard/514655
2026-09-02,Valley,16:56,2,Antons Anna,514655,Sporting Life,https://www.sportinglife.com/greyhounds/racecards/2026-09-02/valley/racecard/514655
2026-09-02,Valley,16:56,3,Crokers Mary,514655,Sporting Life,https://www.sportinglife.com/greyhounds/racecards/2026-09-02/valley/racecard/514655
2026-09-02,Valley,16:56,4,Droopys Glaze,514655,Sporting Life,https://www.sportinglife.com/greyhounds/racecards/2026-09-02/valley/racecard/514655
2026-09-02,Valley,16:56,5,Astro Mary,514655,Sporting Life,https://www.sportinglife.com/greyhounds/racecards/2026-09-02/valley/racecard/514655
2026-09-02,Valley,16:56,6,Tagalong Bucko,514655,Sporting Life,https://www.sportinglife.com/greyhounds/racecards/2026-09-02/valley/racecard/514655
2026-09-02,Yarmouth,18:14,1,Tetra Kenny,514714,Sporting Life,https://www.sportinglife.com/greyhounds/racecards/2026-09-02/yarmouth/racecard/514714
2026-09-02,Yarmouth,18:14,2,Decoy Oola,514714,Sporting Life,https://www.sportinglife.com/greyhounds/racecards/2026-09-02/yarmouth/racecard/514714
2026-09-02,Yarmouth,18:14,3,Mallogs Freddie,514714,Sporting Life,https://www.sportinglife.com/greyhounds/racecards/2026-09-02/yarmouth/racecard/514714
2026-09-02,Yarmouth,18:14,4,Crypto Wallet,514714,Sporting Life,https://www.sportinglife.com/greyhounds/racecards/2026-09-02/yarmouth/racecard/514714
2026-09-02,Yarmouth,18:14,5,Cryptography,514714,Sporting Life,https://www.sportinglife.com/greyhounds/racecards/2026-09-02/yarmouth/racecard/514714
2026-09-02,Yarmouth,18:14,6,Mystical Otis,514714,Sporting Life,https://www.sportinglife.com/greyhounds/racecards/2026-09-02/yarmouth/racecard/514714
2026-09-02,Yarmouth,18:31,1,Faiths Memory,514715,Sporting Life,https://www.sportinglife.com/greyhounds/racecards/2026-09-02/yarmouth/racecard/514715
2026-09-02,Yarmouth,18:31,2,Golden Hare,514715,Sporting Life,https://www.sportinglife.com/greyhounds/racecards/2026-09-02/yarmouth/racecard/514715
2026-09-02,Yarmouth,18:31,3,Monroe Daisy,514715,Sporting Life,https://www.sportinglife.com/greyhounds/racecards/2026-09-02/yarmouth/racecard/514715
2026-09-02,Yarmouth,18:31,4,Fastnet Ranger,514715,Sporting Life,https://www.sportinglife.com/greyhounds/racecards/2026-09-02/yarmouth/racecard/514715
2026-09-02,Yarmouth,18:31,6,Ballycowen Alfie,514715,Sporting Life,https://www.sportinglife.com/greyhounds/racecards/2026-09-02/yarmouth/racecard/514715
2026-09-02,Yarmouth,18:48,1,Galinism,514716,Sporting Life,https://www.sportinglife.com/greyhounds/racecards/2026-09-02/yarmouth/racecard/514716
2026-09-02,Yarmouth,18:48,2,Rosshill Orla,514716,Sporting Life,https://www.sportinglife.com/greyhounds/racecards/2026-09-02/yarmouth/racecard/514716
2026-09-02,Yarmouth,18:48,3,Billy And Bob,514716,Sporting Life,https://www.sportinglife.com/greyhounds/racecards/2026-09-02/yarmouth/racecard/514716
2026-09-02,Yarmouth,18:48,4,Assarula Judy,514716,Sporting Life,https://www.sportinglife.com/greyhounds/racecards/2026-09-02/yarmouth/racecard/514716
2026-09-02,Yarmouth,18:48,5,Epic Fire,514716,Sporting Life,https://www.sportinglife.com/greyhounds/racecards/2026-09-02/yarmouth/racecard/514716
2026-09-02,Yarmouth,19:06,1,Browns Swifties,514717,Sporting Life,https://www.sportinglife.com/greyhounds/racecards/2026-09-02/yarmouth/racecard/514717
2026-09-02,Yarmouth,19:06,2,Onthebeeragain,514717,Sporting Life,https://www.sportinglife.com/greyhounds/racecards/2026-09-02/yarmouth/racecard/514717
2026-09-02,Yarmouth,19:06,3,Barnora Horse,514717,Sporting Life,https://www.sportinglife.com/greyhounds/racecards/2026-09-02/yarmouth/racecard/514717
2026-09-02,Yarmouth,19:06,4,Cascade Hela,514717,Sporting Life,https://www.sportinglife.com/greyhounds/racecards/2026-09-02/yarmouth/racecard/514717
2026-09-02,Yarmouth,19:06,5,Bonzer Bono,514717,Sporting Life,https://www.sportinglife.com/greyhounds/racecards/2026-09-02/yarmouth/racecard/514717
2026-09-02,Yarmouth,19:22,1,Droopys Assured,514718,Sporting Life,https://www.sportinglife.com/greyhounds/racecards/2026-09-02/yarmouth/racecard/514718
2026-09-02,Yarmouth,19:22,2,Always Wrighty,514718,Sporting Life,https://www.sportinglife.com/greyhounds/racecards/2026-09-02/yarmouth/racecard/514718
2026-09-02,Yarmouth,19:22,3,Loughmore,514718,Sporting Life,https://www.sportinglife.com/greyhounds/racecards/2026-09-02/yarmouth/racecard/514718
2026-09-02,Yarmouth,19:22,4,Heres Ringo,514718,Sporting Life,https://www.sportinglife.com/greyhounds/racecards/2026-09-02/yarmouth/racecard/514718
2026-09-02,Yarmouth,19:22,5,Laugh Alot,514718,Sporting Life,https://www.sportinglife.com/greyhounds/racecards/2026-09-02/yarmouth/racecard/514718
2026-09-02,Yarmouth,19:22,6,Flashing Fender,514718,Sporting Life,https://www.sportinglife.com/greyhounds/racecards/2026-09-02/yarmouth/racecard/514718
2026-09-02,Yarmouth,19:39,1,Hasselbomb,514719,Sporting Life,https://www.sportinglife.com/greyhounds/racecards/2026-09-02/yarmouth/racecard/514719
2026-09-02,Yarmouth,19:39,2,Carrigoon Milo,514719,Sporting Life,https://www.sportinglife.com/greyhounds/racecards/2026-09-02/yarmouth/racecard/514719
2026-09-02,Yarmouth,19:39,3,Parkview Jack,514719,Sporting Life,https://www.sportinglife.com/greyhounds/racecards/2026-09-02/yarmouth/racecard/514719
2026-09-02,Yarmouth,19:39,4,Aayamza Shazza,514719,Sporting Life,https://www.sportinglife.com/greyhounds/racecards/2026-09-02/yarmouth/racecard/514719
2026-09-02,Yarmouth,19:39,5,True Trend,514719,Sporting Life,https://www.sportinglife.com/greyhounds/racecards/2026-09-02/yarmouth/racecard/514719
2026-09-02,Yarmouth,19:39,6,Bubbly Crusader,514719,Sporting Life,https://www.sportinglife.com/greyhounds/racecards/2026-09-02/yarmouth/racecard/514719
2026-09-02,Yarmouth,19:56,1,Roanna Sharp,514720,Sporting Life,https://www.sportinglife.com/greyhounds/racecards/2026-09-02/yarmouth/racecard/514720
2026-09-02,Yarmouth,19:56,2,Underground Arlo,514720,Sporting Life,https://www.sportinglife.com/greyhounds/racecards/2026-09-02/yarmouth/racecard/514720
2026-09-02,Yarmouth,19:56,3,Bockos Buster,514720,Sporting Life,https://www.sportinglife.com/greyhounds/racecards/2026-09-02/yarmouth/racecard/514720
2026-09-02,Yarmouth,19:56,4,Deelish Jack,514720,Sporting Life,https://www.sportinglife.com/greyhounds/racecards/2026-09-02/yarmouth/racecard/514720
2026-09-02,Yarmouth,19:56,5,Charlie Loves Me,514720,Sporting Life,https://www.sportinglife.com/greyhounds/racecards/2026-09-02/yarmouth/racecard/514720
2026-09-02,Yarmouth,19:56,6,Mossend Brute,514720,Sporting Life,https://www.sportinglife.com/greyhounds/racecards/2026-09-02/yarmouth/racecard/514720
2026-09-02,Yarmouth,20:13,1,Montana Tiger,514721,Sporting Life,https://www.sportinglife.com/greyhounds/racecards/2026-09-02/yarmouth/racecard/514721
2026-09-02,Yarmouth,20:13,2,Romeo Ability,514721,Sporting Life,https://www.sportinglife.com/greyhounds/racecards/2026-09-02/yarmouth/racecard/514721
2026-09-02,Yarmouth,20:13,3,Forgottotellya,514721,Sporting Life,https://www.sportinglife.com/greyhounds/racecards/2026-09-02/yarmouth/racecard/514721
2026-09-02,Yarmouth,20:13,4,Attack Attack,514721,Sporting Life,https://www.sportinglife.com/greyhounds/racecards/2026-09-02/yarmouth/racecard/514721
2026-09-02,Yarmouth,20:13,5,Zari Aki,514721,Sporting Life,https://www.sportinglife.com/greyhounds/racecards/2026-09-02/yarmouth/racecard/514721
2026-09-02,Yarmouth,20:13,6,Royal Hotshot,514721,Sporting Life,https://www.sportinglife.com/greyhounds/racecards/2026-09-02/yarmouth/racecard/514721
2026-09-02,Yarmouth,20:31,1,Who Dares Wins,514722,Sporting Life,https://www.sportinglife.com/greyhounds/racecards/2026-09-02/yarmouth/racecard/514722
2026-09-02,Yarmouth,20:31,2,Burberry Girl,514722,Sporting Life,https://www.sportinglife.com/greyhounds/racecards/2026-09-02/yarmouth/racecard/514722
2026-09-02,Yarmouth,20:31,3,Bockos Waka Waka,514722,Sporting Life,https://www.sportinglife.com/greyhounds/racecards/2026-09-02/yarmouth/racecard/514722
2026-09-02,Yarmouth,20:31,4,Backing It Up,514722,Sporting Life,https://www.sportinglife.com/greyhounds/racecards/2026-09-02/yarmouth/racecard/514722
2026-09-02,Yarmouth,20:31,5,Droopys Buck,514722,Sporting Life,https://www.sportinglife.com/greyhounds/racecards/2026-09-02/yarmouth/racecard/514722
2026-09-02,Yarmouth,20:31,6,Swift Depot,514722,Sporting Life,https://www.sportinglife.com/greyhounds/racecards/2026-09-02/yarmouth/racecard/514722
2026-09-02,Yarmouth,20:47,1,Jimmyjimmyjimmy,514723,Sporting Life,https://www.sportinglife.com/greyhounds/racecards/2026-09-02/yarmouth/racecard/514723
2026-09-02,Yarmouth,20:47,2,Outdoor Cracker,514723,Sporting Life,https://www.sportinglife.com/greyhounds/racecards/2026-09-02/yarmouth/racecard/514723
2026-09-02,Yarmouth,20:47,3,Move Over Toby,514723,Sporting Life,https://www.sportinglife.com/greyhounds/racecards/2026-09-02/yarmouth/racecard/514723
2026-09-02,Yarmouth,20:47,4,Strathrannoch,514723,Sporting Life,https://www.sportinglife.com/greyhounds/racecards/2026-09-02/yarmouth/racecard/514723
2026-09-02,Yarmouth,20:47,5,My Name Siddy,514723,Sporting Life,https://www.sportinglife.com/greyhounds/racecards/2026-09-02/yarmouth/racecard/514723
2026-09-02,Yarmouth,20:47,6,Aayamza Legend,514723,Sporting Life,https://www.sportinglife.com/greyhounds/racecards/2026-09-02/yarmouth/racecard/514723
2026-09-02,Yarmouth,21:04,1,White Rolls,514724,Sporting Life,https://www.sportinglife.com/greyhounds/racecards/2026-09-02/yarmouth/racecard/514724
2026-09-02,Yarmouth,21:04,2,Hes Dynamite,514724,Sporting Life,https://www.sportinglife.com/greyhounds/racecards/2026-09-02/yarmouth/racecard/514724
2026-09-02,Yarmouth,21:04,3,All About Glory,514724,Sporting Life,https://www.sportinglife.com/greyhounds/racecards/2026-09-02/yarmouth/racecard/514724
2026-09-02,Yarmouth,21:04,4,Essex Gunner,514724,Sporting Life,https://www.sportinglife.com/greyhounds/racecards/2026-09-02/yarmouth/racecard/514724
2026-09-02,Yarmouth,21:04,5,Dick Turpin,514724,Sporting Life,https://www.sportinglife.com/greyhounds/racecards/2026-09-02/yarmouth/racecard/514724
2026-09-02,Yarmouth,21:23,1,Hi Ricki,514725,Sporting Life,https://www.sportinglife.com/greyhounds/racecards/2026-09-02/yarmouth/racecard/514725
2026-09-02,Yarmouth,21:23,2,Oldtrafford Girl,514725,Sporting Life,https://www.sportinglife.com/greyhounds/racecards/2026-09-02/yarmouth/racecard/514725
2026-09-02,Yarmouth,21:23,3,Essjay Ben,514725,Sporting Life,https://www.sportinglife.com/greyhounds/racecards/2026-09-02/yarmouth/racecard/514725
2026-09-02,Yarmouth,21:23,4,Jenesaisquoi,514725,Sporting Life,https://www.sportinglife.com/greyhounds/racecards/2026-09-02/yarmouth/racecard/514725
2026-09-02,Yarmouth,21:23,6,Value Added,514725,Sporting Life,https://www.sportinglife.com/greyhounds/racecards/2026-09-02/yarmouth/racecard/514725
