date,track,race_time,runner_number,dog_name,race_id,source,race_url
2026-08-22,Central Park,17:30,1,Insane Cuddles,513347,Sporting Life,https://www.sportinglife.com/greyhounds/racecards/2026-08-22/central-park/racecard/513347
2026-08-22,Central Park,17:30,2,Devonshire Lady,513347,Sporting Life,https://www.sportinglife.com/greyhounds/racecards/2026-08-22/central-park/racecard/513347
2026-08-22,Central Park,17:30,3,Im Afraid Not,513347,Sporting Life,https://www.sportinglife.com/greyhounds/racecards/2026-08-22/central-park/racecard/513347
2026-08-22,Central Park,17:30,4,Earls Ruby,513347,Sporting Life,https://www.sportinglife.com/greyhounds/racecards/2026-08-22/central-park/racecard/513347
2026-08-22,Central Park,17:30,5,Always Harlow,513347,Sporting Life,https://www.sportinglife.com/greyhounds/racecards/2026-08-22/central-park/racecard/513347
2026-08-22,Central Park,17:30,6,Windsor Beauty,513347,Sporting Life,https://www.sportinglife.com/greyhounds/racecards/2026-08-22/central-park/racecard/513347
2026-08-22,Central Park,17:50,1,Aphantasia,513348,Sporting Life,https://www.sportinglife.com/greyhounds/racecards/2026-08-22/central-park/racecard/513348
2026-08-22,Central Park,17:50,3,Cronody Hendrika,513348,Sporting Life,https://www.sportinglife.com/greyhounds/racecards/2026-08-22/central-park/racecard/513348
2026-08-22,Central Park,17:50,4,Ask The Warden,513348,Sporting Life,https://www.sportinglife.com/greyhounds/racecards/2026-08-22/central-park/racecard/513348
2026-08-22,Central Park,17:50,5,Free Derry,513348,Sporting Life,https://www.sportinglife.com/greyhounds/racecards/2026-08-22/central-park/racecard/513348
2026-08-22,Central Park,17:50,6,Insane Vanessa,513348,Sporting Life,https://www.sportinglife.com/greyhounds/racecards/2026-08-22/central-park/racecard/513348
2026-08-22,Central Park,18:10,1,Capel Icon,513349,Sporting Life,https://www.sportinglife.com/greyhounds/racecards/2026-08-22/central-park/racecard/513349
2026-08-22,Central Park,18:10,2,King Ringo,513349,Sporting Life,https://www.sportinglife.com/greyhounds/racecards/2026-08-22/central-park/racecard/513349
2026-08-22,Central Park,18:10,3,Westwood Gem,513349,Sporting Life,https://www.sportinglife.com/greyhounds/racecards/2026-08-22/central-park/racecard/513349
2026-08-22,Central Park,18:10,4,Harlequin Windy,513349,Sporting Life,https://www.sportinglife.com/greyhounds/racecards/2026-08-22/central-park/racecard/513349
2026-08-22,Central Park,18:10,5,Lemon Luna,513349,Sporting Life,https://www.sportinglife.com/greyhounds/racecards/2026-08-22/central-park/racecard/513349
2026-08-22,Central Park,18:10,6,Insane Investa,513349,Sporting Life,https://www.sportinglife.com/greyhounds/racecards/2026-08-22/central-park/racecard/513349
2026-08-22,Central Park,18:30,1,Francos Matt,513350,Sporting Life,https://www.sportinglife.com/greyhounds/racecards/2026-08-22/central-park/racecard/513350
2026-08-22,Central Park,18:30,2,Savana Yahoo,513350,Sporting Life,https://www.sportinglife.com/greyhounds/racecards/2026-08-22/central-park/racecard/513350
2026-08-22,Central Park,18:30,3,Hot Jackie,513350,Sporting Life,https://www.sportinglife.com/greyhounds/racecards/2026-08-22/central-park/racecard/513350
2026-08-22,Central Park,18:30,4,Genuine Sambuca,513350,Sporting Life,https://www.sportinglife.com/greyhounds/racecards/2026-08-22/central-park/racecard/513350
2026-08-22,Central Park,18:30,5,Blastoff Sony,513350,Sporting Life,https://www.sportinglife.com/greyhounds/racecards/2026-08-22/central-park/racecard/513350
2026-08-22,Central Park,18:30,6,Raymonds Charlie,513350,Sporting Life,https://www.sportinglife.com/greyhounds/racecards/2026-08-22/central-park/racecard/513350
2026-08-22,Central Park,18:50,1,Catch My Girl,513351,Sporting Life,https://www.sportinglife.com/greyhounds/racecards/2026-08-22/central-park/racecard/513351
2026-08-22,Central Park,18:50,2,Romeo Arran,513351,Sporting Life,https://www.sportinglife.com/greyhounds/racecards/2026-08-22/central-park/racecard/513351
2026-08-22,Central Park,18:50,3,Deelish Beauty,513351,Sporting Life,https://www.sportinglife.com/greyhounds/racecards/2026-08-22/central-park/racecard/513351
2026-08-22,Central Park,18:50,4,Ever So Thunder,513351,Sporting Life,https://www.sportinglife.com/greyhounds/racecards/2026-08-22/central-park/racecard/513351
2026-08-22,Central Park,18:50,5,Bower Kerry,513351,Sporting Life,https://www.sportinglife.com/greyhounds/racecards/2026-08-22/central-park/racecard/513351
2026-08-22,Central Park,18:50,6,Wicky Podge,513351,Sporting Life,https://www.sportinglife.com/greyhounds/racecards/2026-08-22/central-park/racecard/513351
2026-08-22,Central Park,19:10,1,Woodys Banga,513352,Sporting Life,https://www.sportinglife.com/greyhounds/racecards/2026-08-22/central-park/racecard/513352
2026-08-22,Central Park,19:10,2,Foxwood Christy,513352,Sporting Life,https://www.sportinglife.com/greyhounds/racecards/2026-08-22/central-park/racecard/513352
2026-08-22,Central Park,19:10,3,Bowes Hill News,513352,Sporting Life,https://www.sportinglife.com/greyhounds/racecards/2026-08-22/central-park/racecard/513352
2026-08-22,Central Park,19:10,4,Samba Blaze,513352,Sporting Life,https://www.sportinglife.com/greyhounds/racecards/2026-08-22/central-park/racecard/513352
2026-08-22,Central Park,19:10,5,Sonnys Lou Lou,513352,Sporting Life,https://www.sportinglife.com/greyhounds/racecards/2026-08-22/central-park/racecard/513352
2026-08-22,Central Park,19:10,6,Roaming Polly,513352,Sporting Life,https://www.sportinglife.com/greyhounds/racecards/2026-08-22/central-park/racecard/513352
2026-08-22,Central Park,19:30,1,Speedy Gojo Fast,513353,Sporting Life,https://www.sportinglife.com/greyhounds/racecards/2026-08-22/central-park/racecard/513353
2026-08-22,Central Park,19:30,2,Hansford Hero,513353,Sporting Life,https://www.sportinglife.com/greyhounds/racecards/2026-08-22/central-park/racecard/513353
2026-08-22,Central Park,19:30,3,Slick Senator,513353,Sporting Life,https://www.sportinglife.com/greyhounds/racecards/2026-08-22/central-park/racecard/513353
2026-08-22,Central Park,19:30,4,Glideaway Danny,513353,Sporting Life,https://www.sportinglife.com/greyhounds/racecards/2026-08-22/central-park/racecard/513353
2026-08-22,Central Park,19:30,5,Havana Anevrin,513353,Sporting Life,https://www.sportinglife.com/greyhounds/racecards/2026-08-22/central-park/racecard/513353
2026-08-22,Central Park,19:30,6,Swift Ice Cream,513353,Sporting Life,https://www.sportinglife.com/greyhounds/racecards/2026-08-22/central-park/racecard/513353
2026-08-22,Central Park,19:50,1,Hackney Toast,513354,Sporting Life,https://www.sportinglife.com/greyhounds/racecards/2026-08-22/central-park/racecard/513354
2026-08-22,Central Park,19:50,2,Danas Star,513354,Sporting Life,https://www.sportinglife.com/greyhounds/racecards/2026-08-22/central-park/racecard/513354
2026-08-22,Central Park,19:50,3,Bogger Cash,513354,Sporting Life,https://www.sportinglife.com/greyhounds/racecards/2026-08-22/central-park/racecard/513354
2026-08-22,Central Park,19:50,4,Romeo Tomcat,513354,Sporting Life,https://www.sportinglife.com/greyhounds/racecards/2026-08-22/central-park/racecard/513354
2026-08-22,Central Park,19:50,5,Bushpark Cathal,513354,Sporting Life,https://www.sportinglife.com/greyhounds/racecards/2026-08-22/central-park/racecard/513354
2026-08-22,Central Park,19:50,6,Brother Patrick,513354,Sporting Life,https://www.sportinglife.com/greyhounds/racecards/2026-08-22/central-park/racecard/513354
2026-08-22,Central Park,20:10,1,One More Tune,513355,Sporting Life,https://www.sportinglife.com/greyhounds/racecards/2026-08-22/central-park/racecard/513355
2026-08-22,Central Park,20:10,2,Powerhouse Duke,513355,Sporting Life,https://www.sportinglife.com/greyhounds/racecards/2026-08-22/central-park/racecard/513355
2026-08-22,Central Park,20:10,3,Romeo Empire,513355,Sporting Life,https://www.sportinglife.com/greyhounds/racecards/2026-08-22/central-park/racecard/513355
2026-08-22,Central Park,20:10,4,Newinn Jolie,513355,Sporting Life,https://www.sportinglife.com/greyhounds/racecards/2026-08-22/central-park/racecard/513355
2026-08-22,Central Park,20:10,5,Capel Fortuna,513355,Sporting Life,https://www.sportinglife.com/greyhounds/racecards/2026-08-22/central-park/racecard/513355
2026-08-22,Central Park,20:10,6,Droopys Samara,513355,Sporting Life,https://www.sportinglife.com/greyhounds/racecards/2026-08-22/central-park/racecard/513355
2026-08-22,Central Park,20:30,1,Deelish Lady,513356,Sporting Life,https://www.sportinglife.com/greyhounds/racecards/2026-08-22/central-park/racecard/513356
2026-08-22,Central Park,20:30,2,Insane Mariela,513356,Sporting Life,https://www.sportinglife.com/greyhounds/racecards/2026-08-22/central-park/racecard/513356
2026-08-22,Central Park,20:30,3,Tassie Ted,513356,Sporting Life,https://www.sportinglife.com/greyhounds/racecards/2026-08-22/central-park/racecard/513356
2026-08-22,Central Park,20:30,4,Mucky Murty,513356,Sporting Life,https://www.sportinglife.com/greyhounds/racecards/2026-08-22/central-park/racecard/513356
2026-08-22,Central Park,20:30,5,Ivy Hill Ariel,513356,Sporting Life,https://www.sportinglife.com/greyhounds/racecards/2026-08-22/central-park/racecard/513356
2026-08-22,Central Park,20:30,6,Bonville Secret,513356,Sporting Life,https://www.sportinglife.com/greyhounds/racecards/2026-08-22/central-park/racecard/513356
2026-08-22,Central Park,20:50,1,Bowes Hill Bocko,513357,Sporting Life,https://www.sportinglife.com/greyhounds/racecards/2026-08-22/central-park/racecard/513357
2026-08-22,Central Park,20:50,2,Ballyhimikin Joe,513357,Sporting Life,https://www.sportinglife.com/greyhounds/racecards/2026-08-22/central-park/racecard/513357
2026-08-22,Central Park,20:50,3,Roseville Chic,513357,Sporting Life,https://www.sportinglife.com/greyhounds/racecards/2026-08-22/central-park/racecard/513357
2026-08-22,Central Park,20:50,4,Patriot Game,513357,Sporting Life,https://www.sportinglife.com/greyhounds/racecards/2026-08-22/central-park/racecard/513357
2026-08-22,Central Park,20:50,5,Hardy Gringo,513357,Sporting Life,https://www.sportinglife.com/greyhounds/racecards/2026-08-22/central-park/racecard/513357
2026-08-22,Central Park,20:50,6,Chloes Lexie,513357,Sporting Life,https://www.sportinglife.com/greyhounds/racecards/2026-08-22/central-park/racecard/513357
2026-08-22,Central Park,21:10,1,Dark Madam,513358,Sporting Life,https://www.sportinglife.com/greyhounds/racecards/2026-08-22/central-park/racecard/513358
2026-08-22,Central Park,21:10,2,Brinkleys Betty,513358,Sporting Life,https://www.sportinglife.com/greyhounds/racecards/2026-08-22/central-park/racecard/513358
2026-08-22,Central Park,21:10,3,Finally Matched,513358,Sporting Life,https://www.sportinglife.com/greyhounds/racecards/2026-08-22/central-park/racecard/513358
2026-08-22,Central Park,21:10,4,Headford Lily,513358,Sporting Life,https://www.sportinglife.com/greyhounds/racecards/2026-08-22/central-park/racecard/513358
2026-08-22,Central Park,21:10,6,Coloured Magic,513358,Sporting Life,https://www.sportinglife.com/greyhounds/racecards/2026-08-22/central-park/racecard/513358
2026-08-22,Central Park,21:30,2,Yassoo Gee One,513359,Sporting Life,https://www.sportinglife.com/greyhounds/racecards/2026-08-22/central-park/racecard/513359
2026-08-22,Central Park,21:30,3,Swift Quaid,513359,Sporting Life,https://www.sportinglife.com/greyhounds/racecards/2026-08-22/central-park/racecard/513359
2026-08-22,Central Park,21:30,4,Crossbar,513359,Sporting Life,https://www.sportinglife.com/greyhounds/racecards/2026-08-22/central-park/racecard/513359
2026-08-22,Central Park,21:30,5,Another Solution,513359,Sporting Life,https://www.sportinglife.com/greyhounds/racecards/2026-08-22/central-park/racecard/513359
2026-08-22,Central Park,21:30,6,Martindale Lad,513359,Sporting Life,https://www.sportinglife.com/greyhounds/racecards/2026-08-22/central-park/racecard/513359
2026-08-22,Doncaster,10:32,1,Azeman,513198,Sporting Life,https://www.sportinglife.com/greyhounds/racecards/2026-08-22/doncaster/racecard/513198
2026-08-22,Doncaster,10:32,2,Cockneys Elsa,513198,Sporting Life,https://www.sportinglife.com/greyhounds/racecards/2026-08-22/doncaster/racecard/513198
2026-08-22,Doncaster,10:32,3,Cascade Electra,513198,Sporting Life,https://www.sportinglife.com/greyhounds/racecards/2026-08-22/doncaster/racecard/513198
2026-08-22,Doncaster,10:32,4,Millhouse Craig,513198,Sporting Life,https://www.sportinglife.com/greyhounds/racecards/2026-08-22/doncaster/racecard/513198
2026-08-22,Doncaster,10:32,6,Anchor Banken,513198,Sporting Life,https://www.sportinglife.com/greyhounds/racecards/2026-08-22/doncaster/racecard/513198
2026-08-22,Doncaster,10:48,2,Aghaburren Milly,513199,Sporting Life,https://www.sportinglife.com/greyhounds/racecards/2026-08-22/doncaster/racecard/513199
2026-08-22,Doncaster,10:48,3,Late Lola,513199,Sporting Life,https://www.sportinglife.com/greyhounds/racecards/2026-08-22/doncaster/racecard/513199
2026-08-22,Doncaster,10:48,4,Jimelle,513199,Sporting Life,https://www.sportinglife.com/greyhounds/racecards/2026-08-22/doncaster/racecard/513199
2026-08-22,Doncaster,10:48,5,Ballymac Hanson,513199,Sporting Life,https://www.sportinglife.com/greyhounds/racecards/2026-08-22/doncaster/racecard/513199
2026-08-22,Doncaster,10:48,6,Grouchos Smasher,513199,Sporting Life,https://www.sportinglife.com/greyhounds/racecards/2026-08-22/doncaster/racecard/513199
2026-08-22,Doncaster,11:04,1,Abigails Marina,513200,Sporting Life,https://www.sportinglife.com/greyhounds/racecards/2026-08-22/doncaster/racecard/513200
2026-08-22,Doncaster,11:04,2,Mossend Chip,513200,Sporting Life,https://www.sportinglife.com/greyhounds/racecards/2026-08-22/doncaster/racecard/513200
2026-08-22,Doncaster,11:04,3,Daleroad Dasher,513200,Sporting Life,https://www.sportinglife.com/greyhounds/racecards/2026-08-22/doncaster/racecard/513200
2026-08-22,Doncaster,11:04,4,Send For You,513200,Sporting Life,https://www.sportinglife.com/greyhounds/racecards/2026-08-22/doncaster/racecard/513200
2026-08-22,Doncaster,11:04,6,Rossa Kali,513200,Sporting Life,https://www.sportinglife.com/greyhounds/racecards/2026-08-22/doncaster/racecard/513200
2026-08-22,Doncaster,11:21,1,Keefill Storm,513201,Sporting Life,https://www.sportinglife.com/greyhounds/racecards/2026-08-22/doncaster/racecard/513201
2026-08-22,Doncaster,11:21,2,Comer Penny,513201,Sporting Life,https://www.sportinglife.com/greyhounds/racecards/2026-08-22/doncaster/racecard/513201
2026-08-22,Doncaster,11:21,3,Kanturk Bella,513201,Sporting Life,https://www.sportinglife.com/greyhounds/racecards/2026-08-22/doncaster/racecard/513201
2026-08-22,Doncaster,11:21,4,Tommys Ruth,513201,Sporting Life,https://www.sportinglife.com/greyhounds/racecards/2026-08-22/doncaster/racecard/513201
2026-08-22,Doncaster,11:21,6,Glideaway Falcon,513201,Sporting Life,https://www.sportinglife.com/greyhounds/racecards/2026-08-22/doncaster/racecard/513201
2026-08-22,Doncaster,11:38,1,Redbrick Rose,513202,Sporting Life,https://www.sportinglife.com/greyhounds/racecards/2026-08-22/doncaster/racecard/513202
2026-08-22,Doncaster,11:38,2,Calgray Flyer,513202,Sporting Life,https://www.sportinglife.com/greyhounds/racecards/2026-08-22/doncaster/racecard/513202
2026-08-22,Doncaster,11:38,3,Redbrick Whitney,513202,Sporting Life,https://www.sportinglife.com/greyhounds/racecards/2026-08-22/doncaster/racecard/513202
2026-08-22,Doncaster,11:38,4,Greenhill Mac,513202,Sporting Life,https://www.sportinglife.com/greyhounds/racecards/2026-08-22/doncaster/racecard/513202
2026-08-22,Doncaster,11:38,5,Task Maverick,513202,Sporting Life,https://www.sportinglife.com/greyhounds/racecards/2026-08-22/doncaster/racecard/513202
2026-08-22,Doncaster,11:38,6,Royal Flush,513202,Sporting Life,https://www.sportinglife.com/greyhounds/racecards/2026-08-22/doncaster/racecard/513202
2026-08-22,Doncaster,11:54,1,Good Berry,513203,Sporting Life,https://www.sportinglife.com/greyhounds/racecards/2026-08-22/doncaster/racecard/513203
2026-08-22,Doncaster,11:54,2,Approaching Dawn,513203,Sporting Life,https://www.sportinglife.com/greyhounds/racecards/2026-08-22/doncaster/racecard/513203
2026-08-22,Doncaster,11:54,3,Easy Ozzie,513203,Sporting Life,https://www.sportinglife.com/greyhounds/racecards/2026-08-22/doncaster/racecard/513203
2026-08-22,Doncaster,11:54,4,Redbrick Milner,513203,Sporting Life,https://www.sportinglife.com/greyhounds/racecards/2026-08-22/doncaster/racecard/513203
2026-08-22,Doncaster,11:54,5,Millhouse Len,513203,Sporting Life,https://www.sportinglife.com/greyhounds/racecards/2026-08-22/doncaster/racecard/513203
2026-08-22,Doncaster,12:12,1,Easy Kite,513204,Sporting Life,https://www.sportinglife.com/greyhounds/racecards/2026-08-22/doncaster/racecard/513204
2026-08-22,Doncaster,12:12,2,Hawthorn Speed,513204,Sporting Life,https://www.sportinglife.com/greyhounds/racecards/2026-08-22/doncaster/racecard/513204
2026-08-22,Doncaster,12:12,3,Jazza Lila,513204,Sporting Life,https://www.sportinglife.com/greyhounds/racecards/2026-08-22/doncaster/racecard/513204
2026-08-22,Doncaster,12:12,4,Da President,513204,Sporting Life,https://www.sportinglife.com/greyhounds/racecards/2026-08-22/doncaster/racecard/513204
2026-08-22,Doncaster,12:12,6,Cockneyalfitness,513204,Sporting Life,https://www.sportinglife.com/greyhounds/racecards/2026-08-22/doncaster/racecard/513204
2026-08-22,Doncaster,12:29,1,Grouchos Ivy,513205,Sporting Life,https://www.sportinglife.com/greyhounds/racecards/2026-08-22/doncaster/racecard/513205
2026-08-22,Doncaster,12:29,3,Cockneys Zara,513205,Sporting Life,https://www.sportinglife.com/greyhounds/racecards/2026-08-22/doncaster/racecard/513205
2026-08-22,Doncaster,12:29,4,Grouchos Rose,513205,Sporting Life,https://www.sportinglife.com/greyhounds/racecards/2026-08-22/doncaster/racecard/513205
2026-08-22,Doncaster,12:29,5,Boughtinmulcahys,513205,Sporting Life,https://www.sportinglife.com/greyhounds/racecards/2026-08-22/doncaster/racecard/513205
2026-08-22,Doncaster,12:29,6,Railteen Sarah,513205,Sporting Life,https://www.sportinglife.com/greyhounds/racecards/2026-08-22/doncaster/racecard/513205
2026-08-22,Doncaster,18:11,1,The Other Kodi,513206,Sporting Life,https://www.sportinglife.com/greyhounds/racecards/2026-08-22/doncaster/racecard/513206
2026-08-22,Doncaster,18:11,2,Ballymac Lawless,513206,Sporting Life,https://www.sportinglife.com/greyhounds/racecards/2026-08-22/doncaster/racecard/513206
2026-08-22,Doncaster,18:11,3,Abigails Cian,513206,Sporting Life,https://www.sportinglife.com/greyhounds/racecards/2026-08-22/doncaster/racecard/513206
2026-08-22,Doncaster,18:11,4,Audience,513206,Sporting Life,https://www.sportinglife.com/greyhounds/racecards/2026-08-22/doncaster/racecard/513206
2026-08-22,Doncaster,18:11,5,Carrick Cantona,513206,Sporting Life,https://www.sportinglife.com/greyhounds/racecards/2026-08-22/doncaster/racecard/513206
2026-08-22,Doncaster,18:11,6,Coolruss Ronnie,513206,Sporting Life,https://www.sportinglife.com/greyhounds/racecards/2026-08-22/doncaster/racecard/513206
2026-08-22,Doncaster,18:29,1,Sleek Lulu,513207,Sporting Life,https://www.sportinglife.com/greyhounds/racecards/2026-08-22/doncaster/racecard/513207
2026-08-22,Doncaster,18:29,2,Ballymac Panzara,513207,Sporting Life,https://www.sportinglife.com/greyhounds/racecards/2026-08-22/doncaster/racecard/513207
2026-08-22,Doncaster,18:29,3,Skeard Noah,513207,Sporting Life,https://www.sportinglife.com/greyhounds/racecards/2026-08-22/doncaster/racecard/513207
2026-08-22,Doncaster,18:29,4,Rockmount Bob,513207,Sporting Life,https://www.sportinglife.com/greyhounds/racecards/2026-08-22/doncaster/racecard/513207
2026-08-22,Doncaster,18:29,5,Hazelhill Nifty,513207,Sporting Life,https://www.sportinglife.com/greyhounds/racecards/2026-08-22/doncaster/racecard/513207
2026-08-22,Doncaster,18:46,1,Drumdoit Fern,513208,Sporting Life,https://www.sportinglife.com/greyhounds/racecards/2026-08-22/doncaster/racecard/513208
2026-08-22,Doncaster,18:46,2,Carlow Pest,513208,Sporting Life,https://www.sportinglife.com/greyhounds/racecards/2026-08-22/doncaster/racecard/513208
2026-08-22,Doncaster,18:46,3,Drumdoit Lyra,513208,Sporting Life,https://www.sportinglife.com/greyhounds/racecards/2026-08-22/doncaster/racecard/513208
2026-08-22,Doncaster,18:46,4,Ballymac Gian,513208,Sporting Life,https://www.sportinglife.com/greyhounds/racecards/2026-08-22/doncaster/racecard/513208
2026-08-22,Doncaster,18:46,6,Grovenor Ozzy,513208,Sporting Life,https://www.sportinglife.com/greyhounds/racecards/2026-08-22/doncaster/racecard/513208
2026-08-22,Doncaster,19:04,1,Jays Pippin,513209,Sporting Life,https://www.sportinglife.com/greyhounds/racecards/2026-08-22/doncaster/racecard/513209
2026-08-22,Doncaster,19:04,2,Up The Game,513209,Sporting Life,https://www.sportinglife.com/greyhounds/racecards/2026-08-22/doncaster/racecard/513209
2026-08-22,Doncaster,19:04,3,Blow Out,513209,Sporting Life,https://www.sportinglife.com/greyhounds/racecards/2026-08-22/doncaster/racecard/513209
2026-08-22,Doncaster,19:04,5,Grovenor Mona,513209,Sporting Life,https://www.sportinglife.com/greyhounds/racecards/2026-08-22/doncaster/racecard/513209
2026-08-22,Doncaster,19:04,6,Gothic Joshua,513209,Sporting Life,https://www.sportinglife.com/greyhounds/racecards/2026-08-22/doncaster/racecard/513209
2026-08-22,Doncaster,19:24,1,Grovenor Sophie,513210,Sporting Life,https://www.sportinglife.com/greyhounds/racecards/2026-08-22/doncaster/racecard/513210
2026-08-22,Doncaster,19:24,2,Grovenor Eevee,513210,Sporting Life,https://www.sportinglife.com/greyhounds/racecards/2026-08-22/doncaster/racecard/513210
2026-08-22,Doncaster,19:24,3,Coonough Scobie,513210,Sporting Life,https://www.sportinglife.com/greyhounds/racecards/2026-08-22/doncaster/racecard/513210
2026-08-22,Doncaster,19:24,5,Archies Gamble,513210,Sporting Life,https://www.sportinglife.com/greyhounds/racecards/2026-08-22/doncaster/racecard/513210
2026-08-22,Doncaster,19:24,6,Favourite Rogue,513210,Sporting Life,https://www.sportinglife.com/greyhounds/racecards/2026-08-22/doncaster/racecard/513210
2026-08-22,Doncaster,19:42,1,Charming Delight,513211,Sporting Life,https://www.sportinglife.com/greyhounds/racecards/2026-08-22/doncaster/racecard/513211
2026-08-22,Doncaster,19:42,2,Fourpenny Gift,513211,Sporting Life,https://www.sportinglife.com/greyhounds/racecards/2026-08-22/doncaster/racecard/513211
2026-08-22,Doncaster,19:42,3,Droopys Tiffany,513211,Sporting Life,https://www.sportinglife.com/greyhounds/racecards/2026-08-22/doncaster/racecard/513211
2026-08-22,Doncaster,19:42,4,Ivy Hill Stella,513211,Sporting Life,https://www.sportinglife.com/greyhounds/racecards/2026-08-22/doncaster/racecard/513211
2026-08-22,Doncaster,19:42,5,Magical Harper,513211,Sporting Life,https://www.sportinglife.com/greyhounds/racecards/2026-08-22/doncaster/racecard/513211
2026-08-22,Doncaster,19:42,6,Clongeel Goody,513211,Sporting Life,https://www.sportinglife.com/greyhounds/racecards/2026-08-22/doncaster/racecard/513211
2026-08-22,Doncaster,19:58,1,Rebel Eclipse,513212,Sporting Life,https://www.sportinglife.com/greyhounds/racecards/2026-08-22/doncaster/racecard/513212
2026-08-22,Doncaster,19:58,2,Romeo Zone,513212,Sporting Life,https://www.sportinglife.com/greyhounds/racecards/2026-08-22/doncaster/racecard/513212
2026-08-22,Doncaster,19:58,3,Snazzy Bolger,513212,Sporting Life,https://www.sportinglife.com/greyhounds/racecards/2026-08-22/doncaster/racecard/513212
2026-08-22,Doncaster,19:58,4,Ballymac Loe,513212,Sporting Life,https://www.sportinglife.com/greyhounds/racecards/2026-08-22/doncaster/racecard/513212
2026-08-22,Doncaster,19:58,5,Aghaburren Lucas,513212,Sporting Life,https://www.sportinglife.com/greyhounds/racecards/2026-08-22/doncaster/racecard/513212
2026-08-22,Doncaster,19:58,6,Parkview Tommy,513212,Sporting Life,https://www.sportinglife.com/greyhounds/racecards/2026-08-22/doncaster/racecard/513212
2026-08-22,Doncaster,20:16,1,The Other Chief,513213,Sporting Life,https://www.sportinglife.com/greyhounds/racecards/2026-08-22/doncaster/racecard/513213
2026-08-22,Doncaster,20:16,2,Grumpy Kevin,513213,Sporting Life,https://www.sportinglife.com/greyhounds/racecards/2026-08-22/doncaster/racecard/513213
2026-08-22,Doncaster,20:16,3,Keefill Goose,513213,Sporting Life,https://www.sportinglife.com/greyhounds/racecards/2026-08-22/doncaster/racecard/513213
2026-08-22,Doncaster,20:16,4,Keefill Sequoia,513213,Sporting Life,https://www.sportinglife.com/greyhounds/racecards/2026-08-22/doncaster/racecard/513213
2026-08-22,Doncaster,20:16,5,Look Smart,513213,Sporting Life,https://www.sportinglife.com/greyhounds/racecards/2026-08-22/doncaster/racecard/513213
2026-08-22,Doncaster,20:16,6,Aghaburren Luna,513213,Sporting Life,https://www.sportinglife.com/greyhounds/racecards/2026-08-22/doncaster/racecard/513213
2026-08-22,Doncaster,20:34,1,Ballintubberstar,513214,Sporting Life,https://www.sportinglife.com/greyhounds/racecards/2026-08-22/doncaster/racecard/513214
2026-08-22,Doncaster,20:34,2,Skyfall Mini,513214,Sporting Life,https://www.sportinglife.com/greyhounds/racecards/2026-08-22/doncaster/racecard/513214
2026-08-22,Doncaster,20:34,3,Grumpy Jacko,513214,Sporting Life,https://www.sportinglife.com/greyhounds/racecards/2026-08-22/doncaster/racecard/513214
2026-08-22,Doncaster,20:34,5,Laughil Pippa,513214,Sporting Life,https://www.sportinglife.com/greyhounds/racecards/2026-08-22/doncaster/racecard/513214
2026-08-22,Doncaster,20:34,6,Magical Supreme,513214,Sporting Life,https://www.sportinglife.com/greyhounds/racecards/2026-08-22/doncaster/racecard/513214
2026-08-22,Dunstall Park,18:20,1,Crokers Mack,513223,Sporting Life,https://www.sportinglife.com/greyhounds/racecards/2026-08-22/dunstall-park/racecard/513223
2026-08-22,Dunstall Park,18:20,2,Wendys Girl,513223,Sporting Life,https://www.sportinglife.com/greyhounds/racecards/2026-08-22/dunstall-park/racecard/513223
2026-08-22,Dunstall Park,18:20,3,Headford Shark,513223,Sporting Life,https://www.sportinglife.com/greyhounds/racecards/2026-08-22/dunstall-park/racecard/513223
2026-08-22,Dunstall Park,18:20,4,Kilwest Ruby,513223,Sporting Life,https://www.sportinglife.com/greyhounds/racecards/2026-08-22/dunstall-park/racecard/513223
2026-08-22,Dunstall Park,18:20,5,Swift Hunt,513223,Sporting Life,https://www.sportinglife.com/greyhounds/racecards/2026-08-22/dunstall-park/racecard/513223
2026-08-22,Dunstall Park,18:20,6,Jimmys Gadgets,513223,Sporting Life,https://www.sportinglife.com/greyhounds/racecards/2026-08-22/dunstall-park/racecard/513223
2026-08-22,Dunstall Park,18:38,1,Mercia Diana,513224,Sporting Life,https://www.sportinglife.com/greyhounds/racecards/2026-08-22/dunstall-park/racecard/513224
2026-08-22,Dunstall Park,18:38,2,Holeinmybucket,513224,Sporting Life,https://www.sportinglife.com/greyhounds/racecards/2026-08-22/dunstall-park/racecard/513224
2026-08-22,Dunstall Park,18:38,3,My Midnitespoton,513224,Sporting Life,https://www.sportinglife.com/greyhounds/racecards/2026-08-22/dunstall-park/racecard/513224
2026-08-22,Dunstall Park,18:38,4,Saka Cracker,513224,Sporting Life,https://www.sportinglife.com/greyhounds/racecards/2026-08-22/dunstall-park/racecard/513224
2026-08-22,Dunstall Park,18:38,5,Scaletric,513224,Sporting Life,https://www.sportinglife.com/greyhounds/racecards/2026-08-22/dunstall-park/racecard/513224
2026-08-22,Dunstall Park,18:38,6,Grey Dove,513224,Sporting Life,https://www.sportinglife.com/greyhounds/racecards/2026-08-22/dunstall-park/racecard/513224
2026-08-22,Dunstall Park,18:58,1,Billis Hoffa,513225,Sporting Life,https://www.sportinglife.com/greyhounds/racecards/2026-08-22/dunstall-park/racecard/513225
2026-08-22,Dunstall Park,18:58,2,Glenrock Ace,513225,Sporting Life,https://www.sportinglife.com/greyhounds/racecards/2026-08-22/dunstall-park/racecard/513225
2026-08-22,Dunstall Park,18:58,3,Noels Spider,513225,Sporting Life,https://www.sportinglife.com/greyhounds/racecards/2026-08-22/dunstall-park/racecard/513225
2026-08-22,Dunstall Park,18:58,5,Da Mighty Man,513225,Sporting Life,https://www.sportinglife.com/greyhounds/racecards/2026-08-22/dunstall-park/racecard/513225
2026-08-22,Dunstall Park,18:58,6,Laughil Larry,513225,Sporting Life,https://www.sportinglife.com/greyhounds/racecards/2026-08-22/dunstall-park/racecard/513225
2026-08-22,Dunstall Park,19:18,1,Crokers Eimear,513226,Sporting Life,https://www.sportinglife.com/greyhounds/racecards/2026-08-22/dunstall-park/racecard/513226
2026-08-22,Dunstall Park,19:18,2,Blazeaway Jorge,513226,Sporting Life,https://www.sportinglife.com/greyhounds/racecards/2026-08-22/dunstall-park/racecard/513226
2026-08-22,Dunstall Park,19:18,3,Mainoos Girl,513226,Sporting Life,https://www.sportinglife.com/greyhounds/racecards/2026-08-22/dunstall-park/racecard/513226
2026-08-22,Dunstall Park,19:18,4,Shanmoyle Ann,513226,Sporting Life,https://www.sportinglife.com/greyhounds/racecards/2026-08-22/dunstall-park/racecard/513226
2026-08-22,Dunstall Park,19:18,5,Shockwave Salina,513226,Sporting Life,https://www.sportinglife.com/greyhounds/racecards/2026-08-22/dunstall-park/racecard/513226
2026-08-22,Dunstall Park,19:18,6,Noels Wizard,513226,Sporting Life,https://www.sportinglife.com/greyhounds/racecards/2026-08-22/dunstall-park/racecard/513226
2026-08-22,Dunstall Park,19:38,1,Detroit Blu,513227,Sporting Life,https://www.sportinglife.com/greyhounds/racecards/2026-08-22/dunstall-park/racecard/513227
2026-08-22,Dunstall Park,19:38,2,Ballintemple Bet,513227,Sporting Life,https://www.sportinglife.com/greyhounds/racecards/2026-08-22/dunstall-park/racecard/513227
2026-08-22,Dunstall Park,19:38,3,Strideaway Blunt,513227,Sporting Life,https://www.sportinglife.com/greyhounds/racecards/2026-08-22/dunstall-park/racecard/513227
2026-08-22,Dunstall Park,19:38,4,Dadurunrun,513227,Sporting Life,https://www.sportinglife.com/greyhounds/racecards/2026-08-22/dunstall-park/racecard/513227
2026-08-22,Dunstall Park,19:38,5,Klassical Emily,513227,Sporting Life,https://www.sportinglife.com/greyhounds/racecards/2026-08-22/dunstall-park/racecard/513227
2026-08-22,Dunstall Park,19:38,6,Dapper Chunky,513227,Sporting Life,https://www.sportinglife.com/greyhounds/racecards/2026-08-22/dunstall-park/racecard/513227
2026-08-22,Dunstall Park,19:58,1,Transfusion,513228,Sporting Life,https://www.sportinglife.com/greyhounds/racecards/2026-08-22/dunstall-park/racecard/513228
2026-08-22,Dunstall Park,19:58,2,First Ambition,513228,Sporting Life,https://www.sportinglife.com/greyhounds/racecards/2026-08-22/dunstall-park/racecard/513228
2026-08-22,Dunstall Park,19:58,3,Swift Helena,513228,Sporting Life,https://www.sportinglife.com/greyhounds/racecards/2026-08-22/dunstall-park/racecard/513228
2026-08-22,Dunstall Park,19:58,4,Mayahs Ace,513228,Sporting Life,https://www.sportinglife.com/greyhounds/racecards/2026-08-22/dunstall-park/racecard/513228
2026-08-22,Dunstall Park,19:58,5,Quivers Jazz,513228,Sporting Life,https://www.sportinglife.com/greyhounds/racecards/2026-08-22/dunstall-park/racecard/513228
2026-08-22,Dunstall Park,19:58,6,Skinnylittlemiss,513228,Sporting Life,https://www.sportinglife.com/greyhounds/racecards/2026-08-22/dunstall-park/racecard/513228
2026-08-22,Dunstall Park,20:18,1,Crack On Sam,513229,Sporting Life,https://www.sportinglife.com/greyhounds/racecards/2026-08-22/dunstall-park/racecard/513229
2026-08-22,Dunstall Park,20:18,2,Dunworly Pebbles,513229,Sporting Life,https://www.sportinglife.com/greyhounds/racecards/2026-08-22/dunstall-park/racecard/513229
2026-08-22,Dunstall Park,20:18,3,Mercia Raven,513229,Sporting Life,https://www.sportinglife.com/greyhounds/racecards/2026-08-22/dunstall-park/racecard/513229
2026-08-22,Dunstall Park,20:18,4,Rockmount Raven,513229,Sporting Life,https://www.sportinglife.com/greyhounds/racecards/2026-08-22/dunstall-park/racecard/513229
2026-08-22,Dunstall Park,20:18,5,Zaconey Maximus,513229,Sporting Life,https://www.sportinglife.com/greyhounds/racecards/2026-08-22/dunstall-park/racecard/513229
2026-08-22,Dunstall Park,20:38,1,Kiltealy,513230,Sporting Life,https://www.sportinglife.com/greyhounds/racecards/2026-08-22/dunstall-park/racecard/513230
2026-08-22,Dunstall Park,20:38,2,Ashtons Ernie,513230,Sporting Life,https://www.sportinglife.com/greyhounds/racecards/2026-08-22/dunstall-park/racecard/513230
2026-08-22,Dunstall Park,20:38,3,Bower Linda,513230,Sporting Life,https://www.sportinglife.com/greyhounds/racecards/2026-08-22/dunstall-park/racecard/513230
2026-08-22,Dunstall Park,20:38,4,Ballymac Fintan,513230,Sporting Life,https://www.sportinglife.com/greyhounds/racecards/2026-08-22/dunstall-park/racecard/513230
2026-08-22,Dunstall Park,20:38,6,Ballymac Og,513230,Sporting Life,https://www.sportinglife.com/greyhounds/racecards/2026-08-22/dunstall-park/racecard/513230
2026-08-22,Dunstall Park,20:58,1,She Can Dance,513231,Sporting Life,https://www.sportinglife.com/greyhounds/racecards/2026-08-22/dunstall-park/racecard/513231
2026-08-22,Dunstall Park,20:58,2,Sporting Mate,513231,Sporting Life,https://www.sportinglife.com/greyhounds/racecards/2026-08-22/dunstall-park/racecard/513231
2026-08-22,Dunstall Park,20:58,3,Last Dance Hoffa,513231,Sporting Life,https://www.sportinglife.com/greyhounds/racecards/2026-08-22/dunstall-park/racecard/513231
2026-08-22,Dunstall Park,20:58,4,Wingates Baloo,513231,Sporting Life,https://www.sportinglife.com/greyhounds/racecards/2026-08-22/dunstall-park/racecard/513231
2026-08-22,Dunstall Park,20:58,5,Millbank Got It,513231,Sporting Life,https://www.sportinglife.com/greyhounds/racecards/2026-08-22/dunstall-park/racecard/513231
2026-08-22,Dunstall Park,20:58,6,Noduff Golf,513231,Sporting Life,https://www.sportinglife.com/greyhounds/racecards/2026-08-22/dunstall-park/racecard/513231
2026-08-22,Dunstall Park,21:18,1,Gealltanas Faye,513232,Sporting Life,https://www.sportinglife.com/greyhounds/racecards/2026-08-22/dunstall-park/racecard/513232
2026-08-22,Dunstall Park,21:18,2,Blazeaway Drip,513232,Sporting Life,https://www.sportinglife.com/greyhounds/racecards/2026-08-22/dunstall-park/racecard/513232
2026-08-22,Dunstall Park,21:18,3,Chiti Khabootri,513232,Sporting Life,https://www.sportinglife.com/greyhounds/racecards/2026-08-22/dunstall-park/racecard/513232
2026-08-22,Dunstall Park,21:18,4,Lightfoot Angel,513232,Sporting Life,https://www.sportinglife.com/greyhounds/racecards/2026-08-22/dunstall-park/racecard/513232
2026-08-22,Dunstall Park,21:18,5,Pennys Edge,513232,Sporting Life,https://www.sportinglife.com/greyhounds/racecards/2026-08-22/dunstall-park/racecard/513232
2026-08-22,Dunstall Park,21:18,6,Fairest View,513232,Sporting Life,https://www.sportinglife.com/greyhounds/racecards/2026-08-22/dunstall-park/racecard/513232
2026-08-22,Dunstall Park,21:38,1,Canya Yesican,513233,Sporting Life,https://www.sportinglife.com/greyhounds/racecards/2026-08-22/dunstall-park/racecard/513233
2026-08-22,Dunstall Park,21:38,2,Mr Fraser,513233,Sporting Life,https://www.sportinglife.com/greyhounds/racecards/2026-08-22/dunstall-park/racecard/513233
2026-08-22,Dunstall Park,21:38,3,Wingates Elsa,513233,Sporting Life,https://www.sportinglife.com/greyhounds/racecards/2026-08-22/dunstall-park/racecard/513233
2026-08-22,Dunstall Park,21:38,4,Camp Robin,513233,Sporting Life,https://www.sportinglife.com/greyhounds/racecards/2026-08-22/dunstall-park/racecard/513233
2026-08-22,Dunstall Park,21:38,5,Undo,513233,Sporting Life,https://www.sportinglife.com/greyhounds/racecards/2026-08-22/dunstall-park/racecard/513233
2026-08-22,Dunstall Park,21:38,6,Swift Wife,513233,Sporting Life,https://www.sportinglife.com/greyhounds/racecards/2026-08-22/dunstall-park/racecard/513233
2026-08-22,Dunstall Park,21:54,1,Glenquain Glow,513234,Sporting Life,https://www.sportinglife.com/greyhounds/racecards/2026-08-22/dunstall-park/racecard/513234
2026-08-22,Dunstall Park,21:54,2,Mercia Artemis,513234,Sporting Life,https://www.sportinglife.com/greyhounds/racecards/2026-08-22/dunstall-park/racecard/513234
2026-08-22,Dunstall Park,21:54,3,Scarborough Lucy,513234,Sporting Life,https://www.sportinglife.com/greyhounds/racecards/2026-08-22/dunstall-park/racecard/513234
2026-08-22,Dunstall Park,21:54,4,Burrows Blaze,513234,Sporting Life,https://www.sportinglife.com/greyhounds/racecards/2026-08-22/dunstall-park/racecard/513234
2026-08-22,Dunstall Park,21:54,5,Noels Quest,513234,Sporting Life,https://www.sportinglife.com/greyhounds/racecards/2026-08-22/dunstall-park/racecard/513234
2026-08-22,Dunstall Park,21:54,6,Tee Emgee Flyer,513234,Sporting Life,https://www.sportinglife.com/greyhounds/racecards/2026-08-22/dunstall-park/racecard/513234
2026-08-22,Hove,18:06,1,Antigua Luigi,513259,Sporting Life,https://www.sportinglife.com/greyhounds/racecards/2026-08-22/hove/racecard/513259
2026-08-22,Hove,18:06,2,Minstrels Six,513259,Sporting Life,https://www.sportinglife.com/greyhounds/racecards/2026-08-22/hove/racecard/513259
2026-08-22,Hove,18:06,3,Slick Scout,513259,Sporting Life,https://www.sportinglife.com/greyhounds/racecards/2026-08-22/hove/racecard/513259
2026-08-22,Hove,18:06,4,Droopys Prospect,513259,Sporting Life,https://www.sportinglife.com/greyhounds/racecards/2026-08-22/hove/racecard/513259
2026-08-22,Hove,18:06,5,Bu Han Tag,513259,Sporting Life,https://www.sportinglife.com/greyhounds/racecards/2026-08-22/hove/racecard/513259
2026-08-22,Hove,18:06,6,Westwood Jet,513259,Sporting Life,https://www.sportinglife.com/greyhounds/racecards/2026-08-22/hove/racecard/513259
2026-08-22,Hove,18:26,1,Burrows Dilemma,513260,Sporting Life,https://www.sportinglife.com/greyhounds/racecards/2026-08-22/hove/racecard/513260
2026-08-22,Hove,18:26,2,Dave Allthe Way,513260,Sporting Life,https://www.sportinglife.com/greyhounds/racecards/2026-08-22/hove/racecard/513260
2026-08-22,Hove,18:26,3,Glideaway Joey,513260,Sporting Life,https://www.sportinglife.com/greyhounds/racecards/2026-08-22/hove/racecard/513260
2026-08-22,Hove,18:26,5,Wastehouse Mix,513260,Sporting Life,https://www.sportinglife.com/greyhounds/racecards/2026-08-22/hove/racecard/513260
2026-08-22,Hove,18:26,6,Clona Kody,513260,Sporting Life,https://www.sportinglife.com/greyhounds/racecards/2026-08-22/hove/racecard/513260
2026-08-22,Hove,18:46,1,Romantic Richy,513261,Sporting Life,https://www.sportinglife.com/greyhounds/racecards/2026-08-22/hove/racecard/513261
2026-08-22,Hove,18:46,2,Smashngrabpunk,513261,Sporting Life,https://www.sportinglife.com/greyhounds/racecards/2026-08-22/hove/racecard/513261
2026-08-22,Hove,18:46,3,Legacy,513261,Sporting Life,https://www.sportinglife.com/greyhounds/racecards/2026-08-22/hove/racecard/513261
2026-08-22,Hove,18:46,4,Ferryforth Zara,513261,Sporting Life,https://www.sportinglife.com/greyhounds/racecards/2026-08-22/hove/racecard/513261
2026-08-22,Hove,18:46,5,Adachi Freddie,513261,Sporting Life,https://www.sportinglife.com/greyhounds/racecards/2026-08-22/hove/racecard/513261
2026-08-22,Hove,18:46,6,Punkrockrhapsody,513261,Sporting Life,https://www.sportinglife.com/greyhounds/racecards/2026-08-22/hove/racecard/513261
2026-08-22,Hove,19:06,1,Farmway Shady,513262,Sporting Life,https://www.sportinglife.com/greyhounds/racecards/2026-08-22/hove/racecard/513262
2026-08-22,Hove,19:06,3,Titanic Mason,513262,Sporting Life,https://www.sportinglife.com/greyhounds/racecards/2026-08-22/hove/racecard/513262
2026-08-22,Hove,19:06,4,Emers Dex,513262,Sporting Life,https://www.sportinglife.com/greyhounds/racecards/2026-08-22/hove/racecard/513262
2026-08-22,Hove,19:06,5,Guzzler,513262,Sporting Life,https://www.sportinglife.com/greyhounds/racecards/2026-08-22/hove/racecard/513262
2026-08-22,Hove,19:06,6,Mavis Minger,513262,Sporting Life,https://www.sportinglife.com/greyhounds/racecards/2026-08-22/hove/racecard/513262
2026-08-22,Hove,19:26,1,Annie Eva Afta,513263,Sporting Life,https://www.sportinglife.com/greyhounds/racecards/2026-08-22/hove/racecard/513263
2026-08-22,Hove,19:26,2,Mertonaby Opal,513263,Sporting Life,https://www.sportinglife.com/greyhounds/racecards/2026-08-22/hove/racecard/513263
2026-08-22,Hove,19:26,3,Kerrs Braveheart,513263,Sporting Life,https://www.sportinglife.com/greyhounds/racecards/2026-08-22/hove/racecard/513263
2026-08-22,Hove,19:26,4,Punk Rock Zelda,513263,Sporting Life,https://www.sportinglife.com/greyhounds/racecards/2026-08-22/hove/racecard/513263
2026-08-22,Hove,19:26,6,Southdowns Rose,513263,Sporting Life,https://www.sportinglife.com/greyhounds/racecards/2026-08-22/hove/racecard/513263
2026-08-22,Hove,19:46,1,Dees Midnight,513264,Sporting Life,https://www.sportinglife.com/greyhounds/racecards/2026-08-22/hove/racecard/513264
2026-08-22,Hove,19:46,2,Southafrikka,513264,Sporting Life,https://www.sportinglife.com/greyhounds/racecards/2026-08-22/hove/racecard/513264
2026-08-22,Hove,19:46,3,Avarua Flojo,513264,Sporting Life,https://www.sportinglife.com/greyhounds/racecards/2026-08-22/hove/racecard/513264
2026-08-22,Hove,19:46,4,Slingshot Coisty,513264,Sporting Life,https://www.sportinglife.com/greyhounds/racecards/2026-08-22/hove/racecard/513264
2026-08-22,Hove,19:46,5,Feora Cara,513264,Sporting Life,https://www.sportinglife.com/greyhounds/racecards/2026-08-22/hove/racecard/513264
2026-08-22,Hove,19:46,6,Tell On Olivia,513264,Sporting Life,https://www.sportinglife.com/greyhounds/racecards/2026-08-22/hove/racecard/513264
2026-08-22,Hove,20:06,1,Sly Bluebird,513265,Sporting Life,https://www.sportinglife.com/greyhounds/racecards/2026-08-22/hove/racecard/513265
2026-08-22,Hove,20:06,2,Turbine Tynamite,513265,Sporting Life,https://www.sportinglife.com/greyhounds/racecards/2026-08-22/hove/racecard/513265
2026-08-22,Hove,20:06,3,Front Loaded,513265,Sporting Life,https://www.sportinglife.com/greyhounds/racecards/2026-08-22/hove/racecard/513265
2026-08-22,Hove,20:06,4,Swift Vest,513265,Sporting Life,https://www.sportinglife.com/greyhounds/racecards/2026-08-22/hove/racecard/513265
2026-08-22,Hove,20:06,6,Mertonaby Lad,513265,Sporting Life,https://www.sportinglife.com/greyhounds/racecards/2026-08-22/hove/racecard/513265
2026-08-22,Hove,20:26,1,Beaming Carly,513266,Sporting Life,https://www.sportinglife.com/greyhounds/racecards/2026-08-22/hove/racecard/513266
2026-08-22,Hove,20:26,2,Zenith Aslan,513266,Sporting Life,https://www.sportinglife.com/greyhounds/racecards/2026-08-22/hove/racecard/513266
2026-08-22,Hove,20:26,3,Moody Rudy,513266,Sporting Life,https://www.sportinglife.com/greyhounds/racecards/2026-08-22/hove/racecard/513266
2026-08-22,Hove,20:26,4,Hang Tight Honey,513266,Sporting Life,https://www.sportinglife.com/greyhounds/racecards/2026-08-22/hove/racecard/513266
2026-08-22,Hove,20:26,5,Fastlane Blu,513266,Sporting Life,https://www.sportinglife.com/greyhounds/racecards/2026-08-22/hove/racecard/513266
2026-08-22,Hove,20:46,1,Azura Star,513267,Sporting Life,https://www.sportinglife.com/greyhounds/racecards/2026-08-22/hove/racecard/513267
2026-08-22,Hove,20:46,2,Daring Duchess,513267,Sporting Life,https://www.sportinglife.com/greyhounds/racecards/2026-08-22/hove/racecard/513267
2026-08-22,Hove,20:46,3,Proud Rori,513267,Sporting Life,https://www.sportinglife.com/greyhounds/racecards/2026-08-22/hove/racecard/513267
2026-08-22,Hove,20:46,4,Bling Bling Mhi,513267,Sporting Life,https://www.sportinglife.com/greyhounds/racecards/2026-08-22/hove/racecard/513267
2026-08-22,Hove,20:46,6,Rapido Willow,513267,Sporting Life,https://www.sportinglife.com/greyhounds/racecards/2026-08-22/hove/racecard/513267
2026-08-22,Hove,21:06,1,Move Over Eva,513268,Sporting Life,https://www.sportinglife.com/greyhounds/racecards/2026-08-22/hove/racecard/513268
2026-08-22,Hove,21:06,2,Bengals Champ,513268,Sporting Life,https://www.sportinglife.com/greyhounds/racecards/2026-08-22/hove/racecard/513268
2026-08-22,Hove,21:06,3,Silverhill Ducky,513268,Sporting Life,https://www.sportinglife.com/greyhounds/racecards/2026-08-22/hove/racecard/513268
2026-08-22,Hove,21:06,4,Bonnie Wee Rosie,513268,Sporting Life,https://www.sportinglife.com/greyhounds/racecards/2026-08-22/hove/racecard/513268
2026-08-22,Hove,21:06,5,Oziblue,513268,Sporting Life,https://www.sportinglife.com/greyhounds/racecards/2026-08-22/hove/racecard/513268
2026-08-22,Hove,21:06,6,Short Blue,513268,Sporting Life,https://www.sportinglife.com/greyhounds/racecards/2026-08-22/hove/racecard/513268
2026-08-22,Hove,21:26,1,Shinobi Gail,513269,Sporting Life,https://www.sportinglife.com/greyhounds/racecards/2026-08-22/hove/racecard/513269
2026-08-22,Hove,21:26,2,Aeschylus,513269,Sporting Life,https://www.sportinglife.com/greyhounds/racecards/2026-08-22/hove/racecard/513269
2026-08-22,Hove,21:26,3,Gingers Paddy,513269,Sporting Life,https://www.sportinglife.com/greyhounds/racecards/2026-08-22/hove/racecard/513269
2026-08-22,Hove,21:26,4,Stone Cold Punk,513269,Sporting Life,https://www.sportinglife.com/greyhounds/racecards/2026-08-22/hove/racecard/513269
2026-08-22,Hove,21:26,5,Ashwood Shelby,513269,Sporting Life,https://www.sportinglife.com/greyhounds/racecards/2026-08-22/hove/racecard/513269
2026-08-22,Hove,21:26,6,Coppice Connie,513269,Sporting Life,https://www.sportinglife.com/greyhounds/racecards/2026-08-22/hove/racecard/513269
2026-08-22,Hove,21:46,1,Zenith Eze,513270,Sporting Life,https://www.sportinglife.com/greyhounds/racecards/2026-08-22/hove/racecard/513270
2026-08-22,Hove,21:46,2,Break Point,513270,Sporting Life,https://www.sportinglife.com/greyhounds/racecards/2026-08-22/hove/racecard/513270
2026-08-22,Hove,21:46,3,Droopys Delux,513270,Sporting Life,https://www.sportinglife.com/greyhounds/racecards/2026-08-22/hove/racecard/513270
2026-08-22,Hove,21:46,4,Bonoandutoo,513270,Sporting Life,https://www.sportinglife.com/greyhounds/racecards/2026-08-22/hove/racecard/513270
2026-08-22,Hove,21:46,5,Ballyhimikin Lad,513270,Sporting Life,https://www.sportinglife.com/greyhounds/racecards/2026-08-22/hove/racecard/513270
2026-08-22,Monmore,11:01,1,Bounceback Bucks,513271,Sporting Life,https://www.sportinglife.com/greyhounds/racecards/2026-08-22/monmore/racecard/513271
2026-08-22,Monmore,11:01,2,Dunstein,513271,Sporting Life,https://www.sportinglife.com/greyhounds/racecards/2026-08-22/monmore/racecard/513271
2026-08-22,Monmore,11:01,3,Rinn Soileir,513271,Sporting Life,https://www.sportinglife.com/greyhounds/racecards/2026-08-22/monmore/racecard/513271
2026-08-22,Monmore,11:01,4,Afternoondelight,513271,Sporting Life,https://www.sportinglife.com/greyhounds/racecards/2026-08-22/monmore/racecard/513271
2026-08-22,Monmore,11:01,5,Bloos Bro Bugsy,513271,Sporting Life,https://www.sportinglife.com/greyhounds/racecards/2026-08-22/monmore/racecard/513271
2026-08-22,Monmore,11:01,6,Swift Eaglestone,513271,Sporting Life,https://www.sportinglife.com/greyhounds/racecards/2026-08-22/monmore/racecard/513271
2026-08-22,Monmore,11:18,1,Ballyhealy Star,513272,Sporting Life,https://www.sportinglife.com/greyhounds/racecards/2026-08-22/monmore/racecard/513272
2026-08-22,Monmore,11:18,2,Zenith Dazzler,513272,Sporting Life,https://www.sportinglife.com/greyhounds/racecards/2026-08-22/monmore/racecard/513272
2026-08-22,Monmore,11:18,3,Common Canter,513272,Sporting Life,https://www.sportinglife.com/greyhounds/racecards/2026-08-22/monmore/racecard/513272
2026-08-22,Monmore,11:18,4,Economicalreason,513272,Sporting Life,https://www.sportinglife.com/greyhounds/racecards/2026-08-22/monmore/racecard/513272
2026-08-22,Monmore,11:18,5,Dubliners Flyer,513272,Sporting Life,https://www.sportinglife.com/greyhounds/racecards/2026-08-22/monmore/racecard/513272
2026-08-22,Monmore,11:18,6,Aero Dulcie,513272,Sporting Life,https://www.sportinglife.com/greyhounds/racecards/2026-08-22/monmore/racecard/513272
2026-08-22,Monmore,11:34,1,Beatties Casino,513273,Sporting Life,https://www.sportinglife.com/greyhounds/racecards/2026-08-22/monmore/racecard/513273
2026-08-22,Monmore,11:34,2,Sugar Candice,513273,Sporting Life,https://www.sportinglife.com/greyhounds/racecards/2026-08-22/monmore/racecard/513273
2026-08-22,Monmore,11:34,3,Eternal Spirit,513273,Sporting Life,https://www.sportinglife.com/greyhounds/racecards/2026-08-22/monmore/racecard/513273
2026-08-22,Monmore,11:34,4,Aero Dignity,513273,Sporting Life,https://www.sportinglife.com/greyhounds/racecards/2026-08-22/monmore/racecard/513273
2026-08-22,Monmore,11:34,5,Droopys Melon,513273,Sporting Life,https://www.sportinglife.com/greyhounds/racecards/2026-08-22/monmore/racecard/513273
2026-08-22,Monmore,11:34,6,Ragdoll Rosie,513273,Sporting Life,https://www.sportinglife.com/greyhounds/racecards/2026-08-22/monmore/racecard/513273
2026-08-22,Monmore,11:52,1,Madabout Racer,513274,Sporting Life,https://www.sportinglife.com/greyhounds/racecards/2026-08-22/monmore/racecard/513274
2026-08-22,Monmore,11:52,2,Whisky Time,513274,Sporting Life,https://www.sportinglife.com/greyhounds/racecards/2026-08-22/monmore/racecard/513274
2026-08-22,Monmore,11:52,3,Bellas Fox,513274,Sporting Life,https://www.sportinglife.com/greyhounds/racecards/2026-08-22/monmore/racecard/513274
2026-08-22,Monmore,11:52,4,Dapper Addy,513274,Sporting Life,https://www.sportinglife.com/greyhounds/racecards/2026-08-22/monmore/racecard/513274
2026-08-22,Monmore,11:52,5,Yama King,513274,Sporting Life,https://www.sportinglife.com/greyhounds/racecards/2026-08-22/monmore/racecard/513274
2026-08-22,Monmore,12:09,1,Dromano Echo,513275,Sporting Life,https://www.sportinglife.com/greyhounds/racecards/2026-08-22/monmore/racecard/513275
2026-08-22,Monmore,12:09,2,Aero Greatest,513275,Sporting Life,https://www.sportinglife.com/greyhounds/racecards/2026-08-22/monmore/racecard/513275
2026-08-22,Monmore,12:09,3,Mags Bolger,513275,Sporting Life,https://www.sportinglife.com/greyhounds/racecards/2026-08-22/monmore/racecard/513275
2026-08-22,Monmore,12:09,4,Betrayl,513275,Sporting Life,https://www.sportinglife.com/greyhounds/racecards/2026-08-22/monmore/racecard/513275
2026-08-22,Monmore,12:09,5,Aero Union,513275,Sporting Life,https://www.sportinglife.com/greyhounds/racecards/2026-08-22/monmore/racecard/513275
2026-08-22,Monmore,12:09,6,Drumdoit Milo,513275,Sporting Life,https://www.sportinglife.com/greyhounds/racecards/2026-08-22/monmore/racecard/513275
2026-08-22,Monmore,12:26,1,Winterfield Jack,513276,Sporting Life,https://www.sportinglife.com/greyhounds/racecards/2026-08-22/monmore/racecard/513276
2026-08-22,Monmore,12:26,2,Aero Biscuit,513276,Sporting Life,https://www.sportinglife.com/greyhounds/racecards/2026-08-22/monmore/racecard/513276
2026-08-22,Monmore,12:26,3,Baby Swirl,513276,Sporting Life,https://www.sportinglife.com/greyhounds/racecards/2026-08-22/monmore/racecard/513276
2026-08-22,Monmore,12:26,4,Love To See,513276,Sporting Life,https://www.sportinglife.com/greyhounds/racecards/2026-08-22/monmore/racecard/513276
2026-08-22,Monmore,12:26,5,Thirty Seconds,513276,Sporting Life,https://www.sportinglife.com/greyhounds/racecards/2026-08-22/monmore/racecard/513276
2026-08-22,Monmore,12:26,6,Pay On Time,513276,Sporting Life,https://www.sportinglife.com/greyhounds/racecards/2026-08-22/monmore/racecard/513276
2026-08-22,Monmore,12:42,1,Hi Cara,513277,Sporting Life,https://www.sportinglife.com/greyhounds/racecards/2026-08-22/monmore/racecard/513277
2026-08-22,Monmore,12:42,2,Droopys Highfive,513277,Sporting Life,https://www.sportinglife.com/greyhounds/racecards/2026-08-22/monmore/racecard/513277
2026-08-22,Monmore,12:42,4,Noduff Alpha,513277,Sporting Life,https://www.sportinglife.com/greyhounds/racecards/2026-08-22/monmore/racecard/513277
2026-08-22,Monmore,12:42,5,Magical Sparkle,513277,Sporting Life,https://www.sportinglife.com/greyhounds/racecards/2026-08-22/monmore/racecard/513277
2026-08-22,Monmore,12:42,6,Mr Brightside,513277,Sporting Life,https://www.sportinglife.com/greyhounds/racecards/2026-08-22/monmore/racecard/513277
2026-08-22,Monmore,12:59,1,Pas Daly,513278,Sporting Life,https://www.sportinglife.com/greyhounds/racecards/2026-08-22/monmore/racecard/513278
2026-08-22,Monmore,12:59,2,Winterfield Nina,513278,Sporting Life,https://www.sportinglife.com/greyhounds/racecards/2026-08-22/monmore/racecard/513278
2026-08-22,Monmore,12:59,3,Southwood Jake,513278,Sporting Life,https://www.sportinglife.com/greyhounds/racecards/2026-08-22/monmore/racecard/513278
2026-08-22,Monmore,12:59,4,Darley Digger,513278,Sporting Life,https://www.sportinglife.com/greyhounds/racecards/2026-08-22/monmore/racecard/513278
2026-08-22,Monmore,12:59,5,Aero Storm,513278,Sporting Life,https://www.sportinglife.com/greyhounds/racecards/2026-08-22/monmore/racecard/513278
2026-08-22,Monmore,12:59,6,Cazzers Ellie,513278,Sporting Life,https://www.sportinglife.com/greyhounds/racecards/2026-08-22/monmore/racecard/513278
2026-08-22,Monmore,13:17,1,Nametab Orion,513279,Sporting Life,https://www.sportinglife.com/greyhounds/racecards/2026-08-22/monmore/racecard/513279
2026-08-22,Monmore,13:17,2,Clutchinatstraws,513279,Sporting Life,https://www.sportinglife.com/greyhounds/racecards/2026-08-22/monmore/racecard/513279
2026-08-22,Monmore,13:17,3,Easy Dude,513279,Sporting Life,https://www.sportinglife.com/greyhounds/racecards/2026-08-22/monmore/racecard/513279
2026-08-22,Monmore,13:17,5,Aero Stormrage,513279,Sporting Life,https://www.sportinglife.com/greyhounds/racecards/2026-08-22/monmore/racecard/513279
2026-08-22,Monmore,13:17,6,Bang On Hollie,513279,Sporting Life,https://www.sportinglife.com/greyhounds/racecards/2026-08-22/monmore/racecard/513279
2026-08-22,Monmore,13:33,1,Rallying Cash,513280,Sporting Life,https://www.sportinglife.com/greyhounds/racecards/2026-08-22/monmore/racecard/513280
2026-08-22,Monmore,13:33,2,Hello Youngfella,513280,Sporting Life,https://www.sportinglife.com/greyhounds/racecards/2026-08-22/monmore/racecard/513280
2026-08-22,Monmore,13:33,3,Sugar Gold,513280,Sporting Life,https://www.sportinglife.com/greyhounds/racecards/2026-08-22/monmore/racecard/513280
2026-08-22,Monmore,13:33,4,Without Delay,513280,Sporting Life,https://www.sportinglife.com/greyhounds/racecards/2026-08-22/monmore/racecard/513280
2026-08-22,Monmore,13:33,5,Mucky Signet,513280,Sporting Life,https://www.sportinglife.com/greyhounds/racecards/2026-08-22/monmore/racecard/513280
2026-08-22,Monmore,13:33,6,Swoop Swoop,513280,Sporting Life,https://www.sportinglife.com/greyhounds/racecards/2026-08-22/monmore/racecard/513280
2026-08-22,Monmore,13:51,1,Sugar Girl Katie,513281,Sporting Life,https://www.sportinglife.com/greyhounds/racecards/2026-08-22/monmore/racecard/513281
2026-08-22,Monmore,13:51,2,Longrange Comet,513281,Sporting Life,https://www.sportinglife.com/greyhounds/racecards/2026-08-22/monmore/racecard/513281
2026-08-22,Monmore,13:51,3,Blue Jazz,513281,Sporting Life,https://www.sportinglife.com/greyhounds/racecards/2026-08-22/monmore/racecard/513281
2026-08-22,Monmore,13:51,4,Whisky N Coke,513281,Sporting Life,https://www.sportinglife.com/greyhounds/racecards/2026-08-22/monmore/racecard/513281
2026-08-22,Monmore,13:51,5,Aero Vigil,513281,Sporting Life,https://www.sportinglife.com/greyhounds/racecards/2026-08-22/monmore/racecard/513281
2026-08-22,Monmore,14:07,1,Freedom Spirit,513282,Sporting Life,https://www.sportinglife.com/greyhounds/racecards/2026-08-22/monmore/racecard/513282
2026-08-22,Monmore,14:07,2,Shes Back,513282,Sporting Life,https://www.sportinglife.com/greyhounds/racecards/2026-08-22/monmore/racecard/513282
2026-08-22,Monmore,14:07,3,Magical Be Happy,513282,Sporting Life,https://www.sportinglife.com/greyhounds/racecards/2026-08-22/monmore/racecard/513282
2026-08-22,Monmore,14:07,4,Shebas Comet,513282,Sporting Life,https://www.sportinglife.com/greyhounds/racecards/2026-08-22/monmore/racecard/513282
2026-08-22,Monmore,14:07,5,Caseys World,513282,Sporting Life,https://www.sportinglife.com/greyhounds/racecards/2026-08-22/monmore/racecard/513282
2026-08-22,Monmore,14:07,6,Alone All Alone,513282,Sporting Life,https://www.sportinglife.com/greyhounds/racecards/2026-08-22/monmore/racecard/513282
2026-08-22,Monmore,18:14,1,Newinn Jolly,513295,Sporting Life,https://www.sportinglife.com/greyhounds/racecards/2026-08-22/monmore/racecard/513295
2026-08-22,Monmore,18:14,2,Moanteen Hatton,513295,Sporting Life,https://www.sportinglife.com/greyhounds/racecards/2026-08-22/monmore/racecard/513295
2026-08-22,Monmore,18:14,3,Velvet Fernando,513295,Sporting Life,https://www.sportinglife.com/greyhounds/racecards/2026-08-22/monmore/racecard/513295
2026-08-22,Monmore,18:14,4,Darcys Dude,513295,Sporting Life,https://www.sportinglife.com/greyhounds/racecards/2026-08-22/monmore/racecard/513295
2026-08-22,Monmore,18:14,5,Highview Levi,513295,Sporting Life,https://www.sportinglife.com/greyhounds/racecards/2026-08-22/monmore/racecard/513295
2026-08-22,Monmore,18:14,6,Glengar Vegas,513295,Sporting Life,https://www.sportinglife.com/greyhounds/racecards/2026-08-22/monmore/racecard/513295
2026-08-22,Monmore,18:34,1,Headford Sarah,513296,Sporting Life,https://www.sportinglife.com/greyhounds/racecards/2026-08-22/monmore/racecard/513296
2026-08-22,Monmore,18:34,2,Holding Hollie,513296,Sporting Life,https://www.sportinglife.com/greyhounds/racecards/2026-08-22/monmore/racecard/513296
2026-08-22,Monmore,18:34,3,Cashin Nell,513296,Sporting Life,https://www.sportinglife.com/greyhounds/racecards/2026-08-22/monmore/racecard/513296
2026-08-22,Monmore,18:34,4,Newinn Tonic,513296,Sporting Life,https://www.sportinglife.com/greyhounds/racecards/2026-08-22/monmore/racecard/513296
2026-08-22,Monmore,18:34,5,Aero Hope,513296,Sporting Life,https://www.sportinglife.com/greyhounds/racecards/2026-08-22/monmore/racecard/513296
2026-08-22,Monmore,18:34,6,Wise Tournament,513296,Sporting Life,https://www.sportinglife.com/greyhounds/racecards/2026-08-22/monmore/racecard/513296
2026-08-22,Monmore,18:54,1,Caldera Flow,513297,Sporting Life,https://www.sportinglife.com/greyhounds/racecards/2026-08-22/monmore/racecard/513297
2026-08-22,Monmore,18:54,2,Aero Boris,513297,Sporting Life,https://www.sportinglife.com/greyhounds/racecards/2026-08-22/monmore/racecard/513297
2026-08-22,Monmore,18:54,3,Bandit Paddy,513297,Sporting Life,https://www.sportinglife.com/greyhounds/racecards/2026-08-22/monmore/racecard/513297
2026-08-22,Monmore,18:54,4,Bombay Nutty,513297,Sporting Life,https://www.sportinglife.com/greyhounds/racecards/2026-08-22/monmore/racecard/513297
2026-08-22,Monmore,18:54,5,Timmys Hunter,513297,Sporting Life,https://www.sportinglife.com/greyhounds/racecards/2026-08-22/monmore/racecard/513297
2026-08-22,Monmore,18:54,6,Onceina Lifetime,513297,Sporting Life,https://www.sportinglife.com/greyhounds/racecards/2026-08-22/monmore/racecard/513297
2026-08-22,Monmore,19:14,1,Shronedraug Tom,513298,Sporting Life,https://www.sportinglife.com/greyhounds/racecards/2026-08-22/monmore/racecard/513298
2026-08-22,Monmore,19:14,2,Betgoodwin Eddy,513298,Sporting Life,https://www.sportinglife.com/greyhounds/racecards/2026-08-22/monmore/racecard/513298
2026-08-22,Monmore,19:14,3,Ballymac Blanco,513298,Sporting Life,https://www.sportinglife.com/greyhounds/racecards/2026-08-22/monmore/racecard/513298
2026-08-22,Monmore,19:14,4,Holding Blaze,513298,Sporting Life,https://www.sportinglife.com/greyhounds/racecards/2026-08-22/monmore/racecard/513298
2026-08-22,Monmore,19:14,5,Whyaye Mister,513298,Sporting Life,https://www.sportinglife.com/greyhounds/racecards/2026-08-22/monmore/racecard/513298
2026-08-22,Monmore,19:14,6,Armagh Daithi,513298,Sporting Life,https://www.sportinglife.com/greyhounds/racecards/2026-08-22/monmore/racecard/513298
2026-08-22,Monmore,19:34,1,Grouchos Cossie,513299,Sporting Life,https://www.sportinglife.com/greyhounds/racecards/2026-08-22/monmore/racecard/513299
2026-08-22,Monmore,19:34,2,Blackstone Ten,513299,Sporting Life,https://www.sportinglife.com/greyhounds/racecards/2026-08-22/monmore/racecard/513299
2026-08-22,Monmore,19:34,3,Aero Pepinillo,513299,Sporting Life,https://www.sportinglife.com/greyhounds/racecards/2026-08-22/monmore/racecard/513299
2026-08-22,Monmore,19:34,4,Droopys Extragud,513299,Sporting Life,https://www.sportinglife.com/greyhounds/racecards/2026-08-22/monmore/racecard/513299
2026-08-22,Monmore,19:34,5,Droopys Poker,513299,Sporting Life,https://www.sportinglife.com/greyhounds/racecards/2026-08-22/monmore/racecard/513299
2026-08-22,Monmore,19:34,6,Magical Keith,513299,Sporting Life,https://www.sportinglife.com/greyhounds/racecards/2026-08-22/monmore/racecard/513299
2026-08-22,Monmore,19:54,1,Chasing Rachel,513300,Sporting Life,https://www.sportinglife.com/greyhounds/racecards/2026-08-22/monmore/racecard/513300
2026-08-22,Monmore,19:54,2,Innfield Fifi,513300,Sporting Life,https://www.sportinglife.com/greyhounds/racecards/2026-08-22/monmore/racecard/513300
2026-08-22,Monmore,19:54,3,Snazzy Honey,513300,Sporting Life,https://www.sportinglife.com/greyhounds/racecards/2026-08-22/monmore/racecard/513300
2026-08-22,Monmore,19:54,4,Radical Story,513300,Sporting Life,https://www.sportinglife.com/greyhounds/racecards/2026-08-22/monmore/racecard/513300
2026-08-22,Monmore,19:54,5,Vhagar,513300,Sporting Life,https://www.sportinglife.com/greyhounds/racecards/2026-08-22/monmore/racecard/513300
2026-08-22,Monmore,19:54,6,Savanaregimental,513300,Sporting Life,https://www.sportinglife.com/greyhounds/racecards/2026-08-22/monmore/racecard/513300
2026-08-22,Monmore,20:14,1,Droopys Pioneer,513301,Sporting Life,https://www.sportinglife.com/greyhounds/racecards/2026-08-22/monmore/racecard/513301
2026-08-22,Monmore,20:14,2,Ballymac Dixie,513301,Sporting Life,https://www.sportinglife.com/greyhounds/racecards/2026-08-22/monmore/racecard/513301
2026-08-22,Monmore,20:14,3,Sugar King,513301,Sporting Life,https://www.sportinglife.com/greyhounds/racecards/2026-08-22/monmore/racecard/513301
2026-08-22,Monmore,20:14,4,Sawpit Signature,513301,Sporting Life,https://www.sportinglife.com/greyhounds/racecards/2026-08-22/monmore/racecard/513301
2026-08-22,Monmore,20:14,5,Alien Glen,513301,Sporting Life,https://www.sportinglife.com/greyhounds/racecards/2026-08-22/monmore/racecard/513301
2026-08-22,Monmore,20:14,6,Aero Galactica,513301,Sporting Life,https://www.sportinglife.com/greyhounds/racecards/2026-08-22/monmore/racecard/513301
2026-08-22,Monmore,20:34,1,Droopys Bookem,513302,Sporting Life,https://www.sportinglife.com/greyhounds/racecards/2026-08-22/monmore/racecard/513302
2026-08-22,Monmore,20:34,2,Betgoodwin Tutts,513302,Sporting Life,https://www.sportinglife.com/greyhounds/racecards/2026-08-22/monmore/racecard/513302
2026-08-22,Monmore,20:34,3,Zenith Pasha,513302,Sporting Life,https://www.sportinglife.com/greyhounds/racecards/2026-08-22/monmore/racecard/513302
2026-08-22,Monmore,20:34,4,Tooreen Rose,513302,Sporting Life,https://www.sportinglife.com/greyhounds/racecards/2026-08-22/monmore/racecard/513302
2026-08-22,Monmore,20:34,5,Fortanach Col,513302,Sporting Life,https://www.sportinglife.com/greyhounds/racecards/2026-08-22/monmore/racecard/513302
2026-08-22,Monmore,20:34,6,Droopys Deploy,513302,Sporting Life,https://www.sportinglife.com/greyhounds/racecards/2026-08-22/monmore/racecard/513302
2026-08-22,Monmore,20:54,1,Headford Dane,513303,Sporting Life,https://www.sportinglife.com/greyhounds/racecards/2026-08-22/monmore/racecard/513303
2026-08-22,Monmore,20:54,2,Grouchos Gregor,513303,Sporting Life,https://www.sportinglife.com/greyhounds/racecards/2026-08-22/monmore/racecard/513303
2026-08-22,Monmore,20:54,3,Scooby Diamond,513303,Sporting Life,https://www.sportinglife.com/greyhounds/racecards/2026-08-22/monmore/racecard/513303
2026-08-22,Monmore,20:54,4,Slingshot Poppy,513303,Sporting Life,https://www.sportinglife.com/greyhounds/racecards/2026-08-22/monmore/racecard/513303
2026-08-22,Monmore,20:54,5,Woltemade,513303,Sporting Life,https://www.sportinglife.com/greyhounds/racecards/2026-08-22/monmore/racecard/513303
2026-08-22,Monmore,20:54,6,Headford Cian,513303,Sporting Life,https://www.sportinglife.com/greyhounds/racecards/2026-08-22/monmore/racecard/513303
2026-08-22,Monmore,21:14,1,Droopys Will,513304,Sporting Life,https://www.sportinglife.com/greyhounds/racecards/2026-08-22/monmore/racecard/513304
2026-08-22,Monmore,21:14,2,Headford Fiona,513304,Sporting Life,https://www.sportinglife.com/greyhounds/racecards/2026-08-22/monmore/racecard/513304
2026-08-22,Monmore,21:14,3,Union Piper,513304,Sporting Life,https://www.sportinglife.com/greyhounds/racecards/2026-08-22/monmore/racecard/513304
2026-08-22,Monmore,21:14,4,Newinn Bachelor,513304,Sporting Life,https://www.sportinglife.com/greyhounds/racecards/2026-08-22/monmore/racecard/513304
2026-08-22,Monmore,21:14,5,Pavilion Team,513304,Sporting Life,https://www.sportinglife.com/greyhounds/racecards/2026-08-22/monmore/racecard/513304
2026-08-22,Monmore,21:14,6,Ruinthelonggame,513304,Sporting Life,https://www.sportinglife.com/greyhounds/racecards/2026-08-22/monmore/racecard/513304
2026-08-22,Monmore,21:34,1,Rockmount Kellie,513305,Sporting Life,https://www.sportinglife.com/greyhounds/racecards/2026-08-22/monmore/racecard/513305
2026-08-22,Monmore,21:34,2,Crafty Alejandro,513305,Sporting Life,https://www.sportinglife.com/greyhounds/racecards/2026-08-22/monmore/racecard/513305
2026-08-22,Monmore,21:34,3,Glasheen Eagle,513305,Sporting Life,https://www.sportinglife.com/greyhounds/racecards/2026-08-22/monmore/racecard/513305
2026-08-22,Monmore,21:34,4,Slingshot Gazza,513305,Sporting Life,https://www.sportinglife.com/greyhounds/racecards/2026-08-22/monmore/racecard/513305
2026-08-22,Monmore,21:34,5,Deal For Two,513305,Sporting Life,https://www.sportinglife.com/greyhounds/racecards/2026-08-22/monmore/racecard/513305
2026-08-22,Monmore,21:34,6,Drive On Signet,513305,Sporting Life,https://www.sportinglife.com/greyhounds/racecards/2026-08-22/monmore/racecard/513305
2026-08-22,Monmore,21:50,1,Mon Amis,513306,Sporting Life,https://www.sportinglife.com/greyhounds/racecards/2026-08-22/monmore/racecard/513306
2026-08-22,Monmore,21:50,2,Vixons Ricchezze,513306,Sporting Life,https://www.sportinglife.com/greyhounds/racecards/2026-08-22/monmore/racecard/513306
2026-08-22,Monmore,21:50,3,Bogger Rapid,513306,Sporting Life,https://www.sportinglife.com/greyhounds/racecards/2026-08-22/monmore/racecard/513306
2026-08-22,Monmore,21:50,4,Aero Luther,513306,Sporting Life,https://www.sportinglife.com/greyhounds/racecards/2026-08-22/monmore/racecard/513306
2026-08-22,Monmore,21:50,5,Foxy Loxy,513306,Sporting Life,https://www.sportinglife.com/greyhounds/racecards/2026-08-22/monmore/racecard/513306
2026-08-22,Monmore,21:50,6,Sadele,513306,Sporting Life,https://www.sportinglife.com/greyhounds/racecards/2026-08-22/monmore/racecard/513306
2026-08-22,Newcastle,14:28,2,Alnwick Haws,513319,Sporting Life,https://www.sportinglife.com/greyhounds/racecards/2026-08-22/newcastle/racecard/513319
2026-08-22,Newcastle,14:28,3,Millview Dake,513319,Sporting Life,https://www.sportinglife.com/greyhounds/racecards/2026-08-22/newcastle/racecard/513319
2026-08-22,Newcastle,14:28,4,Onyago Kathy,513319,Sporting Life,https://www.sportinglife.com/greyhounds/racecards/2026-08-22/newcastle/racecard/513319
2026-08-22,Newcastle,14:28,5,Withme Withoutme,513319,Sporting Life,https://www.sportinglife.com/greyhounds/racecards/2026-08-22/newcastle/racecard/513319
2026-08-22,Newcastle,14:28,6,Girl Of Exile,513319,Sporting Life,https://www.sportinglife.com/greyhounds/racecards/2026-08-22/newcastle/racecard/513319
2026-08-22,Newcastle,14:48,1,Ballymac Fearne,513320,Sporting Life,https://www.sportinglife.com/greyhounds/racecards/2026-08-22/newcastle/racecard/513320
2026-08-22,Newcastle,14:48,2,Brickkiln Bugsy,513320,Sporting Life,https://www.sportinglife.com/greyhounds/racecards/2026-08-22/newcastle/racecard/513320
2026-08-22,Newcastle,14:48,3,Alnwick Kenny,513320,Sporting Life,https://www.sportinglife.com/greyhounds/racecards/2026-08-22/newcastle/racecard/513320
2026-08-22,Newcastle,14:48,4,Wraysbury Queen,513320,Sporting Life,https://www.sportinglife.com/greyhounds/racecards/2026-08-22/newcastle/racecard/513320
2026-08-22,Newcastle,14:48,5,Be Here Now,513320,Sporting Life,https://www.sportinglife.com/greyhounds/racecards/2026-08-22/newcastle/racecard/513320
2026-08-22,Newcastle,14:48,6,Alnwick Wizard,513320,Sporting Life,https://www.sportinglife.com/greyhounds/racecards/2026-08-22/newcastle/racecard/513320
2026-08-22,Newcastle,15:08,1,Ashwood Chanel,513321,Sporting Life,https://www.sportinglife.com/greyhounds/racecards/2026-08-22/newcastle/racecard/513321
2026-08-22,Newcastle,15:08,2,Orchid Simone,513321,Sporting Life,https://www.sportinglife.com/greyhounds/racecards/2026-08-22/newcastle/racecard/513321
2026-08-22,Newcastle,15:08,3,Slaneyside Boyne,513321,Sporting Life,https://www.sportinglife.com/greyhounds/racecards/2026-08-22/newcastle/racecard/513321
2026-08-22,Newcastle,15:08,4,Five Alley Luna,513321,Sporting Life,https://www.sportinglife.com/greyhounds/racecards/2026-08-22/newcastle/racecard/513321
2026-08-22,Newcastle,15:08,6,Droopys Hanora,513321,Sporting Life,https://www.sportinglife.com/greyhounds/racecards/2026-08-22/newcastle/racecard/513321
2026-08-22,Newcastle,15:28,1,Fruity Fanta,513322,Sporting Life,https://www.sportinglife.com/greyhounds/racecards/2026-08-22/newcastle/racecard/513322
2026-08-22,Newcastle,15:28,2,Puckane Light,513322,Sporting Life,https://www.sportinglife.com/greyhounds/racecards/2026-08-22/newcastle/racecard/513322
2026-08-22,Newcastle,15:28,3,Onyergostar,513322,Sporting Life,https://www.sportinglife.com/greyhounds/racecards/2026-08-22/newcastle/racecard/513322
2026-08-22,Newcastle,15:28,4,Dakotas Renae,513322,Sporting Life,https://www.sportinglife.com/greyhounds/racecards/2026-08-22/newcastle/racecard/513322
2026-08-22,Newcastle,15:28,5,Wraysbury King,513322,Sporting Life,https://www.sportinglife.com/greyhounds/racecards/2026-08-22/newcastle/racecard/513322
2026-08-22,Newcastle,15:28,6,Texas Ranger,513322,Sporting Life,https://www.sportinglife.com/greyhounds/racecards/2026-08-22/newcastle/racecard/513322
2026-08-22,Newcastle,15:48,1,Alnwick Queen,513323,Sporting Life,https://www.sportinglife.com/greyhounds/racecards/2026-08-22/newcastle/racecard/513323
2026-08-22,Newcastle,15:48,2,Droopys Turf,513323,Sporting Life,https://www.sportinglife.com/greyhounds/racecards/2026-08-22/newcastle/racecard/513323
2026-08-22,Newcastle,15:48,3,Canny Stunner,513323,Sporting Life,https://www.sportinglife.com/greyhounds/racecards/2026-08-22/newcastle/racecard/513323
2026-08-22,Newcastle,15:48,4,Dryland Velvet,513323,Sporting Life,https://www.sportinglife.com/greyhounds/racecards/2026-08-22/newcastle/racecard/513323
2026-08-22,Newcastle,15:48,5,Anglesey Flight,513323,Sporting Life,https://www.sportinglife.com/greyhounds/racecards/2026-08-22/newcastle/racecard/513323
2026-08-22,Newcastle,16:08,1,Cahermone Best,513324,Sporting Life,https://www.sportinglife.com/greyhounds/racecards/2026-08-22/newcastle/racecard/513324
2026-08-22,Newcastle,16:08,2,Onlyinthejockey,513324,Sporting Life,https://www.sportinglife.com/greyhounds/racecards/2026-08-22/newcastle/racecard/513324
2026-08-22,Newcastle,16:08,3,Winscale Wonder,513324,Sporting Life,https://www.sportinglife.com/greyhounds/racecards/2026-08-22/newcastle/racecard/513324
2026-08-22,Newcastle,16:08,4,Droopys Coach,513324,Sporting Life,https://www.sportinglife.com/greyhounds/racecards/2026-08-22/newcastle/racecard/513324
2026-08-22,Newcastle,16:08,5,Sunfire Sing,513324,Sporting Life,https://www.sportinglife.com/greyhounds/racecards/2026-08-22/newcastle/racecard/513324
2026-08-22,Newcastle,16:28,1,Clona Levi,513325,Sporting Life,https://www.sportinglife.com/greyhounds/racecards/2026-08-22/newcastle/racecard/513325
2026-08-22,Newcastle,16:28,2,Wanted Bocko,513325,Sporting Life,https://www.sportinglife.com/greyhounds/racecards/2026-08-22/newcastle/racecard/513325
2026-08-22,Newcastle,16:28,3,Santas Hurricane,513325,Sporting Life,https://www.sportinglife.com/greyhounds/racecards/2026-08-22/newcastle/racecard/513325
2026-08-22,Newcastle,16:28,4,Garren Zulu,513325,Sporting Life,https://www.sportinglife.com/greyhounds/racecards/2026-08-22/newcastle/racecard/513325
2026-08-22,Newcastle,16:28,5,Four Over,513325,Sporting Life,https://www.sportinglife.com/greyhounds/racecards/2026-08-22/newcastle/racecard/513325
2026-08-22,Newcastle,16:28,6,Charlies Top Gun,513325,Sporting Life,https://www.sportinglife.com/greyhounds/racecards/2026-08-22/newcastle/racecard/513325
2026-08-22,Newcastle,16:48,1,Stormy Lisamarie,513326,Sporting Life,https://www.sportinglife.com/greyhounds/racecards/2026-08-22/newcastle/racecard/513326
2026-08-22,Newcastle,16:48,2,Woe Colette,513326,Sporting Life,https://www.sportinglife.com/greyhounds/racecards/2026-08-22/newcastle/racecard/513326
2026-08-22,Newcastle,16:48,3,Blackhouse Tom,513326,Sporting Life,https://www.sportinglife.com/greyhounds/racecards/2026-08-22/newcastle/racecard/513326
2026-08-22,Newcastle,16:48,4,Alnwick Hawk,513326,Sporting Life,https://www.sportinglife.com/greyhounds/racecards/2026-08-22/newcastle/racecard/513326
2026-08-22,Newcastle,16:48,5,Mossend Dan,513326,Sporting Life,https://www.sportinglife.com/greyhounds/racecards/2026-08-22/newcastle/racecard/513326
2026-08-22,Newcastle,16:48,6,Katies Captain,513326,Sporting Life,https://www.sportinglife.com/greyhounds/racecards/2026-08-22/newcastle/racecard/513326
2026-08-22,Newcastle,17:08,1,Brickkiln Matty,513327,Sporting Life,https://www.sportinglife.com/greyhounds/racecards/2026-08-22/newcastle/racecard/513327
2026-08-22,Newcastle,17:08,2,Mos Aoibh,513327,Sporting Life,https://www.sportinglife.com/greyhounds/racecards/2026-08-22/newcastle/racecard/513327
2026-08-22,Newcastle,17:08,3,Blackhouse Sadie,513327,Sporting Life,https://www.sportinglife.com/greyhounds/racecards/2026-08-22/newcastle/racecard/513327
2026-08-22,Newcastle,17:08,4,Killeacle Denise,513327,Sporting Life,https://www.sportinglife.com/greyhounds/racecards/2026-08-22/newcastle/racecard/513327
2026-08-22,Newcastle,17:08,5,Strictly Vito,513327,Sporting Life,https://www.sportinglife.com/greyhounds/racecards/2026-08-22/newcastle/racecard/513327
2026-08-22,Newcastle,17:08,6,Canny Adelaide,513327,Sporting Life,https://www.sportinglife.com/greyhounds/racecards/2026-08-22/newcastle/racecard/513327
2026-08-22,Newcastle,17:24,1,Mongys Sapphire,513328,Sporting Life,https://www.sportinglife.com/greyhounds/racecards/2026-08-22/newcastle/racecard/513328
2026-08-22,Newcastle,17:24,2,Alnwick Machine,513328,Sporting Life,https://www.sportinglife.com/greyhounds/racecards/2026-08-22/newcastle/racecard/513328
2026-08-22,Newcastle,17:24,3,Working Boots,513328,Sporting Life,https://www.sportinglife.com/greyhounds/racecards/2026-08-22/newcastle/racecard/513328
2026-08-22,Newcastle,17:24,4,Howay Suarez,513328,Sporting Life,https://www.sportinglife.com/greyhounds/racecards/2026-08-22/newcastle/racecard/513328
2026-08-22,Newcastle,17:24,5,Alnwick Tornado,513328,Sporting Life,https://www.sportinglife.com/greyhounds/racecards/2026-08-22/newcastle/racecard/513328
2026-08-22,Newcastle,17:24,6,Easy Oz,513328,Sporting Life,https://www.sportinglife.com/greyhounds/racecards/2026-08-22/newcastle/racecard/513328
2026-08-22,Newcastle,17:43,1,Coppice Survivor,513329,Sporting Life,https://www.sportinglife.com/greyhounds/racecards/2026-08-22/newcastle/racecard/513329
2026-08-22,Newcastle,17:43,2,Alnwick Betty,513329,Sporting Life,https://www.sportinglife.com/greyhounds/racecards/2026-08-22/newcastle/racecard/513329
2026-08-22,Newcastle,17:43,3,Howay Angel,513329,Sporting Life,https://www.sportinglife.com/greyhounds/racecards/2026-08-22/newcastle/racecard/513329
2026-08-22,Newcastle,17:43,4,Ballycoole Maggy,513329,Sporting Life,https://www.sportinglife.com/greyhounds/racecards/2026-08-22/newcastle/racecard/513329
2026-08-22,Newcastle,17:43,5,Slippy Poppy,513329,Sporting Life,https://www.sportinglife.com/greyhounds/racecards/2026-08-22/newcastle/racecard/513329
2026-08-22,Newcastle,17:43,6,Alnwick Bolt,513329,Sporting Life,https://www.sportinglife.com/greyhounds/racecards/2026-08-22/newcastle/racecard/513329
2026-08-22,Newcastle,18:01,1,Shorten The Tale,513330,Sporting Life,https://www.sportinglife.com/greyhounds/racecards/2026-08-22/newcastle/racecard/513330
2026-08-22,Newcastle,18:01,2,Alnwick Helen,513330,Sporting Life,https://www.sportinglife.com/greyhounds/racecards/2026-08-22/newcastle/racecard/513330
2026-08-22,Newcastle,18:01,3,Medusa,513330,Sporting Life,https://www.sportinglife.com/greyhounds/racecards/2026-08-22/newcastle/racecard/513330
2026-08-22,Newcastle,18:01,4,A Bit Of Hunter,513330,Sporting Life,https://www.sportinglife.com/greyhounds/racecards/2026-08-22/newcastle/racecard/513330
2026-08-22,Newcastle,18:01,5,Slingshot Clyde,513330,Sporting Life,https://www.sportinglife.com/greyhounds/racecards/2026-08-22/newcastle/racecard/513330
2026-08-22,Newcastle,18:01,6,Hazelhill Blue,513330,Sporting Life,https://www.sportinglife.com/greyhounds/racecards/2026-08-22/newcastle/racecard/513330
2026-08-22,Romford,11:09,1,Easy Way Out,513360,Sporting Life,https://www.sportinglife.com/greyhounds/racecards/2026-08-22/romford/racecard/513360
2026-08-22,Romford,11:09,2,Duggies Memory,513360,Sporting Life,https://www.sportinglife.com/greyhounds/racecards/2026-08-22/romford/racecard/513360
2026-08-22,Romford,11:09,3,Carlow Road,513360,Sporting Life,https://www.sportinglife.com/greyhounds/racecards/2026-08-22/romford/racecard/513360
2026-08-22,Romford,11:09,4,Swift Official,513360,Sporting Life,https://www.sportinglife.com/greyhounds/racecards/2026-08-22/romford/racecard/513360
2026-08-22,Romford,11:09,6,Sunshine Lass,513360,Sporting Life,https://www.sportinglife.com/greyhounds/racecards/2026-08-22/romford/racecard/513360
2026-08-22,Romford,11:27,1,Pantone Alley,513361,Sporting Life,https://www.sportinglife.com/greyhounds/racecards/2026-08-22/romford/racecard/513361
2026-08-22,Romford,11:27,2,Slow Burn,513361,Sporting Life,https://www.sportinglife.com/greyhounds/racecards/2026-08-22/romford/racecard/513361
2026-08-22,Romford,11:27,3,My Last Dog,513361,Sporting Life,https://www.sportinglife.com/greyhounds/racecards/2026-08-22/romford/racecard/513361
2026-08-22,Romford,11:27,4,Informant,513361,Sporting Life,https://www.sportinglife.com/greyhounds/racecards/2026-08-22/romford/racecard/513361
2026-08-22,Romford,11:27,5,Swift Kelvin,513361,Sporting Life,https://www.sportinglife.com/greyhounds/racecards/2026-08-22/romford/racecard/513361
2026-08-22,Romford,11:27,6,False Time,513361,Sporting Life,https://www.sportinglife.com/greyhounds/racecards/2026-08-22/romford/racecard/513361
2026-08-22,Romford,11:43,1,Bubbly Babs,513362,Sporting Life,https://www.sportinglife.com/greyhounds/racecards/2026-08-22/romford/racecard/513362
2026-08-22,Romford,11:43,2,Navys Dolly,513362,Sporting Life,https://www.sportinglife.com/greyhounds/racecards/2026-08-22/romford/racecard/513362
2026-08-22,Romford,11:43,3,Distant Milo,513362,Sporting Life,https://www.sportinglife.com/greyhounds/racecards/2026-08-22/romford/racecard/513362
2026-08-22,Romford,11:43,4,Silvertown Blues,513362,Sporting Life,https://www.sportinglife.com/greyhounds/racecards/2026-08-22/romford/racecard/513362
2026-08-22,Romford,11:43,5,Not Now Alan,513362,Sporting Life,https://www.sportinglife.com/greyhounds/racecards/2026-08-22/romford/racecard/513362
2026-08-22,Romford,11:43,6,MOST READ,513362,Sporting Life,https://www.sportinglife.com/greyhounds/racecards/2026-08-22/romford/racecard/513362
2026-08-22,Romford,12:01,1,Bonfire Bullet,513363,Sporting Life,https://www.sportinglife.com/greyhounds/racecards/2026-08-22/romford/racecard/513363
2026-08-22,Romford,12:01,2,Chiltern Queen,513363,Sporting Life,https://www.sportinglife.com/greyhounds/racecards/2026-08-22/romford/racecard/513363
2026-08-22,Romford,12:01,3,Ideal Guest,513363,Sporting Life,https://www.sportinglife.com/greyhounds/racecards/2026-08-22/romford/racecard/513363
2026-08-22,Romford,12:01,4,Roanna General,513363,Sporting Life,https://www.sportinglife.com/greyhounds/racecards/2026-08-22/romford/racecard/513363
2026-08-22,Romford,12:01,5,Yahoo Poppy,513363,Sporting Life,https://www.sportinglife.com/greyhounds/racecards/2026-08-22/romford/racecard/513363
2026-08-22,Romford,12:18,1,Aero Sasha,513364,Sporting Life,https://www.sportinglife.com/greyhounds/racecards/2026-08-22/romford/racecard/513364
2026-08-22,Romford,12:18,2,Sheer Magic,513364,Sporting Life,https://www.sportinglife.com/greyhounds/racecards/2026-08-22/romford/racecard/513364
2026-08-22,Romford,12:18,3,Brandywell Queen,513364,Sporting Life,https://www.sportinglife.com/greyhounds/racecards/2026-08-22/romford/racecard/513364
2026-08-22,Romford,12:18,4,Hawkfield Kiki,513364,Sporting Life,https://www.sportinglife.com/greyhounds/racecards/2026-08-22/romford/racecard/513364
2026-08-22,Romford,12:18,5,Distant Diana,513364,Sporting Life,https://www.sportinglife.com/greyhounds/racecards/2026-08-22/romford/racecard/513364
2026-08-22,Romford,12:18,6,Blue Shine,513364,Sporting Life,https://www.sportinglife.com/greyhounds/racecards/2026-08-22/romford/racecard/513364
2026-08-22,Romford,12:34,1,Ballymac Carlina,513365,Sporting Life,https://www.sportinglife.com/greyhounds/racecards/2026-08-22/romford/racecard/513365
2026-08-22,Romford,12:34,2,Teejays Chelms,513365,Sporting Life,https://www.sportinglife.com/greyhounds/racecards/2026-08-22/romford/racecard/513365
2026-08-22,Romford,12:34,3,Crossfield Roger,513365,Sporting Life,https://www.sportinglife.com/greyhounds/racecards/2026-08-22/romford/racecard/513365
2026-08-22,Romford,12:34,4,Aint Bothered,513365,Sporting Life,https://www.sportinglife.com/greyhounds/racecards/2026-08-22/romford/racecard/513365
2026-08-22,Romford,12:34,5,Toems Bono,513365,Sporting Life,https://www.sportinglife.com/greyhounds/racecards/2026-08-22/romford/racecard/513365
2026-08-22,Romford,12:34,6,Swift Agile,513365,Sporting Life,https://www.sportinglife.com/greyhounds/racecards/2026-08-22/romford/racecard/513365
2026-08-22,Romford,12:51,1,Orange Camilla,513366,Sporting Life,https://www.sportinglife.com/greyhounds/racecards/2026-08-22/romford/racecard/513366
2026-08-22,Romford,12:51,2,Romford Sheriff,513366,Sporting Life,https://www.sportinglife.com/greyhounds/racecards/2026-08-22/romford/racecard/513366
2026-08-22,Romford,12:51,3,Toneitdown,513366,Sporting Life,https://www.sportinglife.com/greyhounds/racecards/2026-08-22/romford/racecard/513366
2026-08-22,Romford,12:51,4,Underground Bell,513366,Sporting Life,https://www.sportinglife.com/greyhounds/racecards/2026-08-22/romford/racecard/513366
2026-08-22,Romford,12:51,5,Ashbury Woody,513366,Sporting Life,https://www.sportinglife.com/greyhounds/racecards/2026-08-22/romford/racecard/513366
2026-08-22,Romford,13:08,1,Seomra Finn,513367,Sporting Life,https://www.sportinglife.com/greyhounds/racecards/2026-08-22/romford/racecard/513367
2026-08-22,Romford,13:08,2,Cosmic Blue,513367,Sporting Life,https://www.sportinglife.com/greyhounds/racecards/2026-08-22/romford/racecard/513367
2026-08-22,Romford,13:08,3,Sophies Diamond,513367,Sporting Life,https://www.sportinglife.com/greyhounds/racecards/2026-08-22/romford/racecard/513367
2026-08-22,Romford,13:08,4,Old Fort Monaco,513367,Sporting Life,https://www.sportinglife.com/greyhounds/racecards/2026-08-22/romford/racecard/513367
2026-08-22,Romford,13:08,5,Flacos Flyer,513367,Sporting Life,https://www.sportinglife.com/greyhounds/racecards/2026-08-22/romford/racecard/513367
2026-08-22,Romford,13:26,2,Cofam Bob,513368,Sporting Life,https://www.sportinglife.com/greyhounds/racecards/2026-08-22/romford/racecard/513368
2026-08-22,Romford,13:26,3,Four Under Par,513368,Sporting Life,https://www.sportinglife.com/greyhounds/racecards/2026-08-22/romford/racecard/513368
2026-08-22,Romford,13:26,4,Catunda Steph,513368,Sporting Life,https://www.sportinglife.com/greyhounds/racecards/2026-08-22/romford/racecard/513368
2026-08-22,Romford,13:26,5,Lavan Minstrelle,513368,Sporting Life,https://www.sportinglife.com/greyhounds/racecards/2026-08-22/romford/racecard/513368
2026-08-22,Romford,13:26,6,Droopys Floorish,513368,Sporting Life,https://www.sportinglife.com/greyhounds/racecards/2026-08-22/romford/racecard/513368
2026-08-22,Romford,13:42,1,Olwinn Seen It,513369,Sporting Life,https://www.sportinglife.com/greyhounds/racecards/2026-08-22/romford/racecard/513369
2026-08-22,Romford,13:42,2,Public Reaction,513369,Sporting Life,https://www.sportinglife.com/greyhounds/racecards/2026-08-22/romford/racecard/513369
2026-08-22,Romford,13:42,3,Distant Debbie,513369,Sporting Life,https://www.sportinglife.com/greyhounds/racecards/2026-08-22/romford/racecard/513369
2026-08-22,Romford,13:42,4,Silver Sands,513369,Sporting Life,https://www.sportinglife.com/greyhounds/racecards/2026-08-22/romford/racecard/513369
2026-08-22,Romford,13:42,6,Orange Ryan,513369,Sporting Life,https://www.sportinglife.com/greyhounds/racecards/2026-08-22/romford/racecard/513369
2026-08-22,Romford,13:59,1,Headford View,513370,Sporting Life,https://www.sportinglife.com/greyhounds/racecards/2026-08-22/romford/racecard/513370
2026-08-22,Romford,13:59,2,Tally Ho Socks,513370,Sporting Life,https://www.sportinglife.com/greyhounds/racecards/2026-08-22/romford/racecard/513370
2026-08-22,Romford,13:59,3,Miami Sapphire,513370,Sporting Life,https://www.sportinglife.com/greyhounds/racecards/2026-08-22/romford/racecard/513370
2026-08-22,Romford,13:59,4,Distant Layla,513370,Sporting Life,https://www.sportinglife.com/greyhounds/racecards/2026-08-22/romford/racecard/513370
2026-08-22,Romford,13:59,6,Broadway Steel,513370,Sporting Life,https://www.sportinglife.com/greyhounds/racecards/2026-08-22/romford/racecard/513370
2026-08-22,Romford,14:14,1,Sundance Sasha,513371,Sporting Life,https://www.sportinglife.com/greyhounds/racecards/2026-08-22/romford/racecard/513371
2026-08-22,Romford,14:14,2,Whizzy Dot,513371,Sporting Life,https://www.sportinglife.com/greyhounds/racecards/2026-08-22/romford/racecard/513371
2026-08-22,Romford,14:14,3,Gothic Brooke,513371,Sporting Life,https://www.sportinglife.com/greyhounds/racecards/2026-08-22/romford/racecard/513371
2026-08-22,Romford,14:14,4,Drovers Violet,513371,Sporting Life,https://www.sportinglife.com/greyhounds/racecards/2026-08-22/romford/racecard/513371
2026-08-22,Romford,14:14,5,Donegal Cian,513371,Sporting Life,https://www.sportinglife.com/greyhounds/racecards/2026-08-22/romford/racecard/513371
2026-08-22,Romford,18:42,1,Young Kerry,513372,Sporting Life,https://www.sportinglife.com/greyhounds/racecards/2026-08-22/romford/racecard/513372
2026-08-22,Romford,18:42,2,Lizies Legacy,513372,Sporting Life,https://www.sportinglife.com/greyhounds/racecards/2026-08-22/romford/racecard/513372
2026-08-22,Romford,18:42,3,Blackrose Gus,513372,Sporting Life,https://www.sportinglife.com/greyhounds/racecards/2026-08-22/romford/racecard/513372
2026-08-22,Romford,18:42,4,Chelms Harry,513372,Sporting Life,https://www.sportinglife.com/greyhounds/racecards/2026-08-22/romford/racecard/513372
2026-08-22,Romford,18:42,5,Seomra Miska,513372,Sporting Life,https://www.sportinglife.com/greyhounds/racecards/2026-08-22/romford/racecard/513372
2026-08-22,Romford,18:42,6,Artisan Dancer,513372,Sporting Life,https://www.sportinglife.com/greyhounds/racecards/2026-08-22/romford/racecard/513372
2026-08-22,Romford,19:02,2,Bensourboy,513373,Sporting Life,https://www.sportinglife.com/greyhounds/racecards/2026-08-22/romford/racecard/513373
2026-08-22,Romford,19:02,3,Fire Magic,513373,Sporting Life,https://www.sportinglife.com/greyhounds/racecards/2026-08-22/romford/racecard/513373
2026-08-22,Romford,19:02,4,Jeopardy Venus,513373,Sporting Life,https://www.sportinglife.com/greyhounds/racecards/2026-08-22/romford/racecard/513373
2026-08-22,Romford,19:02,5,Clovass Spice,513373,Sporting Life,https://www.sportinglife.com/greyhounds/racecards/2026-08-22/romford/racecard/513373
2026-08-22,Romford,19:02,6,Rangey Lady,513373,Sporting Life,https://www.sportinglife.com/greyhounds/racecards/2026-08-22/romford/racecard/513373
2026-08-22,Romford,19:22,2,Ritzy Rosie,513374,Sporting Life,https://www.sportinglife.com/greyhounds/racecards/2026-08-22/romford/racecard/513374
2026-08-22,Romford,19:22,3,Chapel Gardens,513374,Sporting Life,https://www.sportinglife.com/greyhounds/racecards/2026-08-22/romford/racecard/513374
2026-08-22,Romford,19:22,4,Blackrose Pageta,513374,Sporting Life,https://www.sportinglife.com/greyhounds/racecards/2026-08-22/romford/racecard/513374
2026-08-22,Romford,19:22,5,El Regreso,513374,Sporting Life,https://www.sportinglife.com/greyhounds/racecards/2026-08-22/romford/racecard/513374
2026-08-22,Romford,19:22,6,Crossfield Becca,513374,Sporting Life,https://www.sportinglife.com/greyhounds/racecards/2026-08-22/romford/racecard/513374
2026-08-22,Romford,19:42,2,Droopys Pedigree,513375,Sporting Life,https://www.sportinglife.com/greyhounds/racecards/2026-08-22/romford/racecard/513375
2026-08-22,Romford,19:42,3,Underground Debs,513375,Sporting Life,https://www.sportinglife.com/greyhounds/racecards/2026-08-22/romford/racecard/513375
2026-08-22,Romford,19:42,4,Blackrose Venus,513375,Sporting Life,https://www.sportinglife.com/greyhounds/racecards/2026-08-22/romford/racecard/513375
2026-08-22,Romford,19:42,5,Maple Jackal,513375,Sporting Life,https://www.sportinglife.com/greyhounds/racecards/2026-08-22/romford/racecard/513375
2026-08-22,Romford,19:42,6,Clasheen Dior,513375,Sporting Life,https://www.sportinglife.com/greyhounds/racecards/2026-08-22/romford/racecard/513375
2026-08-22,Romford,20:02,1,Blackrose Ruth,513376,Sporting Life,https://www.sportinglife.com/greyhounds/racecards/2026-08-22/romford/racecard/513376
2026-08-22,Romford,20:02,2,Peteys Queen,513376,Sporting Life,https://www.sportinglife.com/greyhounds/racecards/2026-08-22/romford/racecard/513376
2026-08-22,Romford,20:02,3,Lazlos Babe,513376,Sporting Life,https://www.sportinglife.com/greyhounds/racecards/2026-08-22/romford/racecard/513376
2026-08-22,Romford,20:02,5,Surely Mad,513376,Sporting Life,https://www.sportinglife.com/greyhounds/racecards/2026-08-22/romford/racecard/513376
2026-08-22,Romford,20:02,6,Mollycoddle,513376,Sporting Life,https://www.sportinglife.com/greyhounds/racecards/2026-08-22/romford/racecard/513376
2026-08-22,Romford,20:22,1,Lavan Jet,513377,Sporting Life,https://www.sportinglife.com/greyhounds/racecards/2026-08-22/romford/racecard/513377
2026-08-22,Romford,20:22,2,Rural Bluey,513377,Sporting Life,https://www.sportinglife.com/greyhounds/racecards/2026-08-22/romford/racecard/513377
2026-08-22,Romford,20:22,3,Mickey Red,513377,Sporting Life,https://www.sportinglife.com/greyhounds/racecards/2026-08-22/romford/racecard/513377
2026-08-22,Romford,20:22,5,Winning Combo,513377,Sporting Life,https://www.sportinglife.com/greyhounds/racecards/2026-08-22/romford/racecard/513377
2026-08-22,Romford,20:22,6,Colrose Diva,513377,Sporting Life,https://www.sportinglife.com/greyhounds/racecards/2026-08-22/romford/racecard/513377
2026-08-22,Romford,20:42,2,Tuna No Crust,513378,Sporting Life,https://www.sportinglife.com/greyhounds/racecards/2026-08-22/romford/racecard/513378
2026-08-22,Romford,20:42,3,Jeopardy Hunter,513378,Sporting Life,https://www.sportinglife.com/greyhounds/racecards/2026-08-22/romford/racecard/513378
2026-08-22,Romford,20:42,4,Underground Zeus,513378,Sporting Life,https://www.sportinglife.com/greyhounds/racecards/2026-08-22/romford/racecard/513378
2026-08-22,Romford,20:42,5,Dontkidakidder,513378,Sporting Life,https://www.sportinglife.com/greyhounds/racecards/2026-08-22/romford/racecard/513378
2026-08-22,Romford,20:42,6,Holding Suzie,513378,Sporting Life,https://www.sportinglife.com/greyhounds/racecards/2026-08-22/romford/racecard/513378
2026-08-22,Romford,21:02,1,Velvet Murillo,513379,Sporting Life,https://www.sportinglife.com/greyhounds/racecards/2026-08-22/romford/racecard/513379
2026-08-22,Romford,21:02,2,Kingsroad Rocket,513379,Sporting Life,https://www.sportinglife.com/greyhounds/racecards/2026-08-22/romford/racecard/513379
2026-08-22,Romford,21:02,3,Romancing Tara,513379,Sporting Life,https://www.sportinglife.com/greyhounds/racecards/2026-08-22/romford/racecard/513379
2026-08-22,Romford,21:02,4,Up The Fulham,513379,Sporting Life,https://www.sportinglife.com/greyhounds/racecards/2026-08-22/romford/racecard/513379
2026-08-22,Romford,21:02,5,Kingdom Tilly,513379,Sporting Life,https://www.sportinglife.com/greyhounds/racecards/2026-08-22/romford/racecard/513379
2026-08-22,Romford,21:22,1,Lightfoot Jamie,513380,Sporting Life,https://www.sportinglife.com/greyhounds/racecards/2026-08-22/romford/racecard/513380
2026-08-22,Romford,21:22,2,Droopys Maybe,513380,Sporting Life,https://www.sportinglife.com/greyhounds/racecards/2026-08-22/romford/racecard/513380
2026-08-22,Romford,21:22,3,Slipalong Ace,513380,Sporting Life,https://www.sportinglife.com/greyhounds/racecards/2026-08-22/romford/racecard/513380
2026-08-22,Romford,21:22,4,Jacktavern Luna,513380,Sporting Life,https://www.sportinglife.com/greyhounds/racecards/2026-08-22/romford/racecard/513380
2026-08-22,Romford,21:22,6,Da Blue Tiger,513380,Sporting Life,https://www.sportinglife.com/greyhounds/racecards/2026-08-22/romford/racecard/513380
2026-08-22,Romford,21:42,1,Inclement Shelby,513381,Sporting Life,https://www.sportinglife.com/greyhounds/racecards/2026-08-22/romford/racecard/513381
2026-08-22,Romford,21:42,2,Ten Fold,513381,Sporting Life,https://www.sportinglife.com/greyhounds/racecards/2026-08-22/romford/racecard/513381
2026-08-22,Romford,21:42,3,Itsur View,513381,Sporting Life,https://www.sportinglife.com/greyhounds/racecards/2026-08-22/romford/racecard/513381
2026-08-22,Romford,21:42,4,Desert Storm,513381,Sporting Life,https://www.sportinglife.com/greyhounds/racecards/2026-08-22/romford/racecard/513381
2026-08-22,Romford,21:42,5,Oioi Savaloy,513381,Sporting Life,https://www.sportinglife.com/greyhounds/racecards/2026-08-22/romford/racecard/513381
2026-08-22,Romford,22:02,1,Inclement Motion,513382,Sporting Life,https://www.sportinglife.com/greyhounds/racecards/2026-08-22/romford/racecard/513382
2026-08-22,Romford,22:02,2,Jays Bruno,513382,Sporting Life,https://www.sportinglife.com/greyhounds/racecards/2026-08-22/romford/racecard/513382
2026-08-22,Romford,22:02,3,Ballybreen Rose,513382,Sporting Life,https://www.sportinglife.com/greyhounds/racecards/2026-08-22/romford/racecard/513382
2026-08-22,Romford,22:02,4,Demon Lad,513382,Sporting Life,https://www.sportinglife.com/greyhounds/racecards/2026-08-22/romford/racecard/513382
2026-08-22,Romford,22:02,5,Express Tag,513382,Sporting Life,https://www.sportinglife.com/greyhounds/racecards/2026-08-22/romford/racecard/513382
2026-08-22,Romford,22:20,1,Velvet Rolo,513383,Sporting Life,https://www.sportinglife.com/greyhounds/racecards/2026-08-22/romford/racecard/513383
2026-08-22,Romford,22:20,2,Droopys Saoirse,513383,Sporting Life,https://www.sportinglife.com/greyhounds/racecards/2026-08-22/romford/racecard/513383
2026-08-22,Romford,22:20,3,Links Viper,513383,Sporting Life,https://www.sportinglife.com/greyhounds/racecards/2026-08-22/romford/racecard/513383
2026-08-22,Romford,22:20,4,Raha Jayjay,513383,Sporting Life,https://www.sportinglife.com/greyhounds/racecards/2026-08-22/romford/racecard/513383
2026-08-22,Romford,22:20,5,Bombay Flash,513383,Sporting Life,https://www.sportinglife.com/greyhounds/racecards/2026-08-22/romford/racecard/513383
2026-08-22,Romford,22:20,6,Headford Eimear,513383,Sporting Life,https://www.sportinglife.com/greyhounds/racecards/2026-08-22/romford/racecard/513383
2026-08-22,Star Pelaw,17:29,1,Caseys Mario,513396,Sporting Life,https://www.sportinglife.com/greyhounds/racecards/2026-08-22/star-pelaw/racecard/513396
2026-08-22,Star Pelaw,17:29,2,Caseys Gaston,513396,Sporting Life,https://www.sportinglife.com/greyhounds/racecards/2026-08-22/star-pelaw/racecard/513396
2026-08-22,Star Pelaw,17:29,3,Headford Astrid,513396,Sporting Life,https://www.sportinglife.com/greyhounds/racecards/2026-08-22/star-pelaw/racecard/513396
2026-08-22,Star Pelaw,17:29,4,Caseys Molly,513396,Sporting Life,https://www.sportinglife.com/greyhounds/racecards/2026-08-22/star-pelaw/racecard/513396
2026-08-22,Star Pelaw,17:29,6,Conscience,513396,Sporting Life,https://www.sportinglife.com/greyhounds/racecards/2026-08-22/star-pelaw/racecard/513396
2026-08-22,Star Pelaw,17:47,1,Glory Bono,513397,Sporting Life,https://www.sportinglife.com/greyhounds/racecards/2026-08-22/star-pelaw/racecard/513397
2026-08-22,Star Pelaw,17:47,2,Footfield Angel,513397,Sporting Life,https://www.sportinglife.com/greyhounds/racecards/2026-08-22/star-pelaw/racecard/513397
2026-08-22,Star Pelaw,17:47,3,Dairyland Shan,513397,Sporting Life,https://www.sportinglife.com/greyhounds/racecards/2026-08-22/star-pelaw/racecard/513397
2026-08-22,Star Pelaw,17:47,4,Kilbarry Limit,513397,Sporting Life,https://www.sportinglife.com/greyhounds/racecards/2026-08-22/star-pelaw/racecard/513397
2026-08-22,Star Pelaw,17:47,5,Caseys Barbra,513397,Sporting Life,https://www.sportinglife.com/greyhounds/racecards/2026-08-22/star-pelaw/racecard/513397
2026-08-22,Star Pelaw,17:47,6,Boris Billy,513397,Sporting Life,https://www.sportinglife.com/greyhounds/racecards/2026-08-22/star-pelaw/racecard/513397
2026-08-22,Star Pelaw,18:04,1,Marisol,513398,Sporting Life,https://www.sportinglife.com/greyhounds/racecards/2026-08-22/star-pelaw/racecard/513398
2026-08-22,Star Pelaw,18:04,2,Slippy Francis,513398,Sporting Life,https://www.sportinglife.com/greyhounds/racecards/2026-08-22/star-pelaw/racecard/513398
2026-08-22,Star Pelaw,18:04,3,Funky Noodle,513398,Sporting Life,https://www.sportinglife.com/greyhounds/racecards/2026-08-22/star-pelaw/racecard/513398
2026-08-22,Star Pelaw,18:04,4,Trapstyle Grumpy,513398,Sporting Life,https://www.sportinglife.com/greyhounds/racecards/2026-08-22/star-pelaw/racecard/513398
2026-08-22,Star Pelaw,18:04,5,King Paul,513398,Sporting Life,https://www.sportinglife.com/greyhounds/racecards/2026-08-22/star-pelaw/racecard/513398
2026-08-22,Star Pelaw,18:04,6,Glenbervie Wolf,513398,Sporting Life,https://www.sportinglife.com/greyhounds/racecards/2026-08-22/star-pelaw/racecard/513398
2026-08-22,Star Pelaw,18:21,1,Punk Rock Legend,513399,Sporting Life,https://www.sportinglife.com/greyhounds/racecards/2026-08-22/star-pelaw/racecard/513399
2026-08-22,Star Pelaw,18:21,3,Cloheena Rodney,513399,Sporting Life,https://www.sportinglife.com/greyhounds/racecards/2026-08-22/star-pelaw/racecard/513399
2026-08-22,Star Pelaw,18:21,4,Droopys Verdict,513399,Sporting Life,https://www.sportinglife.com/greyhounds/racecards/2026-08-22/star-pelaw/racecard/513399
2026-08-22,Star Pelaw,18:21,6,Mickys Tribute,513399,Sporting Life,https://www.sportinglife.com/greyhounds/racecards/2026-08-22/star-pelaw/racecard/513399
2026-08-22,Star Pelaw,18:39,1,Glenhead Grace,513400,Sporting Life,https://www.sportinglife.com/greyhounds/racecards/2026-08-22/star-pelaw/racecard/513400
2026-08-22,Star Pelaw,18:39,2,Knackstar,513400,Sporting Life,https://www.sportinglife.com/greyhounds/racecards/2026-08-22/star-pelaw/racecard/513400
2026-08-22,Star Pelaw,18:39,3,Dairyland Amelia,513400,Sporting Life,https://www.sportinglife.com/greyhounds/racecards/2026-08-22/star-pelaw/racecard/513400
2026-08-22,Star Pelaw,18:39,4,Bangoutbambi,513400,Sporting Life,https://www.sportinglife.com/greyhounds/racecards/2026-08-22/star-pelaw/racecard/513400
2026-08-22,Star Pelaw,18:39,5,Tromora Zara,513400,Sporting Life,https://www.sportinglife.com/greyhounds/racecards/2026-08-22/star-pelaw/racecard/513400
2026-08-22,Star Pelaw,18:39,6,Untold Flare,513400,Sporting Life,https://www.sportinglife.com/greyhounds/racecards/2026-08-22/star-pelaw/racecard/513400
2026-08-22,Star Pelaw,18:56,1,Elite Jackie,513401,Sporting Life,https://www.sportinglife.com/greyhounds/racecards/2026-08-22/star-pelaw/racecard/513401
2026-08-22,Star Pelaw,18:56,2,Hi Tyson,513401,Sporting Life,https://www.sportinglife.com/greyhounds/racecards/2026-08-22/star-pelaw/racecard/513401
2026-08-22,Star Pelaw,18:56,3,Trapstyle Happy,513401,Sporting Life,https://www.sportinglife.com/greyhounds/racecards/2026-08-22/star-pelaw/racecard/513401
2026-08-22,Star Pelaw,18:56,4,Drumbane Blue,513401,Sporting Life,https://www.sportinglife.com/greyhounds/racecards/2026-08-22/star-pelaw/racecard/513401
2026-08-22,Star Pelaw,18:56,6,Loxleys Tommo,513401,Sporting Life,https://www.sportinglife.com/greyhounds/racecards/2026-08-22/star-pelaw/racecard/513401
2026-08-22,Star Pelaw,19:14,1,Tally Ho Swift,513402,Sporting Life,https://www.sportinglife.com/greyhounds/racecards/2026-08-22/star-pelaw/racecard/513402
2026-08-22,Star Pelaw,19:14,2,Trooper Trippett,513402,Sporting Life,https://www.sportinglife.com/greyhounds/racecards/2026-08-22/star-pelaw/racecard/513402
2026-08-22,Star Pelaw,19:14,3,Ballinabola Syd,513402,Sporting Life,https://www.sportinglife.com/greyhounds/racecards/2026-08-22/star-pelaw/racecard/513402
2026-08-22,Star Pelaw,19:14,4,Quivers View,513402,Sporting Life,https://www.sportinglife.com/greyhounds/racecards/2026-08-22/star-pelaw/racecard/513402
2026-08-22,Star Pelaw,19:14,5,Hawkfield Lexi,513402,Sporting Life,https://www.sportinglife.com/greyhounds/racecards/2026-08-22/star-pelaw/racecard/513402
2026-08-22,Star Pelaw,19:14,6,Santas Bugatti,513402,Sporting Life,https://www.sportinglife.com/greyhounds/racecards/2026-08-22/star-pelaw/racecard/513402
2026-08-22,Star Pelaw,19:31,1,Ivy Hill Maisy,513403,Sporting Life,https://www.sportinglife.com/greyhounds/racecards/2026-08-22/star-pelaw/racecard/513403
2026-08-22,Star Pelaw,19:31,2,Chisem Henry,513403,Sporting Life,https://www.sportinglife.com/greyhounds/racecards/2026-08-22/star-pelaw/racecard/513403
2026-08-22,Star Pelaw,19:31,3,Westwood Jack,513403,Sporting Life,https://www.sportinglife.com/greyhounds/racecards/2026-08-22/star-pelaw/racecard/513403
2026-08-22,Star Pelaw,19:31,5,Punkrock Mercury,513403,Sporting Life,https://www.sportinglife.com/greyhounds/racecards/2026-08-22/star-pelaw/racecard/513403
2026-08-22,Star Pelaw,19:31,6,Razldazl Royco,513403,Sporting Life,https://www.sportinglife.com/greyhounds/racecards/2026-08-22/star-pelaw/racecard/513403
2026-08-22,Star Pelaw,19:51,1,Mary Walloper,513404,Sporting Life,https://www.sportinglife.com/greyhounds/racecards/2026-08-22/star-pelaw/racecard/513404
2026-08-22,Star Pelaw,19:51,2,Bisto Jayden,513404,Sporting Life,https://www.sportinglife.com/greyhounds/racecards/2026-08-22/star-pelaw/racecard/513404
2026-08-22,Star Pelaw,19:51,3,Bandit Emily,513404,Sporting Life,https://www.sportinglife.com/greyhounds/racecards/2026-08-22/star-pelaw/racecard/513404
2026-08-22,Star Pelaw,19:51,4,Am The Gaffer,513404,Sporting Life,https://www.sportinglife.com/greyhounds/racecards/2026-08-22/star-pelaw/racecard/513404
2026-08-22,Star Pelaw,19:51,5,Hes Da One,513404,Sporting Life,https://www.sportinglife.com/greyhounds/racecards/2026-08-22/star-pelaw/racecard/513404
2026-08-22,Star Pelaw,19:51,6,Blackstone Dani,513404,Sporting Life,https://www.sportinglife.com/greyhounds/racecards/2026-08-22/star-pelaw/racecard/513404
2026-08-22,Star Pelaw,20:09,1,Antigua Kestrel,513405,Sporting Life,https://www.sportinglife.com/greyhounds/racecards/2026-08-22/star-pelaw/racecard/513405
2026-08-22,Star Pelaw,20:09,2,Slingshot Franky,513405,Sporting Life,https://www.sportinglife.com/greyhounds/racecards/2026-08-22/star-pelaw/racecard/513405
2026-08-22,Star Pelaw,20:09,3,Razldazl Paloma,513405,Sporting Life,https://www.sportinglife.com/greyhounds/racecards/2026-08-22/star-pelaw/racecard/513405
2026-08-22,Star Pelaw,20:09,4,Razldazl Barkley,513405,Sporting Life,https://www.sportinglife.com/greyhounds/racecards/2026-08-22/star-pelaw/racecard/513405
2026-08-22,Star Pelaw,20:09,6,Trapstyle Tee,513405,Sporting Life,https://www.sportinglife.com/greyhounds/racecards/2026-08-22/star-pelaw/racecard/513405
2026-08-22,Star Pelaw,20:26,1,Popper Jon,513406,Sporting Life,https://www.sportinglife.com/greyhounds/racecards/2026-08-22/star-pelaw/racecard/513406
2026-08-22,Star Pelaw,20:26,2,Trapstyle Bluey,513406,Sporting Life,https://www.sportinglife.com/greyhounds/racecards/2026-08-22/star-pelaw/racecard/513406
2026-08-22,Star Pelaw,20:26,3,Affane Fox,513406,Sporting Life,https://www.sportinglife.com/greyhounds/racecards/2026-08-22/star-pelaw/racecard/513406
2026-08-22,Star Pelaw,20:26,4,Drish Solar,513406,Sporting Life,https://www.sportinglife.com/greyhounds/racecards/2026-08-22/star-pelaw/racecard/513406
2026-08-22,Star Pelaw,20:26,5,Punk Rock Rose,513406,Sporting Life,https://www.sportinglife.com/greyhounds/racecards/2026-08-22/star-pelaw/racecard/513406
2026-08-22,Star Pelaw,20:26,6,Imonlytwink,513406,Sporting Life,https://www.sportinglife.com/greyhounds/racecards/2026-08-22/star-pelaw/racecard/513406
2026-08-22,Star Pelaw,20:43,1,Whitty Remark,513407,Sporting Life,https://www.sportinglife.com/greyhounds/racecards/2026-08-22/star-pelaw/racecard/513407
2026-08-22,Star Pelaw,20:43,2,Stefans Shine,513407,Sporting Life,https://www.sportinglife.com/greyhounds/racecards/2026-08-22/star-pelaw/racecard/513407
2026-08-22,Star Pelaw,20:43,4,Trapstyle Spud,513407,Sporting Life,https://www.sportinglife.com/greyhounds/racecards/2026-08-22/star-pelaw/racecard/513407
2026-08-22,Star Pelaw,20:43,5,Mossend Colton,513407,Sporting Life,https://www.sportinglife.com/greyhounds/racecards/2026-08-22/star-pelaw/racecard/513407
2026-08-22,Star Pelaw,20:43,6,Fruity Minty,513407,Sporting Life,https://www.sportinglife.com/greyhounds/racecards/2026-08-22/star-pelaw/racecard/513407
2026-08-22,Star Pelaw,21:01,1,Popper Joe,513408,Sporting Life,https://www.sportinglife.com/greyhounds/racecards/2026-08-22/star-pelaw/racecard/513408
2026-08-22,Star Pelaw,21:01,2,Illnotbedown,513408,Sporting Life,https://www.sportinglife.com/greyhounds/racecards/2026-08-22/star-pelaw/racecard/513408
2026-08-22,Star Pelaw,21:01,3,Vixons Cocktail,513408,Sporting Life,https://www.sportinglife.com/greyhounds/racecards/2026-08-22/star-pelaw/racecard/513408
2026-08-22,Star Pelaw,21:01,4,Clonlost Dexter,513408,Sporting Life,https://www.sportinglife.com/greyhounds/racecards/2026-08-22/star-pelaw/racecard/513408
2026-08-22,Star Pelaw,21:01,6,Marymount Joy,513408,Sporting Life,https://www.sportinglife.com/greyhounds/racecards/2026-08-22/star-pelaw/racecard/513408
2026-08-22,Star Pelaw,21:18,1,Dunquin Rory,513409,Sporting Life,https://www.sportinglife.com/greyhounds/racecards/2026-08-22/star-pelaw/racecard/513409
2026-08-22,Star Pelaw,21:18,2,Tromora Meg,513409,Sporting Life,https://www.sportinglife.com/greyhounds/racecards/2026-08-22/star-pelaw/racecard/513409
2026-08-22,Star Pelaw,21:18,3,Jacktavern Trump,513409,Sporting Life,https://www.sportinglife.com/greyhounds/racecards/2026-08-22/star-pelaw/racecard/513409
2026-08-22,Star Pelaw,21:18,4,Sunnyside Gurkha,513409,Sporting Life,https://www.sportinglife.com/greyhounds/racecards/2026-08-22/star-pelaw/racecard/513409
2026-08-22,Star Pelaw,21:18,6,Brinkleys Louis,513409,Sporting Life,https://www.sportinglife.com/greyhounds/racecards/2026-08-22/star-pelaw/racecard/513409
2026-08-22,Star Pelaw,21:31,1,Here Comes Bob,513410,Sporting Life,https://www.sportinglife.com/greyhounds/racecards/2026-08-22/star-pelaw/racecard/513410
2026-08-22,Star Pelaw,21:31,2,Ballymac Kind,513410,Sporting Life,https://www.sportinglife.com/greyhounds/racecards/2026-08-22/star-pelaw/racecard/513410
2026-08-22,Star Pelaw,21:31,3,Mossend Abbie,513410,Sporting Life,https://www.sportinglife.com/greyhounds/racecards/2026-08-22/star-pelaw/racecard/513410
2026-08-22,Star Pelaw,21:31,4,Pothole Bob,513410,Sporting Life,https://www.sportinglife.com/greyhounds/racecards/2026-08-22/star-pelaw/racecard/513410
2026-08-22,Star Pelaw,21:31,5,Glenhead Sam,513410,Sporting Life,https://www.sportinglife.com/greyhounds/racecards/2026-08-22/star-pelaw/racecard/513410
2026-08-22,Star Pelaw,21:31,6,Laylas Legend,513410,Sporting Life,https://www.sportinglife.com/greyhounds/racecards/2026-08-22/star-pelaw/racecard/513410
2026-08-22,Towcester,14:18,1,Dinton Fred,513384,Sporting Life,https://www.sportinglife.com/greyhounds/racecards/2026-08-22/towcester/racecard/513384
2026-08-22,Towcester,14:18,2,Makeit Poppy,513384,Sporting Life,https://www.sportinglife.com/greyhounds/racecards/2026-08-22/towcester/racecard/513384
2026-08-22,Towcester,14:18,3,Ballymac Decky,513384,Sporting Life,https://www.sportinglife.com/greyhounds/racecards/2026-08-22/towcester/racecard/513384
2026-08-22,Towcester,14:18,4,Eagles Dream,513384,Sporting Life,https://www.sportinglife.com/greyhounds/racecards/2026-08-22/towcester/racecard/513384
2026-08-22,Towcester,14:18,5,Eagles Kraken,513384,Sporting Life,https://www.sportinglife.com/greyhounds/racecards/2026-08-22/towcester/racecard/513384
2026-08-22,Towcester,14:18,6,Essjay Sonia,513384,Sporting Life,https://www.sportinglife.com/greyhounds/racecards/2026-08-22/towcester/racecard/513384
2026-08-22,Towcester,14:38,1,Ballymac Cedrick,513385,Sporting Life,https://www.sportinglife.com/greyhounds/racecards/2026-08-22/towcester/racecard/513385
2026-08-22,Towcester,14:38,2,Coppice Aries,513385,Sporting Life,https://www.sportinglife.com/greyhounds/racecards/2026-08-22/towcester/racecard/513385
2026-08-22,Towcester,14:38,3,Brentfordpenguin,513385,Sporting Life,https://www.sportinglife.com/greyhounds/racecards/2026-08-22/towcester/racecard/513385
2026-08-22,Towcester,14:38,4,Eze,513385,Sporting Life,https://www.sportinglife.com/greyhounds/racecards/2026-08-22/towcester/racecard/513385
2026-08-22,Towcester,14:38,6,Cragbrien Fire,513385,Sporting Life,https://www.sportinglife.com/greyhounds/racecards/2026-08-22/towcester/racecard/513385
2026-08-22,Towcester,14:58,1,Trapstyle Faith,513386,Sporting Life,https://www.sportinglife.com/greyhounds/racecards/2026-08-22/towcester/racecard/513386
2026-08-22,Towcester,14:58,2,Choices Bronte,513386,Sporting Life,https://www.sportinglife.com/greyhounds/racecards/2026-08-22/towcester/racecard/513386
2026-08-22,Towcester,14:58,3,Monaghan Prince,513386,Sporting Life,https://www.sportinglife.com/greyhounds/racecards/2026-08-22/towcester/racecard/513386
2026-08-22,Towcester,14:58,4,Makeit Thea,513386,Sporting Life,https://www.sportinglife.com/greyhounds/racecards/2026-08-22/towcester/racecard/513386
2026-08-22,Towcester,14:58,5,Onthemissinglist,513386,Sporting Life,https://www.sportinglife.com/greyhounds/racecards/2026-08-22/towcester/racecard/513386
2026-08-22,Towcester,14:58,6,Chadwell Pest,513386,Sporting Life,https://www.sportinglife.com/greyhounds/racecards/2026-08-22/towcester/racecard/513386
2026-08-22,Towcester,15:18,2,Eagles Mako,513387,Sporting Life,https://www.sportinglife.com/greyhounds/racecards/2026-08-22/towcester/racecard/513387
2026-08-22,Towcester,15:18,3,Ballymac Dashel,513387,Sporting Life,https://www.sportinglife.com/greyhounds/racecards/2026-08-22/towcester/racecard/513387
2026-08-22,Towcester,15:18,4,Freeway Faye,513387,Sporting Life,https://www.sportinglife.com/greyhounds/racecards/2026-08-22/towcester/racecard/513387
2026-08-22,Towcester,15:18,6,Flitwick Del Boy,513387,Sporting Life,https://www.sportinglife.com/greyhounds/racecards/2026-08-22/towcester/racecard/513387
2026-08-22,Towcester,15:38,1,Unknown Jive,513388,Sporting Life,https://www.sportinglife.com/greyhounds/racecards/2026-08-22/towcester/racecard/513388
2026-08-22,Towcester,15:38,2,Freyas Tiger,513388,Sporting Life,https://www.sportinglife.com/greyhounds/racecards/2026-08-22/towcester/racecard/513388
2026-08-22,Towcester,15:38,3,Ballyclearyflash,513388,Sporting Life,https://www.sportinglife.com/greyhounds/racecards/2026-08-22/towcester/racecard/513388
2026-08-22,Towcester,15:38,5,Blue Sensation,513388,Sporting Life,https://www.sportinglife.com/greyhounds/racecards/2026-08-22/towcester/racecard/513388
2026-08-22,Towcester,15:38,6,Quest Master,513388,Sporting Life,https://www.sportinglife.com/greyhounds/racecards/2026-08-22/towcester/racecard/513388
2026-08-22,Towcester,15:58,1,Romeo Regent,513389,Sporting Life,https://www.sportinglife.com/greyhounds/racecards/2026-08-22/towcester/racecard/513389
2026-08-22,Towcester,15:58,2,Romantic Bingo,513389,Sporting Life,https://www.sportinglife.com/greyhounds/racecards/2026-08-22/towcester/racecard/513389
2026-08-22,Towcester,15:58,3,Makeit Dolly,513389,Sporting Life,https://www.sportinglife.com/greyhounds/racecards/2026-08-22/towcester/racecard/513389
2026-08-22,Towcester,15:58,4,Freeway Zac,513389,Sporting Life,https://www.sportinglife.com/greyhounds/racecards/2026-08-22/towcester/racecard/513389
2026-08-22,Towcester,15:58,5,Drews Fantasy,513389,Sporting Life,https://www.sportinglife.com/greyhounds/racecards/2026-08-22/towcester/racecard/513389
2026-08-22,Towcester,15:58,6,Foulkscourtstorm,513389,Sporting Life,https://www.sportinglife.com/greyhounds/racecards/2026-08-22/towcester/racecard/513389
2026-08-22,Towcester,16:18,1,Policia,513390,Sporting Life,https://www.sportinglife.com/greyhounds/racecards/2026-08-22/towcester/racecard/513390
2026-08-22,Towcester,16:18,2,Savana Kommeno,513390,Sporting Life,https://www.sportinglife.com/greyhounds/racecards/2026-08-22/towcester/racecard/513390
2026-08-22,Towcester,16:18,3,Miss Brillo,513390,Sporting Life,https://www.sportinglife.com/greyhounds/racecards/2026-08-22/towcester/racecard/513390
2026-08-22,Towcester,16:18,4,Makeit Rufus,513390,Sporting Life,https://www.sportinglife.com/greyhounds/racecards/2026-08-22/towcester/racecard/513390
2026-08-22,Towcester,16:18,5,Ballycleary Bono,513390,Sporting Life,https://www.sportinglife.com/greyhounds/racecards/2026-08-22/towcester/racecard/513390
2026-08-22,Towcester,16:18,6,Hitthelids Kaley,513390,Sporting Life,https://www.sportinglife.com/greyhounds/racecards/2026-08-22/towcester/racecard/513390
2026-08-22,Towcester,16:38,1,Maglass Rambler,513391,Sporting Life,https://www.sportinglife.com/greyhounds/racecards/2026-08-22/towcester/racecard/513391
2026-08-22,Towcester,16:38,2,Common Moon,513391,Sporting Life,https://www.sportinglife.com/greyhounds/racecards/2026-08-22/towcester/racecard/513391
2026-08-22,Towcester,16:38,3,Youarethereason,513391,Sporting Life,https://www.sportinglife.com/greyhounds/racecards/2026-08-22/towcester/racecard/513391
2026-08-22,Towcester,16:38,4,Flitwick Girl,513391,Sporting Life,https://www.sportinglife.com/greyhounds/racecards/2026-08-22/towcester/racecard/513391
2026-08-22,Towcester,16:38,5,Lion King,513391,Sporting Life,https://www.sportinglife.com/greyhounds/racecards/2026-08-22/towcester/racecard/513391
2026-08-22,Towcester,16:38,6,Twolegsofour,513391,Sporting Life,https://www.sportinglife.com/greyhounds/racecards/2026-08-22/towcester/racecard/513391
2026-08-22,Towcester,16:58,1,Miss Monaco,513392,Sporting Life,https://www.sportinglife.com/greyhounds/racecards/2026-08-22/towcester/racecard/513392
2026-08-22,Towcester,16:58,2,Grangewood Hope,513392,Sporting Life,https://www.sportinglife.com/greyhounds/racecards/2026-08-22/towcester/racecard/513392
2026-08-22,Towcester,16:58,3,Homebound Blanko,513392,Sporting Life,https://www.sportinglife.com/greyhounds/racecards/2026-08-22/towcester/racecard/513392
2026-08-22,Towcester,16:58,4,Zebedee Dublin,513392,Sporting Life,https://www.sportinglife.com/greyhounds/racecards/2026-08-22/towcester/racecard/513392
2026-08-22,Towcester,16:58,5,Choices Jean,513392,Sporting Life,https://www.sportinglife.com/greyhounds/racecards/2026-08-22/towcester/racecard/513392
2026-08-22,Towcester,16:58,6,St Edmunds Steve,513392,Sporting Life,https://www.sportinglife.com/greyhounds/racecards/2026-08-22/towcester/racecard/513392
2026-08-22,Towcester,17:18,1,Miss Jungle,513393,Sporting Life,https://www.sportinglife.com/greyhounds/racecards/2026-08-22/towcester/racecard/513393
2026-08-22,Towcester,17:18,2,Jungles Ace,513393,Sporting Life,https://www.sportinglife.com/greyhounds/racecards/2026-08-22/towcester/racecard/513393
2026-08-22,Towcester,17:18,3,Ruby Blue,513393,Sporting Life,https://www.sportinglife.com/greyhounds/racecards/2026-08-22/towcester/racecard/513393
2026-08-22,Towcester,17:18,4,Helen Of Sparta,513393,Sporting Life,https://www.sportinglife.com/greyhounds/racecards/2026-08-22/towcester/racecard/513393
2026-08-22,Towcester,17:18,5,Swift Wally,513393,Sporting Life,https://www.sportinglife.com/greyhounds/racecards/2026-08-22/towcester/racecard/513393
2026-08-22,Towcester,17:18,6,Trapstyle Sneezy,513393,Sporting Life,https://www.sportinglife.com/greyhounds/racecards/2026-08-22/towcester/racecard/513393
2026-08-22,Towcester,17:36,1,Swift Undergo,513394,Sporting Life,https://www.sportinglife.com/greyhounds/racecards/2026-08-22/towcester/racecard/513394
2026-08-22,Towcester,17:36,2,Hitthelids Mateo,513394,Sporting Life,https://www.sportinglife.com/greyhounds/racecards/2026-08-22/towcester/racecard/513394
2026-08-22,Towcester,17:36,3,Zebedee Aye,513394,Sporting Life,https://www.sportinglife.com/greyhounds/racecards/2026-08-22/towcester/racecard/513394
2026-08-22,Towcester,17:36,4,Bambis Miss,513394,Sporting Life,https://www.sportinglife.com/greyhounds/racecards/2026-08-22/towcester/racecard/513394
2026-08-22,Towcester,17:36,6,Cragbrien Hero,513394,Sporting Life,https://www.sportinglife.com/greyhounds/racecards/2026-08-22/towcester/racecard/513394
2026-08-22,Towcester,17:55,2,Flickering Belle,513395,Sporting Life,https://www.sportinglife.com/greyhounds/racecards/2026-08-22/towcester/racecard/513395
2026-08-22,Towcester,17:55,3,Eagles Rest,513395,Sporting Life,https://www.sportinglife.com/greyhounds/racecards/2026-08-22/towcester/racecard/513395
2026-08-22,Towcester,17:55,4,Flitwick Trigger,513395,Sporting Life,https://www.sportinglife.com/greyhounds/racecards/2026-08-22/towcester/racecard/513395
2026-08-22,Towcester,17:55,5,Harlequin Toast,513395,Sporting Life,https://www.sportinglife.com/greyhounds/racecards/2026-08-22/towcester/racecard/513395
2026-08-22,Towcester,17:55,6,Hitthelids Paulo,513395,Sporting Life,https://www.sportinglife.com/greyhounds/racecards/2026-08-22/towcester/racecard/513395
2026-08-22,Yarmouth,19:08,1,Fab Roy,513307,Sporting Life,https://www.sportinglife.com/greyhounds/racecards/2026-08-22/yarmouth/racecard/513307
2026-08-22,Yarmouth,19:08,2,Savana Bo Peep,513307,Sporting Life,https://www.sportinglife.com/greyhounds/racecards/2026-08-22/yarmouth/racecard/513307
2026-08-22,Yarmouth,19:08,3,Miss Titanic,513307,Sporting Life,https://www.sportinglife.com/greyhounds/racecards/2026-08-22/yarmouth/racecard/513307
2026-08-22,Yarmouth,19:08,4,Savana Pink,513307,Sporting Life,https://www.sportinglife.com/greyhounds/racecards/2026-08-22/yarmouth/racecard/513307
2026-08-22,Yarmouth,19:08,6,Location,513307,Sporting Life,https://www.sportinglife.com/greyhounds/racecards/2026-08-22/yarmouth/racecard/513307
2026-08-22,Yarmouth,19:25,1,Hello Lainey,513308,Sporting Life,https://www.sportinglife.com/greyhounds/racecards/2026-08-22/yarmouth/racecard/513308
2026-08-22,Yarmouth,19:25,2,Montana Tiger,513308,Sporting Life,https://www.sportinglife.com/greyhounds/racecards/2026-08-22/yarmouth/racecard/513308
2026-08-22,Yarmouth,19:25,3,Outdoor Cracker,513308,Sporting Life,https://www.sportinglife.com/greyhounds/racecards/2026-08-22/yarmouth/racecard/513308
2026-08-22,Yarmouth,19:25,4,Goldcash Force,513308,Sporting Life,https://www.sportinglife.com/greyhounds/racecards/2026-08-22/yarmouth/racecard/513308
2026-08-22,Yarmouth,19:25,5,Whitewood Gigi,513308,Sporting Life,https://www.sportinglife.com/greyhounds/racecards/2026-08-22/yarmouth/racecard/513308
2026-08-22,Yarmouth,19:41,2,Hecrossedthesea,513309,Sporting Life,https://www.sportinglife.com/greyhounds/racecards/2026-08-22/yarmouth/racecard/513309
2026-08-22,Yarmouth,19:41,3,Fen Nannas Pride,513309,Sporting Life,https://www.sportinglife.com/greyhounds/racecards/2026-08-22/yarmouth/racecard/513309
2026-08-22,Yarmouth,19:41,4,Good Hero,513309,Sporting Life,https://www.sportinglife.com/greyhounds/racecards/2026-08-22/yarmouth/racecard/513309
2026-08-22,Yarmouth,19:41,5,Radical Bear,513309,Sporting Life,https://www.sportinglife.com/greyhounds/racecards/2026-08-22/yarmouth/racecard/513309
2026-08-22,Yarmouth,19:41,6,Foxrock Sarrita,513309,Sporting Life,https://www.sportinglife.com/greyhounds/racecards/2026-08-22/yarmouth/racecard/513309
2026-08-22,Yarmouth,19:59,1,Always Wrighty,513310,Sporting Life,https://www.sportinglife.com/greyhounds/racecards/2026-08-22/yarmouth/racecard/513310
2026-08-22,Yarmouth,19:59,2,Droopys Mamie,513310,Sporting Life,https://www.sportinglife.com/greyhounds/racecards/2026-08-22/yarmouth/racecard/513310
2026-08-22,Yarmouth,19:59,3,Venom Storm,513310,Sporting Life,https://www.sportinglife.com/greyhounds/racecards/2026-08-22/yarmouth/racecard/513310
2026-08-22,Yarmouth,19:59,4,Hawkfield Garry,513310,Sporting Life,https://www.sportinglife.com/greyhounds/racecards/2026-08-22/yarmouth/racecard/513310
2026-08-22,Yarmouth,19:59,6,Kilara Rodrigo,513310,Sporting Life,https://www.sportinglife.com/greyhounds/racecards/2026-08-22/yarmouth/racecard/513310
2026-08-22,Yarmouth,20:17,1,Harlequin Gambit,513311,Sporting Life,https://www.sportinglife.com/greyhounds/racecards/2026-08-22/yarmouth/racecard/513311
2026-08-22,Yarmouth,20:17,2,Blackrose Tina,513311,Sporting Life,https://www.sportinglife.com/greyhounds/racecards/2026-08-22/yarmouth/racecard/513311
2026-08-22,Yarmouth,20:17,3,Table Talk,513311,Sporting Life,https://www.sportinglife.com/greyhounds/racecards/2026-08-22/yarmouth/racecard/513311
2026-08-22,Yarmouth,20:17,4,Jenesaisquoi,513311,Sporting Life,https://www.sportinglife.com/greyhounds/racecards/2026-08-22/yarmouth/racecard/513311
2026-08-22,Yarmouth,20:17,5,Crypto Only Mate,513311,Sporting Life,https://www.sportinglife.com/greyhounds/racecards/2026-08-22/yarmouth/racecard/513311
2026-08-22,Yarmouth,20:17,6,Swift Depot,513311,Sporting Life,https://www.sportinglife.com/greyhounds/racecards/2026-08-22/yarmouth/racecard/513311
2026-08-22,Yarmouth,20:37,1,Hasselbomb,513312,Sporting Life,https://www.sportinglife.com/greyhounds/racecards/2026-08-22/yarmouth/racecard/513312
2026-08-22,Yarmouth,20:37,2,Crossfield Finn,513312,Sporting Life,https://www.sportinglife.com/greyhounds/racecards/2026-08-22/yarmouth/racecard/513312
2026-08-22,Yarmouth,20:37,3,Rodriguez,513312,Sporting Life,https://www.sportinglife.com/greyhounds/racecards/2026-08-22/yarmouth/racecard/513312
2026-08-22,Yarmouth,20:37,4,Move Over Toby,513312,Sporting Life,https://www.sportinglife.com/greyhounds/racecards/2026-08-22/yarmouth/racecard/513312
2026-08-22,Yarmouth,20:37,5,Farneys Tearaway,513312,Sporting Life,https://www.sportinglife.com/greyhounds/racecards/2026-08-22/yarmouth/racecard/513312
2026-08-22,Yarmouth,20:37,6,Aayamza Legend,513312,Sporting Life,https://www.sportinglife.com/greyhounds/racecards/2026-08-22/yarmouth/racecard/513312
2026-08-22,Yarmouth,20:56,2,Rapido Wilson,513313,Sporting Life,https://www.sportinglife.com/greyhounds/racecards/2026-08-22/yarmouth/racecard/513313
2026-08-22,Yarmouth,20:56,3,Magical Wolf,513313,Sporting Life,https://www.sportinglife.com/greyhounds/racecards/2026-08-22/yarmouth/racecard/513313
2026-08-22,Yarmouth,20:56,4,Good Twlight,513313,Sporting Life,https://www.sportinglife.com/greyhounds/racecards/2026-08-22/yarmouth/racecard/513313
2026-08-22,Yarmouth,20:56,5,Value Added,513313,Sporting Life,https://www.sportinglife.com/greyhounds/racecards/2026-08-22/yarmouth/racecard/513313
2026-08-22,Yarmouth,20:56,6,Lady Wright,513313,Sporting Life,https://www.sportinglife.com/greyhounds/racecards/2026-08-22/yarmouth/racecard/513313
2026-08-22,Yarmouth,21:14,1,Trumpers Bobcat,513314,Sporting Life,https://www.sportinglife.com/greyhounds/racecards/2026-08-22/yarmouth/racecard/513314
2026-08-22,Yarmouth,21:14,2,Romeo Ability,513314,Sporting Life,https://www.sportinglife.com/greyhounds/racecards/2026-08-22/yarmouth/racecard/513314
2026-08-22,Yarmouth,21:14,3,Bockos Waka Waka,513314,Sporting Life,https://www.sportinglife.com/greyhounds/racecards/2026-08-22/yarmouth/racecard/513314
2026-08-22,Yarmouth,21:14,4,Strathrannoch,513314,Sporting Life,https://www.sportinglife.com/greyhounds/racecards/2026-08-22/yarmouth/racecard/513314
2026-08-22,Yarmouth,21:14,5,Heres Ringo,513314,Sporting Life,https://www.sportinglife.com/greyhounds/racecards/2026-08-22/yarmouth/racecard/513314
2026-08-22,Yarmouth,21:14,6,Royal Hotshot,513314,Sporting Life,https://www.sportinglife.com/greyhounds/racecards/2026-08-22/yarmouth/racecard/513314
2026-08-22,Yarmouth,21:32,1,After Work,513315,Sporting Life,https://www.sportinglife.com/greyhounds/racecards/2026-08-22/yarmouth/racecard/513315
2026-08-22,Yarmouth,21:32,2,Yourenotforgiven,513315,Sporting Life,https://www.sportinglife.com/greyhounds/racecards/2026-08-22/yarmouth/racecard/513315
2026-08-22,Yarmouth,21:32,3,Olwinn Again,513315,Sporting Life,https://www.sportinglife.com/greyhounds/racecards/2026-08-22/yarmouth/racecard/513315
2026-08-22,Yarmouth,21:32,4,Savana Magique,513315,Sporting Life,https://www.sportinglife.com/greyhounds/racecards/2026-08-22/yarmouth/racecard/513315
2026-08-22,Yarmouth,21:32,5,Blackrose Cindy,513315,Sporting Life,https://www.sportinglife.com/greyhounds/racecards/2026-08-22/yarmouth/racecard/513315
2026-08-22,Yarmouth,21:32,6,Savana Tango,513315,Sporting Life,https://www.sportinglife.com/greyhounds/racecards/2026-08-22/yarmouth/racecard/513315
2026-08-22,Yarmouth,21:48,2,Clononeen Ana,513316,Sporting Life,https://www.sportinglife.com/greyhounds/racecards/2026-08-22/yarmouth/racecard/513316
2026-08-22,Yarmouth,21:48,3,Ramblin Wild,513316,Sporting Life,https://www.sportinglife.com/greyhounds/racecards/2026-08-22/yarmouth/racecard/513316
2026-08-22,Yarmouth,21:48,4,Cryptography,513316,Sporting Life,https://www.sportinglife.com/greyhounds/racecards/2026-08-22/yarmouth/racecard/513316
2026-08-22,Yarmouth,21:48,5,Ballycowen Harry,513316,Sporting Life,https://www.sportinglife.com/greyhounds/racecards/2026-08-22/yarmouth/racecard/513316
2026-08-22,Yarmouth,21:48,6,Frankton Ten,513316,Sporting Life,https://www.sportinglife.com/greyhounds/racecards/2026-08-22/yarmouth/racecard/513316
2026-08-22,Yarmouth,22:04,2,Trumpers Tucci,513317,Sporting Life,https://www.sportinglife.com/greyhounds/racecards/2026-08-22/yarmouth/racecard/513317
2026-08-22,Yarmouth,22:04,3,My Name Siddy,513317,Sporting Life,https://www.sportinglife.com/greyhounds/racecards/2026-08-22/yarmouth/racecard/513317
2026-08-22,Yarmouth,22:04,4,Adamant Erin,513317,Sporting Life,https://www.sportinglife.com/greyhounds/racecards/2026-08-22/yarmouth/racecard/513317
2026-08-22,Yarmouth,22:04,5,Glengar Shadow,513317,Sporting Life,https://www.sportinglife.com/greyhounds/racecards/2026-08-22/yarmouth/racecard/513317
2026-08-22,Yarmouth,22:04,6,Wee Mac Jimbo,513317,Sporting Life,https://www.sportinglife.com/greyhounds/racecards/2026-08-22/yarmouth/racecard/513317
2026-08-22,Yarmouth,22:22,1,Swift You,513318,Sporting Life,https://www.sportinglife.com/greyhounds/racecards/2026-08-22/yarmouth/racecard/513318
2026-08-22,Yarmouth,22:22,2,Chelms Charmer,513318,Sporting Life,https://www.sportinglife.com/greyhounds/racecards/2026-08-22/yarmouth/racecard/513318
2026-08-22,Yarmouth,22:22,3,Laugh Alot,513318,Sporting Life,https://www.sportinglife.com/greyhounds/racecards/2026-08-22/yarmouth/racecard/513318
2026-08-22,Yarmouth,22:22,4,Whyaye Lass,513318,Sporting Life,https://www.sportinglife.com/greyhounds/racecards/2026-08-22/yarmouth/racecard/513318
2026-08-22,Yarmouth,22:22,5,Kilara Reaper,513318,Sporting Life,https://www.sportinglife.com/greyhounds/racecards/2026-08-22/yarmouth/racecard/513318
