date,track,race_time,runner_number,dog_name,race_id,source,race_url
2026-09-05,Central Park,17:30,1,Insane Bear,515146,Sporting Life,https://www.sportinglife.com/greyhounds/racecards/2026-09-05/central-park/racecard/515146
2026-09-05,Central Park,17:30,2,Traceys Mol,515146,Sporting Life,https://www.sportinglife.com/greyhounds/racecards/2026-09-05/central-park/racecard/515146
2026-09-05,Central Park,17:30,3,Barnfield Tiara,515146,Sporting Life,https://www.sportinglife.com/greyhounds/racecards/2026-09-05/central-park/racecard/515146
2026-09-05,Central Park,17:30,4,Moaning Saka,515146,Sporting Life,https://www.sportinglife.com/greyhounds/racecards/2026-09-05/central-park/racecard/515146
2026-09-05,Central Park,17:30,6,Insane Ness,515146,Sporting Life,https://www.sportinglife.com/greyhounds/racecards/2026-09-05/central-park/racecard/515146
2026-09-05,Central Park,17:50,1,Swift Factor,515147,Sporting Life,https://www.sportinglife.com/greyhounds/racecards/2026-09-05/central-park/racecard/515147
2026-09-05,Central Park,17:50,2,Millbank Rocco,515147,Sporting Life,https://www.sportinglife.com/greyhounds/racecards/2026-09-05/central-park/racecard/515147
2026-09-05,Central Park,17:50,3,Devonshire Lady,515147,Sporting Life,https://www.sportinglife.com/greyhounds/racecards/2026-09-05/central-park/racecard/515147
2026-09-05,Central Park,17:50,5,Glenhead Tom,515147,Sporting Life,https://www.sportinglife.com/greyhounds/racecards/2026-09-05/central-park/racecard/515147
2026-09-05,Central Park,17:50,6,Sonnys Lou Lou,515147,Sporting Life,https://www.sportinglife.com/greyhounds/racecards/2026-09-05/central-park/racecard/515147
2026-09-05,Central Park,18:10,1,Insane View,515148,Sporting Life,https://www.sportinglife.com/greyhounds/racecards/2026-09-05/central-park/racecard/515148
2026-09-05,Central Park,18:10,2,Beckley Jojo,515148,Sporting Life,https://www.sportinglife.com/greyhounds/racecards/2026-09-05/central-park/racecard/515148
2026-09-05,Central Park,18:10,3,Scary Moll Dolls,515148,Sporting Life,https://www.sportinglife.com/greyhounds/racecards/2026-09-05/central-park/racecard/515148
2026-09-05,Central Park,18:10,4,Pretty Epic,515148,Sporting Life,https://www.sportinglife.com/greyhounds/racecards/2026-09-05/central-park/racecard/515148
2026-09-05,Central Park,18:10,5,Lively Gezza,515148,Sporting Life,https://www.sportinglife.com/greyhounds/racecards/2026-09-05/central-park/racecard/515148
2026-09-05,Central Park,18:10,6,Savana Mai,515148,Sporting Life,https://www.sportinglife.com/greyhounds/racecards/2026-09-05/central-park/racecard/515148
2026-09-05,Central Park,18:30,1,Saleen Belle,515149,Sporting Life,https://www.sportinglife.com/greyhounds/racecards/2026-09-05/central-park/racecard/515149
2026-09-05,Central Park,18:30,2,Havana Pepsi,515149,Sporting Life,https://www.sportinglife.com/greyhounds/racecards/2026-09-05/central-park/racecard/515149
2026-09-05,Central Park,18:30,3,Earls Jacqueline,515149,Sporting Life,https://www.sportinglife.com/greyhounds/racecards/2026-09-05/central-park/racecard/515149
2026-09-05,Central Park,18:30,4,King Ringo,515149,Sporting Life,https://www.sportinglife.com/greyhounds/racecards/2026-09-05/central-park/racecard/515149
2026-09-05,Central Park,18:30,5,Miss Puddy,515149,Sporting Life,https://www.sportinglife.com/greyhounds/racecards/2026-09-05/central-park/racecard/515149
2026-09-05,Central Park,18:30,6,Barnora Kate,515149,Sporting Life,https://www.sportinglife.com/greyhounds/racecards/2026-09-05/central-park/racecard/515149
2026-09-05,Central Park,18:50,1,Honey Cash,515150,Sporting Life,https://www.sportinglife.com/greyhounds/racecards/2026-09-05/central-park/racecard/515150
2026-09-05,Central Park,18:50,2,Chic Le Freak,515150,Sporting Life,https://www.sportinglife.com/greyhounds/racecards/2026-09-05/central-park/racecard/515150
2026-09-05,Central Park,18:50,3,Woodys Womble,515150,Sporting Life,https://www.sportinglife.com/greyhounds/racecards/2026-09-05/central-park/racecard/515150
2026-09-05,Central Park,18:50,4,Wastehouse Kris,515150,Sporting Life,https://www.sportinglife.com/greyhounds/racecards/2026-09-05/central-park/racecard/515150
2026-09-05,Central Park,18:50,5,Ask Julie,515150,Sporting Life,https://www.sportinglife.com/greyhounds/racecards/2026-09-05/central-park/racecard/515150
2026-09-05,Central Park,18:50,6,Catunda Miley,515150,Sporting Life,https://www.sportinglife.com/greyhounds/racecards/2026-09-05/central-park/racecard/515150
2026-09-05,Central Park,19:10,1,Francos Matt,515151,Sporting Life,https://www.sportinglife.com/greyhounds/racecards/2026-09-05/central-park/racecard/515151
2026-09-05,Central Park,19:10,2,Westwood Gracie,515151,Sporting Life,https://www.sportinglife.com/greyhounds/racecards/2026-09-05/central-park/racecard/515151
2026-09-05,Central Park,19:10,3,Speedy Delilah,515151,Sporting Life,https://www.sportinglife.com/greyhounds/racecards/2026-09-05/central-park/racecard/515151
2026-09-05,Central Park,19:10,4,Speedy Uso,515151,Sporting Life,https://www.sportinglife.com/greyhounds/racecards/2026-09-05/central-park/racecard/515151
2026-09-05,Central Park,19:10,5,Nineteen Bold,515151,Sporting Life,https://www.sportinglife.com/greyhounds/racecards/2026-09-05/central-park/racecard/515151
2026-09-05,Central Park,19:10,6,Rocket Rose,515151,Sporting Life,https://www.sportinglife.com/greyhounds/racecards/2026-09-05/central-park/racecard/515151
2026-09-05,Central Park,19:30,1,Catch My Girl,515152,Sporting Life,https://www.sportinglife.com/greyhounds/racecards/2026-09-05/central-park/racecard/515152
2026-09-05,Central Park,19:30,2,Snowdon Mel,515152,Sporting Life,https://www.sportinglife.com/greyhounds/racecards/2026-09-05/central-park/racecard/515152
2026-09-05,Central Park,19:30,3,Samba Blaze,515152,Sporting Life,https://www.sportinglife.com/greyhounds/racecards/2026-09-05/central-park/racecard/515152
2026-09-05,Central Park,19:30,4,Bower Kerry,515152,Sporting Life,https://www.sportinglife.com/greyhounds/racecards/2026-09-05/central-park/racecard/515152
2026-09-05,Central Park,19:30,5,No Nenono Yes,515152,Sporting Life,https://www.sportinglife.com/greyhounds/racecards/2026-09-05/central-park/racecard/515152
2026-09-05,Central Park,19:30,6,Bluejig Jane,515152,Sporting Life,https://www.sportinglife.com/greyhounds/racecards/2026-09-05/central-park/racecard/515152
2026-09-05,Central Park,19:50,1,Woodys Banga,515153,Sporting Life,https://www.sportinglife.com/greyhounds/racecards/2026-09-05/central-park/racecard/515153
2026-09-05,Central Park,19:50,2,Poppadom Tom,515153,Sporting Life,https://www.sportinglife.com/greyhounds/racecards/2026-09-05/central-park/racecard/515153
2026-09-05,Central Park,19:50,3,Swift Ellis,515153,Sporting Life,https://www.sportinglife.com/greyhounds/racecards/2026-09-05/central-park/racecard/515153
2026-09-05,Central Park,19:50,4,Front Amara,515153,Sporting Life,https://www.sportinglife.com/greyhounds/racecards/2026-09-05/central-park/racecard/515153
2026-09-05,Central Park,19:50,5,Ever So Thunder,515153,Sporting Life,https://www.sportinglife.com/greyhounds/racecards/2026-09-05/central-park/racecard/515153
2026-09-05,Central Park,19:50,6,Windsor Beauty,515153,Sporting Life,https://www.sportinglife.com/greyhounds/racecards/2026-09-05/central-park/racecard/515153
2026-09-05,Central Park,20:10,1,Insane Shenen,515154,Sporting Life,https://www.sportinglife.com/greyhounds/racecards/2026-09-05/central-park/racecard/515154
2026-09-05,Central Park,20:10,2,Da Lynx Effect,515154,Sporting Life,https://www.sportinglife.com/greyhounds/racecards/2026-09-05/central-park/racecard/515154
2026-09-05,Central Park,20:10,3,Speedy Simone,515154,Sporting Life,https://www.sportinglife.com/greyhounds/racecards/2026-09-05/central-park/racecard/515154
2026-09-05,Central Park,20:10,4,Foxwood Dolly,515154,Sporting Life,https://www.sportinglife.com/greyhounds/racecards/2026-09-05/central-park/racecard/515154
2026-09-05,Central Park,20:10,5,Insane Mariela,515154,Sporting Life,https://www.sportinglife.com/greyhounds/racecards/2026-09-05/central-park/racecard/515154
2026-09-05,Central Park,20:10,6,Barnora Noel,515154,Sporting Life,https://www.sportinglife.com/greyhounds/racecards/2026-09-05/central-park/racecard/515154
2026-09-05,Central Park,20:30,1,Foxwood Christy,515155,Sporting Life,https://www.sportinglife.com/greyhounds/racecards/2026-09-05/central-park/racecard/515155
2026-09-05,Central Park,20:30,2,Bowes Hill Bocko,515155,Sporting Life,https://www.sportinglife.com/greyhounds/racecards/2026-09-05/central-park/racecard/515155
2026-09-05,Central Park,20:30,3,Insane Gee Two,515155,Sporting Life,https://www.sportinglife.com/greyhounds/racecards/2026-09-05/central-park/racecard/515155
2026-09-05,Central Park,20:30,4,Im Afraid Not,515155,Sporting Life,https://www.sportinglife.com/greyhounds/racecards/2026-09-05/central-park/racecard/515155
2026-09-05,Central Park,20:30,5,Scarty Mel,515155,Sporting Life,https://www.sportinglife.com/greyhounds/racecards/2026-09-05/central-park/racecard/515155
2026-09-05,Central Park,20:30,6,Swift What,515155,Sporting Life,https://www.sportinglife.com/greyhounds/racecards/2026-09-05/central-park/racecard/515155
2026-09-05,Central Park,20:50,1,Savana Yahoo,515156,Sporting Life,https://www.sportinglife.com/greyhounds/racecards/2026-09-05/central-park/racecard/515156
2026-09-05,Central Park,20:50,2,Crossbar,515156,Sporting Life,https://www.sportinglife.com/greyhounds/racecards/2026-09-05/central-park/racecard/515156
2026-09-05,Central Park,20:50,3,Slaneyside Swade,515156,Sporting Life,https://www.sportinglife.com/greyhounds/racecards/2026-09-05/central-park/racecard/515156
2026-09-05,Central Park,20:50,4,Emers Dex,515156,Sporting Life,https://www.sportinglife.com/greyhounds/racecards/2026-09-05/central-park/racecard/515156
2026-09-05,Central Park,20:50,5,Martindale Lad,515156,Sporting Life,https://www.sportinglife.com/greyhounds/racecards/2026-09-05/central-park/racecard/515156
2026-09-05,Central Park,20:50,6,Sunnyside Ted,515156,Sporting Life,https://www.sportinglife.com/greyhounds/racecards/2026-09-05/central-park/racecard/515156
2026-09-05,Central Park,21:10,1,One More Tune,515157,Sporting Life,https://www.sportinglife.com/greyhounds/racecards/2026-09-05/central-park/racecard/515157
2026-09-05,Central Park,21:10,2,Early Storm,515157,Sporting Life,https://www.sportinglife.com/greyhounds/racecards/2026-09-05/central-park/racecard/515157
2026-09-05,Central Park,21:10,3,Dereks Legend,515157,Sporting Life,https://www.sportinglife.com/greyhounds/racecards/2026-09-05/central-park/racecard/515157
2026-09-05,Central Park,21:10,4,Drombeg Doro,515157,Sporting Life,https://www.sportinglife.com/greyhounds/racecards/2026-09-05/central-park/racecard/515157
2026-09-05,Central Park,21:10,5,Droopys Samara,515157,Sporting Life,https://www.sportinglife.com/greyhounds/racecards/2026-09-05/central-park/racecard/515157
2026-09-05,Central Park,21:10,6,Front Polo,515157,Sporting Life,https://www.sportinglife.com/greyhounds/racecards/2026-09-05/central-park/racecard/515157
2026-09-05,Central Park,21:30,1,Brunch Pal,515158,Sporting Life,https://www.sportinglife.com/greyhounds/racecards/2026-09-05/central-park/racecard/515158
2026-09-05,Central Park,21:30,2,Scooby The Lady,515158,Sporting Life,https://www.sportinglife.com/greyhounds/racecards/2026-09-05/central-park/racecard/515158
2026-09-05,Central Park,21:30,3,Danas Star,515158,Sporting Life,https://www.sportinglife.com/greyhounds/racecards/2026-09-05/central-park/racecard/515158
2026-09-05,Central Park,21:30,4,Westwood Shay,515158,Sporting Life,https://www.sportinglife.com/greyhounds/racecards/2026-09-05/central-park/racecard/515158
2026-09-05,Central Park,21:30,5,Watcha Gotcookin,515158,Sporting Life,https://www.sportinglife.com/greyhounds/racecards/2026-09-05/central-park/racecard/515158
2026-09-05,Central Park,21:30,6,Bowes Hill News,515158,Sporting Life,https://www.sportinglife.com/greyhounds/racecards/2026-09-05/central-park/racecard/515158
2026-09-05,Doncaster,10:32,1,Duggies Dance,515016,Sporting Life,https://www.sportinglife.com/greyhounds/racecards/2026-09-05/doncaster/racecard/515016
2026-09-05,Doncaster,10:32,2,Harlequin Zippy,515016,Sporting Life,https://www.sportinglife.com/greyhounds/racecards/2026-09-05/doncaster/racecard/515016
2026-09-05,Doncaster,10:32,3,Links Gloria,515016,Sporting Life,https://www.sportinglife.com/greyhounds/racecards/2026-09-05/doncaster/racecard/515016
2026-09-05,Doncaster,10:32,4,Grouchos Rose,515016,Sporting Life,https://www.sportinglife.com/greyhounds/racecards/2026-09-05/doncaster/racecard/515016
2026-09-05,Doncaster,10:32,5,Cockneys Cracker,515016,Sporting Life,https://www.sportinglife.com/greyhounds/racecards/2026-09-05/doncaster/racecard/515016
2026-09-05,Doncaster,10:48,1,Keefill Storm,515017,Sporting Life,https://www.sportinglife.com/greyhounds/racecards/2026-09-05/doncaster/racecard/515017
2026-09-05,Doncaster,10:48,2,Gethoffame,515017,Sporting Life,https://www.sportinglife.com/greyhounds/racecards/2026-09-05/doncaster/racecard/515017
2026-09-05,Doncaster,10:48,3,Thirty Bear,515017,Sporting Life,https://www.sportinglife.com/greyhounds/racecards/2026-09-05/doncaster/racecard/515017
2026-09-05,Doncaster,10:48,4,Tommys Ruth,515017,Sporting Life,https://www.sportinglife.com/greyhounds/racecards/2026-09-05/doncaster/racecard/515017
2026-09-05,Doncaster,10:48,6,Posh Scart,515017,Sporting Life,https://www.sportinglife.com/greyhounds/racecards/2026-09-05/doncaster/racecard/515017
2026-09-05,Doncaster,11:04,1,Pulleen Princess,515018,Sporting Life,https://www.sportinglife.com/greyhounds/racecards/2026-09-05/doncaster/racecard/515018
2026-09-05,Doncaster,11:04,2,Annual Mason,515018,Sporting Life,https://www.sportinglife.com/greyhounds/racecards/2026-09-05/doncaster/racecard/515018
2026-09-05,Doncaster,11:04,3,Stoney Bono,515018,Sporting Life,https://www.sportinglife.com/greyhounds/racecards/2026-09-05/doncaster/racecard/515018
2026-09-05,Doncaster,11:04,4,Send For You,515018,Sporting Life,https://www.sportinglife.com/greyhounds/racecards/2026-09-05/doncaster/racecard/515018
2026-09-05,Doncaster,11:04,5,Redbrick Milner,515018,Sporting Life,https://www.sportinglife.com/greyhounds/racecards/2026-09-05/doncaster/racecard/515018
2026-09-05,Doncaster,11:21,1,Manx Saskia,515019,Sporting Life,https://www.sportinglife.com/greyhounds/racecards/2026-09-05/doncaster/racecard/515019
2026-09-05,Doncaster,11:21,2,Hut Fitter,515019,Sporting Life,https://www.sportinglife.com/greyhounds/racecards/2026-09-05/doncaster/racecard/515019
2026-09-05,Doncaster,11:21,3,Grouchos Badger,515019,Sporting Life,https://www.sportinglife.com/greyhounds/racecards/2026-09-05/doncaster/racecard/515019
2026-09-05,Doncaster,11:21,5,Chelms Elaine,515019,Sporting Life,https://www.sportinglife.com/greyhounds/racecards/2026-09-05/doncaster/racecard/515019
2026-09-05,Doncaster,11:21,6,Grouchos Smasher,515019,Sporting Life,https://www.sportinglife.com/greyhounds/racecards/2026-09-05/doncaster/racecard/515019
2026-09-05,Doncaster,11:38,1,Vinegarhill Kurn,515020,Sporting Life,https://www.sportinglife.com/greyhounds/racecards/2026-09-05/doncaster/racecard/515020
2026-09-05,Doncaster,11:38,2,Millabbey Kitty,515020,Sporting Life,https://www.sportinglife.com/greyhounds/racecards/2026-09-05/doncaster/racecard/515020
2026-09-05,Doncaster,11:38,3,Jazza Lila,515020,Sporting Life,https://www.sportinglife.com/greyhounds/racecards/2026-09-05/doncaster/racecard/515020
2026-09-05,Doncaster,11:38,4,Hasty Sheila,515020,Sporting Life,https://www.sportinglife.com/greyhounds/racecards/2026-09-05/doncaster/racecard/515020
2026-09-05,Doncaster,11:38,6,Gotacrushonyou,515020,Sporting Life,https://www.sportinglife.com/greyhounds/racecards/2026-09-05/doncaster/racecard/515020
2026-09-05,Doncaster,11:54,1,Glens Lucky Dip,515021,Sporting Life,https://www.sportinglife.com/greyhounds/racecards/2026-09-05/doncaster/racecard/515021
2026-09-05,Doncaster,11:54,2,Grouchos Ivy,515021,Sporting Life,https://www.sportinglife.com/greyhounds/racecards/2026-09-05/doncaster/racecard/515021
2026-09-05,Doncaster,11:54,3,Fond Favourite,515021,Sporting Life,https://www.sportinglife.com/greyhounds/racecards/2026-09-05/doncaster/racecard/515021
2026-09-05,Doncaster,11:54,4,Cockneys Zara,515021,Sporting Life,https://www.sportinglife.com/greyhounds/racecards/2026-09-05/doncaster/racecard/515021
2026-09-05,Doncaster,11:54,5,Glitter Ronnie,515021,Sporting Life,https://www.sportinglife.com/greyhounds/racecards/2026-09-05/doncaster/racecard/515021
2026-09-05,Doncaster,12:12,1,Fast And Fierce,515022,Sporting Life,https://www.sportinglife.com/greyhounds/racecards/2026-09-05/doncaster/racecard/515022
2026-09-05,Doncaster,12:12,2,Grouchos Sally,515022,Sporting Life,https://www.sportinglife.com/greyhounds/racecards/2026-09-05/doncaster/racecard/515022
2026-09-05,Doncaster,12:12,3,Killduff Sasha,515022,Sporting Life,https://www.sportinglife.com/greyhounds/racecards/2026-09-05/doncaster/racecard/515022
2026-09-05,Doncaster,12:12,5,Flosses Prada,515022,Sporting Life,https://www.sportinglife.com/greyhounds/racecards/2026-09-05/doncaster/racecard/515022
2026-09-05,Doncaster,12:12,6,Transfer Girl,515022,Sporting Life,https://www.sportinglife.com/greyhounds/racecards/2026-09-05/doncaster/racecard/515022
2026-09-05,Doncaster,12:29,2,Hasty Sam,515023,Sporting Life,https://www.sportinglife.com/greyhounds/racecards/2026-09-05/doncaster/racecard/515023
2026-09-05,Doncaster,12:29,3,Please Ailbhe,515023,Sporting Life,https://www.sportinglife.com/greyhounds/racecards/2026-09-05/doncaster/racecard/515023
2026-09-05,Doncaster,12:29,4,Flosses Mcqueen,515023,Sporting Life,https://www.sportinglife.com/greyhounds/racecards/2026-09-05/doncaster/racecard/515023
2026-09-05,Doncaster,12:29,5,Footfield Nala,515023,Sporting Life,https://www.sportinglife.com/greyhounds/racecards/2026-09-05/doncaster/racecard/515023
2026-09-05,Doncaster,12:29,6,Glitter Moon,515023,Sporting Life,https://www.sportinglife.com/greyhounds/racecards/2026-09-05/doncaster/racecard/515023
2026-09-05,Doncaster,18:11,1,Grovenor Lynx,515024,Sporting Life,https://www.sportinglife.com/greyhounds/racecards/2026-09-05/doncaster/racecard/515024
2026-09-05,Doncaster,18:11,2,Grumpy Jacko,515024,Sporting Life,https://www.sportinglife.com/greyhounds/racecards/2026-09-05/doncaster/racecard/515024
2026-09-05,Doncaster,18:11,3,Mossend Hawk,515024,Sporting Life,https://www.sportinglife.com/greyhounds/racecards/2026-09-05/doncaster/racecard/515024
2026-09-05,Doncaster,18:11,4,Parkview Tommy,515024,Sporting Life,https://www.sportinglife.com/greyhounds/racecards/2026-09-05/doncaster/racecard/515024
2026-09-05,Doncaster,18:11,5,Aghaburren Lucas,515024,Sporting Life,https://www.sportinglife.com/greyhounds/racecards/2026-09-05/doncaster/racecard/515024
2026-09-05,Doncaster,18:11,6,Vair Little Legs,515024,Sporting Life,https://www.sportinglife.com/greyhounds/racecards/2026-09-05/doncaster/racecard/515024
2026-09-05,Doncaster,18:29,1,Cascabel,515025,Sporting Life,https://www.sportinglife.com/greyhounds/racecards/2026-09-05/doncaster/racecard/515025
2026-09-05,Doncaster,18:29,3,Whyaye Mister,515025,Sporting Life,https://www.sportinglife.com/greyhounds/racecards/2026-09-05/doncaster/racecard/515025
2026-09-05,Doncaster,18:29,4,Look Smart,515025,Sporting Life,https://www.sportinglife.com/greyhounds/racecards/2026-09-05/doncaster/racecard/515025
2026-09-05,Doncaster,18:29,5,Epic Rebel,515025,Sporting Life,https://www.sportinglife.com/greyhounds/racecards/2026-09-05/doncaster/racecard/515025
2026-09-05,Doncaster,18:29,6,Aghaburren Luna,515025,Sporting Life,https://www.sportinglife.com/greyhounds/racecards/2026-09-05/doncaster/racecard/515025
2026-09-05,Doncaster,18:46,1,Tromora Cross,515026,Sporting Life,https://www.sportinglife.com/greyhounds/racecards/2026-09-05/doncaster/racecard/515026
2026-09-05,Doncaster,18:46,3,Thurlesbeg Lexy,515026,Sporting Life,https://www.sportinglife.com/greyhounds/racecards/2026-09-05/doncaster/racecard/515026
2026-09-05,Doncaster,18:46,4,Clongeel Goody,515026,Sporting Life,https://www.sportinglife.com/greyhounds/racecards/2026-09-05/doncaster/racecard/515026
2026-09-05,Doncaster,18:46,5,Carrick Cantona,515026,Sporting Life,https://www.sportinglife.com/greyhounds/racecards/2026-09-05/doncaster/racecard/515026
2026-09-05,Doncaster,18:46,6,On The Wall,515026,Sporting Life,https://www.sportinglife.com/greyhounds/racecards/2026-09-05/doncaster/racecard/515026
2026-09-05,Doncaster,19:04,1,Grovenor Eevee,515027,Sporting Life,https://www.sportinglife.com/greyhounds/racecards/2026-09-05/doncaster/racecard/515027
2026-09-05,Doncaster,19:04,2,Rossa Abi,515027,Sporting Life,https://www.sportinglife.com/greyhounds/racecards/2026-09-05/doncaster/racecard/515027
2026-09-05,Doncaster,19:04,3,Deerjet Rocket,515027,Sporting Life,https://www.sportinglife.com/greyhounds/racecards/2026-09-05/doncaster/racecard/515027
2026-09-05,Doncaster,19:04,4,Keefill Sequoia,515027,Sporting Life,https://www.sportinglife.com/greyhounds/racecards/2026-09-05/doncaster/racecard/515027
2026-09-05,Doncaster,19:04,5,Abigails Cian,515027,Sporting Life,https://www.sportinglife.com/greyhounds/racecards/2026-09-05/doncaster/racecard/515027
2026-09-05,Doncaster,19:04,6,Rockmount Bob,515027,Sporting Life,https://www.sportinglife.com/greyhounds/racecards/2026-09-05/doncaster/racecard/515027
2026-09-05,Doncaster,19:24,1,Droopys Zaria,515028,Sporting Life,https://www.sportinglife.com/greyhounds/racecards/2026-09-05/doncaster/racecard/515028
2026-09-05,Doncaster,19:24,2,Vixons Eggshell,515028,Sporting Life,https://www.sportinglife.com/greyhounds/racecards/2026-09-05/doncaster/racecard/515028
2026-09-05,Doncaster,19:24,3,Jella,515028,Sporting Life,https://www.sportinglife.com/greyhounds/racecards/2026-09-05/doncaster/racecard/515028
2026-09-05,Doncaster,19:24,4,Notawordsaid,515028,Sporting Life,https://www.sportinglife.com/greyhounds/racecards/2026-09-05/doncaster/racecard/515028
2026-09-05,Doncaster,19:24,6,Redbrick Beckham,515028,Sporting Life,https://www.sportinglife.com/greyhounds/racecards/2026-09-05/doncaster/racecard/515028
2026-09-05,Doncaster,19:42,1,Demba Bark,515029,Sporting Life,https://www.sportinglife.com/greyhounds/racecards/2026-09-05/doncaster/racecard/515029
2026-09-05,Doncaster,19:42,2,Allez Lula,515029,Sporting Life,https://www.sportinglife.com/greyhounds/racecards/2026-09-05/doncaster/racecard/515029
2026-09-05,Doncaster,19:42,3,Coonough Scobie,515029,Sporting Life,https://www.sportinglife.com/greyhounds/racecards/2026-09-05/doncaster/racecard/515029
2026-09-05,Doncaster,19:42,4,Redbrick Gerrard,515029,Sporting Life,https://www.sportinglife.com/greyhounds/racecards/2026-09-05/doncaster/racecard/515029
2026-09-05,Doncaster,19:42,6,Redbrick Adele,515029,Sporting Life,https://www.sportinglife.com/greyhounds/racecards/2026-09-05/doncaster/racecard/515029
2026-09-05,Doncaster,19:58,1,Charming Delight,515030,Sporting Life,https://www.sportinglife.com/greyhounds/racecards/2026-09-05/doncaster/racecard/515030
2026-09-05,Doncaster,19:58,2,Ballintubberstar,515030,Sporting Life,https://www.sportinglife.com/greyhounds/racecards/2026-09-05/doncaster/racecard/515030
2026-09-05,Doncaster,19:58,3,Ballymac Lucia,515030,Sporting Life,https://www.sportinglife.com/greyhounds/racecards/2026-09-05/doncaster/racecard/515030
2026-09-05,Doncaster,19:58,5,Intriguing Iris,515030,Sporting Life,https://www.sportinglife.com/greyhounds/racecards/2026-09-05/doncaster/racecard/515030
2026-09-05,Doncaster,19:58,6,Magical Harper,515030,Sporting Life,https://www.sportinglife.com/greyhounds/racecards/2026-09-05/doncaster/racecard/515030
2026-09-05,Doncaster,20:16,1,Keefill Bingo,515031,Sporting Life,https://www.sportinglife.com/greyhounds/racecards/2026-09-05/doncaster/racecard/515031
2026-09-05,Doncaster,20:16,2,Vixons Ricchezze,515031,Sporting Life,https://www.sportinglife.com/greyhounds/racecards/2026-09-05/doncaster/racecard/515031
2026-09-05,Doncaster,20:16,3,Grovenor Sophie,515031,Sporting Life,https://www.sportinglife.com/greyhounds/racecards/2026-09-05/doncaster/racecard/515031
2026-09-05,Doncaster,20:16,5,Grovenor Mona,515031,Sporting Life,https://www.sportinglife.com/greyhounds/racecards/2026-09-05/doncaster/racecard/515031
2026-09-05,Doncaster,20:16,6,Favourite Rogue,515031,Sporting Life,https://www.sportinglife.com/greyhounds/racecards/2026-09-05/doncaster/racecard/515031
2026-09-05,Dunstall Park,18:20,1,Ashtons Georgie,515066,Sporting Life,https://www.sportinglife.com/greyhounds/racecards/2026-09-05/dunstall-park/racecard/515066
2026-09-05,Dunstall Park,18:20,2,Wingates Elsa,515066,Sporting Life,https://www.sportinglife.com/greyhounds/racecards/2026-09-05/dunstall-park/racecard/515066
2026-09-05,Dunstall Park,18:20,3,Camp Robin,515066,Sporting Life,https://www.sportinglife.com/greyhounds/racecards/2026-09-05/dunstall-park/racecard/515066
2026-09-05,Dunstall Park,18:20,4,Ma Baker,515066,Sporting Life,https://www.sportinglife.com/greyhounds/racecards/2026-09-05/dunstall-park/racecard/515066
2026-09-05,Dunstall Park,18:20,5,Moyar Mo,515066,Sporting Life,https://www.sportinglife.com/greyhounds/racecards/2026-09-05/dunstall-park/racecard/515066
2026-09-05,Dunstall Park,18:20,6,Amys Star,515066,Sporting Life,https://www.sportinglife.com/greyhounds/racecards/2026-09-05/dunstall-park/racecard/515066
2026-09-05,Dunstall Park,18:38,1,Blackstone Benny,515067,Sporting Life,https://www.sportinglife.com/greyhounds/racecards/2026-09-05/dunstall-park/racecard/515067
2026-09-05,Dunstall Park,18:38,2,First Ambition,515067,Sporting Life,https://www.sportinglife.com/greyhounds/racecards/2026-09-05/dunstall-park/racecard/515067
2026-09-05,Dunstall Park,18:38,3,Yahoo Gavin,515067,Sporting Life,https://www.sportinglife.com/greyhounds/racecards/2026-09-05/dunstall-park/racecard/515067
2026-09-05,Dunstall Park,18:38,4,Maggies Dream,515067,Sporting Life,https://www.sportinglife.com/greyhounds/racecards/2026-09-05/dunstall-park/racecard/515067
2026-09-05,Dunstall Park,18:38,5,Quivers Jazz,515067,Sporting Life,https://www.sportinglife.com/greyhounds/racecards/2026-09-05/dunstall-park/racecard/515067
2026-09-05,Dunstall Park,18:38,6,Skinnylittlemiss,515067,Sporting Life,https://www.sportinglife.com/greyhounds/racecards/2026-09-05/dunstall-park/racecard/515067
2026-09-05,Dunstall Park,18:58,1,Eagles Respect,515068,Sporting Life,https://www.sportinglife.com/greyhounds/racecards/2026-09-05/dunstall-park/racecard/515068
2026-09-05,Dunstall Park,18:58,2,Betgoodwin Eddy,515068,Sporting Life,https://www.sportinglife.com/greyhounds/racecards/2026-09-05/dunstall-park/racecard/515068
2026-09-05,Dunstall Park,18:58,3,Jazzy Duke,515068,Sporting Life,https://www.sportinglife.com/greyhounds/racecards/2026-09-05/dunstall-park/racecard/515068
2026-09-05,Dunstall Park,18:58,4,Droopys Trade,515068,Sporting Life,https://www.sportinglife.com/greyhounds/racecards/2026-09-05/dunstall-park/racecard/515068
2026-09-05,Dunstall Park,18:58,5,Skyfall Khan,515068,Sporting Life,https://www.sportinglife.com/greyhounds/racecards/2026-09-05/dunstall-park/racecard/515068
2026-09-05,Dunstall Park,18:58,6,Headford Cian,515068,Sporting Life,https://www.sportinglife.com/greyhounds/racecards/2026-09-05/dunstall-park/racecard/515068
2026-09-05,Dunstall Park,19:18,1,Headford Dane,515069,Sporting Life,https://www.sportinglife.com/greyhounds/racecards/2026-09-05/dunstall-park/racecard/515069
2026-09-05,Dunstall Park,19:18,2,Grouchos Cossie,515069,Sporting Life,https://www.sportinglife.com/greyhounds/racecards/2026-09-05/dunstall-park/racecard/515069
2026-09-05,Dunstall Park,19:18,3,Vahbelle,515069,Sporting Life,https://www.sportinglife.com/greyhounds/racecards/2026-09-05/dunstall-park/racecard/515069
2026-09-05,Dunstall Park,19:18,4,Arthur Bitter,515069,Sporting Life,https://www.sportinglife.com/greyhounds/racecards/2026-09-05/dunstall-park/racecard/515069
2026-09-05,Dunstall Park,19:18,5,Signet Nayla,515069,Sporting Life,https://www.sportinglife.com/greyhounds/racecards/2026-09-05/dunstall-park/racecard/515069
2026-09-05,Dunstall Park,19:18,6,Armagh Daithi,515069,Sporting Life,https://www.sportinglife.com/greyhounds/racecards/2026-09-05/dunstall-park/racecard/515069
2026-09-05,Dunstall Park,19:38,1,Droopys Bookem,515070,Sporting Life,https://www.sportinglife.com/greyhounds/racecards/2026-09-05/dunstall-park/racecard/515070
2026-09-05,Dunstall Park,19:38,2,Drombeg Flash,515070,Sporting Life,https://www.sportinglife.com/greyhounds/racecards/2026-09-05/dunstall-park/racecard/515070
2026-09-05,Dunstall Park,19:38,3,Tooreen Rose,515070,Sporting Life,https://www.sportinglife.com/greyhounds/racecards/2026-09-05/dunstall-park/racecard/515070
2026-09-05,Dunstall Park,19:38,4,Underground Navy,515070,Sporting Life,https://www.sportinglife.com/greyhounds/racecards/2026-09-05/dunstall-park/racecard/515070
2026-09-05,Dunstall Park,19:38,5,Venetian Mick,515070,Sporting Life,https://www.sportinglife.com/greyhounds/racecards/2026-09-05/dunstall-park/racecard/515070
2026-09-05,Dunstall Park,19:38,6,Patriot Game,515070,Sporting Life,https://www.sportinglife.com/greyhounds/racecards/2026-09-05/dunstall-park/racecard/515070
2026-09-05,Dunstall Park,19:58,1,Blackstone Cola,515071,Sporting Life,https://www.sportinglife.com/greyhounds/racecards/2026-09-05/dunstall-park/racecard/515071
2026-09-05,Dunstall Park,19:58,2,Innfield Fifi,515071,Sporting Life,https://www.sportinglife.com/greyhounds/racecards/2026-09-05/dunstall-park/racecard/515071
2026-09-05,Dunstall Park,19:58,3,Zenith Pasha,515071,Sporting Life,https://www.sportinglife.com/greyhounds/racecards/2026-09-05/dunstall-park/racecard/515071
2026-09-05,Dunstall Park,19:58,4,Radical Story,515071,Sporting Life,https://www.sportinglife.com/greyhounds/racecards/2026-09-05/dunstall-park/racecard/515071
2026-09-05,Dunstall Park,19:58,5,Bombay Nutty,515071,Sporting Life,https://www.sportinglife.com/greyhounds/racecards/2026-09-05/dunstall-park/racecard/515071
2026-09-05,Dunstall Park,19:58,6,Resonate,515071,Sporting Life,https://www.sportinglife.com/greyhounds/racecards/2026-09-05/dunstall-park/racecard/515071
2026-09-05,Dunstall Park,20:18,1,Droopys Alldeway,515072,Sporting Life,https://www.sportinglife.com/greyhounds/racecards/2026-09-05/dunstall-park/racecard/515072
2026-09-05,Dunstall Park,20:18,2,Rioja Wanda,515072,Sporting Life,https://www.sportinglife.com/greyhounds/racecards/2026-09-05/dunstall-park/racecard/515072
2026-09-05,Dunstall Park,20:18,3,Tomahawk,515072,Sporting Life,https://www.sportinglife.com/greyhounds/racecards/2026-09-05/dunstall-park/racecard/515072
2026-09-05,Dunstall Park,20:18,4,Ballymac Blanco,515072,Sporting Life,https://www.sportinglife.com/greyhounds/racecards/2026-09-05/dunstall-park/racecard/515072
2026-09-05,Dunstall Park,20:18,5,Droopys Poker,515072,Sporting Life,https://www.sportinglife.com/greyhounds/racecards/2026-09-05/dunstall-park/racecard/515072
2026-09-05,Dunstall Park,20:18,6,Kranky Drake,515072,Sporting Life,https://www.sportinglife.com/greyhounds/racecards/2026-09-05/dunstall-park/racecard/515072
2026-09-05,Dunstall Park,20:38,1,Strideon Clara,515073,Sporting Life,https://www.sportinglife.com/greyhounds/racecards/2026-09-05/dunstall-park/racecard/515073
2026-09-05,Dunstall Park,20:38,2,Underground Matt,515073,Sporting Life,https://www.sportinglife.com/greyhounds/racecards/2026-09-05/dunstall-park/racecard/515073
2026-09-05,Dunstall Park,20:38,3,Venetian Nero,515073,Sporting Life,https://www.sportinglife.com/greyhounds/racecards/2026-09-05/dunstall-park/racecard/515073
2026-09-05,Dunstall Park,20:38,4,Mystical Batman,515073,Sporting Life,https://www.sportinglife.com/greyhounds/racecards/2026-09-05/dunstall-park/racecard/515073
2026-09-05,Dunstall Park,20:38,5,Copney Queen,515073,Sporting Life,https://www.sportinglife.com/greyhounds/racecards/2026-09-05/dunstall-park/racecard/515073
2026-09-05,Dunstall Park,20:38,6,Advantage Rule,515073,Sporting Life,https://www.sportinglife.com/greyhounds/racecards/2026-09-05/dunstall-park/racecard/515073
2026-09-05,Dunstall Park,20:58,1,Frankton Ivy,515074,Sporting Life,https://www.sportinglife.com/greyhounds/racecards/2026-09-05/dunstall-park/racecard/515074
2026-09-05,Dunstall Park,20:58,2,Is This Wise,515074,Sporting Life,https://www.sportinglife.com/greyhounds/racecards/2026-09-05/dunstall-park/racecard/515074
2026-09-05,Dunstall Park,20:58,3,Droopys Flare,515074,Sporting Life,https://www.sportinglife.com/greyhounds/racecards/2026-09-05/dunstall-park/racecard/515074
2026-09-05,Dunstall Park,20:58,4,Vhagar,515074,Sporting Life,https://www.sportinglife.com/greyhounds/racecards/2026-09-05/dunstall-park/racecard/515074
2026-09-05,Dunstall Park,20:58,5,Malcolm Bosh,515074,Sporting Life,https://www.sportinglife.com/greyhounds/racecards/2026-09-05/dunstall-park/racecard/515074
2026-09-05,Dunstall Park,20:58,6,Savanaregimental,515074,Sporting Life,https://www.sportinglife.com/greyhounds/racecards/2026-09-05/dunstall-park/racecard/515074
2026-09-05,Dunstall Park,21:18,1,Bella Bullet,515075,Sporting Life,https://www.sportinglife.com/greyhounds/racecards/2026-09-05/dunstall-park/racecard/515075
2026-09-05,Dunstall Park,21:18,2,Java Joan,515075,Sporting Life,https://www.sportinglife.com/greyhounds/racecards/2026-09-05/dunstall-park/racecard/515075
2026-09-05,Dunstall Park,21:18,3,Greenwell Gypsy,515075,Sporting Life,https://www.sportinglife.com/greyhounds/racecards/2026-09-05/dunstall-park/racecard/515075
2026-09-05,Dunstall Park,21:18,4,Newinn Jolie,515075,Sporting Life,https://www.sportinglife.com/greyhounds/racecards/2026-09-05/dunstall-park/racecard/515075
2026-09-05,Dunstall Park,21:18,5,Droopys Rhona,515075,Sporting Life,https://www.sportinglife.com/greyhounds/racecards/2026-09-05/dunstall-park/racecard/515075
2026-09-05,Dunstall Park,21:18,6,Lets Go Girl,515075,Sporting Life,https://www.sportinglife.com/greyhounds/racecards/2026-09-05/dunstall-park/racecard/515075
2026-09-05,Dunstall Park,21:38,1,Alright Bullet,515076,Sporting Life,https://www.sportinglife.com/greyhounds/racecards/2026-09-05/dunstall-park/racecard/515076
2026-09-05,Dunstall Park,21:38,2,Teejays Buddy,515076,Sporting Life,https://www.sportinglife.com/greyhounds/racecards/2026-09-05/dunstall-park/racecard/515076
2026-09-05,Dunstall Park,21:38,3,Droopys Sort,515076,Sporting Life,https://www.sportinglife.com/greyhounds/racecards/2026-09-05/dunstall-park/racecard/515076
2026-09-05,Dunstall Park,21:38,4,Woltemade,515076,Sporting Life,https://www.sportinglife.com/greyhounds/racecards/2026-09-05/dunstall-park/racecard/515076
2026-09-05,Dunstall Park,21:38,5,Stellas Smartie,515076,Sporting Life,https://www.sportinglife.com/greyhounds/racecards/2026-09-05/dunstall-park/racecard/515076
2026-09-05,Dunstall Park,21:38,6,Holding Blaze,515076,Sporting Life,https://www.sportinglife.com/greyhounds/racecards/2026-09-05/dunstall-park/racecard/515076
2026-09-05,Dunstall Park,21:54,1,Hackney Toast,515077,Sporting Life,https://www.sportinglife.com/greyhounds/racecards/2026-09-05/dunstall-park/racecard/515077
2026-09-05,Dunstall Park,21:54,2,Elusivenomore,515077,Sporting Life,https://www.sportinglife.com/greyhounds/racecards/2026-09-05/dunstall-park/racecard/515077
2026-09-05,Dunstall Park,21:54,3,Grouchos Gregor,515077,Sporting Life,https://www.sportinglife.com/greyhounds/racecards/2026-09-05/dunstall-park/racecard/515077
2026-09-05,Dunstall Park,21:54,4,Holding Aero,515077,Sporting Life,https://www.sportinglife.com/greyhounds/racecards/2026-09-05/dunstall-park/racecard/515077
2026-09-05,Dunstall Park,21:54,5,Santas Tornado,515077,Sporting Life,https://www.sportinglife.com/greyhounds/racecards/2026-09-05/dunstall-park/racecard/515077
2026-09-05,Dunstall Park,21:54,6,Alright Arthur,515077,Sporting Life,https://www.sportinglife.com/greyhounds/racecards/2026-09-05/dunstall-park/racecard/515077
2026-09-05,Hove,18:06,1,Coolavanny Nancy,515054,Sporting Life,https://www.sportinglife.com/greyhounds/racecards/2026-09-05/hove/racecard/515054
2026-09-05,Hove,18:06,2,Gingers Paddy,515054,Sporting Life,https://www.sportinglife.com/greyhounds/racecards/2026-09-05/hove/racecard/515054
2026-09-05,Hove,18:06,3,Conscientious,515054,Sporting Life,https://www.sportinglife.com/greyhounds/racecards/2026-09-05/hove/racecard/515054
2026-09-05,Hove,18:06,4,Signet Clo Clo,515054,Sporting Life,https://www.sportinglife.com/greyhounds/racecards/2026-09-05/hove/racecard/515054
2026-09-05,Hove,18:06,6,Oioiperfectolads,515054,Sporting Life,https://www.sportinglife.com/greyhounds/racecards/2026-09-05/hove/racecard/515054
2026-09-05,Hove,18:26,1,Bridies Show,515055,Sporting Life,https://www.sportinglife.com/greyhounds/racecards/2026-09-05/hove/racecard/515055
2026-09-05,Hove,18:26,2,Sussex Villan,515055,Sporting Life,https://www.sportinglife.com/greyhounds/racecards/2026-09-05/hove/racecard/515055
2026-09-05,Hove,18:26,3,Coolavanny Sissy,515055,Sporting Life,https://www.sportinglife.com/greyhounds/racecards/2026-09-05/hove/racecard/515055
2026-09-05,Hove,18:26,4,Kevinsfort Away,515055,Sporting Life,https://www.sportinglife.com/greyhounds/racecards/2026-09-05/hove/racecard/515055
2026-09-05,Hove,18:26,6,Bu Han Tag,515055,Sporting Life,https://www.sportinglife.com/greyhounds/racecards/2026-09-05/hove/racecard/515055
2026-09-05,Hove,18:46,1,Bluestar Boss,515056,Sporting Life,https://www.sportinglife.com/greyhounds/racecards/2026-09-05/hove/racecard/515056
2026-09-05,Hove,18:46,2,Yougo Jenny,515056,Sporting Life,https://www.sportinglife.com/greyhounds/racecards/2026-09-05/hove/racecard/515056
2026-09-05,Hove,18:46,3,Irrelevent,515056,Sporting Life,https://www.sportinglife.com/greyhounds/racecards/2026-09-05/hove/racecard/515056
2026-09-05,Hove,18:46,4,Bonnie Wee Rosie,515056,Sporting Life,https://www.sportinglife.com/greyhounds/racecards/2026-09-05/hove/racecard/515056
2026-09-05,Hove,18:46,5,Jacktavern Usain,515056,Sporting Life,https://www.sportinglife.com/greyhounds/racecards/2026-09-05/hove/racecard/515056
2026-09-05,Hove,19:06,1,Shelby On Faya,515057,Sporting Life,https://www.sportinglife.com/greyhounds/racecards/2026-09-05/hove/racecard/515057
2026-09-05,Hove,19:06,2,Goddessaphrodite,515057,Sporting Life,https://www.sportinglife.com/greyhounds/racecards/2026-09-05/hove/racecard/515057
2026-09-05,Hove,19:06,3,Wedontdopanic,515057,Sporting Life,https://www.sportinglife.com/greyhounds/racecards/2026-09-05/hove/racecard/515057
2026-09-05,Hove,19:06,4,Nofliesonus,515057,Sporting Life,https://www.sportinglife.com/greyhounds/racecards/2026-09-05/hove/racecard/515057
2026-09-05,Hove,19:06,5,Raffs Den,515057,Sporting Life,https://www.sportinglife.com/greyhounds/racecards/2026-09-05/hove/racecard/515057
2026-09-05,Hove,19:26,1,Faypoint Harlow,515058,Sporting Life,https://www.sportinglife.com/greyhounds/racecards/2026-09-05/hove/racecard/515058
2026-09-05,Hove,19:26,2,Yougo Jessie,515058,Sporting Life,https://www.sportinglife.com/greyhounds/racecards/2026-09-05/hove/racecard/515058
2026-09-05,Hove,19:26,3,Wee Miss Badger,515058,Sporting Life,https://www.sportinglife.com/greyhounds/racecards/2026-09-05/hove/racecard/515058
2026-09-05,Hove,19:26,4,Signet Force,515058,Sporting Life,https://www.sportinglife.com/greyhounds/racecards/2026-09-05/hove/racecard/515058
2026-09-05,Hove,19:26,5,Barbie Bullet,515058,Sporting Life,https://www.sportinglife.com/greyhounds/racecards/2026-09-05/hove/racecard/515058
2026-09-05,Hove,19:46,1,Emers Lizzy,515059,Sporting Life,https://www.sportinglife.com/greyhounds/racecards/2026-09-05/hove/racecard/515059
2026-09-05,Hove,19:46,2,Im Justa Rarity,515059,Sporting Life,https://www.sportinglife.com/greyhounds/racecards/2026-09-05/hove/racecard/515059
2026-09-05,Hove,19:46,3,Seomra Pipp,515059,Sporting Life,https://www.sportinglife.com/greyhounds/racecards/2026-09-05/hove/racecard/515059
2026-09-05,Hove,19:46,4,Tall Trees,515059,Sporting Life,https://www.sportinglife.com/greyhounds/racecards/2026-09-05/hove/racecard/515059
2026-09-05,Hove,19:46,5,We Try Again,515059,Sporting Life,https://www.sportinglife.com/greyhounds/racecards/2026-09-05/hove/racecard/515059
2026-09-05,Hove,19:46,6,Ivy Hill Jake,515059,Sporting Life,https://www.sportinglife.com/greyhounds/racecards/2026-09-05/hove/racecard/515059
2026-09-05,Hove,20:06,1,Shinobi Gail,515060,Sporting Life,https://www.sportinglife.com/greyhounds/racecards/2026-09-05/hove/racecard/515060
2026-09-05,Hove,20:06,2,Streets Of Bono,515060,Sporting Life,https://www.sportinglife.com/greyhounds/racecards/2026-09-05/hove/racecard/515060
2026-09-05,Hove,20:06,3,Suzie Que,515060,Sporting Life,https://www.sportinglife.com/greyhounds/racecards/2026-09-05/hove/racecard/515060
2026-09-05,Hove,20:06,4,Kelseys Azure,515060,Sporting Life,https://www.sportinglife.com/greyhounds/racecards/2026-09-05/hove/racecard/515060
2026-09-05,Hove,20:06,5,Adachi Freddie,515060,Sporting Life,https://www.sportinglife.com/greyhounds/racecards/2026-09-05/hove/racecard/515060
2026-09-05,Hove,20:26,1,Mob Momentum,515061,Sporting Life,https://www.sportinglife.com/greyhounds/racecards/2026-09-05/hove/racecard/515061
2026-09-05,Hove,20:26,2,Lets Go Yankees,515061,Sporting Life,https://www.sportinglife.com/greyhounds/racecards/2026-09-05/hove/racecard/515061
2026-09-05,Hove,20:26,3,Silverhill Ducky,515061,Sporting Life,https://www.sportinglife.com/greyhounds/racecards/2026-09-05/hove/racecard/515061
2026-09-05,Hove,20:26,5,Move Over Harry,515061,Sporting Life,https://www.sportinglife.com/greyhounds/racecards/2026-09-05/hove/racecard/515061
2026-09-05,Hove,20:26,6,Kates Honey,515061,Sporting Life,https://www.sportinglife.com/greyhounds/racecards/2026-09-05/hove/racecard/515061
2026-09-05,Hove,20:46,1,Candolim Tornado,515062,Sporting Life,https://www.sportinglife.com/greyhounds/racecards/2026-09-05/hove/racecard/515062
2026-09-05,Hove,20:46,2,Backoftheline,515062,Sporting Life,https://www.sportinglife.com/greyhounds/racecards/2026-09-05/hove/racecard/515062
2026-09-05,Hove,20:46,3,Yourself,515062,Sporting Life,https://www.sportinglife.com/greyhounds/racecards/2026-09-05/hove/racecard/515062
2026-09-05,Hove,20:46,4,Cloheena Del Boy,515062,Sporting Life,https://www.sportinglife.com/greyhounds/racecards/2026-09-05/hove/racecard/515062
2026-09-05,Hove,20:46,6,Tuono Dave,515062,Sporting Life,https://www.sportinglife.com/greyhounds/racecards/2026-09-05/hove/racecard/515062
2026-09-05,Hove,21:06,1,Mob De Souza,515063,Sporting Life,https://www.sportinglife.com/greyhounds/racecards/2026-09-05/hove/racecard/515063
2026-09-05,Hove,21:06,2,Legacy,515063,Sporting Life,https://www.sportinglife.com/greyhounds/racecards/2026-09-05/hove/racecard/515063
2026-09-05,Hove,21:06,3,Miruts Yifter,515063,Sporting Life,https://www.sportinglife.com/greyhounds/racecards/2026-09-05/hove/racecard/515063
2026-09-05,Hove,21:06,5,Southdowns Rose,515063,Sporting Life,https://www.sportinglife.com/greyhounds/racecards/2026-09-05/hove/racecard/515063
2026-09-05,Hove,21:06,6,Easy Lashes,515063,Sporting Life,https://www.sportinglife.com/greyhounds/racecards/2026-09-05/hove/racecard/515063
2026-09-05,Hove,21:26,1,Azura Star,515064,Sporting Life,https://www.sportinglife.com/greyhounds/racecards/2026-09-05/hove/racecard/515064
2026-09-05,Hove,21:26,2,Swift Zane,515064,Sporting Life,https://www.sportinglife.com/greyhounds/racecards/2026-09-05/hove/racecard/515064
2026-09-05,Hove,21:26,3,Southafrikka,515064,Sporting Life,https://www.sportinglife.com/greyhounds/racecards/2026-09-05/hove/racecard/515064
2026-09-05,Hove,21:26,4,Riverside Ada,515064,Sporting Life,https://www.sportinglife.com/greyhounds/racecards/2026-09-05/hove/racecard/515064
2026-09-05,Hove,21:26,6,Tell On Olivia,515064,Sporting Life,https://www.sportinglife.com/greyhounds/racecards/2026-09-05/hove/racecard/515064
2026-09-05,Hove,21:46,1,Double The Odds,515065,Sporting Life,https://www.sportinglife.com/greyhounds/racecards/2026-09-05/hove/racecard/515065
2026-09-05,Hove,21:46,2,Radical Kylian,515065,Sporting Life,https://www.sportinglife.com/greyhounds/racecards/2026-09-05/hove/racecard/515065
2026-09-05,Hove,21:46,3,Bling Bling Mhi,515065,Sporting Life,https://www.sportinglife.com/greyhounds/racecards/2026-09-05/hove/racecard/515065
2026-09-05,Hove,21:46,4,Digbys Maverick,515065,Sporting Life,https://www.sportinglife.com/greyhounds/racecards/2026-09-05/hove/racecard/515065
2026-09-05,Hove,21:46,5,Lupi Lopez,515065,Sporting Life,https://www.sportinglife.com/greyhounds/racecards/2026-09-05/hove/racecard/515065
2026-09-05,Monmore,11:01,1,Sparta Kingdom,515122,Sporting Life,https://www.sportinglife.com/greyhounds/racecards/2026-09-05/monmore/racecard/515122
2026-09-05,Monmore,11:01,2,Vixons Opaque,515122,Sporting Life,https://www.sportinglife.com/greyhounds/racecards/2026-09-05/monmore/racecard/515122
2026-09-05,Monmore,11:01,3,Yankee Tipp,515122,Sporting Life,https://www.sportinglife.com/greyhounds/racecards/2026-09-05/monmore/racecard/515122
2026-09-05,Monmore,11:01,4,Aero Benny,515122,Sporting Life,https://www.sportinglife.com/greyhounds/racecards/2026-09-05/monmore/racecard/515122
2026-09-05,Monmore,11:01,5,Bloos Ladysandra,515122,Sporting Life,https://www.sportinglife.com/greyhounds/racecards/2026-09-05/monmore/racecard/515122
2026-09-05,Monmore,11:01,6,Aero Storm,515122,Sporting Life,https://www.sportinglife.com/greyhounds/racecards/2026-09-05/monmore/racecard/515122
2026-09-05,Monmore,11:18,1,Whisky Dream,515123,Sporting Life,https://www.sportinglife.com/greyhounds/racecards/2026-09-05/monmore/racecard/515123
2026-09-05,Monmore,11:18,2,Catunda Apollo,515123,Sporting Life,https://www.sportinglife.com/greyhounds/racecards/2026-09-05/monmore/racecard/515123
2026-09-05,Monmore,11:18,3,Black Scorpion,515123,Sporting Life,https://www.sportinglife.com/greyhounds/racecards/2026-09-05/monmore/racecard/515123
2026-09-05,Monmore,11:18,4,Cazzers Ade,515123,Sporting Life,https://www.sportinglife.com/greyhounds/racecards/2026-09-05/monmore/racecard/515123
2026-09-05,Monmore,11:18,5,Gulf Breeze,515123,Sporting Life,https://www.sportinglife.com/greyhounds/racecards/2026-09-05/monmore/racecard/515123
2026-09-05,Monmore,11:34,1,Dashgrove Posh,515124,Sporting Life,https://www.sportinglife.com/greyhounds/racecards/2026-09-05/monmore/racecard/515124
2026-09-05,Monmore,11:34,2,Newinn Sally,515124,Sporting Life,https://www.sportinglife.com/greyhounds/racecards/2026-09-05/monmore/racecard/515124
2026-09-05,Monmore,11:34,3,Vixons Amore,515124,Sporting Life,https://www.sportinglife.com/greyhounds/racecards/2026-09-05/monmore/racecard/515124
2026-09-05,Monmore,11:34,4,Final Episode,515124,Sporting Life,https://www.sportinglife.com/greyhounds/racecards/2026-09-05/monmore/racecard/515124
2026-09-05,Monmore,11:34,6,Bealtaine,515124,Sporting Life,https://www.sportinglife.com/greyhounds/racecards/2026-09-05/monmore/racecard/515124
2026-09-05,Monmore,11:52,1,Sugar Girl Katie,515125,Sporting Life,https://www.sportinglife.com/greyhounds/racecards/2026-09-05/monmore/racecard/515125
2026-09-05,Monmore,11:52,2,Bogger Una,515125,Sporting Life,https://www.sportinglife.com/greyhounds/racecards/2026-09-05/monmore/racecard/515125
2026-09-05,Monmore,11:52,3,Sugar Rose,515125,Sporting Life,https://www.sportinglife.com/greyhounds/racecards/2026-09-05/monmore/racecard/515125
2026-09-05,Monmore,11:52,4,Aero Dignity,515125,Sporting Life,https://www.sportinglife.com/greyhounds/racecards/2026-09-05/monmore/racecard/515125
2026-09-05,Monmore,11:52,5,Aero Vigil,515125,Sporting Life,https://www.sportinglife.com/greyhounds/racecards/2026-09-05/monmore/racecard/515125
2026-09-05,Monmore,11:52,6,Longacres Ella,515125,Sporting Life,https://www.sportinglife.com/greyhounds/racecards/2026-09-05/monmore/racecard/515125
2026-09-05,Monmore,12:09,1,Hawkfield Bionic,515126,Sporting Life,https://www.sportinglife.com/greyhounds/racecards/2026-09-05/monmore/racecard/515126
2026-09-05,Monmore,12:09,2,Bandit Poppy,515126,Sporting Life,https://www.sportinglife.com/greyhounds/racecards/2026-09-05/monmore/racecard/515126
2026-09-05,Monmore,12:09,3,Bonita Moon,515126,Sporting Life,https://www.sportinglife.com/greyhounds/racecards/2026-09-05/monmore/racecard/515126
2026-09-05,Monmore,12:09,4,Seven Brent,515126,Sporting Life,https://www.sportinglife.com/greyhounds/racecards/2026-09-05/monmore/racecard/515126
2026-09-05,Monmore,12:09,5,Elderberry Misty,515126,Sporting Life,https://www.sportinglife.com/greyhounds/racecards/2026-09-05/monmore/racecard/515126
2026-09-05,Monmore,12:26,1,Freedom Spirit,515127,Sporting Life,https://www.sportinglife.com/greyhounds/racecards/2026-09-05/monmore/racecard/515127
2026-09-05,Monmore,12:26,2,Tommys Luna,515127,Sporting Life,https://www.sportinglife.com/greyhounds/racecards/2026-09-05/monmore/racecard/515127
2026-09-05,Monmore,12:26,3,Prove Em Wrong,515127,Sporting Life,https://www.sportinglife.com/greyhounds/racecards/2026-09-05/monmore/racecard/515127
2026-09-05,Monmore,12:26,4,Winterfield Baby,515127,Sporting Life,https://www.sportinglife.com/greyhounds/racecards/2026-09-05/monmore/racecard/515127
2026-09-05,Monmore,12:26,5,Mucky Danno,515127,Sporting Life,https://www.sportinglife.com/greyhounds/racecards/2026-09-05/monmore/racecard/515127
2026-09-05,Monmore,12:26,6,Tommys Snowman,515127,Sporting Life,https://www.sportinglife.com/greyhounds/racecards/2026-09-05/monmore/racecard/515127
2026-09-05,Monmore,12:42,1,Freyas Fancy,515128,Sporting Life,https://www.sportinglife.com/greyhounds/racecards/2026-09-05/monmore/racecard/515128
2026-09-05,Monmore,12:42,2,Tommys Grace,515128,Sporting Life,https://www.sportinglife.com/greyhounds/racecards/2026-09-05/monmore/racecard/515128
2026-09-05,Monmore,12:42,3,Kilwest Barney,515128,Sporting Life,https://www.sportinglife.com/greyhounds/racecards/2026-09-05/monmore/racecard/515128
2026-09-05,Monmore,12:42,4,Derrymoyle Blue,515128,Sporting Life,https://www.sportinglife.com/greyhounds/racecards/2026-09-05/monmore/racecard/515128
2026-09-05,Monmore,12:42,5,Whats Up Mac,515128,Sporting Life,https://www.sportinglife.com/greyhounds/racecards/2026-09-05/monmore/racecard/515128
2026-09-05,Monmore,12:42,6,Dunquin Brendan,515128,Sporting Life,https://www.sportinglife.com/greyhounds/racecards/2026-09-05/monmore/racecard/515128
2026-09-05,Monmore,12:59,1,Born Goddess,515129,Sporting Life,https://www.sportinglife.com/greyhounds/racecards/2026-09-05/monmore/racecard/515129
2026-09-05,Monmore,12:59,2,Casino Brody,515129,Sporting Life,https://www.sportinglife.com/greyhounds/racecards/2026-09-05/monmore/racecard/515129
2026-09-05,Monmore,12:59,4,Magical Be Lucky,515129,Sporting Life,https://www.sportinglife.com/greyhounds/racecards/2026-09-05/monmore/racecard/515129
2026-09-05,Monmore,12:59,5,Jayjays Ace,515129,Sporting Life,https://www.sportinglife.com/greyhounds/racecards/2026-09-05/monmore/racecard/515129
2026-09-05,Monmore,12:59,6,Alone All Alone,515129,Sporting Life,https://www.sportinglife.com/greyhounds/racecards/2026-09-05/monmore/racecard/515129
2026-09-05,Monmore,13:17,1,Longacres Tommy,515130,Sporting Life,https://www.sportinglife.com/greyhounds/racecards/2026-09-05/monmore/racecard/515130
2026-09-05,Monmore,13:17,2,Moorstown Brae,515130,Sporting Life,https://www.sportinglife.com/greyhounds/racecards/2026-09-05/monmore/racecard/515130
2026-09-05,Monmore,13:17,3,Amka Raven,515130,Sporting Life,https://www.sportinglife.com/greyhounds/racecards/2026-09-05/monmore/racecard/515130
2026-09-05,Monmore,13:17,4,Tromora Lizzie,515130,Sporting Life,https://www.sportinglife.com/greyhounds/racecards/2026-09-05/monmore/racecard/515130
2026-09-05,Monmore,13:17,5,Winterfield Bird,515130,Sporting Life,https://www.sportinglife.com/greyhounds/racecards/2026-09-05/monmore/racecard/515130
2026-09-05,Monmore,13:17,6,Aero Superstar,515130,Sporting Life,https://www.sportinglife.com/greyhounds/racecards/2026-09-05/monmore/racecard/515130
2026-09-05,Monmore,13:33,1,Winterfield Nina,515131,Sporting Life,https://www.sportinglife.com/greyhounds/racecards/2026-09-05/monmore/racecard/515131
2026-09-05,Monmore,13:33,2,Westway Kai,515131,Sporting Life,https://www.sportinglife.com/greyhounds/racecards/2026-09-05/monmore/racecard/515131
2026-09-05,Monmore,13:33,3,Cashed Irita,515131,Sporting Life,https://www.sportinglife.com/greyhounds/racecards/2026-09-05/monmore/racecard/515131
2026-09-05,Monmore,13:33,4,Droopys Nibble,515131,Sporting Life,https://www.sportinglife.com/greyhounds/racecards/2026-09-05/monmore/racecard/515131
2026-09-05,Monmore,13:33,6,Winterfield Rosa,515131,Sporting Life,https://www.sportinglife.com/greyhounds/racecards/2026-09-05/monmore/racecard/515131
2026-09-05,Monmore,13:51,1,Hackney Pub,515132,Sporting Life,https://www.sportinglife.com/greyhounds/racecards/2026-09-05/monmore/racecard/515132
2026-09-05,Monmore,13:51,2,Mash Mad Bridie,515132,Sporting Life,https://www.sportinglife.com/greyhounds/racecards/2026-09-05/monmore/racecard/515132
2026-09-05,Monmore,13:51,3,Aero Ella,515132,Sporting Life,https://www.sportinglife.com/greyhounds/racecards/2026-09-05/monmore/racecard/515132
2026-09-05,Monmore,13:51,4,Newinn Magico,515132,Sporting Life,https://www.sportinglife.com/greyhounds/racecards/2026-09-05/monmore/racecard/515132
2026-09-05,Monmore,13:51,6,Bang On Hollie,515132,Sporting Life,https://www.sportinglife.com/greyhounds/racecards/2026-09-05/monmore/racecard/515132
2026-09-05,Monmore,14:07,1,Phoenix Posh,515133,Sporting Life,https://www.sportinglife.com/greyhounds/racecards/2026-09-05/monmore/racecard/515133
2026-09-05,Monmore,14:07,2,Dapper Danica,515133,Sporting Life,https://www.sportinglife.com/greyhounds/racecards/2026-09-05/monmore/racecard/515133
2026-09-05,Monmore,14:07,3,Anglesey Prince,515133,Sporting Life,https://www.sportinglife.com/greyhounds/racecards/2026-09-05/monmore/racecard/515133
2026-09-05,Monmore,14:07,4,Aero Leg It,515133,Sporting Life,https://www.sportinglife.com/greyhounds/racecards/2026-09-05/monmore/racecard/515133
2026-09-05,Monmore,14:07,5,Peace O Mind,515133,Sporting Life,https://www.sportinglife.com/greyhounds/racecards/2026-09-05/monmore/racecard/515133
2026-09-05,Monmore,14:07,6,Aero Dulcie,515133,Sporting Life,https://www.sportinglife.com/greyhounds/racecards/2026-09-05/monmore/racecard/515133
2026-09-05,Monmore,18:14,1,Bombay Lucky,515134,Sporting Life,https://www.sportinglife.com/greyhounds/racecards/2026-09-05/monmore/racecard/515134
2026-09-05,Monmore,18:14,2,Aero Annoy,515134,Sporting Life,https://www.sportinglife.com/greyhounds/racecards/2026-09-05/monmore/racecard/515134
2026-09-05,Monmore,18:14,3,First Dates,515134,Sporting Life,https://www.sportinglife.com/greyhounds/racecards/2026-09-05/monmore/racecard/515134
2026-09-05,Monmore,18:14,4,Roulette,515134,Sporting Life,https://www.sportinglife.com/greyhounds/racecards/2026-09-05/monmore/racecard/515134
2026-09-05,Monmore,18:14,5,Rushmoor Patsy,515134,Sporting Life,https://www.sportinglife.com/greyhounds/racecards/2026-09-05/monmore/racecard/515134
2026-09-05,Monmore,18:14,6,Elderberry Flash,515134,Sporting Life,https://www.sportinglife.com/greyhounds/racecards/2026-09-05/monmore/racecard/515134
2026-09-05,Monmore,18:34,2,Believe My Eyes,515135,Sporting Life,https://www.sportinglife.com/greyhounds/racecards/2026-09-05/monmore/racecard/515135
2026-09-05,Monmore,18:34,3,Aero Biscuit,515135,Sporting Life,https://www.sportinglife.com/greyhounds/racecards/2026-09-05/monmore/racecard/515135
2026-09-05,Monmore,18:34,4,Vixons Mission,515135,Sporting Life,https://www.sportinglife.com/greyhounds/racecards/2026-09-05/monmore/racecard/515135
2026-09-05,Monmore,18:34,5,Elderberry Luna,515135,Sporting Life,https://www.sportinglife.com/greyhounds/racecards/2026-09-05/monmore/racecard/515135
2026-09-05,Monmore,18:34,6,Whisky Insta,515135,Sporting Life,https://www.sportinglife.com/greyhounds/racecards/2026-09-05/monmore/racecard/515135
2026-09-05,Monmore,18:54,1,Flyhigh Ernie,515136,Sporting Life,https://www.sportinglife.com/greyhounds/racecards/2026-09-05/monmore/racecard/515136
2026-09-05,Monmore,18:54,2,Stackemup Amy,515136,Sporting Life,https://www.sportinglife.com/greyhounds/racecards/2026-09-05/monmore/racecard/515136
2026-09-05,Monmore,18:54,3,Blue Woody,515136,Sporting Life,https://www.sportinglife.com/greyhounds/racecards/2026-09-05/monmore/racecard/515136
2026-09-05,Monmore,18:54,4,Phoenix Diva,515136,Sporting Life,https://www.sportinglife.com/greyhounds/racecards/2026-09-05/monmore/racecard/515136
2026-09-05,Monmore,18:54,5,Thirty Seconds,515136,Sporting Life,https://www.sportinglife.com/greyhounds/racecards/2026-09-05/monmore/racecard/515136
2026-09-05,Monmore,18:54,6,Aero Bassett,515136,Sporting Life,https://www.sportinglife.com/greyhounds/racecards/2026-09-05/monmore/racecard/515136
2026-09-05,Monmore,19:14,1,Tommys Target,515137,Sporting Life,https://www.sportinglife.com/greyhounds/racecards/2026-09-05/monmore/racecard/515137
2026-09-05,Monmore,19:14,3,Catchem Flawless,515137,Sporting Life,https://www.sportinglife.com/greyhounds/racecards/2026-09-05/monmore/racecard/515137
2026-09-05,Monmore,19:14,4,Hitit Agendavy,515137,Sporting Life,https://www.sportinglife.com/greyhounds/racecards/2026-09-05/monmore/racecard/515137
2026-09-05,Monmore,19:14,5,Aero Immoral,515137,Sporting Life,https://www.sportinglife.com/greyhounds/racecards/2026-09-05/monmore/racecard/515137
2026-09-05,Monmore,19:14,6,Kilwest Beauty,515137,Sporting Life,https://www.sportinglife.com/greyhounds/racecards/2026-09-05/monmore/racecard/515137
2026-09-05,Monmore,19:34,1,Goldstar Michael,515138,Sporting Life,https://www.sportinglife.com/greyhounds/racecards/2026-09-05/monmore/racecard/515138
2026-09-05,Monmore,19:34,2,Zenith Quincy,515138,Sporting Life,https://www.sportinglife.com/greyhounds/racecards/2026-09-05/monmore/racecard/515138
2026-09-05,Monmore,19:34,4,Aero Hope,515138,Sporting Life,https://www.sportinglife.com/greyhounds/racecards/2026-09-05/monmore/racecard/515138
2026-09-05,Monmore,19:34,6,Aero Sophie,515138,Sporting Life,https://www.sportinglife.com/greyhounds/racecards/2026-09-05/monmore/racecard/515138
2026-09-05,Monmore,19:54,1,Aero Boris,515139,Sporting Life,https://www.sportinglife.com/greyhounds/racecards/2026-09-05/monmore/racecard/515139
2026-09-05,Monmore,19:54,2,Aero Pepinillo,515139,Sporting Life,https://www.sportinglife.com/greyhounds/racecards/2026-09-05/monmore/racecard/515139
2026-09-05,Monmore,19:54,3,Caldera Flow,515139,Sporting Life,https://www.sportinglife.com/greyhounds/racecards/2026-09-05/monmore/racecard/515139
2026-09-05,Monmore,19:54,4,Chasing Rachel,515139,Sporting Life,https://www.sportinglife.com/greyhounds/racecards/2026-09-05/monmore/racecard/515139
2026-09-05,Monmore,19:54,5,Timmys Hunter,515139,Sporting Life,https://www.sportinglife.com/greyhounds/racecards/2026-09-05/monmore/racecard/515139
2026-09-05,Monmore,19:54,6,Onceina Lifetime,515139,Sporting Life,https://www.sportinglife.com/greyhounds/racecards/2026-09-05/monmore/racecard/515139
2026-09-05,Monmore,20:14,1,No Step Back,515140,Sporting Life,https://www.sportinglife.com/greyhounds/racecards/2026-09-05/monmore/racecard/515140
2026-09-05,Monmore,20:14,2,Drive On Signet,515140,Sporting Life,https://www.sportinglife.com/greyhounds/racecards/2026-09-05/monmore/racecard/515140
2026-09-05,Monmore,20:14,3,Aero Luther,515140,Sporting Life,https://www.sportinglife.com/greyhounds/racecards/2026-09-05/monmore/racecard/515140
2026-09-05,Monmore,20:14,4,Newinn Bachelor,515140,Sporting Life,https://www.sportinglife.com/greyhounds/racecards/2026-09-05/monmore/racecard/515140
2026-09-05,Monmore,20:14,5,Ruinthelonggame,515140,Sporting Life,https://www.sportinglife.com/greyhounds/racecards/2026-09-05/monmore/racecard/515140
2026-09-05,Monmore,20:14,6,Kates Goldie,515140,Sporting Life,https://www.sportinglife.com/greyhounds/racecards/2026-09-05/monmore/racecard/515140
2026-09-05,Monmore,20:34,1,Moanteen Hatton,515141,Sporting Life,https://www.sportinglife.com/greyhounds/racecards/2026-09-05/monmore/racecard/515141
2026-09-05,Monmore,20:34,2,Cashin Nell,515141,Sporting Life,https://www.sportinglife.com/greyhounds/racecards/2026-09-05/monmore/racecard/515141
2026-09-05,Monmore,20:34,3,Makeit Rocko,515141,Sporting Life,https://www.sportinglife.com/greyhounds/racecards/2026-09-05/monmore/racecard/515141
2026-09-05,Monmore,20:34,4,Sugar King,515141,Sporting Life,https://www.sportinglife.com/greyhounds/racecards/2026-09-05/monmore/racecard/515141
2026-09-05,Monmore,20:34,5,Deal For Two,515141,Sporting Life,https://www.sportinglife.com/greyhounds/racecards/2026-09-05/monmore/racecard/515141
2026-09-05,Monmore,20:34,6,Greenmount Hawk,515141,Sporting Life,https://www.sportinglife.com/greyhounds/racecards/2026-09-05/monmore/racecard/515141
2026-09-05,Monmore,20:54,1,Kilwest Diva,515142,Sporting Life,https://www.sportinglife.com/greyhounds/racecards/2026-09-05/monmore/racecard/515142
2026-09-05,Monmore,20:54,2,Adelinesfirstdog,515142,Sporting Life,https://www.sportinglife.com/greyhounds/racecards/2026-09-05/monmore/racecard/515142
2026-09-05,Monmore,20:54,3,Kick On Archie,515142,Sporting Life,https://www.sportinglife.com/greyhounds/racecards/2026-09-05/monmore/racecard/515142
2026-09-05,Monmore,20:54,4,Mon Amis,515142,Sporting Life,https://www.sportinglife.com/greyhounds/racecards/2026-09-05/monmore/racecard/515142
2026-09-05,Monmore,20:54,5,Thor Odinson,515142,Sporting Life,https://www.sportinglife.com/greyhounds/racecards/2026-09-05/monmore/racecard/515142
2026-09-05,Monmore,20:54,6,Kingsholm Road,515142,Sporting Life,https://www.sportinglife.com/greyhounds/racecards/2026-09-05/monmore/racecard/515142
2026-09-05,Monmore,21:14,1,Zenith Imminent,515143,Sporting Life,https://www.sportinglife.com/greyhounds/racecards/2026-09-05/monmore/racecard/515143
2026-09-05,Monmore,21:14,2,Rallying Cash,515143,Sporting Life,https://www.sportinglife.com/greyhounds/racecards/2026-09-05/monmore/racecard/515143
2026-09-05,Monmore,21:14,3,Blackstone Ten,515143,Sporting Life,https://www.sportinglife.com/greyhounds/racecards/2026-09-05/monmore/racecard/515143
2026-09-05,Monmore,21:14,4,Ballymac Odin,515143,Sporting Life,https://www.sportinglife.com/greyhounds/racecards/2026-09-05/monmore/racecard/515143
2026-09-05,Monmore,21:14,5,Beatties Bliss,515143,Sporting Life,https://www.sportinglife.com/greyhounds/racecards/2026-09-05/monmore/racecard/515143
2026-09-05,Monmore,21:14,6,Wise Tournament,515143,Sporting Life,https://www.sportinglife.com/greyhounds/racecards/2026-09-05/monmore/racecard/515143
2026-09-05,Monmore,21:34,1,Marlhill Queenie,515144,Sporting Life,https://www.sportinglife.com/greyhounds/racecards/2026-09-05/monmore/racecard/515144
2026-09-05,Monmore,21:34,3,Aero Walsh,515144,Sporting Life,https://www.sportinglife.com/greyhounds/racecards/2026-09-05/monmore/racecard/515144
2026-09-05,Monmore,21:34,4,Takemawaytony,515144,Sporting Life,https://www.sportinglife.com/greyhounds/racecards/2026-09-05/monmore/racecard/515144
2026-09-05,Monmore,21:34,6,Aero Replace,515144,Sporting Life,https://www.sportinglife.com/greyhounds/racecards/2026-09-05/monmore/racecard/515144
2026-09-05,Monmore,21:50,1,Newinn Rocky,515145,Sporting Life,https://www.sportinglife.com/greyhounds/racecards/2026-09-05/monmore/racecard/515145
2026-09-05,Monmore,21:50,2,Fourpenny Jill,515145,Sporting Life,https://www.sportinglife.com/greyhounds/racecards/2026-09-05/monmore/racecard/515145
2026-09-05,Monmore,21:50,3,Vixons Cruise,515145,Sporting Life,https://www.sportinglife.com/greyhounds/racecards/2026-09-05/monmore/racecard/515145
2026-09-05,Monmore,21:50,5,Green Road,515145,Sporting Life,https://www.sportinglife.com/greyhounds/racecards/2026-09-05/monmore/racecard/515145
2026-09-05,Monmore,21:50,6,Stealpy,515145,Sporting Life,https://www.sportinglife.com/greyhounds/racecards/2026-09-05/monmore/racecard/515145
2026-09-05,Newcastle,14:28,1,Brickkiln Matty,515171,Sporting Life,https://www.sportinglife.com/greyhounds/racecards/2026-09-05/newcastle/racecard/515171
2026-09-05,Newcastle,14:28,2,Swift Zen,515171,Sporting Life,https://www.sportinglife.com/greyhounds/racecards/2026-09-05/newcastle/racecard/515171
2026-09-05,Newcastle,14:28,3,Isaks Onthe Kop,515171,Sporting Life,https://www.sportinglife.com/greyhounds/racecards/2026-09-05/newcastle/racecard/515171
2026-09-05,Newcastle,14:28,5,Ballycoole Maggy,515171,Sporting Life,https://www.sportinglife.com/greyhounds/racecards/2026-09-05/newcastle/racecard/515171
2026-09-05,Newcastle,14:28,6,Alnwick Tina,515171,Sporting Life,https://www.sportinglife.com/greyhounds/racecards/2026-09-05/newcastle/racecard/515171
2026-09-05,Newcastle,14:48,1,Stormy Lisamarie,515172,Sporting Life,https://www.sportinglife.com/greyhounds/racecards/2026-09-05/newcastle/racecard/515172
2026-09-05,Newcastle,14:48,2,Orchid Simone,515172,Sporting Life,https://www.sportinglife.com/greyhounds/racecards/2026-09-05/newcastle/racecard/515172
2026-09-05,Newcastle,14:48,3,Onyago Kathy,515172,Sporting Life,https://www.sportinglife.com/greyhounds/racecards/2026-09-05/newcastle/racecard/515172
2026-09-05,Newcastle,14:48,4,Blackhouse Tom,515172,Sporting Life,https://www.sportinglife.com/greyhounds/racecards/2026-09-05/newcastle/racecard/515172
2026-09-05,Newcastle,14:48,5,Chasing Aine,515172,Sporting Life,https://www.sportinglife.com/greyhounds/racecards/2026-09-05/newcastle/racecard/515172
2026-09-05,Newcastle,15:08,1,Mongys Sapphire,515173,Sporting Life,https://www.sportinglife.com/greyhounds/racecards/2026-09-05/newcastle/racecard/515173
2026-09-05,Newcastle,15:08,2,Freedom Layton,515173,Sporting Life,https://www.sportinglife.com/greyhounds/racecards/2026-09-05/newcastle/racecard/515173
2026-09-05,Newcastle,15:08,3,Medusa,515173,Sporting Life,https://www.sportinglife.com/greyhounds/racecards/2026-09-05/newcastle/racecard/515173
2026-09-05,Newcastle,15:08,4,Amazing Rex,515173,Sporting Life,https://www.sportinglife.com/greyhounds/racecards/2026-09-05/newcastle/racecard/515173
2026-09-05,Newcastle,15:08,5,Dryland Velvet,515173,Sporting Life,https://www.sportinglife.com/greyhounds/racecards/2026-09-05/newcastle/racecard/515173
2026-09-05,Newcastle,15:28,1,Zenith Efendi,515174,Sporting Life,https://www.sportinglife.com/greyhounds/racecards/2026-09-05/newcastle/racecard/515174
2026-09-05,Newcastle,15:28,2,Wanted Bocko,515174,Sporting Life,https://www.sportinglife.com/greyhounds/racecards/2026-09-05/newcastle/racecard/515174
2026-09-05,Newcastle,15:28,3,Mossend Dan,515174,Sporting Life,https://www.sportinglife.com/greyhounds/racecards/2026-09-05/newcastle/racecard/515174
2026-09-05,Newcastle,15:28,4,Garren Zulu,515174,Sporting Life,https://www.sportinglife.com/greyhounds/racecards/2026-09-05/newcastle/racecard/515174
2026-09-05,Newcastle,15:28,5,Canny Smokey,515174,Sporting Life,https://www.sportinglife.com/greyhounds/racecards/2026-09-05/newcastle/racecard/515174
2026-09-05,Newcastle,15:28,6,Inclement Cindy,515174,Sporting Life,https://www.sportinglife.com/greyhounds/racecards/2026-09-05/newcastle/racecard/515174
2026-09-05,Newcastle,15:48,1,Winscale Wonder,515175,Sporting Life,https://www.sportinglife.com/greyhounds/racecards/2026-09-05/newcastle/racecard/515175
2026-09-05,Newcastle,15:48,2,Charlies Topshot,515175,Sporting Life,https://www.sportinglife.com/greyhounds/racecards/2026-09-05/newcastle/racecard/515175
2026-09-05,Newcastle,15:48,3,A Bit Of Betty,515175,Sporting Life,https://www.sportinglife.com/greyhounds/racecards/2026-09-05/newcastle/racecard/515175
2026-09-05,Newcastle,15:48,4,Droopys Trigger,515175,Sporting Life,https://www.sportinglife.com/greyhounds/racecards/2026-09-05/newcastle/racecard/515175
2026-09-05,Newcastle,15:48,5,Putya Foot Down,515175,Sporting Life,https://www.sportinglife.com/greyhounds/racecards/2026-09-05/newcastle/racecard/515175
2026-09-05,Newcastle,16:08,1,Be Here Now,515176,Sporting Life,https://www.sportinglife.com/greyhounds/racecards/2026-09-05/newcastle/racecard/515176
2026-09-05,Newcastle,16:08,2,Blackhouse Bolt,515176,Sporting Life,https://www.sportinglife.com/greyhounds/racecards/2026-09-05/newcastle/racecard/515176
2026-09-05,Newcastle,16:08,3,Emers Tyson,515176,Sporting Life,https://www.sportinglife.com/greyhounds/racecards/2026-09-05/newcastle/racecard/515176
2026-09-05,Newcastle,16:08,4,Coopers Richie,515176,Sporting Life,https://www.sportinglife.com/greyhounds/racecards/2026-09-05/newcastle/racecard/515176
2026-09-05,Newcastle,16:08,5,Alnwick Megan,515176,Sporting Life,https://www.sportinglife.com/greyhounds/racecards/2026-09-05/newcastle/racecard/515176
2026-09-05,Newcastle,16:08,6,Megans Angel,515176,Sporting Life,https://www.sportinglife.com/greyhounds/racecards/2026-09-05/newcastle/racecard/515176
2026-09-05,Newcastle,16:28,1,Onyergostar,515177,Sporting Life,https://www.sportinglife.com/greyhounds/racecards/2026-09-05/newcastle/racecard/515177
2026-09-05,Newcastle,16:28,2,Alnwick Queen,515177,Sporting Life,https://www.sportinglife.com/greyhounds/racecards/2026-09-05/newcastle/racecard/515177
2026-09-05,Newcastle,16:28,3,Quivers Haka,515177,Sporting Life,https://www.sportinglife.com/greyhounds/racecards/2026-09-05/newcastle/racecard/515177
2026-09-05,Newcastle,16:28,4,Abit Of Silly,515177,Sporting Life,https://www.sportinglife.com/greyhounds/racecards/2026-09-05/newcastle/racecard/515177
2026-09-05,Newcastle,16:28,6,Alnwick Bolt,515177,Sporting Life,https://www.sportinglife.com/greyhounds/racecards/2026-09-05/newcastle/racecard/515177
2026-09-05,Newcastle,16:48,1,Never Too Late,515178,Sporting Life,https://www.sportinglife.com/greyhounds/racecards/2026-09-05/newcastle/racecard/515178
2026-09-05,Newcastle,16:48,2,Shebas Shine,515178,Sporting Life,https://www.sportinglife.com/greyhounds/racecards/2026-09-05/newcastle/racecard/515178
2026-09-05,Newcastle,16:48,3,Canny Smiler,515178,Sporting Life,https://www.sportinglife.com/greyhounds/racecards/2026-09-05/newcastle/racecard/515178
2026-09-05,Newcastle,16:48,4,A Bit Of Hunter,515178,Sporting Life,https://www.sportinglife.com/greyhounds/racecards/2026-09-05/newcastle/racecard/515178
2026-09-05,Newcastle,16:48,5,Vinny Chase,515178,Sporting Life,https://www.sportinglife.com/greyhounds/racecards/2026-09-05/newcastle/racecard/515178
2026-09-05,Newcastle,16:48,6,Tetra Cruising,515178,Sporting Life,https://www.sportinglife.com/greyhounds/racecards/2026-09-05/newcastle/racecard/515178
2026-09-05,Newcastle,17:08,1,Brickkiln Bugsy,515179,Sporting Life,https://www.sportinglife.com/greyhounds/racecards/2026-09-05/newcastle/racecard/515179
2026-09-05,Newcastle,17:08,2,Ballymac Fearne,515179,Sporting Life,https://www.sportinglife.com/greyhounds/racecards/2026-09-05/newcastle/racecard/515179
2026-09-05,Newcastle,17:08,3,Wraysbury King,515179,Sporting Life,https://www.sportinglife.com/greyhounds/racecards/2026-09-05/newcastle/racecard/515179
2026-09-05,Newcastle,17:08,4,Dakotas Renae,515179,Sporting Life,https://www.sportinglife.com/greyhounds/racecards/2026-09-05/newcastle/racecard/515179
2026-09-05,Newcastle,17:08,5,Byebye Guimaraes,515179,Sporting Life,https://www.sportinglife.com/greyhounds/racecards/2026-09-05/newcastle/racecard/515179
2026-09-05,Newcastle,17:08,6,Texas Ranger,515179,Sporting Life,https://www.sportinglife.com/greyhounds/racecards/2026-09-05/newcastle/racecard/515179
2026-09-05,Newcastle,17:24,1,Blackhouse Love,515180,Sporting Life,https://www.sportinglife.com/greyhounds/racecards/2026-09-05/newcastle/racecard/515180
2026-09-05,Newcastle,17:24,2,Iraolas The Boss,515180,Sporting Life,https://www.sportinglife.com/greyhounds/racecards/2026-09-05/newcastle/racecard/515180
2026-09-05,Newcastle,17:24,3,Alnwick Ava,515180,Sporting Life,https://www.sportinglife.com/greyhounds/racecards/2026-09-05/newcastle/racecard/515180
2026-09-05,Newcastle,17:24,4,Coppice Sioux,515180,Sporting Life,https://www.sportinglife.com/greyhounds/racecards/2026-09-05/newcastle/racecard/515180
2026-09-05,Newcastle,17:24,6,Alnwick River,515180,Sporting Life,https://www.sportinglife.com/greyhounds/racecards/2026-09-05/newcastle/racecard/515180
2026-09-05,Newcastle,17:43,1,Mollys Aoibhe,515181,Sporting Life,https://www.sportinglife.com/greyhounds/racecards/2026-09-05/newcastle/racecard/515181
2026-09-05,Newcastle,17:43,2,Alnwick Abby,515181,Sporting Life,https://www.sportinglife.com/greyhounds/racecards/2026-09-05/newcastle/racecard/515181
2026-09-05,Newcastle,17:43,3,Canny Stunner,515181,Sporting Life,https://www.sportinglife.com/greyhounds/racecards/2026-09-05/newcastle/racecard/515181
2026-09-05,Newcastle,17:43,4,Under The Skin,515181,Sporting Life,https://www.sportinglife.com/greyhounds/racecards/2026-09-05/newcastle/racecard/515181
2026-09-05,Newcastle,17:43,5,Strictly Vito,515181,Sporting Life,https://www.sportinglife.com/greyhounds/racecards/2026-09-05/newcastle/racecard/515181
2026-09-05,Newcastle,17:43,6,Inclement Mist,515181,Sporting Life,https://www.sportinglife.com/greyhounds/racecards/2026-09-05/newcastle/racecard/515181
2026-09-05,Newcastle,18:01,1,Fine By Me,515182,Sporting Life,https://www.sportinglife.com/greyhounds/racecards/2026-09-05/newcastle/racecard/515182
2026-09-05,Newcastle,18:01,2,Footfield Squeak,515182,Sporting Life,https://www.sportinglife.com/greyhounds/racecards/2026-09-05/newcastle/racecard/515182
2026-09-05,Newcastle,18:01,3,Blackhouse Bobby,515182,Sporting Life,https://www.sportinglife.com/greyhounds/racecards/2026-09-05/newcastle/racecard/515182
2026-09-05,Newcastle,18:01,4,Wraysbury Silver,515182,Sporting Life,https://www.sportinglife.com/greyhounds/racecards/2026-09-05/newcastle/racecard/515182
2026-09-05,Newcastle,18:01,5,Five Alley Macy,515182,Sporting Life,https://www.sportinglife.com/greyhounds/racecards/2026-09-05/newcastle/racecard/515182
2026-09-05,Newcastle,18:01,6,Coppice Kaiser,515182,Sporting Life,https://www.sportinglife.com/greyhounds/racecards/2026-09-05/newcastle/racecard/515182
2026-09-05,Romford,11:09,1,Easy Flossy,515233,Sporting Life,https://www.sportinglife.com/greyhounds/racecards/2026-09-05/romford/racecard/515233
2026-09-05,Romford,11:09,2,Crafty Boyo,515233,Sporting Life,https://www.sportinglife.com/greyhounds/racecards/2026-09-05/romford/racecard/515233
2026-09-05,Romford,11:09,3,Thread Of Hope,515233,Sporting Life,https://www.sportinglife.com/greyhounds/racecards/2026-09-05/romford/racecard/515233
2026-09-05,Romford,11:09,4,Jacktavern Taz,515233,Sporting Life,https://www.sportinglife.com/greyhounds/racecards/2026-09-05/romford/racecard/515233
2026-09-05,Romford,11:09,5,Coolanga Junior,515233,Sporting Life,https://www.sportinglife.com/greyhounds/racecards/2026-09-05/romford/racecard/515233
2026-09-05,Romford,11:09,6,Trumps Again,515233,Sporting Life,https://www.sportinglife.com/greyhounds/racecards/2026-09-05/romford/racecard/515233
2026-09-05,Romford,11:27,1,Catunda Harlow,515234,Sporting Life,https://www.sportinglife.com/greyhounds/racecards/2026-09-05/romford/racecard/515234
2026-09-05,Romford,11:27,2,Cosmic Blue,515234,Sporting Life,https://www.sportinglife.com/greyhounds/racecards/2026-09-05/romford/racecard/515234
2026-09-05,Romford,11:27,3,Hollywood Pretty,515234,Sporting Life,https://www.sportinglife.com/greyhounds/racecards/2026-09-05/romford/racecard/515234
2026-09-05,Romford,11:27,4,Kingdom Galaxy,515234,Sporting Life,https://www.sportinglife.com/greyhounds/racecards/2026-09-05/romford/racecard/515234
2026-09-05,Romford,11:27,5,Donegal Cian,515234,Sporting Life,https://www.sportinglife.com/greyhounds/racecards/2026-09-05/romford/racecard/515234
2026-09-05,Romford,11:27,6,Fastlane Frankie,515234,Sporting Life,https://www.sportinglife.com/greyhounds/racecards/2026-09-05/romford/racecard/515234
2026-09-05,Romford,11:43,1,Bingo Tina,515235,Sporting Life,https://www.sportinglife.com/greyhounds/racecards/2026-09-05/romford/racecard/515235
2026-09-05,Romford,11:43,2,Paradise Clover,515235,Sporting Life,https://www.sportinglife.com/greyhounds/racecards/2026-09-05/romford/racecard/515235
2026-09-05,Romford,11:43,3,Demon Lad,515235,Sporting Life,https://www.sportinglife.com/greyhounds/racecards/2026-09-05/romford/racecard/515235
2026-09-05,Romford,11:43,4,Daring Hoffa,515235,Sporting Life,https://www.sportinglife.com/greyhounds/racecards/2026-09-05/romford/racecard/515235
2026-09-05,Romford,11:43,5,Raha Stevie,515235,Sporting Life,https://www.sportinglife.com/greyhounds/racecards/2026-09-05/romford/racecard/515235
2026-09-05,Romford,11:43,6,Hawkfield Grant,515235,Sporting Life,https://www.sportinglife.com/greyhounds/racecards/2026-09-05/romford/racecard/515235
2026-09-05,Romford,12:01,1,Tip Top Niamh,515236,Sporting Life,https://www.sportinglife.com/greyhounds/racecards/2026-09-05/romford/racecard/515236
2026-09-05,Romford,12:01,2,Droopys Maybe,515236,Sporting Life,https://www.sportinglife.com/greyhounds/racecards/2026-09-05/romford/racecard/515236
2026-09-05,Romford,12:01,3,Distant Milo,515236,Sporting Life,https://www.sportinglife.com/greyhounds/racecards/2026-09-05/romford/racecard/515236
2026-09-05,Romford,12:01,4,Oioi Savaloy,515236,Sporting Life,https://www.sportinglife.com/greyhounds/racecards/2026-09-05/romford/racecard/515236
2026-09-05,Romford,12:01,5,Micks Boy,515236,Sporting Life,https://www.sportinglife.com/greyhounds/racecards/2026-09-05/romford/racecard/515236
2026-09-05,Romford,12:18,1,Haverhill Matt,515237,Sporting Life,https://www.sportinglife.com/greyhounds/racecards/2026-09-05/romford/racecard/515237
2026-09-05,Romford,12:18,2,Whizzy Dot,515237,Sporting Life,https://www.sportinglife.com/greyhounds/racecards/2026-09-05/romford/racecard/515237
2026-09-05,Romford,12:18,3,My Sweet Boy,515237,Sporting Life,https://www.sportinglife.com/greyhounds/racecards/2026-09-05/romford/racecard/515237
2026-09-05,Romford,12:18,4,Binksy Dobbie,515237,Sporting Life,https://www.sportinglife.com/greyhounds/racecards/2026-09-05/romford/racecard/515237
2026-09-05,Romford,12:18,5,Toems Bono,515237,Sporting Life,https://www.sportinglife.com/greyhounds/racecards/2026-09-05/romford/racecard/515237
2026-09-05,Romford,12:34,1,Jeopardy Panther,515238,Sporting Life,https://www.sportinglife.com/greyhounds/racecards/2026-09-05/romford/racecard/515238
2026-09-05,Romford,12:34,2,Itsur View,515238,Sporting Life,https://www.sportinglife.com/greyhounds/racecards/2026-09-05/romford/racecard/515238
2026-09-05,Romford,12:34,3,Ten Fold,515238,Sporting Life,https://www.sportinglife.com/greyhounds/racecards/2026-09-05/romford/racecard/515238
2026-09-05,Romford,12:34,4,Unmistakeable,515238,Sporting Life,https://www.sportinglife.com/greyhounds/racecards/2026-09-05/romford/racecard/515238
2026-09-05,Romford,12:34,5,Yahoo Poppy,515238,Sporting Life,https://www.sportinglife.com/greyhounds/racecards/2026-09-05/romford/racecard/515238
2026-09-05,Romford,12:34,6,Langston Lucky,515238,Sporting Life,https://www.sportinglife.com/greyhounds/racecards/2026-09-05/romford/racecard/515238
2026-09-05,Romford,12:51,1,Toems Jess,515239,Sporting Life,https://www.sportinglife.com/greyhounds/racecards/2026-09-05/romford/racecard/515239
2026-09-05,Romford,12:51,2,Velvet Kaela,515239,Sporting Life,https://www.sportinglife.com/greyhounds/racecards/2026-09-05/romford/racecard/515239
2026-09-05,Romford,12:51,3,Brandywell Queen,515239,Sporting Life,https://www.sportinglife.com/greyhounds/racecards/2026-09-05/romford/racecard/515239
2026-09-05,Romford,12:51,4,Ashwood Links,515239,Sporting Life,https://www.sportinglife.com/greyhounds/racecards/2026-09-05/romford/racecard/515239
2026-09-05,Romford,12:51,5,Swift Kelvin,515239,Sporting Life,https://www.sportinglife.com/greyhounds/racecards/2026-09-05/romford/racecard/515239
2026-09-05,Romford,12:51,6,Blue Shine,515239,Sporting Life,https://www.sportinglife.com/greyhounds/racecards/2026-09-05/romford/racecard/515239
2026-09-05,Romford,13:08,1,Burgess Sharon,515240,Sporting Life,https://www.sportinglife.com/greyhounds/racecards/2026-09-05/romford/racecard/515240
2026-09-05,Romford,13:08,2,Cofam Bob,515240,Sporting Life,https://www.sportinglife.com/greyhounds/racecards/2026-09-05/romford/racecard/515240
2026-09-05,Romford,13:08,3,Abel Mabel,515240,Sporting Life,https://www.sportinglife.com/greyhounds/racecards/2026-09-05/romford/racecard/515240
2026-09-05,Romford,13:08,4,Underground Syd,515240,Sporting Life,https://www.sportinglife.com/greyhounds/racecards/2026-09-05/romford/racecard/515240
2026-09-05,Romford,13:08,6,Droopys Floorish,515240,Sporting Life,https://www.sportinglife.com/greyhounds/racecards/2026-09-05/romford/racecard/515240
2026-09-05,Romford,13:26,1,Back To Front,515241,Sporting Life,https://www.sportinglife.com/greyhounds/racecards/2026-09-05/romford/racecard/515241
2026-09-05,Romford,13:26,2,Showmetheclock,515241,Sporting Life,https://www.sportinglife.com/greyhounds/racecards/2026-09-05/romford/racecard/515241
2026-09-05,Romford,13:26,3,Returning Storm,515241,Sporting Life,https://www.sportinglife.com/greyhounds/racecards/2026-09-05/romford/racecard/515241
2026-09-05,Romford,13:26,5,Tommys Amber,515241,Sporting Life,https://www.sportinglife.com/greyhounds/racecards/2026-09-05/romford/racecard/515241
2026-09-05,Romford,13:26,6,Bowmers King,515241,Sporting Life,https://www.sportinglife.com/greyhounds/racecards/2026-09-05/romford/racecard/515241
2026-09-05,Romford,13:42,1,Lemming Panna,515242,Sporting Life,https://www.sportinglife.com/greyhounds/racecards/2026-09-05/romford/racecard/515242
2026-09-05,Romford,13:42,2,Bacon Hotpot,515242,Sporting Life,https://www.sportinglife.com/greyhounds/racecards/2026-09-05/romford/racecard/515242
2026-09-05,Romford,13:42,3,Carlow Road,515242,Sporting Life,https://www.sportinglife.com/greyhounds/racecards/2026-09-05/romford/racecard/515242
2026-09-05,Romford,13:42,4,Dinos Yogi,515242,Sporting Life,https://www.sportinglife.com/greyhounds/racecards/2026-09-05/romford/racecard/515242
2026-09-05,Romford,13:42,5,Andys Dream,515242,Sporting Life,https://www.sportinglife.com/greyhounds/racecards/2026-09-05/romford/racecard/515242
2026-09-05,Romford,13:59,1,Fionns Rafa,515243,Sporting Life,https://www.sportinglife.com/greyhounds/racecards/2026-09-05/romford/racecard/515243
2026-09-05,Romford,13:59,2,Rural Bluey,515243,Sporting Life,https://www.sportinglife.com/greyhounds/racecards/2026-09-05/romford/racecard/515243
2026-09-05,Romford,13:59,3,Kinielty Rosie,515243,Sporting Life,https://www.sportinglife.com/greyhounds/racecards/2026-09-05/romford/racecard/515243
2026-09-05,Romford,13:59,5,Kingdom Tilly,515243,Sporting Life,https://www.sportinglife.com/greyhounds/racecards/2026-09-05/romford/racecard/515243
2026-09-05,Romford,13:59,6,Orange Ryan,515243,Sporting Life,https://www.sportinglife.com/greyhounds/racecards/2026-09-05/romford/racecard/515243
2026-09-05,Romford,14:14,1,Teejays Chelms,515244,Sporting Life,https://www.sportinglife.com/greyhounds/racecards/2026-09-05/romford/racecard/515244
2026-09-05,Romford,14:14,2,Alans Amigo,515244,Sporting Life,https://www.sportinglife.com/greyhounds/racecards/2026-09-05/romford/racecard/515244
2026-09-05,Romford,14:14,4,Knockdrinna Lass,515244,Sporting Life,https://www.sportinglife.com/greyhounds/racecards/2026-09-05/romford/racecard/515244
2026-09-05,Romford,14:14,5,Kilbride Office,515244,Sporting Life,https://www.sportinglife.com/greyhounds/racecards/2026-09-05/romford/racecard/515244
2026-09-05,Romford,14:14,6,Swift Agile,515244,Sporting Life,https://www.sportinglife.com/greyhounds/racecards/2026-09-05/romford/racecard/515244
2026-09-05,Romford,18:42,1,Velvet Murillo,515245,Sporting Life,https://www.sportinglife.com/greyhounds/racecards/2026-09-05/romford/racecard/515245
2026-09-05,Romford,18:42,2,Peteys Queen,515245,Sporting Life,https://www.sportinglife.com/greyhounds/racecards/2026-09-05/romford/racecard/515245
2026-09-05,Romford,18:42,3,Rough Ronan,515245,Sporting Life,https://www.sportinglife.com/greyhounds/racecards/2026-09-05/romford/racecard/515245
2026-09-05,Romford,18:42,4,Old Fort Jiver,515245,Sporting Life,https://www.sportinglife.com/greyhounds/racecards/2026-09-05/romford/racecard/515245
2026-09-05,Romford,18:42,5,Milltown Kim,515245,Sporting Life,https://www.sportinglife.com/greyhounds/racecards/2026-09-05/romford/racecard/515245
2026-09-05,Romford,18:42,6,Droopys Cassia,515245,Sporting Life,https://www.sportinglife.com/greyhounds/racecards/2026-09-05/romford/racecard/515245
2026-09-05,Romford,19:02,2,Thirtyapop,515246,Sporting Life,https://www.sportinglife.com/greyhounds/racecards/2026-09-05/romford/racecard/515246
2026-09-05,Romford,19:02,3,Snoopys Opal,515246,Sporting Life,https://www.sportinglife.com/greyhounds/racecards/2026-09-05/romford/racecard/515246
2026-09-05,Romford,19:02,4,Dots Petra,515246,Sporting Life,https://www.sportinglife.com/greyhounds/racecards/2026-09-05/romford/racecard/515246
2026-09-05,Romford,19:02,5,Flacos Flyer,515246,Sporting Life,https://www.sportinglife.com/greyhounds/racecards/2026-09-05/romford/racecard/515246
2026-09-05,Romford,19:02,6,Holding Suzie,515246,Sporting Life,https://www.sportinglife.com/greyhounds/racecards/2026-09-05/romford/racecard/515246
2026-09-05,Romford,19:22,1,Coolanga Diamond,515247,Sporting Life,https://www.sportinglife.com/greyhounds/racecards/2026-09-05/romford/racecard/515247
2026-09-05,Romford,19:22,2,Whitehartwinter,515247,Sporting Life,https://www.sportinglife.com/greyhounds/racecards/2026-09-05/romford/racecard/515247
2026-09-05,Romford,19:22,3,Underground Debs,515247,Sporting Life,https://www.sportinglife.com/greyhounds/racecards/2026-09-05/romford/racecard/515247
2026-09-05,Romford,19:22,4,Old Fort Monaco,515247,Sporting Life,https://www.sportinglife.com/greyhounds/racecards/2026-09-05/romford/racecard/515247
2026-09-05,Romford,19:22,5,Tea Leaf Thor,515247,Sporting Life,https://www.sportinglife.com/greyhounds/racecards/2026-09-05/romford/racecard/515247
2026-09-05,Romford,19:22,6,Cowboy Terry,515247,Sporting Life,https://www.sportinglife.com/greyhounds/racecards/2026-09-05/romford/racecard/515247
2026-09-05,Romford,19:42,2,Bensourboy,515248,Sporting Life,https://www.sportinglife.com/greyhounds/racecards/2026-09-05/romford/racecard/515248
2026-09-05,Romford,19:42,3,Underground Zeus,515248,Sporting Life,https://www.sportinglife.com/greyhounds/racecards/2026-09-05/romford/racecard/515248
2026-09-05,Romford,19:42,4,Swift Accomplish,515248,Sporting Life,https://www.sportinglife.com/greyhounds/racecards/2026-09-05/romford/racecard/515248
2026-09-05,Romford,19:42,5,False Time,515248,Sporting Life,https://www.sportinglife.com/greyhounds/racecards/2026-09-05/romford/racecard/515248
2026-09-05,Romford,19:42,6,Absolute Rocket,515248,Sporting Life,https://www.sportinglife.com/greyhounds/racecards/2026-09-05/romford/racecard/515248
2026-09-05,Romford,20:02,1,Aint Got No Cash,515249,Sporting Life,https://www.sportinglife.com/greyhounds/racecards/2026-09-05/romford/racecard/515249
2026-09-05,Romford,20:02,3,Hawthorn Grange,515249,Sporting Life,https://www.sportinglife.com/greyhounds/racecards/2026-09-05/romford/racecard/515249
2026-09-05,Romford,20:02,4,Informant,515249,Sporting Life,https://www.sportinglife.com/greyhounds/racecards/2026-09-05/romford/racecard/515249
2026-09-05,Romford,20:02,5,Catunda Nemo,515249,Sporting Life,https://www.sportinglife.com/greyhounds/racecards/2026-09-05/romford/racecard/515249
2026-09-05,Romford,20:02,6,Hawkfield Kiki,515249,Sporting Life,https://www.sportinglife.com/greyhounds/racecards/2026-09-05/romford/racecard/515249
2026-09-05,Romford,20:22,1,Siennasbabyangel,515250,Sporting Life,https://www.sportinglife.com/greyhounds/racecards/2026-09-05/romford/racecard/515250
2026-09-05,Romford,20:22,2,Kingsroad Rocket,515250,Sporting Life,https://www.sportinglife.com/greyhounds/racecards/2026-09-05/romford/racecard/515250
2026-09-05,Romford,20:22,3,Distant Lilly,515250,Sporting Life,https://www.sportinglife.com/greyhounds/racecards/2026-09-05/romford/racecard/515250
2026-09-05,Romford,20:22,4,Chelms Jack,515250,Sporting Life,https://www.sportinglife.com/greyhounds/racecards/2026-09-05/romford/racecard/515250
2026-09-05,Romford,20:22,6,Blazeaway Blue,515250,Sporting Life,https://www.sportinglife.com/greyhounds/racecards/2026-09-05/romford/racecard/515250
2026-09-05,Romford,20:42,1,Jeopardy Diva,515251,Sporting Life,https://www.sportinglife.com/greyhounds/racecards/2026-09-05/romford/racecard/515251
2026-09-05,Romford,20:42,2,Romford Sheriff,515251,Sporting Life,https://www.sportinglife.com/greyhounds/racecards/2026-09-05/romford/racecard/515251
2026-09-05,Romford,20:42,3,Showgirl Lola,515251,Sporting Life,https://www.sportinglife.com/greyhounds/racecards/2026-09-05/romford/racecard/515251
2026-09-05,Romford,20:42,4,Snoopys Star,515251,Sporting Life,https://www.sportinglife.com/greyhounds/racecards/2026-09-05/romford/racecard/515251
2026-09-05,Romford,20:42,5,Blackrose Amy,515251,Sporting Life,https://www.sportinglife.com/greyhounds/racecards/2026-09-05/romford/racecard/515251
2026-09-05,Romford,20:42,6,Keefill Darwin,515251,Sporting Life,https://www.sportinglife.com/greyhounds/racecards/2026-09-05/romford/racecard/515251
2026-09-05,Romford,21:02,1,Hannipaul Lecter,515252,Sporting Life,https://www.sportinglife.com/greyhounds/racecards/2026-09-05/romford/racecard/515252
2026-09-05,Romford,21:02,2,Ritzy Soldier,515252,Sporting Life,https://www.sportinglife.com/greyhounds/racecards/2026-09-05/romford/racecard/515252
2026-09-05,Romford,21:02,3,Young Apache,515252,Sporting Life,https://www.sportinglife.com/greyhounds/racecards/2026-09-05/romford/racecard/515252
2026-09-05,Romford,21:02,4,Distant Ciara,515252,Sporting Life,https://www.sportinglife.com/greyhounds/racecards/2026-09-05/romford/racecard/515252
2026-09-05,Romford,21:02,5,Trinity Bella,515252,Sporting Life,https://www.sportinglife.com/greyhounds/racecards/2026-09-05/romford/racecard/515252
2026-09-05,Romford,21:22,2,Funky Ryan,515253,Sporting Life,https://www.sportinglife.com/greyhounds/racecards/2026-09-05/romford/racecard/515253
2026-09-05,Romford,21:22,3,Highway Bobby,515253,Sporting Life,https://www.sportinglife.com/greyhounds/racecards/2026-09-05/romford/racecard/515253
2026-09-05,Romford,21:22,4,Funky Adz,515253,Sporting Life,https://www.sportinglife.com/greyhounds/racecards/2026-09-05/romford/racecard/515253
2026-09-05,Romford,21:22,5,Stormy Pat,515253,Sporting Life,https://www.sportinglife.com/greyhounds/racecards/2026-09-05/romford/racecard/515253
2026-09-05,Romford,21:22,6,Headford Eimear,515253,Sporting Life,https://www.sportinglife.com/greyhounds/racecards/2026-09-05/romford/racecard/515253
2026-09-05,Romford,21:42,1,Aero Sasha,515254,Sporting Life,https://www.sportinglife.com/greyhounds/racecards/2026-09-05/romford/racecard/515254
2026-09-05,Romford,21:42,2,Chapel Gardens,515254,Sporting Life,https://www.sportinglife.com/greyhounds/racecards/2026-09-05/romford/racecard/515254
2026-09-05,Romford,21:42,4,Good Destiny,515254,Sporting Life,https://www.sportinglife.com/greyhounds/racecards/2026-09-05/romford/racecard/515254
2026-09-05,Romford,21:42,5,Sporting Aduri,515254,Sporting Life,https://www.sportinglife.com/greyhounds/racecards/2026-09-05/romford/racecard/515254
2026-09-05,Romford,21:42,6,Lavan Minstrelle,515254,Sporting Life,https://www.sportinglife.com/greyhounds/racecards/2026-09-05/romford/racecard/515254
2026-09-05,Romford,22:02,1,Sparkling Katie,515255,Sporting Life,https://www.sportinglife.com/greyhounds/racecards/2026-09-05/romford/racecard/515255
2026-09-05,Romford,22:02,3,Yahoo Jimmy,515255,Sporting Life,https://www.sportinglife.com/greyhounds/racecards/2026-09-05/romford/racecard/515255
2026-09-05,Romford,22:02,4,Seomra Mint,515255,Sporting Life,https://www.sportinglife.com/greyhounds/racecards/2026-09-05/romford/racecard/515255
2026-09-05,Romford,22:02,5,You Kidding Me,515255,Sporting Life,https://www.sportinglife.com/greyhounds/racecards/2026-09-05/romford/racecard/515255
2026-09-05,Romford,22:02,6,Big Time Roisin,515255,Sporting Life,https://www.sportinglife.com/greyhounds/racecards/2026-09-05/romford/racecard/515255
2026-09-05,Romford,22:20,1,Dellser Clara,515256,Sporting Life,https://www.sportinglife.com/greyhounds/racecards/2026-09-05/romford/racecard/515256
2026-09-05,Romford,22:20,2,Velvet Ace,515256,Sporting Life,https://www.sportinglife.com/greyhounds/racecards/2026-09-05/romford/racecard/515256
2026-09-05,Romford,22:20,3,Old Fort Wifi,515256,Sporting Life,https://www.sportinglife.com/greyhounds/racecards/2026-09-05/romford/racecard/515256
2026-09-05,Romford,22:20,4,Crystal Nancy,515256,Sporting Life,https://www.sportinglife.com/greyhounds/racecards/2026-09-05/romford/racecard/515256
2026-09-05,Romford,22:20,6,Winning Combo,515256,Sporting Life,https://www.sportinglife.com/greyhounds/racecards/2026-09-05/romford/racecard/515256
2026-09-05,Sheffield,19:30,1,Good Hermes,515114,Sporting Life,https://www.sportinglife.com/greyhounds/racecards/2026-09-05/sheffield/racecard/515114
2026-09-05,Sheffield,19:30,3,March On Kit,515114,Sporting Life,https://www.sportinglife.com/greyhounds/racecards/2026-09-05/sheffield/racecard/515114
2026-09-05,Sheffield,19:30,4,Selfless Flo,515114,Sporting Life,https://www.sportinglife.com/greyhounds/racecards/2026-09-05/sheffield/racecard/515114
2026-09-05,Sheffield,19:30,5,Ardnasool North,515114,Sporting Life,https://www.sportinglife.com/greyhounds/racecards/2026-09-05/sheffield/racecard/515114
2026-09-05,Sheffield,19:47,1,Newinn Polly,515115,Sporting Life,https://www.sportinglife.com/greyhounds/racecards/2026-09-05/sheffield/racecard/515115
2026-09-05,Sheffield,19:47,2,Catunda Tyson,515115,Sporting Life,https://www.sportinglife.com/greyhounds/racecards/2026-09-05/sheffield/racecard/515115
2026-09-05,Sheffield,19:47,3,Drumdoit Galaxy,515115,Sporting Life,https://www.sportinglife.com/greyhounds/racecards/2026-09-05/sheffield/racecard/515115
2026-09-05,Sheffield,19:47,4,Mucky Trump,515115,Sporting Life,https://www.sportinglife.com/greyhounds/racecards/2026-09-05/sheffield/racecard/515115
2026-09-05,Sheffield,20:04,1,Quality Style,515116,Sporting Life,https://www.sportinglife.com/greyhounds/racecards/2026-09-05/sheffield/racecard/515116
2026-09-05,Sheffield,20:04,2,Bombay Bingo,515116,Sporting Life,https://www.sportinglife.com/greyhounds/racecards/2026-09-05/sheffield/racecard/515116
2026-09-05,Sheffield,20:04,3,Killeacle Heidi,515116,Sporting Life,https://www.sportinglife.com/greyhounds/racecards/2026-09-05/sheffield/racecard/515116
2026-09-05,Sheffield,20:04,5,Sliabh King,515116,Sporting Life,https://www.sportinglife.com/greyhounds/racecards/2026-09-05/sheffield/racecard/515116
2026-09-05,Sheffield,20:21,1,Confident Rover,515117,Sporting Life,https://www.sportinglife.com/greyhounds/racecards/2026-09-05/sheffield/racecard/515117
2026-09-05,Sheffield,20:21,3,Autumn Lydia,515117,Sporting Life,https://www.sportinglife.com/greyhounds/racecards/2026-09-05/sheffield/racecard/515117
2026-09-05,Sheffield,20:21,4,Dance Lovee,515117,Sporting Life,https://www.sportinglife.com/greyhounds/racecards/2026-09-05/sheffield/racecard/515117
2026-09-05,Sheffield,20:21,5,Windgap Frost,515117,Sporting Life,https://www.sportinglife.com/greyhounds/racecards/2026-09-05/sheffield/racecard/515117
2026-09-05,Sheffield,20:38,1,Antepost Bet,515118,Sporting Life,https://www.sportinglife.com/greyhounds/racecards/2026-09-05/sheffield/racecard/515118
2026-09-05,Sheffield,20:38,3,Lexis Oldfella,515118,Sporting Life,https://www.sportinglife.com/greyhounds/racecards/2026-09-05/sheffield/racecard/515118
2026-09-05,Sheffield,20:38,4,Cavies Orla,515118,Sporting Life,https://www.sportinglife.com/greyhounds/racecards/2026-09-05/sheffield/racecard/515118
2026-09-05,Sheffield,20:38,5,Not A Lot,515118,Sporting Life,https://www.sportinglife.com/greyhounds/racecards/2026-09-05/sheffield/racecard/515118
2026-09-05,Sheffield,20:38,6,Notsofastteddy,515118,Sporting Life,https://www.sportinglife.com/greyhounds/racecards/2026-09-05/sheffield/racecard/515118
2026-09-05,Sheffield,20:55,1,Allowdale Swifty,515119,Sporting Life,https://www.sportinglife.com/greyhounds/racecards/2026-09-05/sheffield/racecard/515119
2026-09-05,Sheffield,20:55,2,Cavies Tricia,515119,Sporting Life,https://www.sportinglife.com/greyhounds/racecards/2026-09-05/sheffield/racecard/515119
2026-09-05,Sheffield,20:55,3,Truly Special,515119,Sporting Life,https://www.sportinglife.com/greyhounds/racecards/2026-09-05/sheffield/racecard/515119
2026-09-05,Sheffield,20:55,4,Camacho,515119,Sporting Life,https://www.sportinglife.com/greyhounds/racecards/2026-09-05/sheffield/racecard/515119
2026-09-05,Sheffield,20:55,5,Ballymac Price,515119,Sporting Life,https://www.sportinglife.com/greyhounds/racecards/2026-09-05/sheffield/racecard/515119
2026-09-05,Sheffield,21:12,1,Castlehill Gift,515120,Sporting Life,https://www.sportinglife.com/greyhounds/racecards/2026-09-05/sheffield/racecard/515120
2026-09-05,Sheffield,21:12,2,Arrigle Grange,515120,Sporting Life,https://www.sportinglife.com/greyhounds/racecards/2026-09-05/sheffield/racecard/515120
2026-09-05,Sheffield,21:12,4,Nametab Sirius,515120,Sporting Life,https://www.sportinglife.com/greyhounds/racecards/2026-09-05/sheffield/racecard/515120
2026-09-05,Sheffield,21:12,5,Mid Tipp Sarah,515120,Sporting Life,https://www.sportinglife.com/greyhounds/racecards/2026-09-05/sheffield/racecard/515120
2026-09-05,Sheffield,21:29,1,Crokers Emma,515121,Sporting Life,https://www.sportinglife.com/greyhounds/racecards/2026-09-05/sheffield/racecard/515121
2026-09-05,Sheffield,21:29,2,Sheffield Bella,515121,Sporting Life,https://www.sportinglife.com/greyhounds/racecards/2026-09-05/sheffield/racecard/515121
2026-09-05,Sheffield,21:29,3,Drumdoit Freya,515121,Sporting Life,https://www.sportinglife.com/greyhounds/racecards/2026-09-05/sheffield/racecard/515121
2026-09-05,Sheffield,21:29,4,Frankton Fern,515121,Sporting Life,https://www.sportinglife.com/greyhounds/racecards/2026-09-05/sheffield/racecard/515121
2026-09-05,Sheffield,21:29,5,Knock Zaya,515121,Sporting Life,https://www.sportinglife.com/greyhounds/racecards/2026-09-05/sheffield/racecard/515121
2026-09-05,Star Pelaw,17:47,1,Baby Cupcakes,515195,Sporting Life,https://www.sportinglife.com/greyhounds/racecards/2026-09-05/star-pelaw/racecard/515195
2026-09-05,Star Pelaw,17:47,2,Whitty Remark,515195,Sporting Life,https://www.sportinglife.com/greyhounds/racecards/2026-09-05/star-pelaw/racecard/515195
2026-09-05,Star Pelaw,17:47,3,Hello Me Man,515195,Sporting Life,https://www.sportinglife.com/greyhounds/racecards/2026-09-05/star-pelaw/racecard/515195
2026-09-05,Star Pelaw,17:47,4,Blackstone Senna,515195,Sporting Life,https://www.sportinglife.com/greyhounds/racecards/2026-09-05/star-pelaw/racecard/515195
2026-09-05,Star Pelaw,17:47,5,Hes Da One,515195,Sporting Life,https://www.sportinglife.com/greyhounds/racecards/2026-09-05/star-pelaw/racecard/515195
2026-09-05,Star Pelaw,17:47,6,Ainster Jim,515195,Sporting Life,https://www.sportinglife.com/greyhounds/racecards/2026-09-05/star-pelaw/racecard/515195
2026-09-05,Star Pelaw,18:04,1,Pappys Berry,515196,Sporting Life,https://www.sportinglife.com/greyhounds/racecards/2026-09-05/star-pelaw/racecard/515196
2026-09-05,Star Pelaw,18:04,2,Trapstyle Bluey,515196,Sporting Life,https://www.sportinglife.com/greyhounds/racecards/2026-09-05/star-pelaw/racecard/515196
2026-09-05,Star Pelaw,18:04,3,Slippy Debra,515196,Sporting Life,https://www.sportinglife.com/greyhounds/racecards/2026-09-05/star-pelaw/racecard/515196
2026-09-05,Star Pelaw,18:04,5,Punkrock Mercury,515196,Sporting Life,https://www.sportinglife.com/greyhounds/racecards/2026-09-05/star-pelaw/racecard/515196
2026-09-05,Star Pelaw,18:04,6,Razldazl Royco,515196,Sporting Life,https://www.sportinglife.com/greyhounds/racecards/2026-09-05/star-pelaw/racecard/515196
2026-09-05,Star Pelaw,18:21,1,Ballymac Kind,515197,Sporting Life,https://www.sportinglife.com/greyhounds/racecards/2026-09-05/star-pelaw/racecard/515197
2026-09-05,Star Pelaw,18:21,2,Dunquin Rory,515197,Sporting Life,https://www.sportinglife.com/greyhounds/racecards/2026-09-05/star-pelaw/racecard/515197
2026-09-05,Star Pelaw,18:21,3,Pothole Bob,515197,Sporting Life,https://www.sportinglife.com/greyhounds/racecards/2026-09-05/star-pelaw/racecard/515197
2026-09-05,Star Pelaw,18:21,4,Punk Rock Rose,515197,Sporting Life,https://www.sportinglife.com/greyhounds/racecards/2026-09-05/star-pelaw/racecard/515197
2026-09-05,Star Pelaw,18:21,5,Santas Bugatti,515197,Sporting Life,https://www.sportinglife.com/greyhounds/racecards/2026-09-05/star-pelaw/racecard/515197
2026-09-05,Star Pelaw,18:21,6,Brinkleys Louis,515197,Sporting Life,https://www.sportinglife.com/greyhounds/racecards/2026-09-05/star-pelaw/racecard/515197
2026-09-05,Star Pelaw,18:39,1,Mary Walloper,515198,Sporting Life,https://www.sportinglife.com/greyhounds/racecards/2026-09-05/star-pelaw/racecard/515198
2026-09-05,Star Pelaw,18:39,2,Fruity Loxleys,515198,Sporting Life,https://www.sportinglife.com/greyhounds/racecards/2026-09-05/star-pelaw/racecard/515198
2026-09-05,Star Pelaw,18:39,3,Bisto Jayden,515198,Sporting Life,https://www.sportinglife.com/greyhounds/racecards/2026-09-05/star-pelaw/racecard/515198
2026-09-05,Star Pelaw,18:39,4,Saltees Kayla,515198,Sporting Life,https://www.sportinglife.com/greyhounds/racecards/2026-09-05/star-pelaw/racecard/515198
2026-09-05,Star Pelaw,18:39,5,Mall Could Do,515198,Sporting Life,https://www.sportinglife.com/greyhounds/racecards/2026-09-05/star-pelaw/racecard/515198
2026-09-05,Star Pelaw,18:39,6,Glenbowen Mabel,515198,Sporting Life,https://www.sportinglife.com/greyhounds/racecards/2026-09-05/star-pelaw/racecard/515198
2026-09-05,Star Pelaw,18:56,1,Trapstyle Grumpy,515199,Sporting Life,https://www.sportinglife.com/greyhounds/racecards/2026-09-05/star-pelaw/racecard/515199
2026-09-05,Star Pelaw,18:56,2,Elite Jackie,515199,Sporting Life,https://www.sportinglife.com/greyhounds/racecards/2026-09-05/star-pelaw/racecard/515199
2026-09-05,Star Pelaw,18:56,3,Slippy Francis,515199,Sporting Life,https://www.sportinglife.com/greyhounds/racecards/2026-09-05/star-pelaw/racecard/515199
2026-09-05,Star Pelaw,18:56,4,Trapstyle Spud,515199,Sporting Life,https://www.sportinglife.com/greyhounds/racecards/2026-09-05/star-pelaw/racecard/515199
2026-09-05,Star Pelaw,18:56,5,Caseys Hoffa,515199,Sporting Life,https://www.sportinglife.com/greyhounds/racecards/2026-09-05/star-pelaw/racecard/515199
2026-09-05,Star Pelaw,18:56,6,Cloheena Bully,515199,Sporting Life,https://www.sportinglife.com/greyhounds/racecards/2026-09-05/star-pelaw/racecard/515199
2026-09-05,Star Pelaw,19:14,1,Razldazl Barkley,515200,Sporting Life,https://www.sportinglife.com/greyhounds/racecards/2026-09-05/star-pelaw/racecard/515200
2026-09-05,Star Pelaw,19:14,3,Droopys Verdict,515200,Sporting Life,https://www.sportinglife.com/greyhounds/racecards/2026-09-05/star-pelaw/racecard/515200
2026-09-05,Star Pelaw,19:14,5,Tommys Poncho,515200,Sporting Life,https://www.sportinglife.com/greyhounds/racecards/2026-09-05/star-pelaw/racecard/515200
2026-09-05,Star Pelaw,19:14,6,Luminous Busty,515200,Sporting Life,https://www.sportinglife.com/greyhounds/racecards/2026-09-05/star-pelaw/racecard/515200
2026-09-05,Star Pelaw,19:31,1,Punk Rock Legend,515201,Sporting Life,https://www.sportinglife.com/greyhounds/racecards/2026-09-05/star-pelaw/racecard/515201
2026-09-05,Star Pelaw,19:31,3,Savanabetgoodwin,515201,Sporting Life,https://www.sportinglife.com/greyhounds/racecards/2026-09-05/star-pelaw/racecard/515201
2026-09-05,Star Pelaw,19:31,5,Mickys Tribute,515201,Sporting Life,https://www.sportinglife.com/greyhounds/racecards/2026-09-05/star-pelaw/racecard/515201
2026-09-05,Star Pelaw,19:31,6,Imonlytwink,515201,Sporting Life,https://www.sportinglife.com/greyhounds/racecards/2026-09-05/star-pelaw/racecard/515201
2026-09-05,Star Pelaw,19:51,1,Optic Pharaoh,515202,Sporting Life,https://www.sportinglife.com/greyhounds/racecards/2026-09-05/star-pelaw/racecard/515202
2026-09-05,Star Pelaw,19:51,2,Vixons Cocktail,515202,Sporting Life,https://www.sportinglife.com/greyhounds/racecards/2026-09-05/star-pelaw/racecard/515202
2026-09-05,Star Pelaw,19:51,3,Wanted Louise,515202,Sporting Life,https://www.sportinglife.com/greyhounds/racecards/2026-09-05/star-pelaw/racecard/515202
2026-09-05,Star Pelaw,19:51,4,Caseys Jarod,515202,Sporting Life,https://www.sportinglife.com/greyhounds/racecards/2026-09-05/star-pelaw/racecard/515202
2026-09-05,Star Pelaw,19:51,5,Glenhead Sam,515202,Sporting Life,https://www.sportinglife.com/greyhounds/racecards/2026-09-05/star-pelaw/racecard/515202
2026-09-05,Star Pelaw,19:51,6,Tromora Grace,515202,Sporting Life,https://www.sportinglife.com/greyhounds/racecards/2026-09-05/star-pelaw/racecard/515202
2026-09-05,Star Pelaw,20:09,1,Maes Maya,515203,Sporting Life,https://www.sportinglife.com/greyhounds/racecards/2026-09-05/star-pelaw/racecard/515203
2026-09-05,Star Pelaw,20:09,2,Antigua Kestrel,515203,Sporting Life,https://www.sportinglife.com/greyhounds/racecards/2026-09-05/star-pelaw/racecard/515203
2026-09-05,Star Pelaw,20:09,3,Slingshot Franky,515203,Sporting Life,https://www.sportinglife.com/greyhounds/racecards/2026-09-05/star-pelaw/racecard/515203
2026-09-05,Star Pelaw,20:09,4,Fabulous Spell,515203,Sporting Life,https://www.sportinglife.com/greyhounds/racecards/2026-09-05/star-pelaw/racecard/515203
2026-09-05,Star Pelaw,20:09,5,Westwood Jack,515203,Sporting Life,https://www.sportinglife.com/greyhounds/racecards/2026-09-05/star-pelaw/racecard/515203
2026-09-05,Star Pelaw,20:09,6,Fruity Beauty,515203,Sporting Life,https://www.sportinglife.com/greyhounds/racecards/2026-09-05/star-pelaw/racecard/515203
2026-09-05,Star Pelaw,20:26,1,Playing Nice,515204,Sporting Life,https://www.sportinglife.com/greyhounds/racecards/2026-09-05/star-pelaw/racecard/515204
2026-09-05,Star Pelaw,20:26,2,Dairyland Amelia,515204,Sporting Life,https://www.sportinglife.com/greyhounds/racecards/2026-09-05/star-pelaw/racecard/515204
2026-09-05,Star Pelaw,20:26,3,Caseys Molly,515204,Sporting Life,https://www.sportinglife.com/greyhounds/racecards/2026-09-05/star-pelaw/racecard/515204
2026-09-05,Star Pelaw,20:26,4,Society Scary,515204,Sporting Life,https://www.sportinglife.com/greyhounds/racecards/2026-09-05/star-pelaw/racecard/515204
2026-09-05,Star Pelaw,20:26,5,Caseys Shadrack,515204,Sporting Life,https://www.sportinglife.com/greyhounds/racecards/2026-09-05/star-pelaw/racecard/515204
2026-09-05,Star Pelaw,20:26,6,Rolo Twirl,515204,Sporting Life,https://www.sportinglife.com/greyhounds/racecards/2026-09-05/star-pelaw/racecard/515204
2026-09-05,Star Pelaw,20:43,1,Havana Bret,515205,Sporting Life,https://www.sportinglife.com/greyhounds/racecards/2026-09-05/star-pelaw/racecard/515205
2026-09-05,Star Pelaw,20:43,2,Keeperhill Ei Ei,515205,Sporting Life,https://www.sportinglife.com/greyhounds/racecards/2026-09-05/star-pelaw/racecard/515205
2026-09-05,Star Pelaw,20:43,3,Clonlost Dexter,515205,Sporting Life,https://www.sportinglife.com/greyhounds/racecards/2026-09-05/star-pelaw/racecard/515205
2026-09-05,Star Pelaw,20:43,4,Kilshenane Diva,515205,Sporting Life,https://www.sportinglife.com/greyhounds/racecards/2026-09-05/star-pelaw/racecard/515205
2026-09-05,Star Pelaw,20:43,5,Moonveen Dancer,515205,Sporting Life,https://www.sportinglife.com/greyhounds/racecards/2026-09-05/star-pelaw/racecard/515205
2026-09-05,Star Pelaw,20:43,6,Bitzer Maloney,515205,Sporting Life,https://www.sportinglife.com/greyhounds/racecards/2026-09-05/star-pelaw/racecard/515205
2026-09-05,Star Pelaw,21:01,1,Tally Ho Swift,515206,Sporting Life,https://www.sportinglife.com/greyhounds/racecards/2026-09-05/star-pelaw/racecard/515206
2026-09-05,Star Pelaw,21:01,2,Popper Joe,515206,Sporting Life,https://www.sportinglife.com/greyhounds/racecards/2026-09-05/star-pelaw/racecard/515206
2026-09-05,Star Pelaw,21:01,3,Affane Fox,515206,Sporting Life,https://www.sportinglife.com/greyhounds/racecards/2026-09-05/star-pelaw/racecard/515206
2026-09-05,Star Pelaw,21:01,4,Funky Noodle,515206,Sporting Life,https://www.sportinglife.com/greyhounds/racecards/2026-09-05/star-pelaw/racecard/515206
2026-09-05,Star Pelaw,21:01,5,Jacktavern Remi,515206,Sporting Life,https://www.sportinglife.com/greyhounds/racecards/2026-09-05/star-pelaw/racecard/515206
2026-09-05,Star Pelaw,21:01,6,Laylas Legend,515206,Sporting Life,https://www.sportinglife.com/greyhounds/racecards/2026-09-05/star-pelaw/racecard/515206
2026-09-05,Star Pelaw,21:18,1,Glenhead Grace,515207,Sporting Life,https://www.sportinglife.com/greyhounds/racecards/2026-09-05/star-pelaw/racecard/515207
2026-09-05,Star Pelaw,21:18,2,Ma Darlin,515207,Sporting Life,https://www.sportinglife.com/greyhounds/racecards/2026-09-05/star-pelaw/racecard/515207
2026-09-05,Star Pelaw,21:18,3,Bogger Cutie,515207,Sporting Life,https://www.sportinglife.com/greyhounds/racecards/2026-09-05/star-pelaw/racecard/515207
2026-09-05,Star Pelaw,21:18,4,Catunda Leo,515207,Sporting Life,https://www.sportinglife.com/greyhounds/racecards/2026-09-05/star-pelaw/racecard/515207
2026-09-05,Star Pelaw,21:18,5,Mitches Cocker,515207,Sporting Life,https://www.sportinglife.com/greyhounds/racecards/2026-09-05/star-pelaw/racecard/515207
2026-09-05,Star Pelaw,21:18,6,Untold Flare,515207,Sporting Life,https://www.sportinglife.com/greyhounds/racecards/2026-09-05/star-pelaw/racecard/515207
2026-09-05,Star Pelaw,21:31,1,Franklins Pace,515208,Sporting Life,https://www.sportinglife.com/greyhounds/racecards/2026-09-05/star-pelaw/racecard/515208
2026-09-05,Star Pelaw,21:31,2,Rocking Skye,515208,Sporting Life,https://www.sportinglife.com/greyhounds/racecards/2026-09-05/star-pelaw/racecard/515208
2026-09-05,Star Pelaw,21:31,3,Onyago Giorgio,515208,Sporting Life,https://www.sportinglife.com/greyhounds/racecards/2026-09-05/star-pelaw/racecard/515208
2026-09-05,Star Pelaw,21:31,4,Dairyland Shan,515208,Sporting Life,https://www.sportinglife.com/greyhounds/racecards/2026-09-05/star-pelaw/racecard/515208
2026-09-05,Star Pelaw,21:31,6,Conscience,515208,Sporting Life,https://www.sportinglife.com/greyhounds/racecards/2026-09-05/star-pelaw/racecard/515208
2026-09-05,Towcester,14:18,1,Mustang Razor,515209,Sporting Life,https://www.sportinglife.com/greyhounds/racecards/2026-09-05/towcester/racecard/515209
2026-09-05,Towcester,14:18,2,Wentworth Derek,515209,Sporting Life,https://www.sportinglife.com/greyhounds/racecards/2026-09-05/towcester/racecard/515209
2026-09-05,Towcester,14:18,3,Popmaster,515209,Sporting Life,https://www.sportinglife.com/greyhounds/racecards/2026-09-05/towcester/racecard/515209
2026-09-05,Towcester,14:18,4,Makeit Oolala,515209,Sporting Life,https://www.sportinglife.com/greyhounds/racecards/2026-09-05/towcester/racecard/515209
2026-09-05,Towcester,14:18,5,Glasheen Bucko,515209,Sporting Life,https://www.sportinglife.com/greyhounds/racecards/2026-09-05/towcester/racecard/515209
2026-09-05,Towcester,14:18,6,Swift Pavlo,515209,Sporting Life,https://www.sportinglife.com/greyhounds/racecards/2026-09-05/towcester/racecard/515209
2026-09-05,Towcester,14:38,1,Ballymac Indo,515210,Sporting Life,https://www.sportinglife.com/greyhounds/racecards/2026-09-05/towcester/racecard/515210
2026-09-05,Towcester,14:38,2,Ballymac Cedrick,515210,Sporting Life,https://www.sportinglife.com/greyhounds/racecards/2026-09-05/towcester/racecard/515210
2026-09-05,Towcester,14:38,3,Westwind Ron,515210,Sporting Life,https://www.sportinglife.com/greyhounds/racecards/2026-09-05/towcester/racecard/515210
2026-09-05,Towcester,14:38,4,Pomba Gladys,515210,Sporting Life,https://www.sportinglife.com/greyhounds/racecards/2026-09-05/towcester/racecard/515210
2026-09-05,Towcester,14:38,5,Essjay Robin,515210,Sporting Life,https://www.sportinglife.com/greyhounds/racecards/2026-09-05/towcester/racecard/515210
2026-09-05,Towcester,14:58,1,Choices Bev,515211,Sporting Life,https://www.sportinglife.com/greyhounds/racecards/2026-09-05/towcester/racecard/515211
2026-09-05,Towcester,14:58,2,Swift Isla,515211,Sporting Life,https://www.sportinglife.com/greyhounds/racecards/2026-09-05/towcester/racecard/515211
2026-09-05,Towcester,14:58,3,Hitthelids Kiley,515211,Sporting Life,https://www.sportinglife.com/greyhounds/racecards/2026-09-05/towcester/racecard/515211
2026-09-05,Towcester,14:58,4,Halli Young,515211,Sporting Life,https://www.sportinglife.com/greyhounds/racecards/2026-09-05/towcester/racecard/515211
2026-09-05,Towcester,14:58,5,Makeit Marnie,515211,Sporting Life,https://www.sportinglife.com/greyhounds/racecards/2026-09-05/towcester/racecard/515211
2026-09-05,Towcester,14:58,6,Ballycleary Java,515211,Sporting Life,https://www.sportinglife.com/greyhounds/racecards/2026-09-05/towcester/racecard/515211
2026-09-05,Towcester,15:18,1,Unknown Tulip,515212,Sporting Life,https://www.sportinglife.com/greyhounds/racecards/2026-09-05/towcester/racecard/515212
2026-09-05,Towcester,15:18,2,Adamant Roxy,515212,Sporting Life,https://www.sportinglife.com/greyhounds/racecards/2026-09-05/towcester/racecard/515212
2026-09-05,Towcester,15:18,3,Miss Jungle,515212,Sporting Life,https://www.sportinglife.com/greyhounds/racecards/2026-09-05/towcester/racecard/515212
2026-09-05,Towcester,15:18,4,No Dont Call Me,515212,Sporting Life,https://www.sportinglife.com/greyhounds/racecards/2026-09-05/towcester/racecard/515212
2026-09-05,Towcester,15:18,5,Swift Wally,515212,Sporting Life,https://www.sportinglife.com/greyhounds/racecards/2026-09-05/towcester/racecard/515212
2026-09-05,Towcester,15:18,6,Trapstyle Sneezy,515212,Sporting Life,https://www.sportinglife.com/greyhounds/racecards/2026-09-05/towcester/racecard/515212
2026-09-05,Towcester,15:38,1,Hitthelids Miley,515213,Sporting Life,https://www.sportinglife.com/greyhounds/racecards/2026-09-05/towcester/racecard/515213
2026-09-05,Towcester,15:38,2,Zebedee Aye,515213,Sporting Life,https://www.sportinglife.com/greyhounds/racecards/2026-09-05/towcester/racecard/515213
2026-09-05,Towcester,15:38,3,Passau,515213,Sporting Life,https://www.sportinglife.com/greyhounds/racecards/2026-09-05/towcester/racecard/515213
2026-09-05,Towcester,15:38,4,Eagles Kraken,515213,Sporting Life,https://www.sportinglife.com/greyhounds/racecards/2026-09-05/towcester/racecard/515213
2026-09-05,Towcester,15:38,5,Five Alley Zena,515213,Sporting Life,https://www.sportinglife.com/greyhounds/racecards/2026-09-05/towcester/racecard/515213
2026-09-05,Towcester,15:38,6,Cragbrien Hero,515213,Sporting Life,https://www.sportinglife.com/greyhounds/racecards/2026-09-05/towcester/racecard/515213
2026-09-05,Towcester,15:58,1,Mulveys Champ,515214,Sporting Life,https://www.sportinglife.com/greyhounds/racecards/2026-09-05/towcester/racecard/515214
2026-09-05,Towcester,15:58,2,Cul Na Braithre,515214,Sporting Life,https://www.sportinglife.com/greyhounds/racecards/2026-09-05/towcester/racecard/515214
2026-09-05,Towcester,15:58,3,Signet Morgan,515214,Sporting Life,https://www.sportinglife.com/greyhounds/racecards/2026-09-05/towcester/racecard/515214
2026-09-05,Towcester,15:58,4,Happy Jet,515214,Sporting Life,https://www.sportinglife.com/greyhounds/racecards/2026-09-05/towcester/racecard/515214
2026-09-05,Towcester,15:58,5,Ballymac Connery,515214,Sporting Life,https://www.sportinglife.com/greyhounds/racecards/2026-09-05/towcester/racecard/515214
2026-09-05,Towcester,16:18,1,Guinness Lad,515215,Sporting Life,https://www.sportinglife.com/greyhounds/racecards/2026-09-05/towcester/racecard/515215
2026-09-05,Towcester,16:18,2,Grayroy Duke,515215,Sporting Life,https://www.sportinglife.com/greyhounds/racecards/2026-09-05/towcester/racecard/515215
2026-09-05,Towcester,16:18,3,Trapstyle Hope,515215,Sporting Life,https://www.sportinglife.com/greyhounds/racecards/2026-09-05/towcester/racecard/515215
2026-09-05,Towcester,16:18,4,Rosegarland Gina,515215,Sporting Life,https://www.sportinglife.com/greyhounds/racecards/2026-09-05/towcester/racecard/515215
2026-09-05,Towcester,16:18,5,Maireads Duchess,515215,Sporting Life,https://www.sportinglife.com/greyhounds/racecards/2026-09-05/towcester/racecard/515215
2026-09-05,Towcester,16:18,6,Choices Jean,515215,Sporting Life,https://www.sportinglife.com/greyhounds/racecards/2026-09-05/towcester/racecard/515215
2026-09-05,Towcester,16:38,1,Savana Devon,515216,Sporting Life,https://www.sportinglife.com/greyhounds/racecards/2026-09-05/towcester/racecard/515216
2026-09-05,Towcester,16:38,2,Haverhill Lass,515216,Sporting Life,https://www.sportinglife.com/greyhounds/racecards/2026-09-05/towcester/racecard/515216
2026-09-05,Towcester,16:38,3,Adamant Finn,515216,Sporting Life,https://www.sportinglife.com/greyhounds/racecards/2026-09-05/towcester/racecard/515216
2026-09-05,Towcester,16:38,4,Ballymac Seomra,515216,Sporting Life,https://www.sportinglife.com/greyhounds/racecards/2026-09-05/towcester/racecard/515216
2026-09-05,Towcester,16:38,5,Spiridon Zelus,515216,Sporting Life,https://www.sportinglife.com/greyhounds/racecards/2026-09-05/towcester/racecard/515216
2026-09-05,Towcester,16:58,1,Eagles Mako,515217,Sporting Life,https://www.sportinglife.com/greyhounds/racecards/2026-09-05/towcester/racecard/515217
2026-09-05,Towcester,16:58,2,Coppice Aries,515217,Sporting Life,https://www.sportinglife.com/greyhounds/racecards/2026-09-05/towcester/racecard/515217
2026-09-05,Towcester,16:58,3,Droopys Mikayla,515217,Sporting Life,https://www.sportinglife.com/greyhounds/racecards/2026-09-05/towcester/racecard/515217
2026-09-05,Towcester,16:58,4,Baran Tombstone,515217,Sporting Life,https://www.sportinglife.com/greyhounds/racecards/2026-09-05/towcester/racecard/515217
2026-09-05,Towcester,16:58,5,Cushie Seamie,515217,Sporting Life,https://www.sportinglife.com/greyhounds/racecards/2026-09-05/towcester/racecard/515217
2026-09-05,Towcester,16:58,6,Ballymac Genius,515217,Sporting Life,https://www.sportinglife.com/greyhounds/racecards/2026-09-05/towcester/racecard/515217
2026-09-05,Towcester,17:18,1,Clodcar Rosie,515218,Sporting Life,https://www.sportinglife.com/greyhounds/racecards/2026-09-05/towcester/racecard/515218
2026-09-05,Towcester,17:18,2,Miss Brillo,515218,Sporting Life,https://www.sportinglife.com/greyhounds/racecards/2026-09-05/towcester/racecard/515218
2026-09-05,Towcester,17:18,3,You Win Again,515218,Sporting Life,https://www.sportinglife.com/greyhounds/racecards/2026-09-05/towcester/racecard/515218
2026-09-05,Towcester,17:18,4,Vinegarhill Blue,515218,Sporting Life,https://www.sportinglife.com/greyhounds/racecards/2026-09-05/towcester/racecard/515218
2026-09-05,Towcester,17:18,5,Distant Dahlia,515218,Sporting Life,https://www.sportinglife.com/greyhounds/racecards/2026-09-05/towcester/racecard/515218
2026-09-05,Towcester,17:18,6,Stasi,515218,Sporting Life,https://www.sportinglife.com/greyhounds/racecards/2026-09-05/towcester/racecard/515218
2026-09-05,Towcester,17:36,1,Adamant Dawn,515219,Sporting Life,https://www.sportinglife.com/greyhounds/racecards/2026-09-05/towcester/racecard/515219
2026-09-05,Towcester,17:36,2,Rowington Rascal,515219,Sporting Life,https://www.sportinglife.com/greyhounds/racecards/2026-09-05/towcester/racecard/515219
2026-09-05,Towcester,17:36,3,Jungles Ace,515219,Sporting Life,https://www.sportinglife.com/greyhounds/racecards/2026-09-05/towcester/racecard/515219
2026-09-05,Towcester,17:36,4,Cavan For Sam,515219,Sporting Life,https://www.sportinglife.com/greyhounds/racecards/2026-09-05/towcester/racecard/515219
2026-09-05,Towcester,17:36,5,Mustang Miamar,515219,Sporting Life,https://www.sportinglife.com/greyhounds/racecards/2026-09-05/towcester/racecard/515219
2026-09-05,Towcester,17:36,6,Loher Mag,515219,Sporting Life,https://www.sportinglife.com/greyhounds/racecards/2026-09-05/towcester/racecard/515219
2026-09-05,Towcester,17:55,1,Sapphire Wolf,515220,Sporting Life,https://www.sportinglife.com/greyhounds/racecards/2026-09-05/towcester/racecard/515220
2026-09-05,Towcester,17:55,2,Ballyclearyflash,515220,Sporting Life,https://www.sportinglife.com/greyhounds/racecards/2026-09-05/towcester/racecard/515220
2026-09-05,Towcester,17:55,3,Ballyea Hope,515220,Sporting Life,https://www.sportinglife.com/greyhounds/racecards/2026-09-05/towcester/racecard/515220
2026-09-05,Towcester,17:55,5,Confey Story,515220,Sporting Life,https://www.sportinglife.com/greyhounds/racecards/2026-09-05/towcester/racecard/515220
2026-09-05,Towcester,17:55,6,Camp Charlie,515220,Sporting Life,https://www.sportinglife.com/greyhounds/racecards/2026-09-05/towcester/racecard/515220
2026-09-05,Yarmouth,19:08,1,Harlequin Eugene,515159,Sporting Life,https://www.sportinglife.com/greyhounds/racecards/2026-09-05/yarmouth/racecard/515159
2026-09-05,Yarmouth,19:08,2,Savana Memories,515159,Sporting Life,https://www.sportinglife.com/greyhounds/racecards/2026-09-05/yarmouth/racecard/515159
2026-09-05,Yarmouth,19:08,3,Girlfromthefen,515159,Sporting Life,https://www.sportinglife.com/greyhounds/racecards/2026-09-05/yarmouth/racecard/515159
2026-09-05,Yarmouth,19:08,4,Blossomgirlbelle,515159,Sporting Life,https://www.sportinglife.com/greyhounds/racecards/2026-09-05/yarmouth/racecard/515159
2026-09-05,Yarmouth,19:08,5,Silver Thread,515159,Sporting Life,https://www.sportinglife.com/greyhounds/racecards/2026-09-05/yarmouth/racecard/515159
2026-09-05,Yarmouth,19:25,2,Cloughtaney Emma,515160,Sporting Life,https://www.sportinglife.com/greyhounds/racecards/2026-09-05/yarmouth/racecard/515160
2026-09-05,Yarmouth,19:25,3,Fen Nannas Pride,515160,Sporting Life,https://www.sportinglife.com/greyhounds/racecards/2026-09-05/yarmouth/racecard/515160
2026-09-05,Yarmouth,19:25,4,Bookseller,515160,Sporting Life,https://www.sportinglife.com/greyhounds/racecards/2026-09-05/yarmouth/racecard/515160
2026-09-05,Yarmouth,19:25,5,Hawkfield Garry,515160,Sporting Life,https://www.sportinglife.com/greyhounds/racecards/2026-09-05/yarmouth/racecard/515160
2026-09-05,Yarmouth,19:25,6,Ballycowen Harry,515160,Sporting Life,https://www.sportinglife.com/greyhounds/racecards/2026-09-05/yarmouth/racecard/515160
2026-09-05,Yarmouth,19:41,1,Aayamza Dreamer,515161,Sporting Life,https://www.sportinglife.com/greyhounds/racecards/2026-09-05/yarmouth/racecard/515161
2026-09-05,Yarmouth,19:41,2,Golden Sister,515161,Sporting Life,https://www.sportinglife.com/greyhounds/racecards/2026-09-05/yarmouth/racecard/515161
2026-09-05,Yarmouth,19:41,3,Miss Titanic,515161,Sporting Life,https://www.sportinglife.com/greyhounds/racecards/2026-09-05/yarmouth/racecard/515161
2026-09-05,Yarmouth,19:41,4,Goldcash Wild,515161,Sporting Life,https://www.sportinglife.com/greyhounds/racecards/2026-09-05/yarmouth/racecard/515161
2026-09-05,Yarmouth,19:41,5,Cappy Cailin,515161,Sporting Life,https://www.sportinglife.com/greyhounds/racecards/2026-09-05/yarmouth/racecard/515161
2026-09-05,Yarmouth,19:59,1,Seeyouatlake,515162,Sporting Life,https://www.sportinglife.com/greyhounds/racecards/2026-09-05/yarmouth/racecard/515162
2026-09-05,Yarmouth,19:59,2,Ramblin Wild,515162,Sporting Life,https://www.sportinglife.com/greyhounds/racecards/2026-09-05/yarmouth/racecard/515162
2026-09-05,Yarmouth,19:59,3,Headford Rose,515162,Sporting Life,https://www.sportinglife.com/greyhounds/racecards/2026-09-05/yarmouth/racecard/515162
2026-09-05,Yarmouth,19:59,4,Slight Delay,515162,Sporting Life,https://www.sportinglife.com/greyhounds/racecards/2026-09-05/yarmouth/racecard/515162
2026-09-05,Yarmouth,19:59,5,Golden Dewdrop,515162,Sporting Life,https://www.sportinglife.com/greyhounds/racecards/2026-09-05/yarmouth/racecard/515162
2026-09-05,Yarmouth,19:59,6,Frankton Ten,515162,Sporting Life,https://www.sportinglife.com/greyhounds/racecards/2026-09-05/yarmouth/racecard/515162
2026-09-05,Yarmouth,20:17,1,Two Slip Jigs,515163,Sporting Life,https://www.sportinglife.com/greyhounds/racecards/2026-09-05/yarmouth/racecard/515163
2026-09-05,Yarmouth,20:17,2,Savana Bo Peep,515163,Sporting Life,https://www.sportinglife.com/greyhounds/racecards/2026-09-05/yarmouth/racecard/515163
2026-09-05,Yarmouth,20:17,3,Tyrone Snatch,515163,Sporting Life,https://www.sportinglife.com/greyhounds/racecards/2026-09-05/yarmouth/racecard/515163
2026-09-05,Yarmouth,20:17,4,Whisper Dolly,515163,Sporting Life,https://www.sportinglife.com/greyhounds/racecards/2026-09-05/yarmouth/racecard/515163
2026-09-05,Yarmouth,20:17,5,Wishful Decko,515163,Sporting Life,https://www.sportinglife.com/greyhounds/racecards/2026-09-05/yarmouth/racecard/515163
2026-09-05,Yarmouth,20:37,1,Wee Mac Kate,515164,Sporting Life,https://www.sportinglife.com/greyhounds/racecards/2026-09-05/yarmouth/racecard/515164
2026-09-05,Yarmouth,20:37,2,Chelms Charmer,515164,Sporting Life,https://www.sportinglife.com/greyhounds/racecards/2026-09-05/yarmouth/racecard/515164
2026-09-05,Yarmouth,20:37,3,Thunder Dance,515164,Sporting Life,https://www.sportinglife.com/greyhounds/racecards/2026-09-05/yarmouth/racecard/515164
2026-09-05,Yarmouth,20:37,4,Kilara Reaper,515164,Sporting Life,https://www.sportinglife.com/greyhounds/racecards/2026-09-05/yarmouth/racecard/515164
2026-09-05,Yarmouth,20:37,6,Wee Mac Jimbo,515164,Sporting Life,https://www.sportinglife.com/greyhounds/racecards/2026-09-05/yarmouth/racecard/515164
2026-09-05,Yarmouth,20:56,1,Glory Diamond,515165,Sporting Life,https://www.sportinglife.com/greyhounds/racecards/2026-09-05/yarmouth/racecard/515165
2026-09-05,Yarmouth,20:56,2,Westway Buzz,515165,Sporting Life,https://www.sportinglife.com/greyhounds/racecards/2026-09-05/yarmouth/racecard/515165
2026-09-05,Yarmouth,20:56,3,Table Talk,515165,Sporting Life,https://www.sportinglife.com/greyhounds/racecards/2026-09-05/yarmouth/racecard/515165
2026-09-05,Yarmouth,20:56,4,Adamant Erin,515165,Sporting Life,https://www.sportinglife.com/greyhounds/racecards/2026-09-05/yarmouth/racecard/515165
2026-09-05,Yarmouth,20:56,6,Golden Drop,515165,Sporting Life,https://www.sportinglife.com/greyhounds/racecards/2026-09-05/yarmouth/racecard/515165
2026-09-05,Yarmouth,21:14,1,Droopys Natalie,515166,Sporting Life,https://www.sportinglife.com/greyhounds/racecards/2026-09-05/yarmouth/racecard/515166
2026-09-05,Yarmouth,21:14,2,Harlequin Rose,515166,Sporting Life,https://www.sportinglife.com/greyhounds/racecards/2026-09-05/yarmouth/racecard/515166
2026-09-05,Yarmouth,21:14,3,Rules Dont Apply,515166,Sporting Life,https://www.sportinglife.com/greyhounds/racecards/2026-09-05/yarmouth/racecard/515166
2026-09-05,Yarmouth,21:14,5,Charlies Girl,515166,Sporting Life,https://www.sportinglife.com/greyhounds/racecards/2026-09-05/yarmouth/racecard/515166
2026-09-05,Yarmouth,21:14,6,Now Listen Honey,515166,Sporting Life,https://www.sportinglife.com/greyhounds/racecards/2026-09-05/yarmouth/racecard/515166
2026-09-05,Yarmouth,21:32,1,Catunda Bo,515167,Sporting Life,https://www.sportinglife.com/greyhounds/racecards/2026-09-05/yarmouth/racecard/515167
2026-09-05,Yarmouth,21:32,3,Swift Jordana,515167,Sporting Life,https://www.sportinglife.com/greyhounds/racecards/2026-09-05/yarmouth/racecard/515167
2026-09-05,Yarmouth,21:32,4,Hunsdon Major,515167,Sporting Life,https://www.sportinglife.com/greyhounds/racecards/2026-09-05/yarmouth/racecard/515167
2026-09-05,Yarmouth,21:32,5,Ebbs Delight,515167,Sporting Life,https://www.sportinglife.com/greyhounds/racecards/2026-09-05/yarmouth/racecard/515167
2026-09-05,Yarmouth,21:32,6,Jacobs Magic,515167,Sporting Life,https://www.sportinglife.com/greyhounds/racecards/2026-09-05/yarmouth/racecard/515167
2026-09-05,Yarmouth,21:48,1,Derrygrath Freya,515168,Sporting Life,https://www.sportinglife.com/greyhounds/racecards/2026-09-05/yarmouth/racecard/515168
2026-09-05,Yarmouth,21:48,2,Rosshill Annie,515168,Sporting Life,https://www.sportinglife.com/greyhounds/racecards/2026-09-05/yarmouth/racecard/515168
2026-09-05,Yarmouth,21:48,3,Yummy Yummy,515168,Sporting Life,https://www.sportinglife.com/greyhounds/racecards/2026-09-05/yarmouth/racecard/515168
2026-09-05,Yarmouth,21:48,4,Hunsdon Jimmy,515168,Sporting Life,https://www.sportinglife.com/greyhounds/racecards/2026-09-05/yarmouth/racecard/515168
2026-09-05,Yarmouth,21:48,5,A Simple Favour,515168,Sporting Life,https://www.sportinglife.com/greyhounds/racecards/2026-09-05/yarmouth/racecard/515168
2026-09-05,Yarmouth,21:48,6,Adamant Olaf,515168,Sporting Life,https://www.sportinglife.com/greyhounds/racecards/2026-09-05/yarmouth/racecard/515168
2026-09-05,Yarmouth,22:04,1,After Work,515169,Sporting Life,https://www.sportinglife.com/greyhounds/racecards/2026-09-05/yarmouth/racecard/515169
2026-09-05,Yarmouth,22:04,2,Strideaway Baby,515169,Sporting Life,https://www.sportinglife.com/greyhounds/racecards/2026-09-05/yarmouth/racecard/515169
2026-09-05,Yarmouth,22:04,3,Champagne Zombie,515169,Sporting Life,https://www.sportinglife.com/greyhounds/racecards/2026-09-05/yarmouth/racecard/515169
2026-09-05,Yarmouth,22:04,4,Drombeg Lyra,515169,Sporting Life,https://www.sportinglife.com/greyhounds/racecards/2026-09-05/yarmouth/racecard/515169
2026-09-05,Yarmouth,22:04,6,Location,515169,Sporting Life,https://www.sportinglife.com/greyhounds/racecards/2026-09-05/yarmouth/racecard/515169
2026-09-05,Yarmouth,22:22,2,Sidestrand Trixi,515170,Sporting Life,https://www.sportinglife.com/greyhounds/racecards/2026-09-05/yarmouth/racecard/515170
2026-09-05,Yarmouth,22:22,3,Bright Layla,515170,Sporting Life,https://www.sportinglife.com/greyhounds/racecards/2026-09-05/yarmouth/racecard/515170
2026-09-05,Yarmouth,22:22,4,Move Over Julia,515170,Sporting Life,https://www.sportinglife.com/greyhounds/racecards/2026-09-05/yarmouth/racecard/515170
2026-09-05,Yarmouth,22:22,5,American Aray,515170,Sporting Life,https://www.sportinglife.com/greyhounds/racecards/2026-09-05/yarmouth/racecard/515170
2026-09-05,Yarmouth,22:22,6,Solid Luna,515170,Sporting Life,https://www.sportinglife.com/greyhounds/racecards/2026-09-05/yarmouth/racecard/515170
