date,track,race_time,runner_number,dog_name,race_id,source,race_url
2026-08-21,Central Park,11:09,1,Seals Beauty,513128,Sporting Life,https://www.sportinglife.com/greyhounds/racecards/2026-08-21/central-park/racecard/513128
2026-08-21,Central Park,11:09,2,Broadway Rose,513128,Sporting Life,https://www.sportinglife.com/greyhounds/racecards/2026-08-21/central-park/racecard/513128
2026-08-21,Central Park,11:09,3,Hollyoak Cindy,513128,Sporting Life,https://www.sportinglife.com/greyhounds/racecards/2026-08-21/central-park/racecard/513128
2026-08-21,Central Park,11:09,4,Vicious Amanda,513128,Sporting Life,https://www.sportinglife.com/greyhounds/racecards/2026-08-21/central-park/racecard/513128
2026-08-21,Central Park,11:09,5,Earls Diamond,513128,Sporting Life,https://www.sportinglife.com/greyhounds/racecards/2026-08-21/central-park/racecard/513128
2026-08-21,Central Park,11:09,6,Rising Molly,513128,Sporting Life,https://www.sportinglife.com/greyhounds/racecards/2026-08-21/central-park/racecard/513128
2026-08-21,Central Park,11:27,1,Ravestock Buck,513129,Sporting Life,https://www.sportinglife.com/greyhounds/racecards/2026-08-21/central-park/racecard/513129
2026-08-21,Central Park,11:27,2,Swift Vacation,513129,Sporting Life,https://www.sportinglife.com/greyhounds/racecards/2026-08-21/central-park/racecard/513129
2026-08-21,Central Park,11:27,3,Aero Spears,513129,Sporting Life,https://www.sportinglife.com/greyhounds/racecards/2026-08-21/central-park/racecard/513129
2026-08-21,Central Park,11:27,5,Devon Dolly,513129,Sporting Life,https://www.sportinglife.com/greyhounds/racecards/2026-08-21/central-park/racecard/513129
2026-08-21,Central Park,11:27,6,Rossa Annie,513129,Sporting Life,https://www.sportinglife.com/greyhounds/racecards/2026-08-21/central-park/racecard/513129
2026-08-21,Central Park,11:43,1,Deelish Nice,513130,Sporting Life,https://www.sportinglife.com/greyhounds/racecards/2026-08-21/central-park/racecard/513130
2026-08-21,Central Park,11:43,2,Hollyoak Poppet,513130,Sporting Life,https://www.sportinglife.com/greyhounds/racecards/2026-08-21/central-park/racecard/513130
2026-08-21,Central Park,11:43,3,Montana Faithful,513130,Sporting Life,https://www.sportinglife.com/greyhounds/racecards/2026-08-21/central-park/racecard/513130
2026-08-21,Central Park,11:43,4,Hollyoak Ethel,513130,Sporting Life,https://www.sportinglife.com/greyhounds/racecards/2026-08-21/central-park/racecard/513130
2026-08-21,Central Park,11:43,5,Beach Party,513130,Sporting Life,https://www.sportinglife.com/greyhounds/racecards/2026-08-21/central-park/racecard/513130
2026-08-21,Central Park,11:43,6,Aero Badblood,513130,Sporting Life,https://www.sportinglife.com/greyhounds/racecards/2026-08-21/central-park/racecard/513130
2026-08-21,Central Park,12:01,1,Harlequin Upbeat,513131,Sporting Life,https://www.sportinglife.com/greyhounds/racecards/2026-08-21/central-park/racecard/513131
2026-08-21,Central Park,12:01,2,Beach Holiday,513131,Sporting Life,https://www.sportinglife.com/greyhounds/racecards/2026-08-21/central-park/racecard/513131
2026-08-21,Central Park,12:01,3,Emjay Flyer,513131,Sporting Life,https://www.sportinglife.com/greyhounds/racecards/2026-08-21/central-park/racecard/513131
2026-08-21,Central Park,12:01,4,Speedy Bas,513131,Sporting Life,https://www.sportinglife.com/greyhounds/racecards/2026-08-21/central-park/racecard/513131
2026-08-21,Central Park,12:01,5,Jumpstart Sarah,513131,Sporting Life,https://www.sportinglife.com/greyhounds/racecards/2026-08-21/central-park/racecard/513131
2026-08-21,Central Park,12:01,6,Hollyoak Speedy,513131,Sporting Life,https://www.sportinglife.com/greyhounds/racecards/2026-08-21/central-park/racecard/513131
2026-08-21,Central Park,12:18,1,Headford Toby,513132,Sporting Life,https://www.sportinglife.com/greyhounds/racecards/2026-08-21/central-park/racecard/513132
2026-08-21,Central Park,12:18,2,Robinsons Clan,513132,Sporting Life,https://www.sportinglife.com/greyhounds/racecards/2026-08-21/central-park/racecard/513132
2026-08-21,Central Park,12:18,3,Beach Time,513132,Sporting Life,https://www.sportinglife.com/greyhounds/racecards/2026-08-21/central-park/racecard/513132
2026-08-21,Central Park,12:18,4,Swift Bree,513132,Sporting Life,https://www.sportinglife.com/greyhounds/racecards/2026-08-21/central-park/racecard/513132
2026-08-21,Central Park,12:18,5,Swift What,513132,Sporting Life,https://www.sportinglife.com/greyhounds/racecards/2026-08-21/central-park/racecard/513132
2026-08-21,Central Park,12:18,6,Swift Dallas,513132,Sporting Life,https://www.sportinglife.com/greyhounds/racecards/2026-08-21/central-park/racecard/513132
2026-08-21,Central Park,12:34,1,Tommys Goldstar,513133,Sporting Life,https://www.sportinglife.com/greyhounds/racecards/2026-08-21/central-park/racecard/513133
2026-08-21,Central Park,12:34,2,Hollyoak Sophia,513133,Sporting Life,https://www.sportinglife.com/greyhounds/racecards/2026-08-21/central-park/racecard/513133
2026-08-21,Central Park,12:34,3,Woodys Womble,513133,Sporting Life,https://www.sportinglife.com/greyhounds/racecards/2026-08-21/central-park/racecard/513133
2026-08-21,Central Park,12:34,4,Swift Vibration,513133,Sporting Life,https://www.sportinglife.com/greyhounds/racecards/2026-08-21/central-park/racecard/513133
2026-08-21,Central Park,12:34,5,Ebony Trend,513133,Sporting Life,https://www.sportinglife.com/greyhounds/racecards/2026-08-21/central-park/racecard/513133
2026-08-21,Central Park,12:34,6,Flying Glenbrook,513133,Sporting Life,https://www.sportinglife.com/greyhounds/racecards/2026-08-21/central-park/racecard/513133
2026-08-21,Central Park,12:51,2,Sterling Lady,513134,Sporting Life,https://www.sportinglife.com/greyhounds/racecards/2026-08-21/central-park/racecard/513134
2026-08-21,Central Park,12:51,3,Bombay Boss,513134,Sporting Life,https://www.sportinglife.com/greyhounds/racecards/2026-08-21/central-park/racecard/513134
2026-08-21,Central Park,12:51,4,Hollyoak Lisa,513134,Sporting Life,https://www.sportinglife.com/greyhounds/racecards/2026-08-21/central-park/racecard/513134
2026-08-21,Central Park,12:51,5,Deelish Maggie,513134,Sporting Life,https://www.sportinglife.com/greyhounds/racecards/2026-08-21/central-park/racecard/513134
2026-08-21,Central Park,12:51,6,Beach Hussler,513134,Sporting Life,https://www.sportinglife.com/greyhounds/racecards/2026-08-21/central-park/racecard/513134
2026-08-21,Central Park,13:08,1,Light Blossom,513135,Sporting Life,https://www.sportinglife.com/greyhounds/racecards/2026-08-21/central-park/racecard/513135
2026-08-21,Central Park,13:08,2,Hollyoak Peace,513135,Sporting Life,https://www.sportinglife.com/greyhounds/racecards/2026-08-21/central-park/racecard/513135
2026-08-21,Central Park,13:08,3,Darley Devaletta,513135,Sporting Life,https://www.sportinglife.com/greyhounds/racecards/2026-08-21/central-park/racecard/513135
2026-08-21,Central Park,13:08,4,Kajoruns Sid,513135,Sporting Life,https://www.sportinglife.com/greyhounds/racecards/2026-08-21/central-park/racecard/513135
2026-08-21,Central Park,13:08,5,Fawkham Sunrise,513135,Sporting Life,https://www.sportinglife.com/greyhounds/racecards/2026-08-21/central-park/racecard/513135
2026-08-21,Central Park,13:26,1,Drombeg Amble,513136,Sporting Life,https://www.sportinglife.com/greyhounds/racecards/2026-08-21/central-park/racecard/513136
2026-08-21,Central Park,13:26,2,Hollyoak Siobhan,513136,Sporting Life,https://www.sportinglife.com/greyhounds/racecards/2026-08-21/central-park/racecard/513136
2026-08-21,Central Park,13:26,3,Rocket Megzy,513136,Sporting Life,https://www.sportinglife.com/greyhounds/racecards/2026-08-21/central-park/racecard/513136
2026-08-21,Central Park,13:26,4,Beach Body,513136,Sporting Life,https://www.sportinglife.com/greyhounds/racecards/2026-08-21/central-park/racecard/513136
2026-08-21,Central Park,13:26,5,Beach Trip,513136,Sporting Life,https://www.sportinglife.com/greyhounds/racecards/2026-08-21/central-park/racecard/513136
2026-08-21,Central Park,13:26,6,Donishall Marco,513136,Sporting Life,https://www.sportinglife.com/greyhounds/racecards/2026-08-21/central-park/racecard/513136
2026-08-21,Central Park,13:42,1,Beckley Jojo,513137,Sporting Life,https://www.sportinglife.com/greyhounds/racecards/2026-08-21/central-park/racecard/513137
2026-08-21,Central Park,13:42,2,Swift Yesterday,513137,Sporting Life,https://www.sportinglife.com/greyhounds/racecards/2026-08-21/central-park/racecard/513137
2026-08-21,Central Park,13:42,3,Russmur Dancer,513137,Sporting Life,https://www.sportinglife.com/greyhounds/racecards/2026-08-21/central-park/racecard/513137
2026-08-21,Central Park,13:42,4,Bon Ton Roulet,513137,Sporting Life,https://www.sportinglife.com/greyhounds/racecards/2026-08-21/central-park/racecard/513137
2026-08-21,Central Park,13:42,6,Rockmount Rosie,513137,Sporting Life,https://www.sportinglife.com/greyhounds/racecards/2026-08-21/central-park/racecard/513137
2026-08-21,Central Park,13:59,1,Hollyoak Bailey,513138,Sporting Life,https://www.sportinglife.com/greyhounds/racecards/2026-08-21/central-park/racecard/513138
2026-08-21,Central Park,13:59,2,Bullseye Bill,513138,Sporting Life,https://www.sportinglife.com/greyhounds/racecards/2026-08-21/central-park/racecard/513138
2026-08-21,Central Park,13:59,3,Blossomfort Coco,513138,Sporting Life,https://www.sportinglife.com/greyhounds/racecards/2026-08-21/central-park/racecard/513138
2026-08-21,Central Park,13:59,5,Roseville Icon,513138,Sporting Life,https://www.sportinglife.com/greyhounds/racecards/2026-08-21/central-park/racecard/513138
2026-08-21,Central Park,13:59,6,Devonshire Ace,513138,Sporting Life,https://www.sportinglife.com/greyhounds/racecards/2026-08-21/central-park/racecard/513138
2026-08-21,Central Park,14:14,1,Hollyhill Shari,513139,Sporting Life,https://www.sportinglife.com/greyhounds/racecards/2026-08-21/central-park/racecard/513139
2026-08-21,Central Park,14:14,2,Frankton Flame,513139,Sporting Life,https://www.sportinglife.com/greyhounds/racecards/2026-08-21/central-park/racecard/513139
2026-08-21,Central Park,14:14,3,Moaning Saka,513139,Sporting Life,https://www.sportinglife.com/greyhounds/racecards/2026-08-21/central-park/racecard/513139
2026-08-21,Central Park,14:14,4,Silver Medal,513139,Sporting Life,https://www.sportinglife.com/greyhounds/racecards/2026-08-21/central-park/racecard/513139
2026-08-21,Central Park,14:14,5,Hollyoak Doogal,513139,Sporting Life,https://www.sportinglife.com/greyhounds/racecards/2026-08-21/central-park/racecard/513139
2026-08-21,Central Park,14:14,6,Harlequin Messi,513139,Sporting Life,https://www.sportinglife.com/greyhounds/racecards/2026-08-21/central-park/racecard/513139
2026-08-21,Harlow,10:32,1,Townsend Bruno,513140,Sporting Life,https://www.sportinglife.com/greyhounds/racecards/2026-08-21/harlow/racecard/513140
2026-08-21,Harlow,10:32,2,Havana Belle,513140,Sporting Life,https://www.sportinglife.com/greyhounds/racecards/2026-08-21/harlow/racecard/513140
2026-08-21,Harlow,10:32,3,Pearseys Dasher,513140,Sporting Life,https://www.sportinglife.com/greyhounds/racecards/2026-08-21/harlow/racecard/513140
2026-08-21,Harlow,10:32,4,Tiermana Sally,513140,Sporting Life,https://www.sportinglife.com/greyhounds/racecards/2026-08-21/harlow/racecard/513140
2026-08-21,Harlow,10:32,6,Absconder,513140,Sporting Life,https://www.sportinglife.com/greyhounds/racecards/2026-08-21/harlow/racecard/513140
2026-08-21,Harlow,10:48,1,Moaning Thelma,513141,Sporting Life,https://www.sportinglife.com/greyhounds/racecards/2026-08-21/harlow/racecard/513141
2026-08-21,Harlow,10:48,2,Mykindaguy,513141,Sporting Life,https://www.sportinglife.com/greyhounds/racecards/2026-08-21/harlow/racecard/513141
2026-08-21,Harlow,10:48,3,Trapper Joe,513141,Sporting Life,https://www.sportinglife.com/greyhounds/racecards/2026-08-21/harlow/racecard/513141
2026-08-21,Harlow,10:48,4,Scroggy Moe,513141,Sporting Life,https://www.sportinglife.com/greyhounds/racecards/2026-08-21/harlow/racecard/513141
2026-08-21,Harlow,10:48,5,Dynamic Logan,513141,Sporting Life,https://www.sportinglife.com/greyhounds/racecards/2026-08-21/harlow/racecard/513141
2026-08-21,Harlow,10:48,6,Rodneys Girl,513141,Sporting Life,https://www.sportinglife.com/greyhounds/racecards/2026-08-21/harlow/racecard/513141
2026-08-21,Harlow,11:04,1,Maxgrove Diamond,513142,Sporting Life,https://www.sportinglife.com/greyhounds/racecards/2026-08-21/harlow/racecard/513142
2026-08-21,Harlow,11:04,2,Crucial Ruby,513142,Sporting Life,https://www.sportinglife.com/greyhounds/racecards/2026-08-21/harlow/racecard/513142
2026-08-21,Harlow,11:04,3,Foxrock Alfie,513142,Sporting Life,https://www.sportinglife.com/greyhounds/racecards/2026-08-21/harlow/racecard/513142
2026-08-21,Harlow,11:04,4,Browns Barbie,513142,Sporting Life,https://www.sportinglife.com/greyhounds/racecards/2026-08-21/harlow/racecard/513142
2026-08-21,Harlow,11:04,6,Rosstemple Bono,513142,Sporting Life,https://www.sportinglife.com/greyhounds/racecards/2026-08-21/harlow/racecard/513142
2026-08-21,Harlow,11:21,1,Budge Up,513143,Sporting Life,https://www.sportinglife.com/greyhounds/racecards/2026-08-21/harlow/racecard/513143
2026-08-21,Harlow,11:21,2,Glenadda Lily,513143,Sporting Life,https://www.sportinglife.com/greyhounds/racecards/2026-08-21/harlow/racecard/513143
2026-08-21,Harlow,11:21,3,Scarlett Galaxy,513143,Sporting Life,https://www.sportinglife.com/greyhounds/racecards/2026-08-21/harlow/racecard/513143
2026-08-21,Harlow,11:21,4,Kiskillo,513143,Sporting Life,https://www.sportinglife.com/greyhounds/racecards/2026-08-21/harlow/racecard/513143
2026-08-21,Harlow,11:21,6,Double Errill,513143,Sporting Life,https://www.sportinglife.com/greyhounds/racecards/2026-08-21/harlow/racecard/513143
2026-08-21,Harlow,11:38,1,Flattotheboards,513144,Sporting Life,https://www.sportinglife.com/greyhounds/racecards/2026-08-21/harlow/racecard/513144
2026-08-21,Harlow,11:38,2,Rhombus Lass,513144,Sporting Life,https://www.sportinglife.com/greyhounds/racecards/2026-08-21/harlow/racecard/513144
2026-08-21,Harlow,11:38,3,Moaning Louise,513144,Sporting Life,https://www.sportinglife.com/greyhounds/racecards/2026-08-21/harlow/racecard/513144
2026-08-21,Harlow,11:38,4,Moaning Tini,513144,Sporting Life,https://www.sportinglife.com/greyhounds/racecards/2026-08-21/harlow/racecard/513144
2026-08-21,Harlow,11:38,5,Sallins Flyer,513144,Sporting Life,https://www.sportinglife.com/greyhounds/racecards/2026-08-21/harlow/racecard/513144
2026-08-21,Harlow,11:38,6,Rathmeehan Lyra,513144,Sporting Life,https://www.sportinglife.com/greyhounds/racecards/2026-08-21/harlow/racecard/513144
2026-08-21,Harlow,11:54,1,Hollyhill Ma,513145,Sporting Life,https://www.sportinglife.com/greyhounds/racecards/2026-08-21/harlow/racecard/513145
2026-08-21,Harlow,11:54,2,Gothic Queen,513145,Sporting Life,https://www.sportinglife.com/greyhounds/racecards/2026-08-21/harlow/racecard/513145
2026-08-21,Harlow,11:54,3,Moaning May,513145,Sporting Life,https://www.sportinglife.com/greyhounds/racecards/2026-08-21/harlow/racecard/513145
2026-08-21,Harlow,11:54,5,Valley Rockstar,513145,Sporting Life,https://www.sportinglife.com/greyhounds/racecards/2026-08-21/harlow/racecard/513145
2026-08-21,Harlow,11:54,6,Tinas Liberty,513145,Sporting Life,https://www.sportinglife.com/greyhounds/racecards/2026-08-21/harlow/racecard/513145
2026-08-21,Harlow,12:12,1,Harriestown Kate,513146,Sporting Life,https://www.sportinglife.com/greyhounds/racecards/2026-08-21/harlow/racecard/513146
2026-08-21,Harlow,12:12,2,Skidrow Jake,513146,Sporting Life,https://www.sportinglife.com/greyhounds/racecards/2026-08-21/harlow/racecard/513146
2026-08-21,Harlow,12:12,3,Hatmore Stockey,513146,Sporting Life,https://www.sportinglife.com/greyhounds/racecards/2026-08-21/harlow/racecard/513146
2026-08-21,Harlow,12:12,4,Rathbally Bolger,513146,Sporting Life,https://www.sportinglife.com/greyhounds/racecards/2026-08-21/harlow/racecard/513146
2026-08-21,Harlow,12:12,5,Spooky Candy,513146,Sporting Life,https://www.sportinglife.com/greyhounds/racecards/2026-08-21/harlow/racecard/513146
2026-08-21,Harlow,12:12,6,Westfield Aida,513146,Sporting Life,https://www.sportinglife.com/greyhounds/racecards/2026-08-21/harlow/racecard/513146
2026-08-21,Harlow,12:29,1,Cofam Girl,513147,Sporting Life,https://www.sportinglife.com/greyhounds/racecards/2026-08-21/harlow/racecard/513147
2026-08-21,Harlow,12:29,2,Ravenswood Blake,513147,Sporting Life,https://www.sportinglife.com/greyhounds/racecards/2026-08-21/harlow/racecard/513147
2026-08-21,Harlow,12:29,3,Moaning Dior,513147,Sporting Life,https://www.sportinglife.com/greyhounds/racecards/2026-08-21/harlow/racecard/513147
2026-08-21,Harlow,12:29,4,Minnies Daria,513147,Sporting Life,https://www.sportinglife.com/greyhounds/racecards/2026-08-21/harlow/racecard/513147
2026-08-21,Harlow,12:29,5,Catunda Harrison,513147,Sporting Life,https://www.sportinglife.com/greyhounds/racecards/2026-08-21/harlow/racecard/513147
2026-08-21,Harlow,12:29,6,Fenview Taylor,513147,Sporting Life,https://www.sportinglife.com/greyhounds/racecards/2026-08-21/harlow/racecard/513147
2026-08-21,Harlow,12:46,2,Joys Of Danielle,513148,Sporting Life,https://www.sportinglife.com/greyhounds/racecards/2026-08-21/harlow/racecard/513148
2026-08-21,Harlow,12:46,3,Manic Monday,513148,Sporting Life,https://www.sportinglife.com/greyhounds/racecards/2026-08-21/harlow/racecard/513148
2026-08-21,Harlow,12:46,4,Moaning Gabriel,513148,Sporting Life,https://www.sportinglife.com/greyhounds/racecards/2026-08-21/harlow/racecard/513148
2026-08-21,Harlow,12:46,5,Jayar Rogue,513148,Sporting Life,https://www.sportinglife.com/greyhounds/racecards/2026-08-21/harlow/racecard/513148
2026-08-21,Harlow,12:46,6,Moaning Versace,513148,Sporting Life,https://www.sportinglife.com/greyhounds/racecards/2026-08-21/harlow/racecard/513148
2026-08-21,Harlow,13:03,1,Faces And Places,513149,Sporting Life,https://www.sportinglife.com/greyhounds/racecards/2026-08-21/harlow/racecard/513149
2026-08-21,Harlow,13:03,2,Be The Key,513149,Sporting Life,https://www.sportinglife.com/greyhounds/racecards/2026-08-21/harlow/racecard/513149
2026-08-21,Harlow,13:03,3,Maddox Rose,513149,Sporting Life,https://www.sportinglife.com/greyhounds/racecards/2026-08-21/harlow/racecard/513149
2026-08-21,Harlow,13:03,4,Brandywell King,513149,Sporting Life,https://www.sportinglife.com/greyhounds/racecards/2026-08-21/harlow/racecard/513149
2026-08-21,Harlow,13:03,6,Savourtheflavour,513149,Sporting Life,https://www.sportinglife.com/greyhounds/racecards/2026-08-21/harlow/racecard/513149
2026-08-21,Harlow,13:19,1,Speedy Gene,513150,Sporting Life,https://www.sportinglife.com/greyhounds/racecards/2026-08-21/harlow/racecard/513150
2026-08-21,Harlow,13:19,2,Old Bed Forrest,513150,Sporting Life,https://www.sportinglife.com/greyhounds/racecards/2026-08-21/harlow/racecard/513150
2026-08-21,Harlow,13:19,3,Millview Bobby,513150,Sporting Life,https://www.sportinglife.com/greyhounds/racecards/2026-08-21/harlow/racecard/513150
2026-08-21,Harlow,13:19,4,Jamaica Smiles,513150,Sporting Life,https://www.sportinglife.com/greyhounds/racecards/2026-08-21/harlow/racecard/513150
2026-08-21,Harlow,13:19,5,Mister Bojangles,513150,Sporting Life,https://www.sportinglife.com/greyhounds/racecards/2026-08-21/harlow/racecard/513150
2026-08-21,Harlow,13:19,6,Little Rona,513150,Sporting Life,https://www.sportinglife.com/greyhounds/racecards/2026-08-21/harlow/racecard/513150
2026-08-21,Harlow,13:37,1,Roscrea Karen,513151,Sporting Life,https://www.sportinglife.com/greyhounds/racecards/2026-08-21/harlow/racecard/513151
2026-08-21,Harlow,13:37,2,Gainstown Sky,513151,Sporting Life,https://www.sportinglife.com/greyhounds/racecards/2026-08-21/harlow/racecard/513151
2026-08-21,Harlow,13:37,3,Catunda Alex,513151,Sporting Life,https://www.sportinglife.com/greyhounds/racecards/2026-08-21/harlow/racecard/513151
2026-08-21,Harlow,13:37,4,Traptoline Elena,513151,Sporting Life,https://www.sportinglife.com/greyhounds/racecards/2026-08-21/harlow/racecard/513151
2026-08-21,Harlow,13:37,5,Brindle Bomber,513151,Sporting Life,https://www.sportinglife.com/greyhounds/racecards/2026-08-21/harlow/racecard/513151
2026-08-21,Harlow,13:37,6,Moss Row Mistral,513151,Sporting Life,https://www.sportinglife.com/greyhounds/racecards/2026-08-21/harlow/racecard/513151
2026-08-21,Harlow,13:54,1,Ballyer Rallyer,513152,Sporting Life,https://www.sportinglife.com/greyhounds/racecards/2026-08-21/harlow/racecard/513152
2026-08-21,Harlow,13:54,2,Soldeu,513152,Sporting Life,https://www.sportinglife.com/greyhounds/racecards/2026-08-21/harlow/racecard/513152
2026-08-21,Harlow,13:54,3,Brynoffa Jill,513152,Sporting Life,https://www.sportinglife.com/greyhounds/racecards/2026-08-21/harlow/racecard/513152
2026-08-21,Harlow,13:54,4,Oppo,513152,Sporting Life,https://www.sportinglife.com/greyhounds/racecards/2026-08-21/harlow/racecard/513152
2026-08-21,Harlow,13:54,5,Rathmeehan Judi,513152,Sporting Life,https://www.sportinglife.com/greyhounds/racecards/2026-08-21/harlow/racecard/513152
2026-08-21,Harlow,13:54,6,Tis The Time,513152,Sporting Life,https://www.sportinglife.com/greyhounds/racecards/2026-08-21/harlow/racecard/513152
2026-08-21,Harlow,18:11,1,Unlikely Maddie,513153,Sporting Life,https://www.sportinglife.com/greyhounds/racecards/2026-08-21/harlow/racecard/513153
2026-08-21,Harlow,18:11,2,Savanalittlelegs,513153,Sporting Life,https://www.sportinglife.com/greyhounds/racecards/2026-08-21/harlow/racecard/513153
2026-08-21,Harlow,18:11,3,Doreens Poppy,513153,Sporting Life,https://www.sportinglife.com/greyhounds/racecards/2026-08-21/harlow/racecard/513153
2026-08-21,Harlow,18:11,4,Alohas Dream,513153,Sporting Life,https://www.sportinglife.com/greyhounds/racecards/2026-08-21/harlow/racecard/513153
2026-08-21,Harlow,18:11,5,Maybe Later,513153,Sporting Life,https://www.sportinglife.com/greyhounds/racecards/2026-08-21/harlow/racecard/513153
2026-08-21,Harlow,18:11,6,Devil In A Dress,513153,Sporting Life,https://www.sportinglife.com/greyhounds/racecards/2026-08-21/harlow/racecard/513153
2026-08-21,Harlow,18:29,1,Keefill Coco,513154,Sporting Life,https://www.sportinglife.com/greyhounds/racecards/2026-08-21/harlow/racecard/513154
2026-08-21,Harlow,18:29,2,Mea Culpa,513154,Sporting Life,https://www.sportinglife.com/greyhounds/racecards/2026-08-21/harlow/racecard/513154
2026-08-21,Harlow,18:29,3,Swift Legacy,513154,Sporting Life,https://www.sportinglife.com/greyhounds/racecards/2026-08-21/harlow/racecard/513154
2026-08-21,Harlow,18:29,4,My Bella Rose,513154,Sporting Life,https://www.sportinglife.com/greyhounds/racecards/2026-08-21/harlow/racecard/513154
2026-08-21,Harlow,18:29,5,Savana Turtle,513154,Sporting Life,https://www.sportinglife.com/greyhounds/racecards/2026-08-21/harlow/racecard/513154
2026-08-21,Harlow,18:29,6,Savana Polly,513154,Sporting Life,https://www.sportinglife.com/greyhounds/racecards/2026-08-21/harlow/racecard/513154
2026-08-21,Harlow,18:46,1,Swift Uno,513155,Sporting Life,https://www.sportinglife.com/greyhounds/racecards/2026-08-21/harlow/racecard/513155
2026-08-21,Harlow,18:46,2,Skirk Bolger,513155,Sporting Life,https://www.sportinglife.com/greyhounds/racecards/2026-08-21/harlow/racecard/513155
2026-08-21,Harlow,18:46,3,Townsend Daisy,513155,Sporting Life,https://www.sportinglife.com/greyhounds/racecards/2026-08-21/harlow/racecard/513155
2026-08-21,Harlow,18:46,4,Scrahan Cruiser,513155,Sporting Life,https://www.sportinglife.com/greyhounds/racecards/2026-08-21/harlow/racecard/513155
2026-08-21,Harlow,18:46,6,Townsend Cindy,513155,Sporting Life,https://www.sportinglife.com/greyhounds/racecards/2026-08-21/harlow/racecard/513155
2026-08-21,Harlow,19:04,1,Sister Peg,513156,Sporting Life,https://www.sportinglife.com/greyhounds/racecards/2026-08-21/harlow/racecard/513156
2026-08-21,Harlow,19:04,2,Yo Twilight,513156,Sporting Life,https://www.sportinglife.com/greyhounds/racecards/2026-08-21/harlow/racecard/513156
2026-08-21,Harlow,19:04,3,Headford Duchess,513156,Sporting Life,https://www.sportinglife.com/greyhounds/racecards/2026-08-21/harlow/racecard/513156
2026-08-21,Harlow,19:04,5,Perfecto Dupont,513156,Sporting Life,https://www.sportinglife.com/greyhounds/racecards/2026-08-21/harlow/racecard/513156
2026-08-21,Harlow,19:04,6,Brentfordforever,513156,Sporting Life,https://www.sportinglife.com/greyhounds/racecards/2026-08-21/harlow/racecard/513156
2026-08-21,Harlow,19:24,1,Dryland Sparks,513157,Sporting Life,https://www.sportinglife.com/greyhounds/racecards/2026-08-21/harlow/racecard/513157
2026-08-21,Harlow,19:24,2,Gothic Cheyenne,513157,Sporting Life,https://www.sportinglife.com/greyhounds/racecards/2026-08-21/harlow/racecard/513157
2026-08-21,Harlow,19:24,3,Badminton Beach,513157,Sporting Life,https://www.sportinglife.com/greyhounds/racecards/2026-08-21/harlow/racecard/513157
2026-08-21,Harlow,19:24,4,Samrose Taylor,513157,Sporting Life,https://www.sportinglife.com/greyhounds/racecards/2026-08-21/harlow/racecard/513157
2026-08-21,Harlow,19:24,6,Taylormade Bono,513157,Sporting Life,https://www.sportinglife.com/greyhounds/racecards/2026-08-21/harlow/racecard/513157
2026-08-21,Harlow,19:42,1,Southwind Oz,513158,Sporting Life,https://www.sportinglife.com/greyhounds/racecards/2026-08-21/harlow/racecard/513158
2026-08-21,Harlow,19:42,2,Rockmount Moe,513158,Sporting Life,https://www.sportinglife.com/greyhounds/racecards/2026-08-21/harlow/racecard/513158
2026-08-21,Harlow,19:42,3,Club Dream,513158,Sporting Life,https://www.sportinglife.com/greyhounds/racecards/2026-08-21/harlow/racecard/513158
2026-08-21,Harlow,19:42,4,Jura Go Bucko,513158,Sporting Life,https://www.sportinglife.com/greyhounds/racecards/2026-08-21/harlow/racecard/513158
2026-08-21,Harlow,19:42,5,Savana Bueno,513158,Sporting Life,https://www.sportinglife.com/greyhounds/racecards/2026-08-21/harlow/racecard/513158
2026-08-21,Harlow,19:42,6,Baran Ronaldo,513158,Sporting Life,https://www.sportinglife.com/greyhounds/racecards/2026-08-21/harlow/racecard/513158
2026-08-21,Harlow,19:58,1,Derry Rebel,513159,Sporting Life,https://www.sportinglife.com/greyhounds/racecards/2026-08-21/harlow/racecard/513159
2026-08-21,Harlow,19:58,2,Joyces Sadie,513159,Sporting Life,https://www.sportinglife.com/greyhounds/racecards/2026-08-21/harlow/racecard/513159
2026-08-21,Harlow,19:58,3,Burgess Doireann,513159,Sporting Life,https://www.sportinglife.com/greyhounds/racecards/2026-08-21/harlow/racecard/513159
2026-08-21,Harlow,19:58,4,Estefans Tune,513159,Sporting Life,https://www.sportinglife.com/greyhounds/racecards/2026-08-21/harlow/racecard/513159
2026-08-21,Harlow,19:58,5,Savana Shady,513159,Sporting Life,https://www.sportinglife.com/greyhounds/racecards/2026-08-21/harlow/racecard/513159
2026-08-21,Harlow,19:58,6,Tableseventyone,513159,Sporting Life,https://www.sportinglife.com/greyhounds/racecards/2026-08-21/harlow/racecard/513159
2026-08-21,Harlow,20:16,1,Small But Speedy,513160,Sporting Life,https://www.sportinglife.com/greyhounds/racecards/2026-08-21/harlow/racecard/513160
2026-08-21,Harlow,20:16,2,Piercestown Post,513160,Sporting Life,https://www.sportinglife.com/greyhounds/racecards/2026-08-21/harlow/racecard/513160
2026-08-21,Harlow,20:16,3,Maeda,513160,Sporting Life,https://www.sportinglife.com/greyhounds/racecards/2026-08-21/harlow/racecard/513160
2026-08-21,Harlow,20:16,4,Savana Tir Nanog,513160,Sporting Life,https://www.sportinglife.com/greyhounds/racecards/2026-08-21/harlow/racecard/513160
2026-08-21,Harlow,20:16,6,Tyford Pet,513160,Sporting Life,https://www.sportinglife.com/greyhounds/racecards/2026-08-21/harlow/racecard/513160
2026-08-21,Harlow,20:34,1,Triangle Trikari,513161,Sporting Life,https://www.sportinglife.com/greyhounds/racecards/2026-08-21/harlow/racecard/513161
2026-08-21,Harlow,20:34,2,Deelish Mack,513161,Sporting Life,https://www.sportinglife.com/greyhounds/racecards/2026-08-21/harlow/racecard/513161
2026-08-21,Harlow,20:34,3,Swift Zaylee,513161,Sporting Life,https://www.sportinglife.com/greyhounds/racecards/2026-08-21/harlow/racecard/513161
2026-08-21,Harlow,20:34,4,Savana Beth,513161,Sporting Life,https://www.sportinglife.com/greyhounds/racecards/2026-08-21/harlow/racecard/513161
2026-08-21,Harlow,20:34,6,Canya Queue,513161,Sporting Life,https://www.sportinglife.com/greyhounds/racecards/2026-08-21/harlow/racecard/513161
2026-08-21,Harlow,20:52,1,Townsend Tonya,513162,Sporting Life,https://www.sportinglife.com/greyhounds/racecards/2026-08-21/harlow/racecard/513162
2026-08-21,Harlow,20:52,2,Yo Cashout,513162,Sporting Life,https://www.sportinglife.com/greyhounds/racecards/2026-08-21/harlow/racecard/513162
2026-08-21,Harlow,20:52,3,Portora Gold,513162,Sporting Life,https://www.sportinglife.com/greyhounds/racecards/2026-08-21/harlow/racecard/513162
2026-08-21,Harlow,20:52,4,Links Aphrodite,513162,Sporting Life,https://www.sportinglife.com/greyhounds/racecards/2026-08-21/harlow/racecard/513162
2026-08-21,Harlow,20:52,6,Tommys Crown,513162,Sporting Life,https://www.sportinglife.com/greyhounds/racecards/2026-08-21/harlow/racecard/513162
2026-08-21,Harlow,21:09,1,Savana Bridget,513163,Sporting Life,https://www.sportinglife.com/greyhounds/racecards/2026-08-21/harlow/racecard/513163
2026-08-21,Harlow,21:09,2,Sober Speed,513163,Sporting Life,https://www.sportinglife.com/greyhounds/racecards/2026-08-21/harlow/racecard/513163
2026-08-21,Harlow,21:09,3,Bouncy Jet,513163,Sporting Life,https://www.sportinglife.com/greyhounds/racecards/2026-08-21/harlow/racecard/513163
2026-08-21,Harlow,21:09,5,Breakaway Bell,513163,Sporting Life,https://www.sportinglife.com/greyhounds/racecards/2026-08-21/harlow/racecard/513163
2026-08-21,Harlow,21:09,6,Up North,513163,Sporting Life,https://www.sportinglife.com/greyhounds/racecards/2026-08-21/harlow/racecard/513163
2026-08-21,Harlow,21:26,1,Luscious Linda,513164,Sporting Life,https://www.sportinglife.com/greyhounds/racecards/2026-08-21/harlow/racecard/513164
2026-08-21,Harlow,21:26,3,Shortwood Ally,513164,Sporting Life,https://www.sportinglife.com/greyhounds/racecards/2026-08-21/harlow/racecard/513164
2026-08-21,Harlow,21:26,4,Kilgarran Des,513164,Sporting Life,https://www.sportinglife.com/greyhounds/racecards/2026-08-21/harlow/racecard/513164
2026-08-21,Harlow,21:26,5,Artys Corner,513164,Sporting Life,https://www.sportinglife.com/greyhounds/racecards/2026-08-21/harlow/racecard/513164
2026-08-21,Harlow,21:26,6,Old Fort Mickmac,513164,Sporting Life,https://www.sportinglife.com/greyhounds/racecards/2026-08-21/harlow/racecard/513164
2026-08-21,Hove,11:01,1,Radical Kylian,513056,Sporting Life,https://www.sportinglife.com/greyhounds/racecards/2026-08-21/hove/racecard/513056
2026-08-21,Hove,11:01,2,Im Justa Rarity,513056,Sporting Life,https://www.sportinglife.com/greyhounds/racecards/2026-08-21/hove/racecard/513056
2026-08-21,Hove,11:01,3,Kilara Capaldi,513056,Sporting Life,https://www.sportinglife.com/greyhounds/racecards/2026-08-21/hove/racecard/513056
2026-08-21,Hove,11:01,4,Alright Grace,513056,Sporting Life,https://www.sportinglife.com/greyhounds/racecards/2026-08-21/hove/racecard/513056
2026-08-21,Hove,11:01,6,Stormy Bluey,513056,Sporting Life,https://www.sportinglife.com/greyhounds/racecards/2026-08-21/hove/racecard/513056
2026-08-21,Hove,11:18,1,Amazing Force,513057,Sporting Life,https://www.sportinglife.com/greyhounds/racecards/2026-08-21/hove/racecard/513057
2026-08-21,Hove,11:18,2,Swift Zane,513057,Sporting Life,https://www.sportinglife.com/greyhounds/racecards/2026-08-21/hove/racecard/513057
2026-08-21,Hove,11:18,3,Wee Miss Badger,513057,Sporting Life,https://www.sportinglife.com/greyhounds/racecards/2026-08-21/hove/racecard/513057
2026-08-21,Hove,11:18,4,Barbie Bullet,513057,Sporting Life,https://www.sportinglife.com/greyhounds/racecards/2026-08-21/hove/racecard/513057
2026-08-21,Hove,11:18,6,Tuono Dave,513057,Sporting Life,https://www.sportinglife.com/greyhounds/racecards/2026-08-21/hove/racecard/513057
2026-08-21,Hove,11:34,1,Chisem Mayura,513058,Sporting Life,https://www.sportinglife.com/greyhounds/racecards/2026-08-21/hove/racecard/513058
2026-08-21,Hove,11:34,2,Chisem Toby,513058,Sporting Life,https://www.sportinglife.com/greyhounds/racecards/2026-08-21/hove/racecard/513058
2026-08-21,Hove,11:34,3,Miruts Yifter,513058,Sporting Life,https://www.sportinglife.com/greyhounds/racecards/2026-08-21/hove/racecard/513058
2026-08-21,Hove,11:34,5,Droopys Fervour,513058,Sporting Life,https://www.sportinglife.com/greyhounds/racecards/2026-08-21/hove/racecard/513058
2026-08-21,Hove,11:34,6,Sharp Surprise,513058,Sporting Life,https://www.sportinglife.com/greyhounds/racecards/2026-08-21/hove/racecard/513058
2026-08-21,Hove,11:52,1,Chisem John,513059,Sporting Life,https://www.sportinglife.com/greyhounds/racecards/2026-08-21/hove/racecard/513059
2026-08-21,Hove,11:52,2,Streets Of Bono,513059,Sporting Life,https://www.sportinglife.com/greyhounds/racecards/2026-08-21/hove/racecard/513059
2026-08-21,Hove,11:52,3,Selker Bay Daisy,513059,Sporting Life,https://www.sportinglife.com/greyhounds/racecards/2026-08-21/hove/racecard/513059
2026-08-21,Hove,11:52,4,Punk Rock Puff,513059,Sporting Life,https://www.sportinglife.com/greyhounds/racecards/2026-08-21/hove/racecard/513059
2026-08-21,Hove,11:52,5,Leslies King,513059,Sporting Life,https://www.sportinglife.com/greyhounds/racecards/2026-08-21/hove/racecard/513059
2026-08-21,Hove,12:09,1,Punk Rock Harley,513060,Sporting Life,https://www.sportinglife.com/greyhounds/racecards/2026-08-21/hove/racecard/513060
2026-08-21,Hove,12:09,2,Yougo Jenny,513060,Sporting Life,https://www.sportinglife.com/greyhounds/racecards/2026-08-21/hove/racecard/513060
2026-08-21,Hove,12:09,3,Alright Irene,513060,Sporting Life,https://www.sportinglife.com/greyhounds/racecards/2026-08-21/hove/racecard/513060
2026-08-21,Hove,12:09,4,Gorgeous Girl,513060,Sporting Life,https://www.sportinglife.com/greyhounds/racecards/2026-08-21/hove/racecard/513060
2026-08-21,Hove,12:09,6,Droopys Roster,513060,Sporting Life,https://www.sportinglife.com/greyhounds/racecards/2026-08-21/hove/racecard/513060
2026-08-21,Hove,12:26,1,Coppice Zaya,513061,Sporting Life,https://www.sportinglife.com/greyhounds/racecards/2026-08-21/hove/racecard/513061
2026-08-21,Hove,12:26,2,Burrow Lightyear,513061,Sporting Life,https://www.sportinglife.com/greyhounds/racecards/2026-08-21/hove/racecard/513061
2026-08-21,Hove,12:26,3,Wedontdopanic,513061,Sporting Life,https://www.sportinglife.com/greyhounds/racecards/2026-08-21/hove/racecard/513061
2026-08-21,Hove,12:26,4,Highfield Lass,513061,Sporting Life,https://www.sportinglife.com/greyhounds/racecards/2026-08-21/hove/racecard/513061
2026-08-21,Hove,12:26,5,Montalto Ranger,513061,Sporting Life,https://www.sportinglife.com/greyhounds/racecards/2026-08-21/hove/racecard/513061
2026-08-21,Hove,12:42,1,Westwood Bill,513062,Sporting Life,https://www.sportinglife.com/greyhounds/racecards/2026-08-21/hove/racecard/513062
2026-08-21,Hove,12:42,2,Westwind Ace,513062,Sporting Life,https://www.sportinglife.com/greyhounds/racecards/2026-08-21/hove/racecard/513062
2026-08-21,Hove,12:42,3,Swift Jarvis,513062,Sporting Life,https://www.sportinglife.com/greyhounds/racecards/2026-08-21/hove/racecard/513062
2026-08-21,Hove,12:42,4,Ambiguous,513062,Sporting Life,https://www.sportinglife.com/greyhounds/racecards/2026-08-21/hove/racecard/513062
2026-08-21,Hove,12:42,6,Noelles Glenlo,513062,Sporting Life,https://www.sportinglife.com/greyhounds/racecards/2026-08-21/hove/racecard/513062
2026-08-21,Hove,12:59,1,Luna Outof Orbit,513063,Sporting Life,https://www.sportinglife.com/greyhounds/racecards/2026-08-21/hove/racecard/513063
2026-08-21,Hove,12:59,2,Speedy Sadie,513063,Sporting Life,https://www.sportinglife.com/greyhounds/racecards/2026-08-21/hove/racecard/513063
2026-08-21,Hove,12:59,3,Fastlane Reg,513063,Sporting Life,https://www.sportinglife.com/greyhounds/racecards/2026-08-21/hove/racecard/513063
2026-08-21,Hove,12:59,4,We Try Again,513063,Sporting Life,https://www.sportinglife.com/greyhounds/racecards/2026-08-21/hove/racecard/513063
2026-08-21,Hove,12:59,6,Ivy Hill Jake,513063,Sporting Life,https://www.sportinglife.com/greyhounds/racecards/2026-08-21/hove/racecard/513063
2026-08-21,Hove,13:17,1,Elite Tim,513064,Sporting Life,https://www.sportinglife.com/greyhounds/racecards/2026-08-21/hove/racecard/513064
2026-08-21,Hove,13:17,2,Yougo Jazz,513064,Sporting Life,https://www.sportinglife.com/greyhounds/racecards/2026-08-21/hove/racecard/513064
2026-08-21,Hove,13:17,3,Montalto Glory,513064,Sporting Life,https://www.sportinglife.com/greyhounds/racecards/2026-08-21/hove/racecard/513064
2026-08-21,Hove,13:17,4,Au Revoir,513064,Sporting Life,https://www.sportinglife.com/greyhounds/racecards/2026-08-21/hove/racecard/513064
2026-08-21,Hove,13:17,6,Millers Gem,513064,Sporting Life,https://www.sportinglife.com/greyhounds/racecards/2026-08-21/hove/racecard/513064
2026-08-21,Hove,13:33,1,Hopes Candy,513065,Sporting Life,https://www.sportinglife.com/greyhounds/racecards/2026-08-21/hove/racecard/513065
2026-08-21,Hove,13:33,2,Sporting Pegasus,513065,Sporting Life,https://www.sportinglife.com/greyhounds/racecards/2026-08-21/hove/racecard/513065
2026-08-21,Hove,13:33,3,Slippy Queen,513065,Sporting Life,https://www.sportinglife.com/greyhounds/racecards/2026-08-21/hove/racecard/513065
2026-08-21,Hove,13:33,4,Azura Skye,513065,Sporting Life,https://www.sportinglife.com/greyhounds/racecards/2026-08-21/hove/racecard/513065
2026-08-21,Hove,13:33,5,Signet Ell,513065,Sporting Life,https://www.sportinglife.com/greyhounds/racecards/2026-08-21/hove/racecard/513065
2026-08-21,Hove,13:51,1,Spot On Tpol,513066,Sporting Life,https://www.sportinglife.com/greyhounds/racecards/2026-08-21/hove/racecard/513066
2026-08-21,Hove,13:51,2,Coolmeen Moll,513066,Sporting Life,https://www.sportinglife.com/greyhounds/racecards/2026-08-21/hove/racecard/513066
2026-08-21,Hove,13:51,3,Cant Hurry Love,513066,Sporting Life,https://www.sportinglife.com/greyhounds/racecards/2026-08-21/hove/racecard/513066
2026-08-21,Hove,13:51,5,Sly Ash,513066,Sporting Life,https://www.sportinglife.com/greyhounds/racecards/2026-08-21/hove/racecard/513066
2026-08-21,Hove,13:51,6,Airlie Coogee,513066,Sporting Life,https://www.sportinglife.com/greyhounds/racecards/2026-08-21/hove/racecard/513066
2026-08-21,Hove,14:07,1,John Boy Henry,513067,Sporting Life,https://www.sportinglife.com/greyhounds/racecards/2026-08-21/hove/racecard/513067
2026-08-21,Hove,14:07,2,Courty Ivy,513067,Sporting Life,https://www.sportinglife.com/greyhounds/racecards/2026-08-21/hove/racecard/513067
2026-08-21,Hove,14:07,3,Nice Enough,513067,Sporting Life,https://www.sportinglife.com/greyhounds/racecards/2026-08-21/hove/racecard/513067
2026-08-21,Hove,14:07,4,Kamikaze Star,513067,Sporting Life,https://www.sportinglife.com/greyhounds/racecards/2026-08-21/hove/racecard/513067
2026-08-21,Hove,14:07,6,Homework Diary,513067,Sporting Life,https://www.sportinglife.com/greyhounds/racecards/2026-08-21/hove/racecard/513067
2026-08-21,Kinsley,14:29,1,Queen Nina,513068,Sporting Life,https://www.sportinglife.com/greyhounds/racecards/2026-08-21/kinsley/racecard/513068
2026-08-21,Kinsley,14:29,2,Makeit Baroness,513068,Sporting Life,https://www.sportinglife.com/greyhounds/racecards/2026-08-21/kinsley/racecard/513068
2026-08-21,Kinsley,14:29,3,Deecee Ava,513068,Sporting Life,https://www.sportinglife.com/greyhounds/racecards/2026-08-21/kinsley/racecard/513068
2026-08-21,Kinsley,14:29,4,Deacon Hope,513068,Sporting Life,https://www.sportinglife.com/greyhounds/racecards/2026-08-21/kinsley/racecard/513068
2026-08-21,Kinsley,14:29,5,Glenvale Jolly,513068,Sporting Life,https://www.sportinglife.com/greyhounds/racecards/2026-08-21/kinsley/racecard/513068
2026-08-21,Kinsley,14:29,6,Crystal Dakota,513068,Sporting Life,https://www.sportinglife.com/greyhounds/racecards/2026-08-21/kinsley/racecard/513068
2026-08-21,Kinsley,14:48,1,Lundhill Ellie,513069,Sporting Life,https://www.sportinglife.com/greyhounds/racecards/2026-08-21/kinsley/racecard/513069
2026-08-21,Kinsley,14:48,2,Velardi,513069,Sporting Life,https://www.sportinglife.com/greyhounds/racecards/2026-08-21/kinsley/racecard/513069
2026-08-21,Kinsley,14:48,3,Darver Pigeon,513069,Sporting Life,https://www.sportinglife.com/greyhounds/racecards/2026-08-21/kinsley/racecard/513069
2026-08-21,Kinsley,14:48,4,Thunder Run,513069,Sporting Life,https://www.sportinglife.com/greyhounds/racecards/2026-08-21/kinsley/racecard/513069
2026-08-21,Kinsley,14:48,5,Norristown May,513069,Sporting Life,https://www.sportinglife.com/greyhounds/racecards/2026-08-21/kinsley/racecard/513069
2026-08-21,Kinsley,14:48,6,Killieford Kayla,513069,Sporting Life,https://www.sportinglife.com/greyhounds/racecards/2026-08-21/kinsley/racecard/513069
2026-08-21,Kinsley,15:07,2,Crystal Twodots,513070,Sporting Life,https://www.sportinglife.com/greyhounds/racecards/2026-08-21/kinsley/racecard/513070
2026-08-21,Kinsley,15:07,3,Beckys Cashout,513070,Sporting Life,https://www.sportinglife.com/greyhounds/racecards/2026-08-21/kinsley/racecard/513070
2026-08-21,Kinsley,15:07,4,Swift Perry,513070,Sporting Life,https://www.sportinglife.com/greyhounds/racecards/2026-08-21/kinsley/racecard/513070
2026-08-21,Kinsley,15:07,5,Ferndale Gin,513070,Sporting Life,https://www.sportinglife.com/greyhounds/racecards/2026-08-21/kinsley/racecard/513070
2026-08-21,Kinsley,15:07,6,Polyphenols,513070,Sporting Life,https://www.sportinglife.com/greyhounds/racecards/2026-08-21/kinsley/racecard/513070
2026-08-21,Kinsley,15:26,1,Mohican Yoshi,513071,Sporting Life,https://www.sportinglife.com/greyhounds/racecards/2026-08-21/kinsley/racecard/513071
2026-08-21,Kinsley,15:26,2,Listen Nelly,513071,Sporting Life,https://www.sportinglife.com/greyhounds/racecards/2026-08-21/kinsley/racecard/513071
2026-08-21,Kinsley,15:26,3,Hazelgrove Paris,513071,Sporting Life,https://www.sportinglife.com/greyhounds/racecards/2026-08-21/kinsley/racecard/513071
2026-08-21,Kinsley,15:26,5,Blackbell Mini,513071,Sporting Life,https://www.sportinglife.com/greyhounds/racecards/2026-08-21/kinsley/racecard/513071
2026-08-21,Kinsley,15:26,6,Shrewd Amiee,513071,Sporting Life,https://www.sportinglife.com/greyhounds/racecards/2026-08-21/kinsley/racecard/513071
2026-08-21,Kinsley,15:44,1,Keston Rose,513072,Sporting Life,https://www.sportinglife.com/greyhounds/racecards/2026-08-21/kinsley/racecard/513072
2026-08-21,Kinsley,15:44,2,Crystal Turtle,513072,Sporting Life,https://www.sportinglife.com/greyhounds/racecards/2026-08-21/kinsley/racecard/513072
2026-08-21,Kinsley,15:44,3,Heathsastriker,513072,Sporting Life,https://www.sportinglife.com/greyhounds/racecards/2026-08-21/kinsley/racecard/513072
2026-08-21,Kinsley,15:44,4,Queen Etta,513072,Sporting Life,https://www.sportinglife.com/greyhounds/racecards/2026-08-21/kinsley/racecard/513072
2026-08-21,Kinsley,15:44,6,Fleetwood Robbie,513072,Sporting Life,https://www.sportinglife.com/greyhounds/racecards/2026-08-21/kinsley/racecard/513072
2026-08-21,Kinsley,16:03,2,Crystal Jess,513073,Sporting Life,https://www.sportinglife.com/greyhounds/racecards/2026-08-21/kinsley/racecard/513073
2026-08-21,Kinsley,16:03,3,Beaming Moscato,513073,Sporting Life,https://www.sportinglife.com/greyhounds/racecards/2026-08-21/kinsley/racecard/513073
2026-08-21,Kinsley,16:03,4,Ardsallagh Lady,513073,Sporting Life,https://www.sportinglife.com/greyhounds/racecards/2026-08-21/kinsley/racecard/513073
2026-08-21,Kinsley,16:03,5,Betweenthe Lines,513073,Sporting Life,https://www.sportinglife.com/greyhounds/racecards/2026-08-21/kinsley/racecard/513073
2026-08-21,Kinsley,16:03,6,Killieford Negri,513073,Sporting Life,https://www.sportinglife.com/greyhounds/racecards/2026-08-21/kinsley/racecard/513073
2026-08-21,Kinsley,16:22,1,Kilara Theo,513074,Sporting Life,https://www.sportinglife.com/greyhounds/racecards/2026-08-21/kinsley/racecard/513074
2026-08-21,Kinsley,16:22,2,Crystal Ray,513074,Sporting Life,https://www.sportinglife.com/greyhounds/racecards/2026-08-21/kinsley/racecard/513074
2026-08-21,Kinsley,16:22,3,Tomahurra Winter,513074,Sporting Life,https://www.sportinglife.com/greyhounds/racecards/2026-08-21/kinsley/racecard/513074
2026-08-21,Kinsley,16:22,4,Crystal Willow,513074,Sporting Life,https://www.sportinglife.com/greyhounds/racecards/2026-08-21/kinsley/racecard/513074
2026-08-21,Kinsley,16:22,5,Queen Ariana,513074,Sporting Life,https://www.sportinglife.com/greyhounds/racecards/2026-08-21/kinsley/racecard/513074
2026-08-21,Kinsley,16:41,1,Private Bucks,513075,Sporting Life,https://www.sportinglife.com/greyhounds/racecards/2026-08-21/kinsley/racecard/513075
2026-08-21,Kinsley,16:41,2,Mid Tipp Sophie,513075,Sporting Life,https://www.sportinglife.com/greyhounds/racecards/2026-08-21/kinsley/racecard/513075
2026-08-21,Kinsley,16:41,3,Droopys Willya,513075,Sporting Life,https://www.sportinglife.com/greyhounds/racecards/2026-08-21/kinsley/racecard/513075
2026-08-21,Kinsley,16:41,4,Hazelgrove Pixie,513075,Sporting Life,https://www.sportinglife.com/greyhounds/racecards/2026-08-21/kinsley/racecard/513075
2026-08-21,Kinsley,16:41,5,Deecee Phoenix,513075,Sporting Life,https://www.sportinglife.com/greyhounds/racecards/2026-08-21/kinsley/racecard/513075
2026-08-21,Kinsley,16:41,6,Da Maureens Star,513075,Sporting Life,https://www.sportinglife.com/greyhounds/racecards/2026-08-21/kinsley/racecard/513075
2026-08-21,Kinsley,16:59,1,Power Of Water,513076,Sporting Life,https://www.sportinglife.com/greyhounds/racecards/2026-08-21/kinsley/racecard/513076
2026-08-21,Kinsley,16:59,2,Not Wired Up,513076,Sporting Life,https://www.sportinglife.com/greyhounds/racecards/2026-08-21/kinsley/racecard/513076
2026-08-21,Kinsley,16:59,3,Disengage,513076,Sporting Life,https://www.sportinglife.com/greyhounds/racecards/2026-08-21/kinsley/racecard/513076
2026-08-21,Kinsley,16:59,4,Golan Zara,513076,Sporting Life,https://www.sportinglife.com/greyhounds/racecards/2026-08-21/kinsley/racecard/513076
2026-08-21,Kinsley,16:59,6,Speedy Killeavy,513076,Sporting Life,https://www.sportinglife.com/greyhounds/racecards/2026-08-21/kinsley/racecard/513076
2026-08-21,Kinsley,17:18,1,Step Junior,513077,Sporting Life,https://www.sportinglife.com/greyhounds/racecards/2026-08-21/kinsley/racecard/513077
2026-08-21,Kinsley,17:18,2,Yeah Mick,513077,Sporting Life,https://www.sportinglife.com/greyhounds/racecards/2026-08-21/kinsley/racecard/513077
2026-08-21,Kinsley,17:18,3,Comer Muir,513077,Sporting Life,https://www.sportinglife.com/greyhounds/racecards/2026-08-21/kinsley/racecard/513077
2026-08-21,Kinsley,17:18,4,Zebedee Vienna,513077,Sporting Life,https://www.sportinglife.com/greyhounds/racecards/2026-08-21/kinsley/racecard/513077
2026-08-21,Kinsley,17:18,5,Revilo Eagle,513077,Sporting Life,https://www.sportinglife.com/greyhounds/racecards/2026-08-21/kinsley/racecard/513077
2026-08-21,Kinsley,17:18,6,Swift Kat,513077,Sporting Life,https://www.sportinglife.com/greyhounds/racecards/2026-08-21/kinsley/racecard/513077
2026-08-21,Kinsley,17:37,2,Jogon Ruby,513078,Sporting Life,https://www.sportinglife.com/greyhounds/racecards/2026-08-21/kinsley/racecard/513078
2026-08-21,Kinsley,17:37,3,Onlyfoolsrushin,513078,Sporting Life,https://www.sportinglife.com/greyhounds/racecards/2026-08-21/kinsley/racecard/513078
2026-08-21,Kinsley,17:37,4,Ballymacken Sun,513078,Sporting Life,https://www.sportinglife.com/greyhounds/racecards/2026-08-21/kinsley/racecard/513078
2026-08-21,Kinsley,17:37,5,Lucky Lass,513078,Sporting Life,https://www.sportinglife.com/greyhounds/racecards/2026-08-21/kinsley/racecard/513078
2026-08-21,Kinsley,17:37,6,Kilgarran Rickey,513078,Sporting Life,https://www.sportinglife.com/greyhounds/racecards/2026-08-21/kinsley/racecard/513078
2026-08-21,Kinsley,17:56,1,Crystal Henry,513079,Sporting Life,https://www.sportinglife.com/greyhounds/racecards/2026-08-21/kinsley/racecard/513079
2026-08-21,Kinsley,17:56,2,Eagles Magic,513079,Sporting Life,https://www.sportinglife.com/greyhounds/racecards/2026-08-21/kinsley/racecard/513079
2026-08-21,Kinsley,17:56,3,Elite Lizzie,513079,Sporting Life,https://www.sportinglife.com/greyhounds/racecards/2026-08-21/kinsley/racecard/513079
2026-08-21,Kinsley,17:56,4,Unknown Daisy,513079,Sporting Life,https://www.sportinglife.com/greyhounds/racecards/2026-08-21/kinsley/racecard/513079
2026-08-21,Kinsley,17:56,5,Bells Meadow,513079,Sporting Life,https://www.sportinglife.com/greyhounds/racecards/2026-08-21/kinsley/racecard/513079
2026-08-21,Kinsley,17:56,6,Twoshookmen,513079,Sporting Life,https://www.sportinglife.com/greyhounds/racecards/2026-08-21/kinsley/racecard/513079
2026-08-21,Newcastle,14:36,1,Crack On Faye,513174,Sporting Life,https://www.sportinglife.com/greyhounds/racecards/2026-08-21/newcastle/racecard/513174
2026-08-21,Newcastle,14:36,3,Droopys Getin,513174,Sporting Life,https://www.sportinglife.com/greyhounds/racecards/2026-08-21/newcastle/racecard/513174
2026-08-21,Newcastle,14:36,4,Droopys Renee,513174,Sporting Life,https://www.sportinglife.com/greyhounds/racecards/2026-08-21/newcastle/racecard/513174
2026-08-21,Newcastle,14:36,5,Millhill Yogi,513174,Sporting Life,https://www.sportinglife.com/greyhounds/racecards/2026-08-21/newcastle/racecard/513174
2026-08-21,Newcastle,14:36,6,Inclement Cindy,513174,Sporting Life,https://www.sportinglife.com/greyhounds/racecards/2026-08-21/newcastle/racecard/513174
2026-08-21,Newcastle,14:54,1,Whitehills Haydi,513175,Sporting Life,https://www.sportinglife.com/greyhounds/racecards/2026-08-21/newcastle/racecard/513175
2026-08-21,Newcastle,14:54,2,Drumnafern Blaze,513175,Sporting Life,https://www.sportinglife.com/greyhounds/racecards/2026-08-21/newcastle/racecard/513175
2026-08-21,Newcastle,14:54,3,Chamonix,513175,Sporting Life,https://www.sportinglife.com/greyhounds/racecards/2026-08-21/newcastle/racecard/513175
2026-08-21,Newcastle,14:54,4,Do It Zara,513175,Sporting Life,https://www.sportinglife.com/greyhounds/racecards/2026-08-21/newcastle/racecard/513175
2026-08-21,Newcastle,14:54,5,Footfield Squeak,513175,Sporting Life,https://www.sportinglife.com/greyhounds/racecards/2026-08-21/newcastle/racecard/513175
2026-08-21,Newcastle,14:54,6,Ambers Hero,513175,Sporting Life,https://www.sportinglife.com/greyhounds/racecards/2026-08-21/newcastle/racecard/513175
2026-08-21,Newcastle,15:13,1,Hardwick Teddy,513176,Sporting Life,https://www.sportinglife.com/greyhounds/racecards/2026-08-21/newcastle/racecard/513176
2026-08-21,Newcastle,15:13,2,Cooga Layla,513176,Sporting Life,https://www.sportinglife.com/greyhounds/racecards/2026-08-21/newcastle/racecard/513176
2026-08-21,Newcastle,15:13,3,Fooled Again,513176,Sporting Life,https://www.sportinglife.com/greyhounds/racecards/2026-08-21/newcastle/racecard/513176
2026-08-21,Newcastle,15:13,4,Rolo Genie,513176,Sporting Life,https://www.sportinglife.com/greyhounds/racecards/2026-08-21/newcastle/racecard/513176
2026-08-21,Newcastle,15:13,6,Greenwell Bolt,513176,Sporting Life,https://www.sportinglife.com/greyhounds/racecards/2026-08-21/newcastle/racecard/513176
2026-08-21,Newcastle,15:32,1,Whitehills Magic,513177,Sporting Life,https://www.sportinglife.com/greyhounds/racecards/2026-08-21/newcastle/racecard/513177
2026-08-21,Newcastle,15:32,2,Trevorfoot,513177,Sporting Life,https://www.sportinglife.com/greyhounds/racecards/2026-08-21/newcastle/racecard/513177
2026-08-21,Newcastle,15:32,3,Alnwick Ava,513177,Sporting Life,https://www.sportinglife.com/greyhounds/racecards/2026-08-21/newcastle/racecard/513177
2026-08-21,Newcastle,15:32,4,Deejay Charlie,513177,Sporting Life,https://www.sportinglife.com/greyhounds/racecards/2026-08-21/newcastle/racecard/513177
2026-08-21,Newcastle,15:32,5,Coolemount Raid,513177,Sporting Life,https://www.sportinglife.com/greyhounds/racecards/2026-08-21/newcastle/racecard/513177
2026-08-21,Newcastle,15:32,6,Coppice Kaiser,513177,Sporting Life,https://www.sportinglife.com/greyhounds/racecards/2026-08-21/newcastle/racecard/513177
2026-08-21,Newcastle,15:51,1,Balrobuck Tom,513178,Sporting Life,https://www.sportinglife.com/greyhounds/racecards/2026-08-21/newcastle/racecard/513178
2026-08-21,Newcastle,15:51,2,Crooks Sambuca,513178,Sporting Life,https://www.sportinglife.com/greyhounds/racecards/2026-08-21/newcastle/racecard/513178
2026-08-21,Newcastle,15:51,3,Solway Dream,513178,Sporting Life,https://www.sportinglife.com/greyhounds/racecards/2026-08-21/newcastle/racecard/513178
2026-08-21,Newcastle,15:51,4,Da Rebel Cat,513178,Sporting Life,https://www.sportinglife.com/greyhounds/racecards/2026-08-21/newcastle/racecard/513178
2026-08-21,Newcastle,15:51,6,Now Were Flyin,513178,Sporting Life,https://www.sportinglife.com/greyhounds/racecards/2026-08-21/newcastle/racecard/513178
2026-08-21,Newcastle,16:09,1,Alnwick Brooke,513179,Sporting Life,https://www.sportinglife.com/greyhounds/racecards/2026-08-21/newcastle/racecard/513179
2026-08-21,Newcastle,16:09,2,Killeacle Amy,513179,Sporting Life,https://www.sportinglife.com/greyhounds/racecards/2026-08-21/newcastle/racecard/513179
2026-08-21,Newcastle,16:09,3,Salahs The Goat,513179,Sporting Life,https://www.sportinglife.com/greyhounds/racecards/2026-08-21/newcastle/racecard/513179
2026-08-21,Newcastle,16:09,4,Left Unread,513179,Sporting Life,https://www.sportinglife.com/greyhounds/racecards/2026-08-21/newcastle/racecard/513179
2026-08-21,Newcastle,16:09,5,Drumcrow Wanda,513179,Sporting Life,https://www.sportinglife.com/greyhounds/racecards/2026-08-21/newcastle/racecard/513179
2026-08-21,Newcastle,16:09,6,Fruity Sprite,513179,Sporting Life,https://www.sportinglife.com/greyhounds/racecards/2026-08-21/newcastle/racecard/513179
2026-08-21,Newcastle,16:28,1,Alnwick Tommy,513180,Sporting Life,https://www.sportinglife.com/greyhounds/racecards/2026-08-21/newcastle/racecard/513180
2026-08-21,Newcastle,16:28,2,Balrobuck Kisses,513180,Sporting Life,https://www.sportinglife.com/greyhounds/racecards/2026-08-21/newcastle/racecard/513180
2026-08-21,Newcastle,16:28,3,Isaks Onthe Kop,513180,Sporting Life,https://www.sportinglife.com/greyhounds/racecards/2026-08-21/newcastle/racecard/513180
2026-08-21,Newcastle,16:28,4,Fern Blitz,513180,Sporting Life,https://www.sportinglife.com/greyhounds/racecards/2026-08-21/newcastle/racecard/513180
2026-08-21,Newcastle,16:28,5,Anglesey Savana,513180,Sporting Life,https://www.sportinglife.com/greyhounds/racecards/2026-08-21/newcastle/racecard/513180
2026-08-21,Newcastle,16:28,6,Crooks Rocky,513180,Sporting Life,https://www.sportinglife.com/greyhounds/racecards/2026-08-21/newcastle/racecard/513180
2026-08-21,Newcastle,16:47,1,Alnwick Alisha,513181,Sporting Life,https://www.sportinglife.com/greyhounds/racecards/2026-08-21/newcastle/racecard/513181
2026-08-21,Newcastle,16:47,2,Shebas Shine,513181,Sporting Life,https://www.sportinglife.com/greyhounds/racecards/2026-08-21/newcastle/racecard/513181
2026-08-21,Newcastle,16:47,3,Mister Dipper,513181,Sporting Life,https://www.sportinglife.com/greyhounds/racecards/2026-08-21/newcastle/racecard/513181
2026-08-21,Newcastle,16:47,4,Alnwick Aurora,513181,Sporting Life,https://www.sportinglife.com/greyhounds/racecards/2026-08-21/newcastle/racecard/513181
2026-08-21,Newcastle,16:47,5,Lexis Bullet,513181,Sporting Life,https://www.sportinglife.com/greyhounds/racecards/2026-08-21/newcastle/racecard/513181
2026-08-21,Newcastle,16:47,6,Inclement Mist,513181,Sporting Life,https://www.sportinglife.com/greyhounds/racecards/2026-08-21/newcastle/racecard/513181
2026-08-21,Newcastle,17:06,1,Coppice Cochise,513182,Sporting Life,https://www.sportinglife.com/greyhounds/racecards/2026-08-21/newcastle/racecard/513182
2026-08-21,Newcastle,17:06,2,Lostrigg Buck,513182,Sporting Life,https://www.sportinglife.com/greyhounds/racecards/2026-08-21/newcastle/racecard/513182
2026-08-21,Newcastle,17:06,3,Hasty Session,513182,Sporting Life,https://www.sportinglife.com/greyhounds/racecards/2026-08-21/newcastle/racecard/513182
2026-08-21,Newcastle,17:06,4,Under The Skin,513182,Sporting Life,https://www.sportinglife.com/greyhounds/racecards/2026-08-21/newcastle/racecard/513182
2026-08-21,Newcastle,17:06,5,Whitehills Louis,513182,Sporting Life,https://www.sportinglife.com/greyhounds/racecards/2026-08-21/newcastle/racecard/513182
2026-08-21,Newcastle,17:06,6,Emers Biddy,513182,Sporting Life,https://www.sportinglife.com/greyhounds/racecards/2026-08-21/newcastle/racecard/513182
2026-08-21,Newcastle,17:24,1,Droopys Tutu,513183,Sporting Life,https://www.sportinglife.com/greyhounds/racecards/2026-08-21/newcastle/racecard/513183
2026-08-21,Newcastle,17:24,2,So Its Lillie,513183,Sporting Life,https://www.sportinglife.com/greyhounds/racecards/2026-08-21/newcastle/racecard/513183
2026-08-21,Newcastle,17:24,3,Proud One,513183,Sporting Life,https://www.sportinglife.com/greyhounds/racecards/2026-08-21/newcastle/racecard/513183
2026-08-21,Newcastle,17:24,4,Solway Breeze,513183,Sporting Life,https://www.sportinglife.com/greyhounds/racecards/2026-08-21/newcastle/racecard/513183
2026-08-21,Newcastle,17:24,5,Fahrenheit Eve,513183,Sporting Life,https://www.sportinglife.com/greyhounds/racecards/2026-08-21/newcastle/racecard/513183
2026-08-21,Newcastle,17:24,6,Swift Leon,513183,Sporting Life,https://www.sportinglife.com/greyhounds/racecards/2026-08-21/newcastle/racecard/513183
2026-08-21,Newcastle,17:43,1,Coppice Melbelle,513184,Sporting Life,https://www.sportinglife.com/greyhounds/racecards/2026-08-21/newcastle/racecard/513184
2026-08-21,Newcastle,17:43,2,Whitehills Ted,513184,Sporting Life,https://www.sportinglife.com/greyhounds/racecards/2026-08-21/newcastle/racecard/513184
2026-08-21,Newcastle,17:43,3,Crooks Fearghal,513184,Sporting Life,https://www.sportinglife.com/greyhounds/racecards/2026-08-21/newcastle/racecard/513184
2026-08-21,Newcastle,17:43,4,Alnwick Toonarmy,513184,Sporting Life,https://www.sportinglife.com/greyhounds/racecards/2026-08-21/newcastle/racecard/513184
2026-08-21,Newcastle,17:43,5,Lightfoot Lass,513184,Sporting Life,https://www.sportinglife.com/greyhounds/racecards/2026-08-21/newcastle/racecard/513184
2026-08-21,Newcastle,17:43,6,Wanganui Wanda,513184,Sporting Life,https://www.sportinglife.com/greyhounds/racecards/2026-08-21/newcastle/racecard/513184
2026-08-21,Newcastle,18:02,1,Swift Rabbit,513185,Sporting Life,https://www.sportinglife.com/greyhounds/racecards/2026-08-21/newcastle/racecard/513185
2026-08-21,Newcastle,18:02,2,Never Too Late,513185,Sporting Life,https://www.sportinglife.com/greyhounds/racecards/2026-08-21/newcastle/racecard/513185
2026-08-21,Newcastle,18:02,3,Solway Ruby,513185,Sporting Life,https://www.sportinglife.com/greyhounds/racecards/2026-08-21/newcastle/racecard/513185
2026-08-21,Newcastle,18:02,4,Alnwick Martyn,513185,Sporting Life,https://www.sportinglife.com/greyhounds/racecards/2026-08-21/newcastle/racecard/513185
2026-08-21,Newcastle,18:02,5,Rowington Ruby,513185,Sporting Life,https://www.sportinglife.com/greyhounds/racecards/2026-08-21/newcastle/racecard/513185
2026-08-21,Nottingham,18:08,1,Honour Face,513104,Sporting Life,https://www.sportinglife.com/greyhounds/racecards/2026-08-21/nottingham/racecard/513104
2026-08-21,Nottingham,18:08,2,Ferryforth Mary,513104,Sporting Life,https://www.sportinglife.com/greyhounds/racecards/2026-08-21/nottingham/racecard/513104
2026-08-21,Nottingham,18:08,3,Freedom Venus,513104,Sporting Life,https://www.sportinglife.com/greyhounds/racecards/2026-08-21/nottingham/racecard/513104
2026-08-21,Nottingham,18:08,4,Skyfall Bliss,513104,Sporting Life,https://www.sportinglife.com/greyhounds/racecards/2026-08-21/nottingham/racecard/513104
2026-08-21,Nottingham,18:08,5,Hillend Maise,513104,Sporting Life,https://www.sportinglife.com/greyhounds/racecards/2026-08-21/nottingham/racecard/513104
2026-08-21,Nottingham,18:08,6,Silverwing,513104,Sporting Life,https://www.sportinglife.com/greyhounds/racecards/2026-08-21/nottingham/racecard/513104
2026-08-21,Nottingham,18:28,1,Milos Delivery,513105,Sporting Life,https://www.sportinglife.com/greyhounds/racecards/2026-08-21/nottingham/racecard/513105
2026-08-21,Nottingham,18:28,2,Flyers Swiftly,513105,Sporting Life,https://www.sportinglife.com/greyhounds/racecards/2026-08-21/nottingham/racecard/513105
2026-08-21,Nottingham,18:28,3,Platinum Lark,513105,Sporting Life,https://www.sportinglife.com/greyhounds/racecards/2026-08-21/nottingham/racecard/513105
2026-08-21,Nottingham,18:28,4,Crafty Merino,513105,Sporting Life,https://www.sportinglife.com/greyhounds/racecards/2026-08-21/nottingham/racecard/513105
2026-08-21,Nottingham,18:28,5,Worra Babe,513105,Sporting Life,https://www.sportinglife.com/greyhounds/racecards/2026-08-21/nottingham/racecard/513105
2026-08-21,Nottingham,18:28,6,Crafty Elmo,513105,Sporting Life,https://www.sportinglife.com/greyhounds/racecards/2026-08-21/nottingham/racecard/513105
2026-08-21,Nottingham,18:48,1,Toolmaker Quick,513106,Sporting Life,https://www.sportinglife.com/greyhounds/racecards/2026-08-21/nottingham/racecard/513106
2026-08-21,Nottingham,18:48,2,Kellies Emerald,513106,Sporting Life,https://www.sportinglife.com/greyhounds/racecards/2026-08-21/nottingham/racecard/513106
2026-08-21,Nottingham,18:48,3,Quill Quids,513106,Sporting Life,https://www.sportinglife.com/greyhounds/racecards/2026-08-21/nottingham/racecard/513106
2026-08-21,Nottingham,18:48,4,Maree Shay,513106,Sporting Life,https://www.sportinglife.com/greyhounds/racecards/2026-08-21/nottingham/racecard/513106
2026-08-21,Nottingham,18:48,5,Lisnakill Donnie,513106,Sporting Life,https://www.sportinglife.com/greyhounds/racecards/2026-08-21/nottingham/racecard/513106
2026-08-21,Nottingham,19:08,1,Evas Angel,513107,Sporting Life,https://www.sportinglife.com/greyhounds/racecards/2026-08-21/nottingham/racecard/513107
2026-08-21,Nottingham,19:08,2,Honour Big Mac,513107,Sporting Life,https://www.sportinglife.com/greyhounds/racecards/2026-08-21/nottingham/racecard/513107
2026-08-21,Nottingham,19:08,3,Eagles Charm,513107,Sporting Life,https://www.sportinglife.com/greyhounds/racecards/2026-08-21/nottingham/racecard/513107
2026-08-21,Nottingham,19:08,4,Shockwave Ice,513107,Sporting Life,https://www.sportinglife.com/greyhounds/racecards/2026-08-21/nottingham/racecard/513107
2026-08-21,Nottingham,19:08,5,Swift Doireann,513107,Sporting Life,https://www.sportinglife.com/greyhounds/racecards/2026-08-21/nottingham/racecard/513107
2026-08-21,Nottingham,19:08,6,Kanturk Kin,513107,Sporting Life,https://www.sportinglife.com/greyhounds/racecards/2026-08-21/nottingham/racecard/513107
2026-08-21,Nottingham,19:28,1,Olwinn Ginge,513108,Sporting Life,https://www.sportinglife.com/greyhounds/racecards/2026-08-21/nottingham/racecard/513108
2026-08-21,Nottingham,19:28,2,Tory Yvonne,513108,Sporting Life,https://www.sportinglife.com/greyhounds/racecards/2026-08-21/nottingham/racecard/513108
2026-08-21,Nottingham,19:28,3,Rondayhere,513108,Sporting Life,https://www.sportinglife.com/greyhounds/racecards/2026-08-21/nottingham/racecard/513108
2026-08-21,Nottingham,19:28,4,Loco Les,513108,Sporting Life,https://www.sportinglife.com/greyhounds/racecards/2026-08-21/nottingham/racecard/513108
2026-08-21,Nottingham,19:28,5,Platinum Honey,513108,Sporting Life,https://www.sportinglife.com/greyhounds/racecards/2026-08-21/nottingham/racecard/513108
2026-08-21,Nottingham,19:28,6,Lemon Shirley,513108,Sporting Life,https://www.sportinglife.com/greyhounds/racecards/2026-08-21/nottingham/racecard/513108
2026-08-21,Nottingham,19:48,1,Hinault Mcrow,513109,Sporting Life,https://www.sportinglife.com/greyhounds/racecards/2026-08-21/nottingham/racecard/513109
2026-08-21,Nottingham,19:48,2,Inclement Dream,513109,Sporting Life,https://www.sportinglife.com/greyhounds/racecards/2026-08-21/nottingham/racecard/513109
2026-08-21,Nottingham,19:48,3,Glideaway Fever,513109,Sporting Life,https://www.sportinglife.com/greyhounds/racecards/2026-08-21/nottingham/racecard/513109
2026-08-21,Nottingham,19:48,4,Churchill Queen,513109,Sporting Life,https://www.sportinglife.com/greyhounds/racecards/2026-08-21/nottingham/racecard/513109
2026-08-21,Nottingham,19:48,5,Mister Fezziwig,513109,Sporting Life,https://www.sportinglife.com/greyhounds/racecards/2026-08-21/nottingham/racecard/513109
2026-08-21,Nottingham,19:48,6,Roanna Ash,513109,Sporting Life,https://www.sportinglife.com/greyhounds/racecards/2026-08-21/nottingham/racecard/513109
2026-08-21,Nottingham,20:08,1,Honour Vacation,513110,Sporting Life,https://www.sportinglife.com/greyhounds/racecards/2026-08-21/nottingham/racecard/513110
2026-08-21,Nottingham,20:08,2,Coin Box,513110,Sporting Life,https://www.sportinglife.com/greyhounds/racecards/2026-08-21/nottingham/racecard/513110
2026-08-21,Nottingham,20:08,3,Hardy Bucko,513110,Sporting Life,https://www.sportinglife.com/greyhounds/racecards/2026-08-21/nottingham/racecard/513110
2026-08-21,Nottingham,20:08,4,Saleen Stunner,513110,Sporting Life,https://www.sportinglife.com/greyhounds/racecards/2026-08-21/nottingham/racecard/513110
2026-08-21,Nottingham,20:08,5,Optic Helmet,513110,Sporting Life,https://www.sportinglife.com/greyhounds/racecards/2026-08-21/nottingham/racecard/513110
2026-08-21,Nottingham,20:28,1,Jillulie Blue,513111,Sporting Life,https://www.sportinglife.com/greyhounds/racecards/2026-08-21/nottingham/racecard/513111
2026-08-21,Nottingham,20:28,2,Swift Ursula,513111,Sporting Life,https://www.sportinglife.com/greyhounds/racecards/2026-08-21/nottingham/racecard/513111
2026-08-21,Nottingham,20:28,3,Platinumsunshine,513111,Sporting Life,https://www.sportinglife.com/greyhounds/racecards/2026-08-21/nottingham/racecard/513111
2026-08-21,Nottingham,20:28,4,Sporting Fingers,513111,Sporting Life,https://www.sportinglife.com/greyhounds/racecards/2026-08-21/nottingham/racecard/513111
2026-08-21,Nottingham,20:28,5,Rowington Reign,513111,Sporting Life,https://www.sportinglife.com/greyhounds/racecards/2026-08-21/nottingham/racecard/513111
2026-08-21,Nottingham,20:28,6,Lavender Blue,513111,Sporting Life,https://www.sportinglife.com/greyhounds/racecards/2026-08-21/nottingham/racecard/513111
2026-08-21,Nottingham,20:48,1,Blackfriars Buzz,513112,Sporting Life,https://www.sportinglife.com/greyhounds/racecards/2026-08-21/nottingham/racecard/513112
2026-08-21,Nottingham,20:48,2,Clonbrien King,513112,Sporting Life,https://www.sportinglife.com/greyhounds/racecards/2026-08-21/nottingham/racecard/513112
2026-08-21,Nottingham,20:48,3,Ballyboss Hack,513112,Sporting Life,https://www.sportinglife.com/greyhounds/racecards/2026-08-21/nottingham/racecard/513112
2026-08-21,Nottingham,20:48,4,Alwaysoptimistic,513112,Sporting Life,https://www.sportinglife.com/greyhounds/racecards/2026-08-21/nottingham/racecard/513112
2026-08-21,Nottingham,20:48,5,Leo The Yank,513112,Sporting Life,https://www.sportinglife.com/greyhounds/racecards/2026-08-21/nottingham/racecard/513112
2026-08-21,Nottingham,20:48,6,Gallant Taylor,513112,Sporting Life,https://www.sportinglife.com/greyhounds/racecards/2026-08-21/nottingham/racecard/513112
2026-08-21,Nottingham,21:08,1,Princes Legacy,513113,Sporting Life,https://www.sportinglife.com/greyhounds/racecards/2026-08-21/nottingham/racecard/513113
2026-08-21,Nottingham,21:08,2,Swift Talk,513113,Sporting Life,https://www.sportinglife.com/greyhounds/racecards/2026-08-21/nottingham/racecard/513113
2026-08-21,Nottingham,21:08,4,Wolf Gold,513113,Sporting Life,https://www.sportinglife.com/greyhounds/racecards/2026-08-21/nottingham/racecard/513113
2026-08-21,Nottingham,21:08,5,Worra Cuddle,513113,Sporting Life,https://www.sportinglife.com/greyhounds/racecards/2026-08-21/nottingham/racecard/513113
2026-08-21,Nottingham,21:08,6,Headford Angela,513113,Sporting Life,https://www.sportinglife.com/greyhounds/racecards/2026-08-21/nottingham/racecard/513113
2026-08-21,Nottingham,21:28,1,Mid Tipp Nora,513114,Sporting Life,https://www.sportinglife.com/greyhounds/racecards/2026-08-21/nottingham/racecard/513114
2026-08-21,Nottingham,21:28,2,Strictly Rosey,513114,Sporting Life,https://www.sportinglife.com/greyhounds/racecards/2026-08-21/nottingham/racecard/513114
2026-08-21,Nottingham,21:28,3,Blue Danube,513114,Sporting Life,https://www.sportinglife.com/greyhounds/racecards/2026-08-21/nottingham/racecard/513114
2026-08-21,Nottingham,21:28,4,Jet Gunner,513114,Sporting Life,https://www.sportinglife.com/greyhounds/racecards/2026-08-21/nottingham/racecard/513114
2026-08-21,Nottingham,21:28,5,Thurlesbeg Tonto,513114,Sporting Life,https://www.sportinglife.com/greyhounds/racecards/2026-08-21/nottingham/racecard/513114
2026-08-21,Nottingham,21:28,6,Lynnia Max,513114,Sporting Life,https://www.sportinglife.com/greyhounds/racecards/2026-08-21/nottingham/racecard/513114
2026-08-21,Nottingham,21:48,1,Perdey,513115,Sporting Life,https://www.sportinglife.com/greyhounds/racecards/2026-08-21/nottingham/racecard/513115
2026-08-21,Nottingham,21:48,2,Honour Break,513115,Sporting Life,https://www.sportinglife.com/greyhounds/racecards/2026-08-21/nottingham/racecard/513115
2026-08-21,Nottingham,21:48,3,Honeygar Bessy,513115,Sporting Life,https://www.sportinglife.com/greyhounds/racecards/2026-08-21/nottingham/racecard/513115
2026-08-21,Nottingham,21:48,4,Charcoal,513115,Sporting Life,https://www.sportinglife.com/greyhounds/racecards/2026-08-21/nottingham/racecard/513115
2026-08-21,Nottingham,21:48,5,Swift Kendall,513115,Sporting Life,https://www.sportinglife.com/greyhounds/racecards/2026-08-21/nottingham/racecard/513115
2026-08-21,Nottingham,21:48,6,Macash Rose,513115,Sporting Life,https://www.sportinglife.com/greyhounds/racecards/2026-08-21/nottingham/racecard/513115
2026-08-21,Romford,18:33,1,Catunda Harlow,513116,Sporting Life,https://www.sportinglife.com/greyhounds/racecards/2026-08-21/romford/racecard/513116
2026-08-21,Romford,18:33,2,Velvet Kaela,513116,Sporting Life,https://www.sportinglife.com/greyhounds/racecards/2026-08-21/romford/racecard/513116
2026-08-21,Romford,18:33,3,Noreason Jess,513116,Sporting Life,https://www.sportinglife.com/greyhounds/racecards/2026-08-21/romford/racecard/513116
2026-08-21,Romford,18:33,4,Kingdom Monty,513116,Sporting Life,https://www.sportinglife.com/greyhounds/racecards/2026-08-21/romford/racecard/513116
2026-08-21,Romford,18:33,5,Coolanga Junior,513116,Sporting Life,https://www.sportinglife.com/greyhounds/racecards/2026-08-21/romford/racecard/513116
2026-08-21,Romford,18:33,6,Cowboy Terry,513116,Sporting Life,https://www.sportinglife.com/greyhounds/racecards/2026-08-21/romford/racecard/513116
2026-08-21,Romford,18:53,1,Too Spicy,513117,Sporting Life,https://www.sportinglife.com/greyhounds/racecards/2026-08-21/romford/racecard/513117
2026-08-21,Romford,18:53,2,March On Foghorn,513117,Sporting Life,https://www.sportinglife.com/greyhounds/racecards/2026-08-21/romford/racecard/513117
2026-08-21,Romford,18:53,3,Jacquesinthebox,513117,Sporting Life,https://www.sportinglife.com/greyhounds/racecards/2026-08-21/romford/racecard/513117
2026-08-21,Romford,18:53,4,Inclement Moon,513117,Sporting Life,https://www.sportinglife.com/greyhounds/racecards/2026-08-21/romford/racecard/513117
2026-08-21,Romford,18:53,5,Sehnsa Legend,513117,Sporting Life,https://www.sportinglife.com/greyhounds/racecards/2026-08-21/romford/racecard/513117
2026-08-21,Romford,18:53,6,Hollywood Leo,513117,Sporting Life,https://www.sportinglife.com/greyhounds/racecards/2026-08-21/romford/racecard/513117
2026-08-21,Romford,19:13,1,Untold Ripple,513118,Sporting Life,https://www.sportinglife.com/greyhounds/racecards/2026-08-21/romford/racecard/513118
2026-08-21,Romford,19:13,2,Savana Cosmic,513118,Sporting Life,https://www.sportinglife.com/greyhounds/racecards/2026-08-21/romford/racecard/513118
2026-08-21,Romford,19:13,3,Zenith Impact,513118,Sporting Life,https://www.sportinglife.com/greyhounds/racecards/2026-08-21/romford/racecard/513118
2026-08-21,Romford,19:13,4,Annadown Wendy,513118,Sporting Life,https://www.sportinglife.com/greyhounds/racecards/2026-08-21/romford/racecard/513118
2026-08-21,Romford,19:13,5,Farney Millie,513118,Sporting Life,https://www.sportinglife.com/greyhounds/racecards/2026-08-21/romford/racecard/513118
2026-08-21,Romford,19:13,6,Rapido Rosin,513118,Sporting Life,https://www.sportinglife.com/greyhounds/racecards/2026-08-21/romford/racecard/513118
2026-08-21,Romford,19:33,1,Fun Time Frankie,513119,Sporting Life,https://www.sportinglife.com/greyhounds/racecards/2026-08-21/romford/racecard/513119
2026-08-21,Romford,19:33,2,Westway Mario,513119,Sporting Life,https://www.sportinglife.com/greyhounds/racecards/2026-08-21/romford/racecard/513119
2026-08-21,Romford,19:33,3,Paradise Probono,513119,Sporting Life,https://www.sportinglife.com/greyhounds/racecards/2026-08-21/romford/racecard/513119
2026-08-21,Romford,19:33,4,Razldazl Tully,513119,Sporting Life,https://www.sportinglife.com/greyhounds/racecards/2026-08-21/romford/racecard/513119
2026-08-21,Romford,19:33,6,Zenith Zaza,513119,Sporting Life,https://www.sportinglife.com/greyhounds/racecards/2026-08-21/romford/racecard/513119
2026-08-21,Romford,19:53,1,Bellini Bullet,513120,Sporting Life,https://www.sportinglife.com/greyhounds/racecards/2026-08-21/romford/racecard/513120
2026-08-21,Romford,19:53,2,Ontherun Jamie,513120,Sporting Life,https://www.sportinglife.com/greyhounds/racecards/2026-08-21/romford/racecard/513120
2026-08-21,Romford,19:53,3,Swift Quick,513120,Sporting Life,https://www.sportinglife.com/greyhounds/racecards/2026-08-21/romford/racecard/513120
2026-08-21,Romford,19:53,4,Dans Peach,513120,Sporting Life,https://www.sportinglife.com/greyhounds/racecards/2026-08-21/romford/racecard/513120
2026-08-21,Romford,19:53,6,Razldazl Layla,513120,Sporting Life,https://www.sportinglife.com/greyhounds/racecards/2026-08-21/romford/racecard/513120
2026-08-21,Romford,20:13,1,Cascabel,513121,Sporting Life,https://www.sportinglife.com/greyhounds/racecards/2026-08-21/romford/racecard/513121
2026-08-21,Romford,20:13,2,Zenith Ottoman,513121,Sporting Life,https://www.sportinglife.com/greyhounds/racecards/2026-08-21/romford/racecard/513121
2026-08-21,Romford,20:13,3,Drombeg Dusty,513121,Sporting Life,https://www.sportinglife.com/greyhounds/racecards/2026-08-21/romford/racecard/513121
2026-08-21,Romford,20:13,4,Kilara Kopeck,513121,Sporting Life,https://www.sportinglife.com/greyhounds/racecards/2026-08-21/romford/racecard/513121
2026-08-21,Romford,20:13,5,Joy Wild,513121,Sporting Life,https://www.sportinglife.com/greyhounds/racecards/2026-08-21/romford/racecard/513121
2026-08-21,Romford,20:13,6,Mystical Batman,513121,Sporting Life,https://www.sportinglife.com/greyhounds/racecards/2026-08-21/romford/racecard/513121
2026-08-21,Romford,20:33,1,Alans Amigo,513122,Sporting Life,https://www.sportinglife.com/greyhounds/racecards/2026-08-21/romford/racecard/513122
2026-08-21,Romford,20:33,2,Cluain Denis,513122,Sporting Life,https://www.sportinglife.com/greyhounds/racecards/2026-08-21/romford/racecard/513122
2026-08-21,Romford,20:33,3,Phoenix Izzy,513122,Sporting Life,https://www.sportinglife.com/greyhounds/racecards/2026-08-21/romford/racecard/513122
2026-08-21,Romford,20:33,4,Young Poppy,513122,Sporting Life,https://www.sportinglife.com/greyhounds/racecards/2026-08-21/romford/racecard/513122
2026-08-21,Romford,20:33,5,Kinstons Angel,513122,Sporting Life,https://www.sportinglife.com/greyhounds/racecards/2026-08-21/romford/racecard/513122
2026-08-21,Romford,20:53,1,Punk Rock Willow,513123,Sporting Life,https://www.sportinglife.com/greyhounds/racecards/2026-08-21/romford/racecard/513123
2026-08-21,Romford,20:53,2,Bretons Girl,513123,Sporting Life,https://www.sportinglife.com/greyhounds/racecards/2026-08-21/romford/racecard/513123
2026-08-21,Romford,20:53,3,Nightingale Crew,513123,Sporting Life,https://www.sportinglife.com/greyhounds/racecards/2026-08-21/romford/racecard/513123
2026-08-21,Romford,20:53,4,Rebel Elizabeth,513123,Sporting Life,https://www.sportinglife.com/greyhounds/racecards/2026-08-21/romford/racecard/513123
2026-08-21,Romford,20:53,5,Stonepark Kirby,513123,Sporting Life,https://www.sportinglife.com/greyhounds/racecards/2026-08-21/romford/racecard/513123
2026-08-21,Romford,21:13,1,Distant Eve,513124,Sporting Life,https://www.sportinglife.com/greyhounds/racecards/2026-08-21/romford/racecard/513124
2026-08-21,Romford,21:13,2,Zenith Jimbombom,513124,Sporting Life,https://www.sportinglife.com/greyhounds/racecards/2026-08-21/romford/racecard/513124
2026-08-21,Romford,21:13,3,King Jarvis,513124,Sporting Life,https://www.sportinglife.com/greyhounds/racecards/2026-08-21/romford/racecard/513124
2026-08-21,Romford,21:13,4,Jacktavern Don,513124,Sporting Life,https://www.sportinglife.com/greyhounds/racecards/2026-08-21/romford/racecard/513124
2026-08-21,Romford,21:13,5,Funky Adz,513124,Sporting Life,https://www.sportinglife.com/greyhounds/racecards/2026-08-21/romford/racecard/513124
2026-08-21,Romford,21:33,1,Geneva Betsy,513125,Sporting Life,https://www.sportinglife.com/greyhounds/racecards/2026-08-21/romford/racecard/513125
2026-08-21,Romford,21:33,2,Lil Bo Beep,513125,Sporting Life,https://www.sportinglife.com/greyhounds/racecards/2026-08-21/romford/racecard/513125
2026-08-21,Romford,21:33,3,Blacklabel Power,513125,Sporting Life,https://www.sportinglife.com/greyhounds/racecards/2026-08-21/romford/racecard/513125
2026-08-21,Romford,21:33,4,Rapido Louise,513125,Sporting Life,https://www.sportinglife.com/greyhounds/racecards/2026-08-21/romford/racecard/513125
2026-08-21,Romford,21:33,5,Knockdrinna Lass,513125,Sporting Life,https://www.sportinglife.com/greyhounds/racecards/2026-08-21/romford/racecard/513125
2026-08-21,Romford,21:33,6,Bubbly Hogan,513125,Sporting Life,https://www.sportinglife.com/greyhounds/racecards/2026-08-21/romford/racecard/513125
2026-08-21,Romford,21:53,1,Headford Wayne,513126,Sporting Life,https://www.sportinglife.com/greyhounds/racecards/2026-08-21/romford/racecard/513126
2026-08-21,Romford,21:53,2,Piemans Goalie,513126,Sporting Life,https://www.sportinglife.com/greyhounds/racecards/2026-08-21/romford/racecard/513126
2026-08-21,Romford,21:53,3,Distant Rover,513126,Sporting Life,https://www.sportinglife.com/greyhounds/racecards/2026-08-21/romford/racecard/513126
2026-08-21,Romford,21:53,4,Bombay Buck,513126,Sporting Life,https://www.sportinglife.com/greyhounds/racecards/2026-08-21/romford/racecard/513126
2026-08-21,Romford,21:53,6,Brindle Bully,513126,Sporting Life,https://www.sportinglife.com/greyhounds/racecards/2026-08-21/romford/racecard/513126
2026-08-21,Romford,22:13,1,Full Monty,513127,Sporting Life,https://www.sportinglife.com/greyhounds/racecards/2026-08-21/romford/racecard/513127
2026-08-21,Romford,22:13,2,Rapido Benny,513127,Sporting Life,https://www.sportinglife.com/greyhounds/racecards/2026-08-21/romford/racecard/513127
2026-08-21,Romford,22:13,3,Bubbly Holly,513127,Sporting Life,https://www.sportinglife.com/greyhounds/racecards/2026-08-21/romford/racecard/513127
2026-08-21,Romford,22:13,4,Goldcash Prince,513127,Sporting Life,https://www.sportinglife.com/greyhounds/racecards/2026-08-21/romford/racecard/513127
2026-08-21,Romford,22:13,5,Distant Hiker,513127,Sporting Life,https://www.sportinglife.com/greyhounds/racecards/2026-08-21/romford/racecard/513127
2026-08-21,Romford,22:13,6,Drombeg Doro,513127,Sporting Life,https://www.sportinglife.com/greyhounds/racecards/2026-08-21/romford/racecard/513127
2026-08-21,Sheffield,18:18,1,Easy Rhi,513080,Sporting Life,https://www.sportinglife.com/greyhounds/racecards/2026-08-21/sheffield/racecard/513080
2026-08-21,Sheffield,18:18,2,Coleridge Jet,513080,Sporting Life,https://www.sportinglife.com/greyhounds/racecards/2026-08-21/sheffield/racecard/513080
2026-08-21,Sheffield,18:18,3,Coleridgekingdom,513080,Sporting Life,https://www.sportinglife.com/greyhounds/racecards/2026-08-21/sheffield/racecard/513080
2026-08-21,Sheffield,18:18,4,Colrose Blue,513080,Sporting Life,https://www.sportinglife.com/greyhounds/racecards/2026-08-21/sheffield/racecard/513080
2026-08-21,Sheffield,18:18,6,Not A Lot,513080,Sporting Life,https://www.sportinglife.com/greyhounds/racecards/2026-08-21/sheffield/racecard/513080
2026-08-21,Sheffield,18:38,1,Droopys Mars,513081,Sporting Life,https://www.sportinglife.com/greyhounds/racecards/2026-08-21/sheffield/racecard/513081
2026-08-21,Sheffield,18:38,2,Dromrich Penny,513081,Sporting Life,https://www.sportinglife.com/greyhounds/racecards/2026-08-21/sheffield/racecard/513081
2026-08-21,Sheffield,18:38,3,Cloondarone Hope,513081,Sporting Life,https://www.sportinglife.com/greyhounds/racecards/2026-08-21/sheffield/racecard/513081
2026-08-21,Sheffield,18:38,4,Lexis Gloria,513081,Sporting Life,https://www.sportinglife.com/greyhounds/racecards/2026-08-21/sheffield/racecard/513081
2026-08-21,Sheffield,18:38,5,Ardnasool Hodor,513081,Sporting Life,https://www.sportinglife.com/greyhounds/racecards/2026-08-21/sheffield/racecard/513081
2026-08-21,Sheffield,18:38,6,Russanda Macho,513081,Sporting Life,https://www.sportinglife.com/greyhounds/racecards/2026-08-21/sheffield/racecard/513081
2026-08-21,Sheffield,18:58,1,Cavies Chloe,513082,Sporting Life,https://www.sportinglife.com/greyhounds/racecards/2026-08-21/sheffield/racecard/513082
2026-08-21,Sheffield,18:58,2,Dot To Dash,513082,Sporting Life,https://www.sportinglife.com/greyhounds/racecards/2026-08-21/sheffield/racecard/513082
2026-08-21,Sheffield,18:58,3,No Rainbows,513082,Sporting Life,https://www.sportinglife.com/greyhounds/racecards/2026-08-21/sheffield/racecard/513082
2026-08-21,Sheffield,18:58,4,Cavies Orla,513082,Sporting Life,https://www.sportinglife.com/greyhounds/racecards/2026-08-21/sheffield/racecard/513082
2026-08-21,Sheffield,18:58,6,Catunda Colonel,513082,Sporting Life,https://www.sportinglife.com/greyhounds/racecards/2026-08-21/sheffield/racecard/513082
2026-08-21,Sheffield,19:18,1,Ballyboss Emily,513083,Sporting Life,https://www.sportinglife.com/greyhounds/racecards/2026-08-21/sheffield/racecard/513083
2026-08-21,Sheffield,19:18,2,Oglala Ondo,513083,Sporting Life,https://www.sportinglife.com/greyhounds/racecards/2026-08-21/sheffield/racecard/513083
2026-08-21,Sheffield,19:18,4,Knock Zaya,513083,Sporting Life,https://www.sportinglife.com/greyhounds/racecards/2026-08-21/sheffield/racecard/513083
2026-08-21,Sheffield,19:18,5,Not Pennys Boat,513083,Sporting Life,https://www.sportinglife.com/greyhounds/racecards/2026-08-21/sheffield/racecard/513083
2026-08-21,Sheffield,19:18,6,Fourpenny Glider,513083,Sporting Life,https://www.sportinglife.com/greyhounds/racecards/2026-08-21/sheffield/racecard/513083
2026-08-21,Sheffield,19:38,2,Miller Ned,513084,Sporting Life,https://www.sportinglife.com/greyhounds/racecards/2026-08-21/sheffield/racecard/513084
2026-08-21,Sheffield,19:38,3,Coleridge Rudi,513084,Sporting Life,https://www.sportinglife.com/greyhounds/racecards/2026-08-21/sheffield/racecard/513084
2026-08-21,Sheffield,19:38,4,Effernogue Dave,513084,Sporting Life,https://www.sportinglife.com/greyhounds/racecards/2026-08-21/sheffield/racecard/513084
2026-08-21,Sheffield,19:38,5,Dance Lovee,513084,Sporting Life,https://www.sportinglife.com/greyhounds/racecards/2026-08-21/sheffield/racecard/513084
2026-08-21,Sheffield,19:38,6,Nellies Charm,513084,Sporting Life,https://www.sportinglife.com/greyhounds/racecards/2026-08-21/sheffield/racecard/513084
2026-08-21,Sheffield,19:58,1,Allowdale Swifty,513085,Sporting Life,https://www.sportinglife.com/greyhounds/racecards/2026-08-21/sheffield/racecard/513085
2026-08-21,Sheffield,19:58,2,Carpe Diem,513085,Sporting Life,https://www.sportinglife.com/greyhounds/racecards/2026-08-21/sheffield/racecard/513085
2026-08-21,Sheffield,19:58,3,Truly Special,513085,Sporting Life,https://www.sportinglife.com/greyhounds/racecards/2026-08-21/sheffield/racecard/513085
2026-08-21,Sheffield,19:58,4,Frankton Fern,513085,Sporting Life,https://www.sportinglife.com/greyhounds/racecards/2026-08-21/sheffield/racecard/513085
2026-08-21,Sheffield,19:58,5,Veronicasfantasy,513085,Sporting Life,https://www.sportinglife.com/greyhounds/racecards/2026-08-21/sheffield/racecard/513085
2026-08-21,Sheffield,19:58,6,Cape Liberty,513085,Sporting Life,https://www.sportinglife.com/greyhounds/racecards/2026-08-21/sheffield/racecard/513085
2026-08-21,Sheffield,20:18,1,Castlehill Gift,513086,Sporting Life,https://www.sportinglife.com/greyhounds/racecards/2026-08-21/sheffield/racecard/513086
2026-08-21,Sheffield,20:18,2,Quality Style,513086,Sporting Life,https://www.sportinglife.com/greyhounds/racecards/2026-08-21/sheffield/racecard/513086
2026-08-21,Sheffield,20:18,3,Lancaster Lad,513086,Sporting Life,https://www.sportinglife.com/greyhounds/racecards/2026-08-21/sheffield/racecard/513086
2026-08-21,Sheffield,20:18,4,Monagore Bill,513086,Sporting Life,https://www.sportinglife.com/greyhounds/racecards/2026-08-21/sheffield/racecard/513086
2026-08-21,Sheffield,20:18,5,Nans Miguel,513086,Sporting Life,https://www.sportinglife.com/greyhounds/racecards/2026-08-21/sheffield/racecard/513086
2026-08-21,Sheffield,20:38,1,Aurora Dawn,513087,Sporting Life,https://www.sportinglife.com/greyhounds/racecards/2026-08-21/sheffield/racecard/513087
2026-08-21,Sheffield,20:38,3,Annadown Sophie,513087,Sporting Life,https://www.sportinglife.com/greyhounds/racecards/2026-08-21/sheffield/racecard/513087
2026-08-21,Sheffield,20:38,4,Catunda Missy,513087,Sporting Life,https://www.sportinglife.com/greyhounds/racecards/2026-08-21/sheffield/racecard/513087
2026-08-21,Sheffield,20:38,5,Romeo Cobra,513087,Sporting Life,https://www.sportinglife.com/greyhounds/racecards/2026-08-21/sheffield/racecard/513087
2026-08-21,Sheffield,20:38,6,Romeo On Point,513087,Sporting Life,https://www.sportinglife.com/greyhounds/racecards/2026-08-21/sheffield/racecard/513087
2026-08-21,Sheffield,20:58,1,Swift Mega,513088,Sporting Life,https://www.sportinglife.com/greyhounds/racecards/2026-08-21/sheffield/racecard/513088
2026-08-21,Sheffield,20:58,3,Kemosabe,513088,Sporting Life,https://www.sportinglife.com/greyhounds/racecards/2026-08-21/sheffield/racecard/513088
2026-08-21,Sheffield,20:58,4,Teasys Pet,513088,Sporting Life,https://www.sportinglife.com/greyhounds/racecards/2026-08-21/sheffield/racecard/513088
2026-08-21,Sheffield,20:58,5,Selfless Flo,513088,Sporting Life,https://www.sportinglife.com/greyhounds/racecards/2026-08-21/sheffield/racecard/513088
2026-08-21,Sheffield,20:58,6,Kerrydale Halo,513088,Sporting Life,https://www.sportinglife.com/greyhounds/racecards/2026-08-21/sheffield/racecard/513088
2026-08-21,Sheffield,21:18,1,Distant Fox,513089,Sporting Life,https://www.sportinglife.com/greyhounds/racecards/2026-08-21/sheffield/racecard/513089
2026-08-21,Sheffield,21:18,2,Newline Ray,513089,Sporting Life,https://www.sportinglife.com/greyhounds/racecards/2026-08-21/sheffield/racecard/513089
2026-08-21,Sheffield,21:18,3,Tromora Cross,513089,Sporting Life,https://www.sportinglife.com/greyhounds/racecards/2026-08-21/sheffield/racecard/513089
2026-08-21,Sheffield,21:18,4,Swift Mel,513089,Sporting Life,https://www.sportinglife.com/greyhounds/racecards/2026-08-21/sheffield/racecard/513089
2026-08-21,Sheffield,21:18,6,Brushbrushtaptap,513089,Sporting Life,https://www.sportinglife.com/greyhounds/racecards/2026-08-21/sheffield/racecard/513089
2026-08-21,Sheffield,21:38,1,Russanda Mario,513090,Sporting Life,https://www.sportinglife.com/greyhounds/racecards/2026-08-21/sheffield/racecard/513090
2026-08-21,Sheffield,21:38,2,Elegant Joey,513090,Sporting Life,https://www.sportinglife.com/greyhounds/racecards/2026-08-21/sheffield/racecard/513090
2026-08-21,Sheffield,21:38,3,Ticket Back,513090,Sporting Life,https://www.sportinglife.com/greyhounds/racecards/2026-08-21/sheffield/racecard/513090
2026-08-21,Sheffield,21:38,4,Mr Billionaire,513090,Sporting Life,https://www.sportinglife.com/greyhounds/racecards/2026-08-21/sheffield/racecard/513090
2026-08-21,Sheffield,21:38,5,Krak On Katie,513090,Sporting Life,https://www.sportinglife.com/greyhounds/racecards/2026-08-21/sheffield/racecard/513090
2026-08-21,Sheffield,21:58,1,Honey Trigger,513091,Sporting Life,https://www.sportinglife.com/greyhounds/racecards/2026-08-21/sheffield/racecard/513091
2026-08-21,Sheffield,21:58,2,Clear Jade,513091,Sporting Life,https://www.sportinglife.com/greyhounds/racecards/2026-08-21/sheffield/racecard/513091
2026-08-21,Sheffield,21:58,3,Mucky Trump,513091,Sporting Life,https://www.sportinglife.com/greyhounds/racecards/2026-08-21/sheffield/racecard/513091
2026-08-21,Sheffield,21:58,5,Broomballistic,513091,Sporting Life,https://www.sportinglife.com/greyhounds/racecards/2026-08-21/sheffield/racecard/513091
2026-08-21,Sheffield,21:58,6,Golden Lion,513091,Sporting Life,https://www.sportinglife.com/greyhounds/racecards/2026-08-21/sheffield/racecard/513091
2026-08-21,Star Pelaw,14:26,1,Deelish Rapid,513165,Sporting Life,https://www.sportinglife.com/greyhounds/racecards/2026-08-21/star-pelaw/racecard/513165
2026-08-21,Star Pelaw,14:26,3,Cornforth Fire,513165,Sporting Life,https://www.sportinglife.com/greyhounds/racecards/2026-08-21/star-pelaw/racecard/513165
2026-08-21,Star Pelaw,14:26,4,Loxleys Rex,513165,Sporting Life,https://www.sportinglife.com/greyhounds/racecards/2026-08-21/star-pelaw/racecard/513165
2026-08-21,Star Pelaw,14:26,5,Plagiarism,513165,Sporting Life,https://www.sportinglife.com/greyhounds/racecards/2026-08-21/star-pelaw/racecard/513165
2026-08-21,Star Pelaw,14:26,6,Ainster Jim,513165,Sporting Life,https://www.sportinglife.com/greyhounds/racecards/2026-08-21/star-pelaw/racecard/513165
2026-08-21,Star Pelaw,14:44,1,Westforth Sammy,513166,Sporting Life,https://www.sportinglife.com/greyhounds/racecards/2026-08-21/star-pelaw/racecard/513166
2026-08-21,Star Pelaw,14:44,3,Prove It,513166,Sporting Life,https://www.sportinglife.com/greyhounds/racecards/2026-08-21/star-pelaw/racecard/513166
2026-08-21,Star Pelaw,14:44,4,Space Captain,513166,Sporting Life,https://www.sportinglife.com/greyhounds/racecards/2026-08-21/star-pelaw/racecard/513166
2026-08-21,Star Pelaw,14:44,5,Springside Hoffa,513166,Sporting Life,https://www.sportinglife.com/greyhounds/racecards/2026-08-21/star-pelaw/racecard/513166
2026-08-21,Star Pelaw,14:44,6,Luminous Busty,513166,Sporting Life,https://www.sportinglife.com/greyhounds/racecards/2026-08-21/star-pelaw/racecard/513166
2026-08-21,Star Pelaw,15:03,1,Keeperhill Ei Ei,513167,Sporting Life,https://www.sportinglife.com/greyhounds/racecards/2026-08-21/star-pelaw/racecard/513167
2026-08-21,Star Pelaw,15:03,2,Mossend Tom,513167,Sporting Life,https://www.sportinglife.com/greyhounds/racecards/2026-08-21/star-pelaw/racecard/513167
2026-08-21,Star Pelaw,15:03,3,Tickets Outlaw,513167,Sporting Life,https://www.sportinglife.com/greyhounds/racecards/2026-08-21/star-pelaw/racecard/513167
2026-08-21,Star Pelaw,15:03,4,Burgess Siun,513167,Sporting Life,https://www.sportinglife.com/greyhounds/racecards/2026-08-21/star-pelaw/racecard/513167
2026-08-21,Star Pelaw,15:03,6,Glenbowen Coogee,513167,Sporting Life,https://www.sportinglife.com/greyhounds/racecards/2026-08-21/star-pelaw/racecard/513167
2026-08-21,Star Pelaw,15:22,1,Optic Pharaoh,513168,Sporting Life,https://www.sportinglife.com/greyhounds/racecards/2026-08-21/star-pelaw/racecard/513168
2026-08-21,Star Pelaw,15:22,2,Listen Rascal,513168,Sporting Life,https://www.sportinglife.com/greyhounds/racecards/2026-08-21/star-pelaw/racecard/513168
2026-08-21,Star Pelaw,15:22,3,Jaydee Baby,513168,Sporting Life,https://www.sportinglife.com/greyhounds/racecards/2026-08-21/star-pelaw/racecard/513168
2026-08-21,Star Pelaw,15:22,4,Knockduff Don,513168,Sporting Life,https://www.sportinglife.com/greyhounds/racecards/2026-08-21/star-pelaw/racecard/513168
2026-08-21,Star Pelaw,15:22,6,Mary Gee,513168,Sporting Life,https://www.sportinglife.com/greyhounds/racecards/2026-08-21/star-pelaw/racecard/513168
2026-08-21,Star Pelaw,15:41,1,Killieford Anton,513169,Sporting Life,https://www.sportinglife.com/greyhounds/racecards/2026-08-21/star-pelaw/racecard/513169
2026-08-21,Star Pelaw,15:41,2,Cornforth Mist,513169,Sporting Life,https://www.sportinglife.com/greyhounds/racecards/2026-08-21/star-pelaw/racecard/513169
2026-08-21,Star Pelaw,15:41,3,State Legend,513169,Sporting Life,https://www.sportinglife.com/greyhounds/racecards/2026-08-21/star-pelaw/racecard/513169
2026-08-21,Star Pelaw,15:41,4,Second Addition,513169,Sporting Life,https://www.sportinglife.com/greyhounds/racecards/2026-08-21/star-pelaw/racecard/513169
2026-08-21,Star Pelaw,15:41,5,Society Scary,513169,Sporting Life,https://www.sportinglife.com/greyhounds/racecards/2026-08-21/star-pelaw/racecard/513169
2026-08-21,Star Pelaw,15:41,6,Jolly Draw,513169,Sporting Life,https://www.sportinglife.com/greyhounds/racecards/2026-08-21/star-pelaw/racecard/513169
2026-08-21,Star Pelaw,15:59,1,Carrigmore Marlo,513170,Sporting Life,https://www.sportinglife.com/greyhounds/racecards/2026-08-21/star-pelaw/racecard/513170
2026-08-21,Star Pelaw,15:59,2,Loxleys Ace,513170,Sporting Life,https://www.sportinglife.com/greyhounds/racecards/2026-08-21/star-pelaw/racecard/513170
2026-08-21,Star Pelaw,15:59,3,Fruity Aye Aye,513170,Sporting Life,https://www.sportinglife.com/greyhounds/racecards/2026-08-21/star-pelaw/racecard/513170
2026-08-21,Star Pelaw,15:59,4,Maglass Bucks,513170,Sporting Life,https://www.sportinglife.com/greyhounds/racecards/2026-08-21/star-pelaw/racecard/513170
2026-08-21,Star Pelaw,15:59,5,Coolavannydelboy,513170,Sporting Life,https://www.sportinglife.com/greyhounds/racecards/2026-08-21/star-pelaw/racecard/513170
2026-08-21,Star Pelaw,16:18,1,Violets Girl,513171,Sporting Life,https://www.sportinglife.com/greyhounds/racecards/2026-08-21/star-pelaw/racecard/513171
2026-08-21,Star Pelaw,16:18,2,Malibu Jota,513171,Sporting Life,https://www.sportinglife.com/greyhounds/racecards/2026-08-21/star-pelaw/racecard/513171
2026-08-21,Star Pelaw,16:18,3,Rosstemple Bell,513171,Sporting Life,https://www.sportinglife.com/greyhounds/racecards/2026-08-21/star-pelaw/racecard/513171
2026-08-21,Star Pelaw,16:18,5,Snazzy Shelby,513171,Sporting Life,https://www.sportinglife.com/greyhounds/racecards/2026-08-21/star-pelaw/racecard/513171
2026-08-21,Star Pelaw,16:18,6,Phantasma,513171,Sporting Life,https://www.sportinglife.com/greyhounds/racecards/2026-08-21/star-pelaw/racecard/513171
2026-08-21,Star Pelaw,16:37,1,Cherry Darling,513172,Sporting Life,https://www.sportinglife.com/greyhounds/racecards/2026-08-21/star-pelaw/racecard/513172
2026-08-21,Star Pelaw,16:37,2,Westfield Onebid,513172,Sporting Life,https://www.sportinglife.com/greyhounds/racecards/2026-08-21/star-pelaw/racecard/513172
2026-08-21,Star Pelaw,16:37,3,Philipstown Tomo,513172,Sporting Life,https://www.sportinglife.com/greyhounds/racecards/2026-08-21/star-pelaw/racecard/513172
2026-08-21,Star Pelaw,16:37,4,Malibu Barbie,513172,Sporting Life,https://www.sportinglife.com/greyhounds/racecards/2026-08-21/star-pelaw/racecard/513172
2026-08-21,Star Pelaw,16:37,5,Come On Ginger,513172,Sporting Life,https://www.sportinglife.com/greyhounds/racecards/2026-08-21/star-pelaw/racecard/513172
2026-08-21,Star Pelaw,16:37,6,Applewood Girl,513172,Sporting Life,https://www.sportinglife.com/greyhounds/racecards/2026-08-21/star-pelaw/racecard/513172
2026-08-21,Star Pelaw,16:56,1,Millroad Rain,513173,Sporting Life,https://www.sportinglife.com/greyhounds/racecards/2026-08-21/star-pelaw/racecard/513173
2026-08-21,Star Pelaw,16:56,2,Cornforth Hero,513173,Sporting Life,https://www.sportinglife.com/greyhounds/racecards/2026-08-21/star-pelaw/racecard/513173
2026-08-21,Star Pelaw,16:56,3,Dairyland Champ,513173,Sporting Life,https://www.sportinglife.com/greyhounds/racecards/2026-08-21/star-pelaw/racecard/513173
2026-08-21,Star Pelaw,16:56,4,Mcdara Bella,513173,Sporting Life,https://www.sportinglife.com/greyhounds/racecards/2026-08-21/star-pelaw/racecard/513173
2026-08-21,Star Pelaw,16:56,5,Glenbowen Mabel,513173,Sporting Life,https://www.sportinglife.com/greyhounds/racecards/2026-08-21/star-pelaw/racecard/513173
2026-08-21,Sunderland,18:23,1,Bashful Pebbles,513092,Sporting Life,https://www.sportinglife.com/greyhounds/racecards/2026-08-21/sunderland/racecard/513092
2026-08-21,Sunderland,18:23,2,Hands Off Enda,513092,Sporting Life,https://www.sportinglife.com/greyhounds/racecards/2026-08-21/sunderland/racecard/513092
2026-08-21,Sunderland,18:23,3,Hollyhill Rose,513092,Sporting Life,https://www.sportinglife.com/greyhounds/racecards/2026-08-21/sunderland/racecard/513092
2026-08-21,Sunderland,18:23,4,Kennys Choice,513092,Sporting Life,https://www.sportinglife.com/greyhounds/racecards/2026-08-21/sunderland/racecard/513092
2026-08-21,Sunderland,18:23,5,Barnfield Chief,513092,Sporting Life,https://www.sportinglife.com/greyhounds/racecards/2026-08-21/sunderland/racecard/513092
2026-08-21,Sunderland,18:23,6,Statsman,513092,Sporting Life,https://www.sportinglife.com/greyhounds/racecards/2026-08-21/sunderland/racecard/513092
2026-08-21,Sunderland,18:43,2,Put Onmy Socks,513093,Sporting Life,https://www.sportinglife.com/greyhounds/racecards/2026-08-21/sunderland/racecard/513093
2026-08-21,Sunderland,18:43,3,Kerabellec Neill,513093,Sporting Life,https://www.sportinglife.com/greyhounds/racecards/2026-08-21/sunderland/racecard/513093
2026-08-21,Sunderland,18:43,4,Cloheena Bully,513093,Sporting Life,https://www.sportinglife.com/greyhounds/racecards/2026-08-21/sunderland/racecard/513093
2026-08-21,Sunderland,18:43,5,Tullymurry Peg,513093,Sporting Life,https://www.sportinglife.com/greyhounds/racecards/2026-08-21/sunderland/racecard/513093
2026-08-21,Sunderland,18:43,6,Frankies Lion,513093,Sporting Life,https://www.sportinglife.com/greyhounds/racecards/2026-08-21/sunderland/racecard/513093
2026-08-21,Sunderland,19:03,1,Untold Freysa,513094,Sporting Life,https://www.sportinglife.com/greyhounds/racecards/2026-08-21/sunderland/racecard/513094
2026-08-21,Sunderland,19:03,2,Macys Honey,513094,Sporting Life,https://www.sportinglife.com/greyhounds/racecards/2026-08-21/sunderland/racecard/513094
2026-08-21,Sunderland,19:03,3,Hadesthedancer,513094,Sporting Life,https://www.sportinglife.com/greyhounds/racecards/2026-08-21/sunderland/racecard/513094
2026-08-21,Sunderland,19:03,4,Burnpark Pheonix,513094,Sporting Life,https://www.sportinglife.com/greyhounds/racecards/2026-08-21/sunderland/racecard/513094
2026-08-21,Sunderland,19:03,5,Belle Midnight,513094,Sporting Life,https://www.sportinglife.com/greyhounds/racecards/2026-08-21/sunderland/racecard/513094
2026-08-21,Sunderland,19:03,6,Solsbury Hill,513094,Sporting Life,https://www.sportinglife.com/greyhounds/racecards/2026-08-21/sunderland/racecard/513094
2026-08-21,Sunderland,19:23,1,Ballyhimikin Meg,513095,Sporting Life,https://www.sportinglife.com/greyhounds/racecards/2026-08-21/sunderland/racecard/513095
2026-08-21,Sunderland,19:23,2,Zenith Beauty,513095,Sporting Life,https://www.sportinglife.com/greyhounds/racecards/2026-08-21/sunderland/racecard/513095
2026-08-21,Sunderland,19:23,3,Mister Bull,513095,Sporting Life,https://www.sportinglife.com/greyhounds/racecards/2026-08-21/sunderland/racecard/513095
2026-08-21,Sunderland,19:23,4,Pappys Berry,513095,Sporting Life,https://www.sportinglife.com/greyhounds/racecards/2026-08-21/sunderland/racecard/513095
2026-08-21,Sunderland,19:23,5,Currans Dodge,513095,Sporting Life,https://www.sportinglife.com/greyhounds/racecards/2026-08-21/sunderland/racecard/513095
2026-08-21,Sunderland,19:23,6,Kerabellec Delph,513095,Sporting Life,https://www.sportinglife.com/greyhounds/racecards/2026-08-21/sunderland/racecard/513095
2026-08-21,Sunderland,19:43,1,Strike It Ali,513096,Sporting Life,https://www.sportinglife.com/greyhounds/racecards/2026-08-21/sunderland/racecard/513096
2026-08-21,Sunderland,19:43,2,Case Study,513096,Sporting Life,https://www.sportinglife.com/greyhounds/racecards/2026-08-21/sunderland/racecard/513096
2026-08-21,Sunderland,19:43,3,Bricken Sally,513096,Sporting Life,https://www.sportinglife.com/greyhounds/racecards/2026-08-21/sunderland/racecard/513096
2026-08-21,Sunderland,19:43,4,Droopys Orator,513096,Sporting Life,https://www.sportinglife.com/greyhounds/racecards/2026-08-21/sunderland/racecard/513096
2026-08-21,Sunderland,19:43,5,Marchon Kittymae,513096,Sporting Life,https://www.sportinglife.com/greyhounds/racecards/2026-08-21/sunderland/racecard/513096
2026-08-21,Sunderland,19:43,6,Rathronan Romeo,513096,Sporting Life,https://www.sportinglife.com/greyhounds/racecards/2026-08-21/sunderland/racecard/513096
2026-08-21,Sunderland,20:03,1,Tail Or Swift,513097,Sporting Life,https://www.sportinglife.com/greyhounds/racecards/2026-08-21/sunderland/racecard/513097
2026-08-21,Sunderland,20:03,2,Lynnia Ranger,513097,Sporting Life,https://www.sportinglife.com/greyhounds/racecards/2026-08-21/sunderland/racecard/513097
2026-08-21,Sunderland,20:03,3,Matts Bomber,513097,Sporting Life,https://www.sportinglife.com/greyhounds/racecards/2026-08-21/sunderland/racecard/513097
2026-08-21,Sunderland,20:03,4,Romantic Jake,513097,Sporting Life,https://www.sportinglife.com/greyhounds/racecards/2026-08-21/sunderland/racecard/513097
2026-08-21,Sunderland,20:03,5,Sunnyside Fergie,513097,Sporting Life,https://www.sportinglife.com/greyhounds/racecards/2026-08-21/sunderland/racecard/513097
2026-08-21,Sunderland,20:03,6,Kerryroad Millie,513097,Sporting Life,https://www.sportinglife.com/greyhounds/racecards/2026-08-21/sunderland/racecard/513097
2026-08-21,Sunderland,20:23,1,Havana Bret,513098,Sporting Life,https://www.sportinglife.com/greyhounds/racecards/2026-08-21/sunderland/racecard/513098
2026-08-21,Sunderland,20:23,2,Hollyhill Pj,513098,Sporting Life,https://www.sportinglife.com/greyhounds/racecards/2026-08-21/sunderland/racecard/513098
2026-08-21,Sunderland,20:23,3,Mitches Marra,513098,Sporting Life,https://www.sportinglife.com/greyhounds/racecards/2026-08-21/sunderland/racecard/513098
2026-08-21,Sunderland,20:23,4,Romeo Vega,513098,Sporting Life,https://www.sportinglife.com/greyhounds/racecards/2026-08-21/sunderland/racecard/513098
2026-08-21,Sunderland,20:23,5,Play On Words,513098,Sporting Life,https://www.sportinglife.com/greyhounds/racecards/2026-08-21/sunderland/racecard/513098
2026-08-21,Sunderland,20:23,6,Foulkscourt Bono,513098,Sporting Life,https://www.sportinglife.com/greyhounds/racecards/2026-08-21/sunderland/racecard/513098
2026-08-21,Sunderland,20:43,1,Singalong Rex,513099,Sporting Life,https://www.sportinglife.com/greyhounds/racecards/2026-08-21/sunderland/racecard/513099
2026-08-21,Sunderland,20:43,2,Moonveen Jemima,513099,Sporting Life,https://www.sportinglife.com/greyhounds/racecards/2026-08-21/sunderland/racecard/513099
2026-08-21,Sunderland,20:43,3,Donishall Riley,513099,Sporting Life,https://www.sportinglife.com/greyhounds/racecards/2026-08-21/sunderland/racecard/513099
2026-08-21,Sunderland,20:43,4,Innfield Bucko,513099,Sporting Life,https://www.sportinglife.com/greyhounds/racecards/2026-08-21/sunderland/racecard/513099
2026-08-21,Sunderland,20:43,5,Mind Your Mind,513099,Sporting Life,https://www.sportinglife.com/greyhounds/racecards/2026-08-21/sunderland/racecard/513099
2026-08-21,Sunderland,20:43,6,Velvet George,513099,Sporting Life,https://www.sportinglife.com/greyhounds/racecards/2026-08-21/sunderland/racecard/513099
2026-08-21,Sunderland,21:03,1,Brickhill Tamika,513100,Sporting Life,https://www.sportinglife.com/greyhounds/racecards/2026-08-21/sunderland/racecard/513100
2026-08-21,Sunderland,21:03,2,Bramble Elvis,513100,Sporting Life,https://www.sportinglife.com/greyhounds/racecards/2026-08-21/sunderland/racecard/513100
2026-08-21,Sunderland,21:03,3,Links Jester,513100,Sporting Life,https://www.sportinglife.com/greyhounds/racecards/2026-08-21/sunderland/racecard/513100
2026-08-21,Sunderland,21:03,4,Ballymac Buddy,513100,Sporting Life,https://www.sportinglife.com/greyhounds/racecards/2026-08-21/sunderland/racecard/513100
2026-08-21,Sunderland,21:03,5,Amber Dollar,513100,Sporting Life,https://www.sportinglife.com/greyhounds/racecards/2026-08-21/sunderland/racecard/513100
2026-08-21,Sunderland,21:03,6,Droopys Link,513100,Sporting Life,https://www.sportinglife.com/greyhounds/racecards/2026-08-21/sunderland/racecard/513100
2026-08-21,Sunderland,21:23,1,Unanimous Leo,513101,Sporting Life,https://www.sportinglife.com/greyhounds/racecards/2026-08-21/sunderland/racecard/513101
2026-08-21,Sunderland,21:23,2,Moonveen Belle,513101,Sporting Life,https://www.sportinglife.com/greyhounds/racecards/2026-08-21/sunderland/racecard/513101
2026-08-21,Sunderland,21:23,3,Sunnyside Jayden,513101,Sporting Life,https://www.sportinglife.com/greyhounds/racecards/2026-08-21/sunderland/racecard/513101
2026-08-21,Sunderland,21:23,4,Bramble Idris,513101,Sporting Life,https://www.sportinglife.com/greyhounds/racecards/2026-08-21/sunderland/racecard/513101
2026-08-21,Sunderland,21:23,5,Moonveen Dancer,513101,Sporting Life,https://www.sportinglife.com/greyhounds/racecards/2026-08-21/sunderland/racecard/513101
2026-08-21,Sunderland,21:23,6,Shalefield Cunha,513101,Sporting Life,https://www.sportinglife.com/greyhounds/racecards/2026-08-21/sunderland/racecard/513101
2026-08-21,Sunderland,21:43,1,Proper Rockett,513102,Sporting Life,https://www.sportinglife.com/greyhounds/racecards/2026-08-21/sunderland/racecard/513102
2026-08-21,Sunderland,21:43,2,Aero Advocate,513102,Sporting Life,https://www.sportinglife.com/greyhounds/racecards/2026-08-21/sunderland/racecard/513102
2026-08-21,Sunderland,21:43,3,Newmoors Amore,513102,Sporting Life,https://www.sportinglife.com/greyhounds/racecards/2026-08-21/sunderland/racecard/513102
2026-08-21,Sunderland,21:43,4,Witton Gucci,513102,Sporting Life,https://www.sportinglife.com/greyhounds/racecards/2026-08-21/sunderland/racecard/513102
2026-08-21,Sunderland,21:43,5,Zenith Magic,513102,Sporting Life,https://www.sportinglife.com/greyhounds/racecards/2026-08-21/sunderland/racecard/513102
2026-08-21,Sunderland,21:43,6,Fruity Beauty,513102,Sporting Life,https://www.sportinglife.com/greyhounds/racecards/2026-08-21/sunderland/racecard/513102
2026-08-21,Sunderland,22:03,1,Freedom Pro Am,513103,Sporting Life,https://www.sportinglife.com/greyhounds/racecards/2026-08-21/sunderland/racecard/513103
2026-08-21,Sunderland,22:03,2,Millhill May,513103,Sporting Life,https://www.sportinglife.com/greyhounds/racecards/2026-08-21/sunderland/racecard/513103
2026-08-21,Sunderland,22:03,3,Frenchyarrow,513103,Sporting Life,https://www.sportinglife.com/greyhounds/racecards/2026-08-21/sunderland/racecard/513103
2026-08-21,Sunderland,22:03,4,Tromora Grace,513103,Sporting Life,https://www.sportinglife.com/greyhounds/racecards/2026-08-21/sunderland/racecard/513103
2026-08-21,Sunderland,22:03,5,Romeo Liberty,513103,Sporting Life,https://www.sportinglife.com/greyhounds/racecards/2026-08-21/sunderland/racecard/513103
2026-08-21,Sunderland,22:03,6,Hollyhill King,513103,Sporting Life,https://www.sportinglife.com/greyhounds/racecards/2026-08-21/sunderland/racecard/513103
2026-08-21,Towcester,14:23,1,Trapstyle Toucan,513186,Sporting Life,https://www.sportinglife.com/greyhounds/racecards/2026-08-21/towcester/racecard/513186
2026-08-21,Towcester,14:23,2,Fabulous Donna,513186,Sporting Life,https://www.sportinglife.com/greyhounds/racecards/2026-08-21/towcester/racecard/513186
2026-08-21,Towcester,14:23,3,Jazzy Be Bop,513186,Sporting Life,https://www.sportinglife.com/greyhounds/racecards/2026-08-21/towcester/racecard/513186
2026-08-21,Towcester,14:23,4,Da Badman,513186,Sporting Life,https://www.sportinglife.com/greyhounds/racecards/2026-08-21/towcester/racecard/513186
2026-08-21,Towcester,14:23,5,Kates Dream,513186,Sporting Life,https://www.sportinglife.com/greyhounds/racecards/2026-08-21/towcester/racecard/513186
2026-08-21,Towcester,14:23,6,Swift Pavlo,513186,Sporting Life,https://www.sportinglife.com/greyhounds/racecards/2026-08-21/towcester/racecard/513186
2026-08-21,Towcester,14:41,1,Salthill Joker,513187,Sporting Life,https://www.sportinglife.com/greyhounds/racecards/2026-08-21/towcester/racecard/513187
2026-08-21,Towcester,14:41,3,Fabulous Eva,513187,Sporting Life,https://www.sportinglife.com/greyhounds/racecards/2026-08-21/towcester/racecard/513187
2026-08-21,Towcester,14:41,4,Westwind Ron,513187,Sporting Life,https://www.sportinglife.com/greyhounds/racecards/2026-08-21/towcester/racecard/513187
2026-08-21,Towcester,14:41,5,Demon Slave,513187,Sporting Life,https://www.sportinglife.com/greyhounds/racecards/2026-08-21/towcester/racecard/513187
2026-08-21,Towcester,15:01,1,Trumpers Derek,513188,Sporting Life,https://www.sportinglife.com/greyhounds/racecards/2026-08-21/towcester/racecard/513188
2026-08-21,Towcester,15:01,2,Card Counter,513188,Sporting Life,https://www.sportinglife.com/greyhounds/racecards/2026-08-21/towcester/racecard/513188
2026-08-21,Towcester,15:01,3,Salacres Sahara,513188,Sporting Life,https://www.sportinglife.com/greyhounds/racecards/2026-08-21/towcester/racecard/513188
2026-08-21,Towcester,15:01,4,You Win Again,513188,Sporting Life,https://www.sportinglife.com/greyhounds/racecards/2026-08-21/towcester/racecard/513188
2026-08-21,Towcester,15:01,5,Ivy Hill Willow,513188,Sporting Life,https://www.sportinglife.com/greyhounds/racecards/2026-08-21/towcester/racecard/513188
2026-08-21,Towcester,15:01,6,Essex Abz,513188,Sporting Life,https://www.sportinglife.com/greyhounds/racecards/2026-08-21/towcester/racecard/513188
2026-08-21,Towcester,15:19,1,Ballyquinsheldon,513189,Sporting Life,https://www.sportinglife.com/greyhounds/racecards/2026-08-21/towcester/racecard/513189
2026-08-21,Towcester,15:19,2,Canvas Beauty,513189,Sporting Life,https://www.sportinglife.com/greyhounds/racecards/2026-08-21/towcester/racecard/513189
2026-08-21,Towcester,15:19,3,Greencroft Rico,513189,Sporting Life,https://www.sportinglife.com/greyhounds/racecards/2026-08-21/towcester/racecard/513189
2026-08-21,Towcester,15:19,4,Salacres Showman,513189,Sporting Life,https://www.sportinglife.com/greyhounds/racecards/2026-08-21/towcester/racecard/513189
2026-08-21,Towcester,15:19,5,Arrigle Blue,513189,Sporting Life,https://www.sportinglife.com/greyhounds/racecards/2026-08-21/towcester/racecard/513189
2026-08-21,Towcester,15:19,6,Makeit Marnie,513189,Sporting Life,https://www.sportinglife.com/greyhounds/racecards/2026-08-21/towcester/racecard/513189
2026-08-21,Towcester,15:38,1,Pagan And Chief,513190,Sporting Life,https://www.sportinglife.com/greyhounds/racecards/2026-08-21/towcester/racecard/513190
2026-08-21,Towcester,15:38,2,Boswellion,513190,Sporting Life,https://www.sportinglife.com/greyhounds/racecards/2026-08-21/towcester/racecard/513190
2026-08-21,Towcester,15:38,3,Mustang Mania,513190,Sporting Life,https://www.sportinglife.com/greyhounds/racecards/2026-08-21/towcester/racecard/513190
2026-08-21,Towcester,15:38,4,Vinegarhill Blue,513190,Sporting Life,https://www.sportinglife.com/greyhounds/racecards/2026-08-21/towcester/racecard/513190
2026-08-21,Towcester,15:38,5,Gurtnacrehy Ohio,513190,Sporting Life,https://www.sportinglife.com/greyhounds/racecards/2026-08-21/towcester/racecard/513190
2026-08-21,Towcester,15:38,6,Stasi,513190,Sporting Life,https://www.sportinglife.com/greyhounds/racecards/2026-08-21/towcester/racecard/513190
2026-08-21,Towcester,15:57,1,Makeit Valentino,513191,Sporting Life,https://www.sportinglife.com/greyhounds/racecards/2026-08-21/towcester/racecard/513191
2026-08-21,Towcester,15:57,2,Outback Outlaw,513191,Sporting Life,https://www.sportinglife.com/greyhounds/racecards/2026-08-21/towcester/racecard/513191
2026-08-21,Towcester,15:57,3,Makeit Oolala,513191,Sporting Life,https://www.sportinglife.com/greyhounds/racecards/2026-08-21/towcester/racecard/513191
2026-08-21,Towcester,15:57,4,Strawberry Moon,513191,Sporting Life,https://www.sportinglife.com/greyhounds/racecards/2026-08-21/towcester/racecard/513191
2026-08-21,Towcester,15:57,5,Jazzy Soul,513191,Sporting Life,https://www.sportinglife.com/greyhounds/racecards/2026-08-21/towcester/racecard/513191
2026-08-21,Towcester,16:16,1,Scooby The Scout,513192,Sporting Life,https://www.sportinglife.com/greyhounds/racecards/2026-08-21/towcester/racecard/513192
2026-08-21,Towcester,16:16,2,Salacres Boris,513192,Sporting Life,https://www.sportinglife.com/greyhounds/racecards/2026-08-21/towcester/racecard/513192
2026-08-21,Towcester,16:16,4,Salthill Selby,513192,Sporting Life,https://www.sportinglife.com/greyhounds/racecards/2026-08-21/towcester/racecard/513192
2026-08-21,Towcester,16:16,5,Unknown Path,513192,Sporting Life,https://www.sportinglife.com/greyhounds/racecards/2026-08-21/towcester/racecard/513192
2026-08-21,Towcester,16:34,1,Trapstylebashful,513193,Sporting Life,https://www.sportinglife.com/greyhounds/racecards/2026-08-21/towcester/racecard/513193
2026-08-21,Towcester,16:34,2,Cockneys Mufasa,513193,Sporting Life,https://www.sportinglife.com/greyhounds/racecards/2026-08-21/towcester/racecard/513193
2026-08-21,Towcester,16:34,3,Droopys Mikayla,513193,Sporting Life,https://www.sportinglife.com/greyhounds/racecards/2026-08-21/towcester/racecard/513193
2026-08-21,Towcester,16:34,4,Ballycleary Sass,513193,Sporting Life,https://www.sportinglife.com/greyhounds/racecards/2026-08-21/towcester/racecard/513193
2026-08-21,Towcester,16:34,6,Rapido Aria,513193,Sporting Life,https://www.sportinglife.com/greyhounds/racecards/2026-08-21/towcester/racecard/513193
2026-08-21,Towcester,16:53,1,Sapphire Wolf,513194,Sporting Life,https://www.sportinglife.com/greyhounds/racecards/2026-08-21/towcester/racecard/513194
2026-08-21,Towcester,16:53,2,Boherash Ollie,513194,Sporting Life,https://www.sportinglife.com/greyhounds/racecards/2026-08-21/towcester/racecard/513194
2026-08-21,Towcester,16:53,3,Ballyea Hope,513194,Sporting Life,https://www.sportinglife.com/greyhounds/racecards/2026-08-21/towcester/racecard/513194
2026-08-21,Towcester,16:53,4,Burkos Dazzel,513194,Sporting Life,https://www.sportinglife.com/greyhounds/racecards/2026-08-21/towcester/racecard/513194
2026-08-21,Towcester,16:53,5,Confey Story,513194,Sporting Life,https://www.sportinglife.com/greyhounds/racecards/2026-08-21/towcester/racecard/513194
2026-08-21,Towcester,16:53,6,El Prez Bandit,513194,Sporting Life,https://www.sportinglife.com/greyhounds/racecards/2026-08-21/towcester/racecard/513194
2026-08-21,Towcester,17:12,1,Grayroy Duke,513195,Sporting Life,https://www.sportinglife.com/greyhounds/racecards/2026-08-21/towcester/racecard/513195
2026-08-21,Towcester,17:12,2,Trapstyle Bunny,513195,Sporting Life,https://www.sportinglife.com/greyhounds/racecards/2026-08-21/towcester/racecard/513195
2026-08-21,Towcester,17:12,3,Fleetwood News,513195,Sporting Life,https://www.sportinglife.com/greyhounds/racecards/2026-08-21/towcester/racecard/513195
2026-08-21,Towcester,17:12,4,My Brindle Diva,513195,Sporting Life,https://www.sportinglife.com/greyhounds/racecards/2026-08-21/towcester/racecard/513195
2026-08-21,Towcester,17:12,5,Hitthelids Bono,513195,Sporting Life,https://www.sportinglife.com/greyhounds/racecards/2026-08-21/towcester/racecard/513195
2026-08-21,Towcester,17:12,6,Essex Abbie,513195,Sporting Life,https://www.sportinglife.com/greyhounds/racecards/2026-08-21/towcester/racecard/513195
2026-08-21,Towcester,17:31,1,Makeit Goofy,513196,Sporting Life,https://www.sportinglife.com/greyhounds/racecards/2026-08-21/towcester/racecard/513196
2026-08-21,Towcester,17:31,2,Choices Range,513196,Sporting Life,https://www.sportinglife.com/greyhounds/racecards/2026-08-21/towcester/racecard/513196
2026-08-21,Towcester,17:31,3,Greencroft Blaze,513196,Sporting Life,https://www.sportinglife.com/greyhounds/racecards/2026-08-21/towcester/racecard/513196
2026-08-21,Towcester,17:31,4,Salacres Ann,513196,Sporting Life,https://www.sportinglife.com/greyhounds/racecards/2026-08-21/towcester/racecard/513196
2026-08-21,Towcester,17:31,5,Frankton Poppy,513196,Sporting Life,https://www.sportinglife.com/greyhounds/racecards/2026-08-21/towcester/racecard/513196
2026-08-21,Towcester,17:31,6,Clermount,513196,Sporting Life,https://www.sportinglife.com/greyhounds/racecards/2026-08-21/towcester/racecard/513196
2026-08-21,Towcester,17:49,1,Clodcar Rosie,513197,Sporting Life,https://www.sportinglife.com/greyhounds/racecards/2026-08-21/towcester/racecard/513197
2026-08-21,Towcester,17:49,2,Ernie Webb Mate,513197,Sporting Life,https://www.sportinglife.com/greyhounds/racecards/2026-08-21/towcester/racecard/513197
2026-08-21,Towcester,17:49,3,Salacres Nando,513197,Sporting Life,https://www.sportinglife.com/greyhounds/racecards/2026-08-21/towcester/racecard/513197
2026-08-21,Towcester,17:49,4,Fabulous Jura,513197,Sporting Life,https://www.sportinglife.com/greyhounds/racecards/2026-08-21/towcester/racecard/513197
2026-08-21,Towcester,17:49,5,Frankton Daisy,513197,Sporting Life,https://www.sportinglife.com/greyhounds/racecards/2026-08-21/towcester/racecard/513197
2026-08-21,Towcester,17:49,6,Wellstreet Cath,513197,Sporting Life,https://www.sportinglife.com/greyhounds/racecards/2026-08-21/towcester/racecard/513197
