date,track,race_time,runner_number,dog_name,race_id,source,race_url
2026-08-26,Doncaster,14:33,1,Savana Sandy,513733,Sporting Life,https://www.sportinglife.com/greyhounds/racecards/2026-08-26/doncaster/racecard/513733
2026-08-26,Doncaster,14:33,2,Calgray Flyer,513733,Sporting Life,https://www.sportinglife.com/greyhounds/racecards/2026-08-26/doncaster/racecard/513733
2026-08-26,Doncaster,14:33,3,Grouchos Eubank,513733,Sporting Life,https://www.sportinglife.com/greyhounds/racecards/2026-08-26/doncaster/racecard/513733
2026-08-26,Doncaster,14:33,4,Easy Chloe,513733,Sporting Life,https://www.sportinglife.com/greyhounds/racecards/2026-08-26/doncaster/racecard/513733
2026-08-26,Doncaster,14:33,6,Cockney King Kev,513733,Sporting Life,https://www.sportinglife.com/greyhounds/racecards/2026-08-26/doncaster/racecard/513733
2026-08-26,Doncaster,14:52,2,Cockneyokoronkwo,513734,Sporting Life,https://www.sportinglife.com/greyhounds/racecards/2026-08-26/doncaster/racecard/513734
2026-08-26,Doncaster,14:52,3,Cockneys Zeus,513734,Sporting Life,https://www.sportinglife.com/greyhounds/racecards/2026-08-26/doncaster/racecard/513734
2026-08-26,Doncaster,14:52,4,Avongate Queen,513734,Sporting Life,https://www.sportinglife.com/greyhounds/racecards/2026-08-26/doncaster/racecard/513734
2026-08-26,Doncaster,14:52,5,Shanahee Brian,513734,Sporting Life,https://www.sportinglife.com/greyhounds/racecards/2026-08-26/doncaster/racecard/513734
2026-08-26,Doncaster,14:52,6,Easy Stump,513734,Sporting Life,https://www.sportinglife.com/greyhounds/racecards/2026-08-26/doncaster/racecard/513734
2026-08-26,Doncaster,15:11,1,Heathmill Barron,513735,Sporting Life,https://www.sportinglife.com/greyhounds/racecards/2026-08-26/doncaster/racecard/513735
2026-08-26,Doncaster,15:11,2,Manx Saskia,513735,Sporting Life,https://www.sportinglife.com/greyhounds/racecards/2026-08-26/doncaster/racecard/513735
2026-08-26,Doncaster,15:11,4,Jimelle,513735,Sporting Life,https://www.sportinglife.com/greyhounds/racecards/2026-08-26/doncaster/racecard/513735
2026-08-26,Doncaster,15:11,5,Cockneyalfitness,513735,Sporting Life,https://www.sportinglife.com/greyhounds/racecards/2026-08-26/doncaster/racecard/513735
2026-08-26,Doncaster,15:11,6,Jazza Rooney,513735,Sporting Life,https://www.sportinglife.com/greyhounds/racecards/2026-08-26/doncaster/racecard/513735
2026-08-26,Doncaster,15:29,1,Easy Kite,513736,Sporting Life,https://www.sportinglife.com/greyhounds/racecards/2026-08-26/doncaster/racecard/513736
2026-08-26,Doncaster,15:29,2,Dellser Paidi,513736,Sporting Life,https://www.sportinglife.com/greyhounds/racecards/2026-08-26/doncaster/racecard/513736
2026-08-26,Doncaster,15:29,3,Jazza Lila,513736,Sporting Life,https://www.sportinglife.com/greyhounds/racecards/2026-08-26/doncaster/racecard/513736
2026-08-26,Doncaster,15:29,4,Kalukis Gamble,513736,Sporting Life,https://www.sportinglife.com/greyhounds/racecards/2026-08-26/doncaster/racecard/513736
2026-08-26,Doncaster,15:29,6,Anchor Banken,513736,Sporting Life,https://www.sportinglife.com/greyhounds/racecards/2026-08-26/doncaster/racecard/513736
2026-08-26,Doncaster,15:49,2,Abigails Marina,513737,Sporting Life,https://www.sportinglife.com/greyhounds/racecards/2026-08-26/doncaster/racecard/513737
2026-08-26,Doncaster,15:49,3,Keady Storm,513737,Sporting Life,https://www.sportinglife.com/greyhounds/racecards/2026-08-26/doncaster/racecard/513737
2026-08-26,Doncaster,15:49,4,Busy Cailin,513737,Sporting Life,https://www.sportinglife.com/greyhounds/racecards/2026-08-26/doncaster/racecard/513737
2026-08-26,Doncaster,15:49,5,Keady Cashout,513737,Sporting Life,https://www.sportinglife.com/greyhounds/racecards/2026-08-26/doncaster/racecard/513737
2026-08-26,Doncaster,15:49,6,Rossa Kali,513737,Sporting Life,https://www.sportinglife.com/greyhounds/racecards/2026-08-26/doncaster/racecard/513737
2026-08-26,Doncaster,16:07,1,Grouchos Gail,513738,Sporting Life,https://www.sportinglife.com/greyhounds/racecards/2026-08-26/doncaster/racecard/513738
2026-08-26,Doncaster,16:07,2,Ballinabola Mini,513738,Sporting Life,https://www.sportinglife.com/greyhounds/racecards/2026-08-26/doncaster/racecard/513738
2026-08-26,Doncaster,16:07,3,Savana Trike,513738,Sporting Life,https://www.sportinglife.com/greyhounds/racecards/2026-08-26/doncaster/racecard/513738
2026-08-26,Doncaster,16:07,4,Creative Way,513738,Sporting Life,https://www.sportinglife.com/greyhounds/racecards/2026-08-26/doncaster/racecard/513738
2026-08-26,Doncaster,16:07,5,Diegos Talavara,513738,Sporting Life,https://www.sportinglife.com/greyhounds/racecards/2026-08-26/doncaster/racecard/513738
2026-08-26,Doncaster,16:07,6,Skirk Mia,513738,Sporting Life,https://www.sportinglife.com/greyhounds/racecards/2026-08-26/doncaster/racecard/513738
2026-08-26,Doncaster,16:26,2,Cockneys Elsa,513739,Sporting Life,https://www.sportinglife.com/greyhounds/racecards/2026-08-26/doncaster/racecard/513739
2026-08-26,Doncaster,16:26,3,Late Lola,513739,Sporting Life,https://www.sportinglife.com/greyhounds/racecards/2026-08-26/doncaster/racecard/513739
2026-08-26,Doncaster,16:26,4,Cascade Electra,513739,Sporting Life,https://www.sportinglife.com/greyhounds/racecards/2026-08-26/doncaster/racecard/513739
2026-08-26,Doncaster,16:26,5,Ballymac Hanson,513739,Sporting Life,https://www.sportinglife.com/greyhounds/racecards/2026-08-26/doncaster/racecard/513739
2026-08-26,Doncaster,16:26,6,Cockney Tan,513739,Sporting Life,https://www.sportinglife.com/greyhounds/racecards/2026-08-26/doncaster/racecard/513739
2026-08-26,Doncaster,16:44,2,Abigails Sunny,513740,Sporting Life,https://www.sportinglife.com/greyhounds/racecards/2026-08-26/doncaster/racecard/513740
2026-08-26,Doncaster,16:44,3,Sparta Knight,513740,Sporting Life,https://www.sportinglife.com/greyhounds/racecards/2026-08-26/doncaster/racecard/513740
2026-08-26,Doncaster,16:44,4,Miss Mini Lulu,513740,Sporting Life,https://www.sportinglife.com/greyhounds/racecards/2026-08-26/doncaster/racecard/513740
2026-08-26,Doncaster,16:44,5,Savana Brendo,513740,Sporting Life,https://www.sportinglife.com/greyhounds/racecards/2026-08-26/doncaster/racecard/513740
2026-08-26,Doncaster,16:44,6,Railteen Sarah,513740,Sporting Life,https://www.sportinglife.com/greyhounds/racecards/2026-08-26/doncaster/racecard/513740
2026-08-26,Dunstall Park,18:08,1,Cockney Marvel,513791,Sporting Life,https://www.sportinglife.com/greyhounds/racecards/2026-08-26/dunstall-park/racecard/513791
2026-08-26,Dunstall Park,18:08,2,Distant Pablo,513791,Sporting Life,https://www.sportinglife.com/greyhounds/racecards/2026-08-26/dunstall-park/racecard/513791
2026-08-26,Dunstall Park,18:08,3,Sparta Bell,513791,Sporting Life,https://www.sportinglife.com/greyhounds/racecards/2026-08-26/dunstall-park/racecard/513791
2026-08-26,Dunstall Park,18:08,4,Racecourse Pluto,513791,Sporting Life,https://www.sportinglife.com/greyhounds/racecards/2026-08-26/dunstall-park/racecard/513791
2026-08-26,Dunstall Park,18:08,6,Mid Tipp Goose,513791,Sporting Life,https://www.sportinglife.com/greyhounds/racecards/2026-08-26/dunstall-park/racecard/513791
2026-08-26,Dunstall Park,18:26,1,Antigua Lumiere,513792,Sporting Life,https://www.sportinglife.com/greyhounds/racecards/2026-08-26/dunstall-park/racecard/513792
2026-08-26,Dunstall Park,18:26,2,Lynnia Da Devil,513792,Sporting Life,https://www.sportinglife.com/greyhounds/racecards/2026-08-26/dunstall-park/racecard/513792
2026-08-26,Dunstall Park,18:26,3,Brosna Cash,513792,Sporting Life,https://www.sportinglife.com/greyhounds/racecards/2026-08-26/dunstall-park/racecard/513792
2026-08-26,Dunstall Park,18:26,4,Marvellous News,513792,Sporting Life,https://www.sportinglife.com/greyhounds/racecards/2026-08-26/dunstall-park/racecard/513792
2026-08-26,Dunstall Park,18:26,5,Mr Gaffney,513792,Sporting Life,https://www.sportinglife.com/greyhounds/racecards/2026-08-26/dunstall-park/racecard/513792
2026-08-26,Dunstall Park,18:26,6,Headford Killian,513792,Sporting Life,https://www.sportinglife.com/greyhounds/racecards/2026-08-26/dunstall-park/racecard/513792
2026-08-26,Dunstall Park,18:42,1,Ashtons Georgie,513793,Sporting Life,https://www.sportinglife.com/greyhounds/racecards/2026-08-26/dunstall-park/racecard/513793
2026-08-26,Dunstall Park,18:42,2,Buda Tom,513793,Sporting Life,https://www.sportinglife.com/greyhounds/racecards/2026-08-26/dunstall-park/racecard/513793
2026-08-26,Dunstall Park,18:42,3,Shortwood Model,513793,Sporting Life,https://www.sportinglife.com/greyhounds/racecards/2026-08-26/dunstall-park/racecard/513793
2026-08-26,Dunstall Park,18:42,4,Tinnaban Taylor,513793,Sporting Life,https://www.sportinglife.com/greyhounds/racecards/2026-08-26/dunstall-park/racecard/513793
2026-08-26,Dunstall Park,18:42,5,Showemyourtail,513793,Sporting Life,https://www.sportinglife.com/greyhounds/racecards/2026-08-26/dunstall-park/racecard/513793
2026-08-26,Dunstall Park,18:42,6,Barnagrane Ed,513793,Sporting Life,https://www.sportinglife.com/greyhounds/racecards/2026-08-26/dunstall-park/racecard/513793
2026-08-26,Dunstall Park,18:59,1,Swift Wag,513794,Sporting Life,https://www.sportinglife.com/greyhounds/racecards/2026-08-26/dunstall-park/racecard/513794
2026-08-26,Dunstall Park,18:59,2,Skin Fade,513794,Sporting Life,https://www.sportinglife.com/greyhounds/racecards/2026-08-26/dunstall-park/racecard/513794
2026-08-26,Dunstall Park,18:59,3,Hello Mate,513794,Sporting Life,https://www.sportinglife.com/greyhounds/racecards/2026-08-26/dunstall-park/racecard/513794
2026-08-26,Dunstall Park,18:59,4,Southwind Ned,513794,Sporting Life,https://www.sportinglife.com/greyhounds/racecards/2026-08-26/dunstall-park/racecard/513794
2026-08-26,Dunstall Park,18:59,5,Devilgate Joe,513794,Sporting Life,https://www.sportinglife.com/greyhounds/racecards/2026-08-26/dunstall-park/racecard/513794
2026-08-26,Dunstall Park,18:59,6,Inclementweather,513794,Sporting Life,https://www.sportinglife.com/greyhounds/racecards/2026-08-26/dunstall-park/racecard/513794
2026-08-26,Dunstall Park,19:16,1,Tantalising Jess,513795,Sporting Life,https://www.sportinglife.com/greyhounds/racecards/2026-08-26/dunstall-park/racecard/513795
2026-08-26,Dunstall Park,19:16,2,Deecee Dusty,513795,Sporting Life,https://www.sportinglife.com/greyhounds/racecards/2026-08-26/dunstall-park/racecard/513795
2026-08-26,Dunstall Park,19:16,3,Mahoonagh Finn,513795,Sporting Life,https://www.sportinglife.com/greyhounds/racecards/2026-08-26/dunstall-park/racecard/513795
2026-08-26,Dunstall Park,19:16,4,Slow Joe,513795,Sporting Life,https://www.sportinglife.com/greyhounds/racecards/2026-08-26/dunstall-park/racecard/513795
2026-08-26,Dunstall Park,19:16,5,Swift Udell,513795,Sporting Life,https://www.sportinglife.com/greyhounds/racecards/2026-08-26/dunstall-park/racecard/513795
2026-08-26,Dunstall Park,19:16,6,Headford Wizard,513795,Sporting Life,https://www.sportinglife.com/greyhounds/racecards/2026-08-26/dunstall-park/racecard/513795
2026-08-26,Dunstall Park,19:33,1,Lynnia Queen,513796,Sporting Life,https://www.sportinglife.com/greyhounds/racecards/2026-08-26/dunstall-park/racecard/513796
2026-08-26,Dunstall Park,19:33,2,Coalville Clover,513796,Sporting Life,https://www.sportinglife.com/greyhounds/racecards/2026-08-26/dunstall-park/racecard/513796
2026-08-26,Dunstall Park,19:33,3,Wicky Bucko,513796,Sporting Life,https://www.sportinglife.com/greyhounds/racecards/2026-08-26/dunstall-park/racecard/513796
2026-08-26,Dunstall Park,19:33,4,Breezer,513796,Sporting Life,https://www.sportinglife.com/greyhounds/racecards/2026-08-26/dunstall-park/racecard/513796
2026-08-26,Dunstall Park,19:33,5,False Warrior,513796,Sporting Life,https://www.sportinglife.com/greyhounds/racecards/2026-08-26/dunstall-park/racecard/513796
2026-08-26,Dunstall Park,19:33,6,Kingdom Bucks,513796,Sporting Life,https://www.sportinglife.com/greyhounds/racecards/2026-08-26/dunstall-park/racecard/513796
2026-08-26,Dunstall Park,19:49,1,Angels Oakley,513797,Sporting Life,https://www.sportinglife.com/greyhounds/racecards/2026-08-26/dunstall-park/racecard/513797
2026-08-26,Dunstall Park,19:49,2,Ballymac Elijah,513797,Sporting Life,https://www.sportinglife.com/greyhounds/racecards/2026-08-26/dunstall-park/racecard/513797
2026-08-26,Dunstall Park,19:49,3,Moyar Hill,513797,Sporting Life,https://www.sportinglife.com/greyhounds/racecards/2026-08-26/dunstall-park/racecard/513797
2026-08-26,Dunstall Park,19:49,4,Mohican Hallie,513797,Sporting Life,https://www.sportinglife.com/greyhounds/racecards/2026-08-26/dunstall-park/racecard/513797
2026-08-26,Dunstall Park,19:49,5,Soap Box Heads,513797,Sporting Life,https://www.sportinglife.com/greyhounds/racecards/2026-08-26/dunstall-park/racecard/513797
2026-08-26,Dunstall Park,20:07,1,Flyhigh Birdseye,513798,Sporting Life,https://www.sportinglife.com/greyhounds/racecards/2026-08-26/dunstall-park/racecard/513798
2026-08-26,Dunstall Park,20:07,2,Klassical Mia,513798,Sporting Life,https://www.sportinglife.com/greyhounds/racecards/2026-08-26/dunstall-park/racecard/513798
2026-08-26,Dunstall Park,20:07,3,Swift Filippa,513798,Sporting Life,https://www.sportinglife.com/greyhounds/racecards/2026-08-26/dunstall-park/racecard/513798
2026-08-26,Dunstall Park,20:07,4,Ma Baker,513798,Sporting Life,https://www.sportinglife.com/greyhounds/racecards/2026-08-26/dunstall-park/racecard/513798
2026-08-26,Dunstall Park,20:07,5,Vixons Samba,513798,Sporting Life,https://www.sportinglife.com/greyhounds/racecards/2026-08-26/dunstall-park/racecard/513798
2026-08-26,Dunstall Park,20:07,6,Distant Grace,513798,Sporting Life,https://www.sportinglife.com/greyhounds/racecards/2026-08-26/dunstall-park/racecard/513798
2026-08-26,Dunstall Park,20:24,1,Mercia Brida,513799,Sporting Life,https://www.sportinglife.com/greyhounds/racecards/2026-08-26/dunstall-park/racecard/513799
2026-08-26,Dunstall Park,20:24,2,Taffy Gwenllian,513799,Sporting Life,https://www.sportinglife.com/greyhounds/racecards/2026-08-26/dunstall-park/racecard/513799
2026-08-26,Dunstall Park,20:24,3,Brosna Pine,513799,Sporting Life,https://www.sportinglife.com/greyhounds/racecards/2026-08-26/dunstall-park/racecard/513799
2026-08-26,Dunstall Park,20:24,4,Ridgedale Zuni,513799,Sporting Life,https://www.sportinglife.com/greyhounds/racecards/2026-08-26/dunstall-park/racecard/513799
2026-08-26,Dunstall Park,20:24,5,Ballinulty Cas,513799,Sporting Life,https://www.sportinglife.com/greyhounds/racecards/2026-08-26/dunstall-park/racecard/513799
2026-08-26,Dunstall Park,20:24,6,Lynnia Trubbys,513799,Sporting Life,https://www.sportinglife.com/greyhounds/racecards/2026-08-26/dunstall-park/racecard/513799
2026-08-26,Dunstall Park,20:41,1,Bannan Dubhg,513800,Sporting Life,https://www.sportinglife.com/greyhounds/racecards/2026-08-26/dunstall-park/racecard/513800
2026-08-26,Dunstall Park,20:41,2,Burrows Ace,513800,Sporting Life,https://www.sportinglife.com/greyhounds/racecards/2026-08-26/dunstall-park/racecard/513800
2026-08-26,Dunstall Park,20:41,3,Lightfoot Angel,513800,Sporting Life,https://www.sportinglife.com/greyhounds/racecards/2026-08-26/dunstall-park/racecard/513800
2026-08-26,Dunstall Park,20:41,4,Moanteen Molly,513800,Sporting Life,https://www.sportinglife.com/greyhounds/racecards/2026-08-26/dunstall-park/racecard/513800
2026-08-26,Dunstall Park,20:41,5,Ballygur Holly,513800,Sporting Life,https://www.sportinglife.com/greyhounds/racecards/2026-08-26/dunstall-park/racecard/513800
2026-08-26,Dunstall Park,20:41,6,Hilldun Grip,513800,Sporting Life,https://www.sportinglife.com/greyhounds/racecards/2026-08-26/dunstall-park/racecard/513800
2026-08-26,Dunstall Park,20:59,1,Roanna Dizzy,513801,Sporting Life,https://www.sportinglife.com/greyhounds/racecards/2026-08-26/dunstall-park/racecard/513801
2026-08-26,Dunstall Park,20:59,2,Listen Angie,513801,Sporting Life,https://www.sportinglife.com/greyhounds/racecards/2026-08-26/dunstall-park/racecard/513801
2026-08-26,Dunstall Park,20:59,3,Ashtons Rosalina,513801,Sporting Life,https://www.sportinglife.com/greyhounds/racecards/2026-08-26/dunstall-park/racecard/513801
2026-08-26,Dunstall Park,20:59,4,Crokers Java,513801,Sporting Life,https://www.sportinglife.com/greyhounds/racecards/2026-08-26/dunstall-park/racecard/513801
2026-08-26,Dunstall Park,20:59,5,Swift Elm,513801,Sporting Life,https://www.sportinglife.com/greyhounds/racecards/2026-08-26/dunstall-park/racecard/513801
2026-08-26,Dunstall Park,20:59,6,Rathsilla Gizmo,513801,Sporting Life,https://www.sportinglife.com/greyhounds/racecards/2026-08-26/dunstall-park/racecard/513801
2026-08-26,Dunstall Park,21:16,1,Keepers Nutty,513802,Sporting Life,https://www.sportinglife.com/greyhounds/racecards/2026-08-26/dunstall-park/racecard/513802
2026-08-26,Dunstall Park,21:16,2,Blazeaway Tee,513802,Sporting Life,https://www.sportinglife.com/greyhounds/racecards/2026-08-26/dunstall-park/racecard/513802
2026-08-26,Dunstall Park,21:16,3,Edial Tony,513802,Sporting Life,https://www.sportinglife.com/greyhounds/racecards/2026-08-26/dunstall-park/racecard/513802
2026-08-26,Dunstall Park,21:16,4,Swift Olympia,513802,Sporting Life,https://www.sportinglife.com/greyhounds/racecards/2026-08-26/dunstall-park/racecard/513802
2026-08-26,Dunstall Park,21:16,5,Moyar Gossip,513802,Sporting Life,https://www.sportinglife.com/greyhounds/racecards/2026-08-26/dunstall-park/racecard/513802
2026-08-26,Dunstall Park,21:16,6,Swift Waitress,513802,Sporting Life,https://www.sportinglife.com/greyhounds/racecards/2026-08-26/dunstall-park/racecard/513802
2026-08-26,Harlow,10:32,1,Moaning Medow,513753,Sporting Life,https://www.sportinglife.com/greyhounds/racecards/2026-08-26/harlow/racecard/513753
2026-08-26,Harlow,10:32,2,Comer Canal,513753,Sporting Life,https://www.sportinglife.com/greyhounds/racecards/2026-08-26/harlow/racecard/513753
2026-08-26,Harlow,10:32,3,Rosstemple Cody,513753,Sporting Life,https://www.sportinglife.com/greyhounds/racecards/2026-08-26/harlow/racecard/513753
2026-08-26,Harlow,10:32,4,Rathbally Bolger,513753,Sporting Life,https://www.sportinglife.com/greyhounds/racecards/2026-08-26/harlow/racecard/513753
2026-08-26,Harlow,10:32,5,Savourtheflavour,513753,Sporting Life,https://www.sportinglife.com/greyhounds/racecards/2026-08-26/harlow/racecard/513753
2026-08-26,Harlow,10:32,6,Olwinn Jackson,513753,Sporting Life,https://www.sportinglife.com/greyhounds/racecards/2026-08-26/harlow/racecard/513753
2026-08-26,Harlow,10:48,1,Makeit Force,513754,Sporting Life,https://www.sportinglife.com/greyhounds/racecards/2026-08-26/harlow/racecard/513754
2026-08-26,Harlow,10:48,2,Skidrow Jake,513754,Sporting Life,https://www.sportinglife.com/greyhounds/racecards/2026-08-26/harlow/racecard/513754
2026-08-26,Harlow,10:48,3,Black Gem,513754,Sporting Life,https://www.sportinglife.com/greyhounds/racecards/2026-08-26/harlow/racecard/513754
2026-08-26,Harlow,10:48,4,Market,513754,Sporting Life,https://www.sportinglife.com/greyhounds/racecards/2026-08-26/harlow/racecard/513754
2026-08-26,Harlow,10:48,5,Cofam Tiger,513754,Sporting Life,https://www.sportinglife.com/greyhounds/racecards/2026-08-26/harlow/racecard/513754
2026-08-26,Harlow,10:48,6,Simply Perfect,513754,Sporting Life,https://www.sportinglife.com/greyhounds/racecards/2026-08-26/harlow/racecard/513754
2026-08-26,Harlow,11:04,1,Cofam Girl,513755,Sporting Life,https://www.sportinglife.com/greyhounds/racecards/2026-08-26/harlow/racecard/513755
2026-08-26,Harlow,11:04,2,Burkos Destiny,513755,Sporting Life,https://www.sportinglife.com/greyhounds/racecards/2026-08-26/harlow/racecard/513755
2026-08-26,Harlow,11:04,3,Moaning Dior,513755,Sporting Life,https://www.sportinglife.com/greyhounds/racecards/2026-08-26/harlow/racecard/513755
2026-08-26,Harlow,11:04,4,Browns Barbie,513755,Sporting Life,https://www.sportinglife.com/greyhounds/racecards/2026-08-26/harlow/racecard/513755
2026-08-26,Harlow,11:04,6,Moaning Monster,513755,Sporting Life,https://www.sportinglife.com/greyhounds/racecards/2026-08-26/harlow/racecard/513755
2026-08-26,Harlow,11:21,1,Townsend Bruno,513756,Sporting Life,https://www.sportinglife.com/greyhounds/racecards/2026-08-26/harlow/racecard/513756
2026-08-26,Harlow,11:21,2,Moaning Mccoist,513756,Sporting Life,https://www.sportinglife.com/greyhounds/racecards/2026-08-26/harlow/racecard/513756
2026-08-26,Harlow,11:21,3,Moaning Taylor,513756,Sporting Life,https://www.sportinglife.com/greyhounds/racecards/2026-08-26/harlow/racecard/513756
2026-08-26,Harlow,11:21,4,Jamaica Smiles,513756,Sporting Life,https://www.sportinglife.com/greyhounds/racecards/2026-08-26/harlow/racecard/513756
2026-08-26,Harlow,11:21,5,Sine Nomine,513756,Sporting Life,https://www.sportinglife.com/greyhounds/racecards/2026-08-26/harlow/racecard/513756
2026-08-26,Harlow,11:21,6,Darver Casemiro,513756,Sporting Life,https://www.sportinglife.com/greyhounds/racecards/2026-08-26/harlow/racecard/513756
2026-08-26,Harlow,11:38,1,Budge Up,513757,Sporting Life,https://www.sportinglife.com/greyhounds/racecards/2026-08-26/harlow/racecard/513757
2026-08-26,Harlow,11:38,2,Moaning Martini,513757,Sporting Life,https://www.sportinglife.com/greyhounds/racecards/2026-08-26/harlow/racecard/513757
2026-08-26,Harlow,11:38,3,Scarlett Galaxy,513757,Sporting Life,https://www.sportinglife.com/greyhounds/racecards/2026-08-26/harlow/racecard/513757
2026-08-26,Harlow,11:38,4,Pearseys Dasher,513757,Sporting Life,https://www.sportinglife.com/greyhounds/racecards/2026-08-26/harlow/racecard/513757
2026-08-26,Harlow,11:38,5,Moaning Countess,513757,Sporting Life,https://www.sportinglife.com/greyhounds/racecards/2026-08-26/harlow/racecard/513757
2026-08-26,Harlow,11:38,6,Fenview Taylor,513757,Sporting Life,https://www.sportinglife.com/greyhounds/racecards/2026-08-26/harlow/racecard/513757
2026-08-26,Harlow,11:54,1,Edgeofseventeen,513758,Sporting Life,https://www.sportinglife.com/greyhounds/racecards/2026-08-26/harlow/racecard/513758
2026-08-26,Harlow,11:54,2,Mykindaguy,513758,Sporting Life,https://www.sportinglife.com/greyhounds/racecards/2026-08-26/harlow/racecard/513758
2026-08-26,Harlow,11:54,3,Hatmore Stockey,513758,Sporting Life,https://www.sportinglife.com/greyhounds/racecards/2026-08-26/harlow/racecard/513758
2026-08-26,Harlow,11:54,4,Millview Bobby,513758,Sporting Life,https://www.sportinglife.com/greyhounds/racecards/2026-08-26/harlow/racecard/513758
2026-08-26,Harlow,11:54,5,Sallins Flyer,513758,Sporting Life,https://www.sportinglife.com/greyhounds/racecards/2026-08-26/harlow/racecard/513758
2026-08-26,Harlow,11:54,6,Absconder,513758,Sporting Life,https://www.sportinglife.com/greyhounds/racecards/2026-08-26/harlow/racecard/513758
2026-08-26,Harlow,12:12,1,Moaning Allora,513759,Sporting Life,https://www.sportinglife.com/greyhounds/racecards/2026-08-26/harlow/racecard/513759
2026-08-26,Harlow,12:12,2,Chadwell Opus,513759,Sporting Life,https://www.sportinglife.com/greyhounds/racecards/2026-08-26/harlow/racecard/513759
2026-08-26,Harlow,12:12,3,Da Danna,513759,Sporting Life,https://www.sportinglife.com/greyhounds/racecards/2026-08-26/harlow/racecard/513759
2026-08-26,Harlow,12:12,4,Heres Victoria,513759,Sporting Life,https://www.sportinglife.com/greyhounds/racecards/2026-08-26/harlow/racecard/513759
2026-08-26,Harlow,12:12,6,Double Errill,513759,Sporting Life,https://www.sportinglife.com/greyhounds/racecards/2026-08-26/harlow/racecard/513759
2026-08-26,Harlow,12:29,1,Likeyoustoleit,513760,Sporting Life,https://www.sportinglife.com/greyhounds/racecards/2026-08-26/harlow/racecard/513760
2026-08-26,Harlow,12:29,2,Glynnscross Blue,513760,Sporting Life,https://www.sportinglife.com/greyhounds/racecards/2026-08-26/harlow/racecard/513760
2026-08-26,Harlow,12:29,3,Tinks Jet,513760,Sporting Life,https://www.sportinglife.com/greyhounds/racecards/2026-08-26/harlow/racecard/513760
2026-08-26,Harlow,12:29,4,Moaning Saliba,513760,Sporting Life,https://www.sportinglife.com/greyhounds/racecards/2026-08-26/harlow/racecard/513760
2026-08-26,Harlow,12:29,6,Moaning Mojito,513760,Sporting Life,https://www.sportinglife.com/greyhounds/racecards/2026-08-26/harlow/racecard/513760
2026-08-26,Harlow,12:46,1,Lye In Wait,513761,Sporting Life,https://www.sportinglife.com/greyhounds/racecards/2026-08-26/harlow/racecard/513761
2026-08-26,Harlow,12:46,2,Ravenswood Blake,513761,Sporting Life,https://www.sportinglife.com/greyhounds/racecards/2026-08-26/harlow/racecard/513761
2026-08-26,Harlow,12:46,3,Tiermana Sally,513761,Sporting Life,https://www.sportinglife.com/greyhounds/racecards/2026-08-26/harlow/racecard/513761
2026-08-26,Harlow,12:46,4,Moaning Gamble,513761,Sporting Life,https://www.sportinglife.com/greyhounds/racecards/2026-08-26/harlow/racecard/513761
2026-08-26,Harlow,12:46,6,Salems Mickey,513761,Sporting Life,https://www.sportinglife.com/greyhounds/racecards/2026-08-26/harlow/racecard/513761
2026-08-26,Harlow,13:03,1,Blastoff Bailly,513762,Sporting Life,https://www.sportinglife.com/greyhounds/racecards/2026-08-26/harlow/racecard/513762
2026-08-26,Harlow,13:03,2,Essjay Ceearejay,513762,Sporting Life,https://www.sportinglife.com/greyhounds/racecards/2026-08-26/harlow/racecard/513762
2026-08-26,Harlow,13:03,3,Ballintine Ten,513762,Sporting Life,https://www.sportinglife.com/greyhounds/racecards/2026-08-26/harlow/racecard/513762
2026-08-26,Harlow,13:03,4,Catunda Remi,513762,Sporting Life,https://www.sportinglife.com/greyhounds/racecards/2026-08-26/harlow/racecard/513762
2026-08-26,Harlow,13:03,5,Brindle Bomber,513762,Sporting Life,https://www.sportinglife.com/greyhounds/racecards/2026-08-26/harlow/racecard/513762
2026-08-26,Harlow,13:03,6,Rathmeehan Lyra,513762,Sporting Life,https://www.sportinglife.com/greyhounds/racecards/2026-08-26/harlow/racecard/513762
2026-08-26,Harlow,13:19,1,Hollywell Orchid,513763,Sporting Life,https://www.sportinglife.com/greyhounds/racecards/2026-08-26/harlow/racecard/513763
2026-08-26,Harlow,13:19,2,Gothic Queen,513763,Sporting Life,https://www.sportinglife.com/greyhounds/racecards/2026-08-26/harlow/racecard/513763
2026-08-26,Harlow,13:19,3,Fairhill Autumn,513763,Sporting Life,https://www.sportinglife.com/greyhounds/racecards/2026-08-26/harlow/racecard/513763
2026-08-26,Harlow,13:19,5,Catunda Harrison,513763,Sporting Life,https://www.sportinglife.com/greyhounds/racecards/2026-08-26/harlow/racecard/513763
2026-08-26,Harlow,13:19,6,Valley Rockstar,513763,Sporting Life,https://www.sportinglife.com/greyhounds/racecards/2026-08-26/harlow/racecard/513763
2026-08-26,Harlow,13:37,1,More Firepower,513764,Sporting Life,https://www.sportinglife.com/greyhounds/racecards/2026-08-26/harlow/racecard/513764
2026-08-26,Harlow,13:37,3,Essjay Syd,513764,Sporting Life,https://www.sportinglife.com/greyhounds/racecards/2026-08-26/harlow/racecard/513764
2026-08-26,Harlow,13:37,4,Tickets King,513764,Sporting Life,https://www.sportinglife.com/greyhounds/racecards/2026-08-26/harlow/racecard/513764
2026-08-26,Harlow,13:37,5,Moaning Mai Tai,513764,Sporting Life,https://www.sportinglife.com/greyhounds/racecards/2026-08-26/harlow/racecard/513764
2026-08-26,Harlow,13:37,6,Blackheath Charm,513764,Sporting Life,https://www.sportinglife.com/greyhounds/racecards/2026-08-26/harlow/racecard/513764
2026-08-26,Harlow,13:54,1,Foxrock Buddy,513765,Sporting Life,https://www.sportinglife.com/greyhounds/racecards/2026-08-26/harlow/racecard/513765
2026-08-26,Harlow,13:54,2,Speedy Gene,513765,Sporting Life,https://www.sportinglife.com/greyhounds/racecards/2026-08-26/harlow/racecard/513765
2026-08-26,Harlow,13:54,3,Brynoffa Jill,513765,Sporting Life,https://www.sportinglife.com/greyhounds/racecards/2026-08-26/harlow/racecard/513765
2026-08-26,Harlow,13:54,4,Brandywell King,513765,Sporting Life,https://www.sportinglife.com/greyhounds/racecards/2026-08-26/harlow/racecard/513765
2026-08-26,Harlow,13:54,5,Divine Rule,513765,Sporting Life,https://www.sportinglife.com/greyhounds/racecards/2026-08-26/harlow/racecard/513765
2026-08-26,Harlow,13:54,6,Front Boo,513765,Sporting Life,https://www.sportinglife.com/greyhounds/racecards/2026-08-26/harlow/racecard/513765
2026-08-26,Harlow,14:11,1,Lilliput,513766,Sporting Life,https://www.sportinglife.com/greyhounds/racecards/2026-08-26/harlow/racecard/513766
2026-08-26,Harlow,14:11,2,Old Bed Forrest,513766,Sporting Life,https://www.sportinglife.com/greyhounds/racecards/2026-08-26/harlow/racecard/513766
2026-08-26,Harlow,14:11,3,Alfies Jet,513766,Sporting Life,https://www.sportinglife.com/greyhounds/racecards/2026-08-26/harlow/racecard/513766
2026-08-26,Harlow,14:11,4,Lemon Beaufort,513766,Sporting Life,https://www.sportinglife.com/greyhounds/racecards/2026-08-26/harlow/racecard/513766
2026-08-26,Harlow,14:11,5,Rathmeehan Judi,513766,Sporting Life,https://www.sportinglife.com/greyhounds/racecards/2026-08-26/harlow/racecard/513766
2026-08-26,Harlow,14:11,6,Olwinn Pest,513766,Sporting Life,https://www.sportinglife.com/greyhounds/racecards/2026-08-26/harlow/racecard/513766
2026-08-26,Harlow,18:11,1,Keefill Coco,513767,Sporting Life,https://www.sportinglife.com/greyhounds/racecards/2026-08-26/harlow/racecard/513767
2026-08-26,Harlow,18:11,2,Gothic Cheyenne,513767,Sporting Life,https://www.sportinglife.com/greyhounds/racecards/2026-08-26/harlow/racecard/513767
2026-08-26,Harlow,18:11,3,Doreens Poppy,513767,Sporting Life,https://www.sportinglife.com/greyhounds/racecards/2026-08-26/harlow/racecard/513767
2026-08-26,Harlow,18:11,4,Savana Monica,513767,Sporting Life,https://www.sportinglife.com/greyhounds/racecards/2026-08-26/harlow/racecard/513767
2026-08-26,Harlow,18:11,5,Savana Turtle,513767,Sporting Life,https://www.sportinglife.com/greyhounds/racecards/2026-08-26/harlow/racecard/513767
2026-08-26,Harlow,18:11,6,Maybe Later,513767,Sporting Life,https://www.sportinglife.com/greyhounds/racecards/2026-08-26/harlow/racecard/513767
2026-08-26,Harlow,18:29,1,Tasmanian Devil,513768,Sporting Life,https://www.sportinglife.com/greyhounds/racecards/2026-08-26/harlow/racecard/513768
2026-08-26,Harlow,18:29,3,Maeda,513768,Sporting Life,https://www.sportinglife.com/greyhounds/racecards/2026-08-26/harlow/racecard/513768
2026-08-26,Harlow,18:29,4,Kilgarran Des,513768,Sporting Life,https://www.sportinglife.com/greyhounds/racecards/2026-08-26/harlow/racecard/513768
2026-08-26,Harlow,18:29,5,Shortwood Ally,513768,Sporting Life,https://www.sportinglife.com/greyhounds/racecards/2026-08-26/harlow/racecard/513768
2026-08-26,Harlow,18:29,6,Solo,513768,Sporting Life,https://www.sportinglife.com/greyhounds/racecards/2026-08-26/harlow/racecard/513768
2026-08-26,Harlow,18:46,1,Salems Blues,513769,Sporting Life,https://www.sportinglife.com/greyhounds/racecards/2026-08-26/harlow/racecard/513769
2026-08-26,Harlow,18:46,2,Skirk Bolger,513769,Sporting Life,https://www.sportinglife.com/greyhounds/racecards/2026-08-26/harlow/racecard/513769
2026-08-26,Harlow,18:46,3,Hillcroft Mick,513769,Sporting Life,https://www.sportinglife.com/greyhounds/racecards/2026-08-26/harlow/racecard/513769
2026-08-26,Harlow,18:46,4,Savana Beth,513769,Sporting Life,https://www.sportinglife.com/greyhounds/racecards/2026-08-26/harlow/racecard/513769
2026-08-26,Harlow,18:46,5,Savana Grandad,513769,Sporting Life,https://www.sportinglife.com/greyhounds/racecards/2026-08-26/harlow/racecard/513769
2026-08-26,Harlow,18:46,6,Lily Sixtyeight,513769,Sporting Life,https://www.sportinglife.com/greyhounds/racecards/2026-08-26/harlow/racecard/513769
2026-08-26,Harlow,19:04,1,Aero Callie,513770,Sporting Life,https://www.sportinglife.com/greyhounds/racecards/2026-08-26/harlow/racecard/513770
2026-08-26,Harlow,19:04,2,Yo Cashout,513770,Sporting Life,https://www.sportinglife.com/greyhounds/racecards/2026-08-26/harlow/racecard/513770
2026-08-26,Harlow,19:04,3,Outdoor Tunnes,513770,Sporting Life,https://www.sportinglife.com/greyhounds/racecards/2026-08-26/harlow/racecard/513770
2026-08-26,Harlow,19:04,5,Savana Bueno,513770,Sporting Life,https://www.sportinglife.com/greyhounds/racecards/2026-08-26/harlow/racecard/513770
2026-08-26,Harlow,19:04,6,Devil In A Dress,513770,Sporting Life,https://www.sportinglife.com/greyhounds/racecards/2026-08-26/harlow/racecard/513770
2026-08-26,Harlow,19:24,1,Nolas Bigfoot,513771,Sporting Life,https://www.sportinglife.com/greyhounds/racecards/2026-08-26/harlow/racecard/513771
2026-08-26,Harlow,19:24,2,Savana Max,513771,Sporting Life,https://www.sportinglife.com/greyhounds/racecards/2026-08-26/harlow/racecard/513771
2026-08-26,Harlow,19:24,3,Joyces Sadie,513771,Sporting Life,https://www.sportinglife.com/greyhounds/racecards/2026-08-26/harlow/racecard/513771
2026-08-26,Harlow,19:24,4,Slipalong Don,513771,Sporting Life,https://www.sportinglife.com/greyhounds/racecards/2026-08-26/harlow/racecard/513771
2026-08-26,Harlow,19:24,5,Keepers Notgrove,513771,Sporting Life,https://www.sportinglife.com/greyhounds/racecards/2026-08-26/harlow/racecard/513771
2026-08-26,Harlow,19:42,1,Britbull Poppy,513772,Sporting Life,https://www.sportinglife.com/greyhounds/racecards/2026-08-26/harlow/racecard/513772
2026-08-26,Harlow,19:42,2,Small But Speedy,513772,Sporting Life,https://www.sportinglife.com/greyhounds/racecards/2026-08-26/harlow/racecard/513772
2026-08-26,Harlow,19:42,3,Savana Tir Nanog,513772,Sporting Life,https://www.sportinglife.com/greyhounds/racecards/2026-08-26/harlow/racecard/513772
2026-08-26,Harlow,19:42,4,Tyford Pet,513772,Sporting Life,https://www.sportinglife.com/greyhounds/racecards/2026-08-26/harlow/racecard/513772
2026-08-26,Harlow,19:42,6,Brentfordforever,513772,Sporting Life,https://www.sportinglife.com/greyhounds/racecards/2026-08-26/harlow/racecard/513772
2026-08-26,Harlow,19:58,1,Triangle Trikari,513773,Sporting Life,https://www.sportinglife.com/greyhounds/racecards/2026-08-26/harlow/racecard/513773
2026-08-26,Harlow,19:58,2,Deelish Mack,513773,Sporting Life,https://www.sportinglife.com/greyhounds/racecards/2026-08-26/harlow/racecard/513773
2026-08-26,Harlow,19:58,4,Savana Trigger,513773,Sporting Life,https://www.sportinglife.com/greyhounds/racecards/2026-08-26/harlow/racecard/513773
2026-08-26,Harlow,19:58,5,Canya Queue,513773,Sporting Life,https://www.sportinglife.com/greyhounds/racecards/2026-08-26/harlow/racecard/513773
2026-08-26,Harlow,19:58,6,Up North,513773,Sporting Life,https://www.sportinglife.com/greyhounds/racecards/2026-08-26/harlow/racecard/513773
2026-08-26,Harlow,20:16,1,Savana Bridget,513774,Sporting Life,https://www.sportinglife.com/greyhounds/racecards/2026-08-26/harlow/racecard/513774
2026-08-26,Harlow,20:16,2,Shockwave Sekani,513774,Sporting Life,https://www.sportinglife.com/greyhounds/racecards/2026-08-26/harlow/racecard/513774
2026-08-26,Harlow,20:16,3,Grouchos King,513774,Sporting Life,https://www.sportinglife.com/greyhounds/racecards/2026-08-26/harlow/racecard/513774
2026-08-26,Harlow,20:16,4,Mid Tipp Nancy,513774,Sporting Life,https://www.sportinglife.com/greyhounds/racecards/2026-08-26/harlow/racecard/513774
2026-08-26,Harlow,20:16,6,Alohas Comet,513774,Sporting Life,https://www.sportinglife.com/greyhounds/racecards/2026-08-26/harlow/racecard/513774
2026-08-26,Harlow,20:34,1,Yo Ranger,513775,Sporting Life,https://www.sportinglife.com/greyhounds/racecards/2026-08-26/harlow/racecard/513775
2026-08-26,Harlow,20:34,2,Townsend Abby,513775,Sporting Life,https://www.sportinglife.com/greyhounds/racecards/2026-08-26/harlow/racecard/513775
2026-08-26,Harlow,20:34,3,Samrose Taylor,513775,Sporting Life,https://www.sportinglife.com/greyhounds/racecards/2026-08-26/harlow/racecard/513775
2026-08-26,Harlow,20:34,4,Estefans Tune,513775,Sporting Life,https://www.sportinglife.com/greyhounds/racecards/2026-08-26/harlow/racecard/513775
2026-08-26,Harlow,20:34,5,Townsend Margo,513775,Sporting Life,https://www.sportinglife.com/greyhounds/racecards/2026-08-26/harlow/racecard/513775
2026-08-26,Harlow,20:34,6,Yo Ronnie Buster,513775,Sporting Life,https://www.sportinglife.com/greyhounds/racecards/2026-08-26/harlow/racecard/513775
2026-08-26,Harlow,20:52,1,Signet Tia,513776,Sporting Life,https://www.sportinglife.com/greyhounds/racecards/2026-08-26/harlow/racecard/513776
2026-08-26,Harlow,20:52,2,Savanalittlelegs,513776,Sporting Life,https://www.sportinglife.com/greyhounds/racecards/2026-08-26/harlow/racecard/513776
2026-08-26,Harlow,20:52,3,Club Dream,513776,Sporting Life,https://www.sportinglife.com/greyhounds/racecards/2026-08-26/harlow/racecard/513776
2026-08-26,Harlow,20:52,5,Skidrow Maria,513776,Sporting Life,https://www.sportinglife.com/greyhounds/racecards/2026-08-26/harlow/racecard/513776
2026-08-26,Harlow,20:52,6,Signet Toofy,513776,Sporting Life,https://www.sportinglife.com/greyhounds/racecards/2026-08-26/harlow/racecard/513776
2026-08-26,Harlow,21:09,1,Derry Rebel,513777,Sporting Life,https://www.sportinglife.com/greyhounds/racecards/2026-08-26/harlow/racecard/513777
2026-08-26,Harlow,21:09,2,Howsyerday Dolly,513777,Sporting Life,https://www.sportinglife.com/greyhounds/racecards/2026-08-26/harlow/racecard/513777
2026-08-26,Harlow,21:09,3,Colrose Queen,513777,Sporting Life,https://www.sportinglife.com/greyhounds/racecards/2026-08-26/harlow/racecard/513777
2026-08-26,Harlow,21:09,4,Burgess Doireann,513777,Sporting Life,https://www.sportinglife.com/greyhounds/racecards/2026-08-26/harlow/racecard/513777
2026-08-26,Harlow,21:09,6,Savana Shady,513777,Sporting Life,https://www.sportinglife.com/greyhounds/racecards/2026-08-26/harlow/racecard/513777
2026-08-26,Harlow,21:26,1,Eire Queenie,513778,Sporting Life,https://www.sportinglife.com/greyhounds/racecards/2026-08-26/harlow/racecard/513778
2026-08-26,Harlow,21:26,3,My Bella Rose,513778,Sporting Life,https://www.sportinglife.com/greyhounds/racecards/2026-08-26/harlow/racecard/513778
2026-08-26,Harlow,21:26,4,Alohas Dream,513778,Sporting Life,https://www.sportinglife.com/greyhounds/racecards/2026-08-26/harlow/racecard/513778
2026-08-26,Harlow,21:26,5,Savana Polly,513778,Sporting Life,https://www.sportinglife.com/greyhounds/racecards/2026-08-26/harlow/racecard/513778
2026-08-26,Harlow,21:26,6,Old Fort Mickmac,513778,Sporting Life,https://www.sportinglife.com/greyhounds/racecards/2026-08-26/harlow/racecard/513778
2026-08-26,Hove,14:23,1,Clairekeith Dexi,513803,Sporting Life,https://www.sportinglife.com/greyhounds/racecards/2026-08-26/hove/racecard/513803
2026-08-26,Hove,14:23,2,Romeo Havok,513803,Sporting Life,https://www.sportinglife.com/greyhounds/racecards/2026-08-26/hove/racecard/513803
2026-08-26,Hove,14:23,3,Open Your Mind,513803,Sporting Life,https://www.sportinglife.com/greyhounds/racecards/2026-08-26/hove/racecard/513803
2026-08-26,Hove,14:23,4,Pips Gamble,513803,Sporting Life,https://www.sportinglife.com/greyhounds/racecards/2026-08-26/hove/racecard/513803
2026-08-26,Hove,14:23,5,Burrows Sonic,513803,Sporting Life,https://www.sportinglife.com/greyhounds/racecards/2026-08-26/hove/racecard/513803
2026-08-26,Hove,14:23,6,Peroni Sarah,513803,Sporting Life,https://www.sportinglife.com/greyhounds/racecards/2026-08-26/hove/racecard/513803
2026-08-26,Hove,14:41,1,Never Let Go,513804,Sporting Life,https://www.sportinglife.com/greyhounds/racecards/2026-08-26/hove/racecard/513804
2026-08-26,Hove,14:41,2,Courty Ivy,513804,Sporting Life,https://www.sportinglife.com/greyhounds/racecards/2026-08-26/hove/racecard/513804
2026-08-26,Hove,14:41,3,Wedontdopanic,513804,Sporting Life,https://www.sportinglife.com/greyhounds/racecards/2026-08-26/hove/racecard/513804
2026-08-26,Hove,14:41,4,Bluestar Beauty,513804,Sporting Life,https://www.sportinglife.com/greyhounds/racecards/2026-08-26/hove/racecard/513804
2026-08-26,Hove,14:41,6,Homework Diary,513804,Sporting Life,https://www.sportinglife.com/greyhounds/racecards/2026-08-26/hove/racecard/513804
2026-08-26,Hove,15:01,1,We Are Leeds,513805,Sporting Life,https://www.sportinglife.com/greyhounds/racecards/2026-08-26/hove/racecard/513805
2026-08-26,Hove,15:01,2,Im Justa Rarity,513805,Sporting Life,https://www.sportinglife.com/greyhounds/racecards/2026-08-26/hove/racecard/513805
2026-08-26,Hove,15:01,3,Sly Wolf,513805,Sporting Life,https://www.sportinglife.com/greyhounds/racecards/2026-08-26/hove/racecard/513805
2026-08-26,Hove,15:01,4,Bowles Bullet,513805,Sporting Life,https://www.sportinglife.com/greyhounds/racecards/2026-08-26/hove/racecard/513805
2026-08-26,Hove,15:01,6,Coppice Frank,513805,Sporting Life,https://www.sportinglife.com/greyhounds/racecards/2026-08-26/hove/racecard/513805
2026-08-26,Hove,15:19,1,Ballyhimikin Pat,513806,Sporting Life,https://www.sportinglife.com/greyhounds/racecards/2026-08-26/hove/racecard/513806
2026-08-26,Hove,15:19,2,Spiritual Gift,513806,Sporting Life,https://www.sportinglife.com/greyhounds/racecards/2026-08-26/hove/racecard/513806
2026-08-26,Hove,15:19,3,Fabulous Opera,513806,Sporting Life,https://www.sportinglife.com/greyhounds/racecards/2026-08-26/hove/racecard/513806
2026-08-26,Hove,15:19,4,Slippy Queen,513806,Sporting Life,https://www.sportinglife.com/greyhounds/racecards/2026-08-26/hove/racecard/513806
2026-08-26,Hove,15:19,5,Annadown Jacob,513806,Sporting Life,https://www.sportinglife.com/greyhounds/racecards/2026-08-26/hove/racecard/513806
2026-08-26,Hove,15:19,6,Candolim Spice,513806,Sporting Life,https://www.sportinglife.com/greyhounds/racecards/2026-08-26/hove/racecard/513806
2026-08-26,Hove,15:38,1,Seomra Gobi,513807,Sporting Life,https://www.sportinglife.com/greyhounds/racecards/2026-08-26/hove/racecard/513807
2026-08-26,Hove,15:38,2,Mertonaby Gigi,513807,Sporting Life,https://www.sportinglife.com/greyhounds/racecards/2026-08-26/hove/racecard/513807
2026-08-26,Hove,15:38,3,Alanas Eske,513807,Sporting Life,https://www.sportinglife.com/greyhounds/racecards/2026-08-26/hove/racecard/513807
2026-08-26,Hove,15:38,4,Montalto Mist,513807,Sporting Life,https://www.sportinglife.com/greyhounds/racecards/2026-08-26/hove/racecard/513807
2026-08-26,Hove,15:38,5,Feora Cara,513807,Sporting Life,https://www.sportinglife.com/greyhounds/racecards/2026-08-26/hove/racecard/513807
2026-08-26,Hove,15:57,1,Bridies Show,513808,Sporting Life,https://www.sportinglife.com/greyhounds/racecards/2026-08-26/hove/racecard/513808
2026-08-26,Hove,15:57,2,Irrelevent,513808,Sporting Life,https://www.sportinglife.com/greyhounds/racecards/2026-08-26/hove/racecard/513808
2026-08-26,Hove,15:57,3,Small Boss,513808,Sporting Life,https://www.sportinglife.com/greyhounds/racecards/2026-08-26/hove/racecard/513808
2026-08-26,Hove,15:57,4,Highfield Lass,513808,Sporting Life,https://www.sportinglife.com/greyhounds/racecards/2026-08-26/hove/racecard/513808
2026-08-26,Hove,15:57,6,Montalto Star,513808,Sporting Life,https://www.sportinglife.com/greyhounds/racecards/2026-08-26/hove/racecard/513808
2026-08-26,Hove,16:16,1,Candolim Getaway,513809,Sporting Life,https://www.sportinglife.com/greyhounds/racecards/2026-08-26/hove/racecard/513809
2026-08-26,Hove,16:16,2,Yougo Jazz,513809,Sporting Life,https://www.sportinglife.com/greyhounds/racecards/2026-08-26/hove/racecard/513809
2026-08-26,Hove,16:16,3,Montalto Glory,513809,Sporting Life,https://www.sportinglife.com/greyhounds/racecards/2026-08-26/hove/racecard/513809
2026-08-26,Hove,16:16,4,Barbie Bullet,513809,Sporting Life,https://www.sportinglife.com/greyhounds/racecards/2026-08-26/hove/racecard/513809
2026-08-26,Hove,16:16,5,Signet Ell,513809,Sporting Life,https://www.sportinglife.com/greyhounds/racecards/2026-08-26/hove/racecard/513809
2026-08-26,Hove,16:34,1,Sly Wobblebottom,513810,Sporting Life,https://www.sportinglife.com/greyhounds/racecards/2026-08-26/hove/racecard/513810
2026-08-26,Hove,16:34,2,Letter Eileen,513810,Sporting Life,https://www.sportinglife.com/greyhounds/racecards/2026-08-26/hove/racecard/513810
2026-08-26,Hove,16:34,4,Limestone Fizz,513810,Sporting Life,https://www.sportinglife.com/greyhounds/racecards/2026-08-26/hove/racecard/513810
2026-08-26,Hove,16:34,5,Vegan Warrior,513810,Sporting Life,https://www.sportinglife.com/greyhounds/racecards/2026-08-26/hove/racecard/513810
2026-08-26,Hove,16:34,6,Untold Aave,513810,Sporting Life,https://www.sportinglife.com/greyhounds/racecards/2026-08-26/hove/racecard/513810
2026-08-26,Hove,16:53,1,Sly Bluebird,513811,Sporting Life,https://www.sportinglife.com/greyhounds/racecards/2026-08-26/hove/racecard/513811
2026-08-26,Hove,16:53,2,Melbury Tyr,513811,Sporting Life,https://www.sportinglife.com/greyhounds/racecards/2026-08-26/hove/racecard/513811
2026-08-26,Hove,16:53,3,Yougo Finn,513811,Sporting Life,https://www.sportinglife.com/greyhounds/racecards/2026-08-26/hove/racecard/513811
2026-08-26,Hove,16:53,4,Swift Vest,513811,Sporting Life,https://www.sportinglife.com/greyhounds/racecards/2026-08-26/hove/racecard/513811
2026-08-26,Hove,16:53,6,Rapido Willow,513811,Sporting Life,https://www.sportinglife.com/greyhounds/racecards/2026-08-26/hove/racecard/513811
2026-08-26,Hove,17:12,1,Jacktavern Smash,513812,Sporting Life,https://www.sportinglife.com/greyhounds/racecards/2026-08-26/hove/racecard/513812
2026-08-26,Hove,17:12,2,Franco Jim,513812,Sporting Life,https://www.sportinglife.com/greyhounds/racecards/2026-08-26/hove/racecard/513812
2026-08-26,Hove,17:12,3,Hypershock,513812,Sporting Life,https://www.sportinglife.com/greyhounds/racecards/2026-08-26/hove/racecard/513812
2026-08-26,Hove,17:12,4,Kamikaze Star,513812,Sporting Life,https://www.sportinglife.com/greyhounds/racecards/2026-08-26/hove/racecard/513812
2026-08-26,Hove,17:12,5,Flyers Geezer,513812,Sporting Life,https://www.sportinglife.com/greyhounds/racecards/2026-08-26/hove/racecard/513812
2026-08-26,Hove,17:12,6,Signet Cooper,513812,Sporting Life,https://www.sportinglife.com/greyhounds/racecards/2026-08-26/hove/racecard/513812
2026-08-26,Hove,17:31,1,Droopys Crafty,513813,Sporting Life,https://www.sportinglife.com/greyhounds/racecards/2026-08-26/hove/racecard/513813
2026-08-26,Hove,17:31,2,Pocket Gunner,513813,Sporting Life,https://www.sportinglife.com/greyhounds/racecards/2026-08-26/hove/racecard/513813
2026-08-26,Hove,17:31,3,Rory The Arb,513813,Sporting Life,https://www.sportinglife.com/greyhounds/racecards/2026-08-26/hove/racecard/513813
2026-08-26,Hove,17:31,4,Chain Of Hope,513813,Sporting Life,https://www.sportinglife.com/greyhounds/racecards/2026-08-26/hove/racecard/513813
2026-08-26,Hove,17:31,5,Droopys Invasion,513813,Sporting Life,https://www.sportinglife.com/greyhounds/racecards/2026-08-26/hove/racecard/513813
2026-08-26,Hove,17:49,1,Luna Outof Orbit,513814,Sporting Life,https://www.sportinglife.com/greyhounds/racecards/2026-08-26/hove/racecard/513814
2026-08-26,Hove,17:49,2,Believe You Can,513814,Sporting Life,https://www.sportinglife.com/greyhounds/racecards/2026-08-26/hove/racecard/513814
2026-08-26,Hove,17:49,3,Seomra Pipp,513814,Sporting Life,https://www.sportinglife.com/greyhounds/racecards/2026-08-26/hove/racecard/513814
2026-08-26,Hove,17:49,4,Broadfieldbullet,513814,Sporting Life,https://www.sportinglife.com/greyhounds/racecards/2026-08-26/hove/racecard/513814
2026-08-26,Hove,17:49,6,Mustang Maverick,513814,Sporting Life,https://www.sportinglife.com/greyhounds/racecards/2026-08-26/hove/racecard/513814
2026-08-26,Monmore,11:03,1,Tommys Magical,513687,Sporting Life,https://www.sportinglife.com/greyhounds/racecards/2026-08-26/monmore/racecard/513687
2026-08-26,Monmore,11:03,2,Good Gold,513687,Sporting Life,https://www.sportinglife.com/greyhounds/racecards/2026-08-26/monmore/racecard/513687
2026-08-26,Monmore,11:03,3,Cashen Pogacha,513687,Sporting Life,https://www.sportinglife.com/greyhounds/racecards/2026-08-26/monmore/racecard/513687
2026-08-26,Monmore,11:03,4,Aero Mockery,513687,Sporting Life,https://www.sportinglife.com/greyhounds/racecards/2026-08-26/monmore/racecard/513687
2026-08-26,Monmore,11:03,6,Do Gooder,513687,Sporting Life,https://www.sportinglife.com/greyhounds/racecards/2026-08-26/monmore/racecard/513687
2026-08-26,Monmore,11:19,2,Tickets Bang,513688,Sporting Life,https://www.sportinglife.com/greyhounds/racecards/2026-08-26/monmore/racecard/513688
2026-08-26,Monmore,11:19,3,Vixons Mission,513688,Sporting Life,https://www.sportinglife.com/greyhounds/racecards/2026-08-26/monmore/racecard/513688
2026-08-26,Monmore,11:19,5,Baby Swirl,513688,Sporting Life,https://www.sportinglife.com/greyhounds/racecards/2026-08-26/monmore/racecard/513688
2026-08-26,Monmore,11:19,6,My Premiercounty,513688,Sporting Life,https://www.sportinglife.com/greyhounds/racecards/2026-08-26/monmore/racecard/513688
2026-08-26,Monmore,11:36,1,Aero Bang Bang,513689,Sporting Life,https://www.sportinglife.com/greyhounds/racecards/2026-08-26/monmore/racecard/513689
2026-08-26,Monmore,11:36,2,Mash Mad Bridie,513689,Sporting Life,https://www.sportinglife.com/greyhounds/racecards/2026-08-26/monmore/racecard/513689
2026-08-26,Monmore,11:36,3,Deelish Lola,513689,Sporting Life,https://www.sportinglife.com/greyhounds/racecards/2026-08-26/monmore/racecard/513689
2026-08-26,Monmore,11:36,4,All About Alice,513689,Sporting Life,https://www.sportinglife.com/greyhounds/racecards/2026-08-26/monmore/racecard/513689
2026-08-26,Monmore,11:36,6,Bloos Ladysandra,513689,Sporting Life,https://www.sportinglife.com/greyhounds/racecards/2026-08-26/monmore/racecard/513689
2026-08-26,Monmore,11:52,1,Alien Brat,513690,Sporting Life,https://www.sportinglife.com/greyhounds/racecards/2026-08-26/monmore/racecard/513690
2026-08-26,Monmore,11:52,2,Noruffsorscruffs,513690,Sporting Life,https://www.sportinglife.com/greyhounds/racecards/2026-08-26/monmore/racecard/513690
2026-08-26,Monmore,11:52,3,Whisky Knight,513690,Sporting Life,https://www.sportinglife.com/greyhounds/racecards/2026-08-26/monmore/racecard/513690
2026-08-26,Monmore,11:52,4,Elderberry Misty,513690,Sporting Life,https://www.sportinglife.com/greyhounds/racecards/2026-08-26/monmore/racecard/513690
2026-08-26,Monmore,11:52,5,Small Hours,513690,Sporting Life,https://www.sportinglife.com/greyhounds/racecards/2026-08-26/monmore/racecard/513690
2026-08-26,Monmore,11:52,6,Final Fernandes,513690,Sporting Life,https://www.sportinglife.com/greyhounds/racecards/2026-08-26/monmore/racecard/513690
2026-08-26,Monmore,12:09,1,Longacres Tommy,513691,Sporting Life,https://www.sportinglife.com/greyhounds/racecards/2026-08-26/monmore/racecard/513691
2026-08-26,Monmore,12:09,2,Bluey Hills,513691,Sporting Life,https://www.sportinglife.com/greyhounds/racecards/2026-08-26/monmore/racecard/513691
2026-08-26,Monmore,12:09,3,Drive On Shelby,513691,Sporting Life,https://www.sportinglife.com/greyhounds/racecards/2026-08-26/monmore/racecard/513691
2026-08-26,Monmore,12:09,4,Four The Hunt,513691,Sporting Life,https://www.sportinglife.com/greyhounds/racecards/2026-08-26/monmore/racecard/513691
2026-08-26,Monmore,12:09,6,Highway Blue,513691,Sporting Life,https://www.sportinglife.com/greyhounds/racecards/2026-08-26/monmore/racecard/513691
2026-08-26,Monmore,12:26,1,Hawkfield Bionic,513692,Sporting Life,https://www.sportinglife.com/greyhounds/racecards/2026-08-26/monmore/racecard/513692
2026-08-26,Monmore,12:26,2,Ohtheresally,513692,Sporting Life,https://www.sportinglife.com/greyhounds/racecards/2026-08-26/monmore/racecard/513692
2026-08-26,Monmore,12:26,3,Blue Jazz,513692,Sporting Life,https://www.sportinglife.com/greyhounds/racecards/2026-08-26/monmore/racecard/513692
2026-08-26,Monmore,12:26,5,Butterbean,513692,Sporting Life,https://www.sportinglife.com/greyhounds/racecards/2026-08-26/monmore/racecard/513692
2026-08-26,Monmore,12:26,6,Drumdoit Milo,513692,Sporting Life,https://www.sportinglife.com/greyhounds/racecards/2026-08-26/monmore/racecard/513692
2026-08-26,Monmore,12:42,1,Florican Gem,513693,Sporting Life,https://www.sportinglife.com/greyhounds/racecards/2026-08-26/monmore/racecard/513693
2026-08-26,Monmore,12:42,2,Stormy Bonito,513693,Sporting Life,https://www.sportinglife.com/greyhounds/racecards/2026-08-26/monmore/racecard/513693
2026-08-26,Monmore,12:42,3,Blarney Castle,513693,Sporting Life,https://www.sportinglife.com/greyhounds/racecards/2026-08-26/monmore/racecard/513693
2026-08-26,Monmore,12:42,4,Tommys Prosecco,513693,Sporting Life,https://www.sportinglife.com/greyhounds/racecards/2026-08-26/monmore/racecard/513693
2026-08-26,Monmore,12:42,6,Soap Box Surfer,513693,Sporting Life,https://www.sportinglife.com/greyhounds/racecards/2026-08-26/monmore/racecard/513693
2026-08-26,Monmore,12:59,1,Fourpenny Jack,513694,Sporting Life,https://www.sportinglife.com/greyhounds/racecards/2026-08-26/monmore/racecard/513694
2026-08-26,Monmore,12:59,2,Aero Biscuit,513694,Sporting Life,https://www.sportinglife.com/greyhounds/racecards/2026-08-26/monmore/racecard/513694
2026-08-26,Monmore,12:59,3,Rhyming Ella,513694,Sporting Life,https://www.sportinglife.com/greyhounds/racecards/2026-08-26/monmore/racecard/513694
2026-08-26,Monmore,12:59,4,Cazzers Ade,513694,Sporting Life,https://www.sportinglife.com/greyhounds/racecards/2026-08-26/monmore/racecard/513694
2026-08-26,Monmore,12:59,6,Pennys Shadow,513694,Sporting Life,https://www.sportinglife.com/greyhounds/racecards/2026-08-26/monmore/racecard/513694
2026-08-26,Monmore,13:16,1,Yama Nightmare,513695,Sporting Life,https://www.sportinglife.com/greyhounds/racecards/2026-08-26/monmore/racecard/513695
2026-08-26,Monmore,13:16,2,Aero Imagine,513695,Sporting Life,https://www.sportinglife.com/greyhounds/racecards/2026-08-26/monmore/racecard/513695
2026-08-26,Monmore,13:16,3,Swift Jam,513695,Sporting Life,https://www.sportinglife.com/greyhounds/racecards/2026-08-26/monmore/racecard/513695
2026-08-26,Monmore,13:16,5,Jimmytheconman,513695,Sporting Life,https://www.sportinglife.com/greyhounds/racecards/2026-08-26/monmore/racecard/513695
2026-08-26,Monmore,13:16,6,Aero Bassett,513695,Sporting Life,https://www.sportinglife.com/greyhounds/racecards/2026-08-26/monmore/racecard/513695
2026-08-26,Monmore,13:31,1,Ballyhealy Star,513696,Sporting Life,https://www.sportinglife.com/greyhounds/racecards/2026-08-26/monmore/racecard/513696
2026-08-26,Monmore,13:31,2,Marlhill Queenie,513696,Sporting Life,https://www.sportinglife.com/greyhounds/racecards/2026-08-26/monmore/racecard/513696
2026-08-26,Monmore,13:31,3,Battery Jack,513696,Sporting Life,https://www.sportinglife.com/greyhounds/racecards/2026-08-26/monmore/racecard/513696
2026-08-26,Monmore,13:31,4,Common Canter,513696,Sporting Life,https://www.sportinglife.com/greyhounds/racecards/2026-08-26/monmore/racecard/513696
2026-08-26,Monmore,13:31,5,Aero Dulcie,513696,Sporting Life,https://www.sportinglife.com/greyhounds/racecards/2026-08-26/monmore/racecard/513696
2026-08-26,Monmore,13:31,6,Ballymac Prada,513696,Sporting Life,https://www.sportinglife.com/greyhounds/racecards/2026-08-26/monmore/racecard/513696
2026-08-26,Monmore,13:46,1,Fourpenny Jill,513697,Sporting Life,https://www.sportinglife.com/greyhounds/racecards/2026-08-26/monmore/racecard/513697
2026-08-26,Monmore,13:46,2,Anglesey Lola,513697,Sporting Life,https://www.sportinglife.com/greyhounds/racecards/2026-08-26/monmore/racecard/513697
2026-08-26,Monmore,13:46,3,Vixons Vanilla,513697,Sporting Life,https://www.sportinglife.com/greyhounds/racecards/2026-08-26/monmore/racecard/513697
2026-08-26,Monmore,13:46,4,Love To See,513697,Sporting Life,https://www.sportinglife.com/greyhounds/racecards/2026-08-26/monmore/racecard/513697
2026-08-26,Monmore,13:46,5,Tullymurry Otto,513697,Sporting Life,https://www.sportinglife.com/greyhounds/racecards/2026-08-26/monmore/racecard/513697
2026-08-26,Monmore,14:04,1,Lady Luck,513698,Sporting Life,https://www.sportinglife.com/greyhounds/racecards/2026-08-26/monmore/racecard/513698
2026-08-26,Monmore,14:04,2,Westway Kai,513698,Sporting Life,https://www.sportinglife.com/greyhounds/racecards/2026-08-26/monmore/racecard/513698
2026-08-26,Monmore,14:04,3,Yama Witch,513698,Sporting Life,https://www.sportinglife.com/greyhounds/racecards/2026-08-26/monmore/racecard/513698
2026-08-26,Monmore,14:04,5,Slipalong Lotto,513698,Sporting Life,https://www.sportinglife.com/greyhounds/racecards/2026-08-26/monmore/racecard/513698
2026-08-26,Monmore,14:04,6,Aero Superstar,513698,Sporting Life,https://www.sportinglife.com/greyhounds/racecards/2026-08-26/monmore/racecard/513698
2026-08-26,Newcastle,14:29,1,Tinnock Sheba,513741,Sporting Life,https://www.sportinglife.com/greyhounds/racecards/2026-08-26/newcastle/racecard/513741
2026-08-26,Newcastle,14:29,3,Droopys Renee,513741,Sporting Life,https://www.sportinglife.com/greyhounds/racecards/2026-08-26/newcastle/racecard/513741
2026-08-26,Newcastle,14:29,4,Our Chief,513741,Sporting Life,https://www.sportinglife.com/greyhounds/racecards/2026-08-26/newcastle/racecard/513741
2026-08-26,Newcastle,14:29,5,Da Short Haul,513741,Sporting Life,https://www.sportinglife.com/greyhounds/racecards/2026-08-26/newcastle/racecard/513741
2026-08-26,Newcastle,14:29,6,Canny Smokey,513741,Sporting Life,https://www.sportinglife.com/greyhounds/racecards/2026-08-26/newcastle/racecard/513741
2026-08-26,Newcastle,14:48,1,Bramble Revel,513742,Sporting Life,https://www.sportinglife.com/greyhounds/racecards/2026-08-26/newcastle/racecard/513742
2026-08-26,Newcastle,14:48,2,Blackhouse Love,513742,Sporting Life,https://www.sportinglife.com/greyhounds/racecards/2026-08-26/newcastle/racecard/513742
2026-08-26,Newcastle,14:48,3,Highview Evie,513742,Sporting Life,https://www.sportinglife.com/greyhounds/racecards/2026-08-26/newcastle/racecard/513742
2026-08-26,Newcastle,14:48,4,Eileens Larue,513742,Sporting Life,https://www.sportinglife.com/greyhounds/racecards/2026-08-26/newcastle/racecard/513742
2026-08-26,Newcastle,14:48,5,Ekitike,513742,Sporting Life,https://www.sportinglife.com/greyhounds/racecards/2026-08-26/newcastle/racecard/513742
2026-08-26,Newcastle,15:07,1,Jackos Cody,513743,Sporting Life,https://www.sportinglife.com/greyhounds/racecards/2026-08-26/newcastle/racecard/513743
2026-08-26,Newcastle,15:07,2,Bramble Cat,513743,Sporting Life,https://www.sportinglife.com/greyhounds/racecards/2026-08-26/newcastle/racecard/513743
2026-08-26,Newcastle,15:07,3,Crooks Peaky,513743,Sporting Life,https://www.sportinglife.com/greyhounds/racecards/2026-08-26/newcastle/racecard/513743
2026-08-26,Newcastle,15:07,4,Texas Queen,513743,Sporting Life,https://www.sportinglife.com/greyhounds/racecards/2026-08-26/newcastle/racecard/513743
2026-08-26,Newcastle,15:07,5,Coolemount Raid,513743,Sporting Life,https://www.sportinglife.com/greyhounds/racecards/2026-08-26/newcastle/racecard/513743
2026-08-26,Newcastle,15:07,6,Alove Supreme,513743,Sporting Life,https://www.sportinglife.com/greyhounds/racecards/2026-08-26/newcastle/racecard/513743
2026-08-26,Newcastle,15:26,1,Strictly Motsi,513744,Sporting Life,https://www.sportinglife.com/greyhounds/racecards/2026-08-26/newcastle/racecard/513744
2026-08-26,Newcastle,15:26,2,El Mirador,513744,Sporting Life,https://www.sportinglife.com/greyhounds/racecards/2026-08-26/newcastle/racecard/513744
2026-08-26,Newcastle,15:26,3,Chamonix,513744,Sporting Life,https://www.sportinglife.com/greyhounds/racecards/2026-08-26/newcastle/racecard/513744
2026-08-26,Newcastle,15:26,4,Vinny Chase,513744,Sporting Life,https://www.sportinglife.com/greyhounds/racecards/2026-08-26/newcastle/racecard/513744
2026-08-26,Newcastle,15:26,5,Bramble Emerald,513744,Sporting Life,https://www.sportinglife.com/greyhounds/racecards/2026-08-26/newcastle/racecard/513744
2026-08-26,Newcastle,15:26,6,A Bit Of Megan,513744,Sporting Life,https://www.sportinglife.com/greyhounds/racecards/2026-08-26/newcastle/racecard/513744
2026-08-26,Newcastle,15:44,2,Bramble Elvis,513745,Sporting Life,https://www.sportinglife.com/greyhounds/racecards/2026-08-26/newcastle/racecard/513745
2026-08-26,Newcastle,15:44,3,Canny Striker,513745,Sporting Life,https://www.sportinglife.com/greyhounds/racecards/2026-08-26/newcastle/racecard/513745
2026-08-26,Newcastle,15:44,4,A Bit Of Betty,513745,Sporting Life,https://www.sportinglife.com/greyhounds/racecards/2026-08-26/newcastle/racecard/513745
2026-08-26,Newcastle,15:44,5,Toddys Panther,513745,Sporting Life,https://www.sportinglife.com/greyhounds/racecards/2026-08-26/newcastle/racecard/513745
2026-08-26,Newcastle,15:44,6,Now Were Flyin,513745,Sporting Life,https://www.sportinglife.com/greyhounds/racecards/2026-08-26/newcastle/racecard/513745
2026-08-26,Newcastle,16:03,1,Midtown Ebony,513746,Sporting Life,https://www.sportinglife.com/greyhounds/racecards/2026-08-26/newcastle/racecard/513746
2026-08-26,Newcastle,16:03,2,Churro,513746,Sporting Life,https://www.sportinglife.com/greyhounds/racecards/2026-08-26/newcastle/racecard/513746
2026-08-26,Newcastle,16:03,3,Bramble Angel,513746,Sporting Life,https://www.sportinglife.com/greyhounds/racecards/2026-08-26/newcastle/racecard/513746
2026-08-26,Newcastle,16:03,4,Munoz Onthe Kop,513746,Sporting Life,https://www.sportinglife.com/greyhounds/racecards/2026-08-26/newcastle/racecard/513746
2026-08-26,Newcastle,16:03,5,Solway Aussie,513746,Sporting Life,https://www.sportinglife.com/greyhounds/racecards/2026-08-26/newcastle/racecard/513746
2026-08-26,Newcastle,16:03,6,A Bit Of Ebony,513746,Sporting Life,https://www.sportinglife.com/greyhounds/racecards/2026-08-26/newcastle/racecard/513746
2026-08-26,Newcastle,16:22,1,Tinnock Stellar,513747,Sporting Life,https://www.sportinglife.com/greyhounds/racecards/2026-08-26/newcastle/racecard/513747
2026-08-26,Newcastle,16:22,2,Solway Ocean,513747,Sporting Life,https://www.sportinglife.com/greyhounds/racecards/2026-08-26/newcastle/racecard/513747
2026-08-26,Newcastle,16:22,3,Richies Richie,513747,Sporting Life,https://www.sportinglife.com/greyhounds/racecards/2026-08-26/newcastle/racecard/513747
2026-08-26,Newcastle,16:22,4,Alnwick Ava,513747,Sporting Life,https://www.sportinglife.com/greyhounds/racecards/2026-08-26/newcastle/racecard/513747
2026-08-26,Newcastle,16:22,6,Moyvane Emotions,513747,Sporting Life,https://www.sportinglife.com/greyhounds/racecards/2026-08-26/newcastle/racecard/513747
2026-08-26,Newcastle,16:41,1,Bramble Paulina,513748,Sporting Life,https://www.sportinglife.com/greyhounds/racecards/2026-08-26/newcastle/racecard/513748
2026-08-26,Newcastle,16:41,2,Avenue Cove,513748,Sporting Life,https://www.sportinglife.com/greyhounds/racecards/2026-08-26/newcastle/racecard/513748
2026-08-26,Newcastle,16:41,3,Elena The Best,513748,Sporting Life,https://www.sportinglife.com/greyhounds/racecards/2026-08-26/newcastle/racecard/513748
2026-08-26,Newcastle,16:41,4,Coppice Sioux,513748,Sporting Life,https://www.sportinglife.com/greyhounds/racecards/2026-08-26/newcastle/racecard/513748
2026-08-26,Newcastle,16:41,5,Burrow Nitro,513748,Sporting Life,https://www.sportinglife.com/greyhounds/racecards/2026-08-26/newcastle/racecard/513748
2026-08-26,Newcastle,16:59,1,Private Express,513749,Sporting Life,https://www.sportinglife.com/greyhounds/racecards/2026-08-26/newcastle/racecard/513749
2026-08-26,Newcastle,16:59,3,Alnwick Aurora,513749,Sporting Life,https://www.sportinglife.com/greyhounds/racecards/2026-08-26/newcastle/racecard/513749
2026-08-26,Newcastle,16:59,4,Amazing Rex,513749,Sporting Life,https://www.sportinglife.com/greyhounds/racecards/2026-08-26/newcastle/racecard/513749
2026-08-26,Newcastle,16:59,5,Alnwick Barney,513749,Sporting Life,https://www.sportinglife.com/greyhounds/racecards/2026-08-26/newcastle/racecard/513749
2026-08-26,Newcastle,16:59,6,Solway Blue,513749,Sporting Life,https://www.sportinglife.com/greyhounds/racecards/2026-08-26/newcastle/racecard/513749
2026-08-26,Newcastle,17:18,1,Two Votes,513750,Sporting Life,https://www.sportinglife.com/greyhounds/racecards/2026-08-26/newcastle/racecard/513750
2026-08-26,Newcastle,17:18,2,Midtown Romeo,513750,Sporting Life,https://www.sportinglife.com/greyhounds/racecards/2026-08-26/newcastle/racecard/513750
2026-08-26,Newcastle,17:18,3,Brenval Elle,513750,Sporting Life,https://www.sportinglife.com/greyhounds/racecards/2026-08-26/newcastle/racecard/513750
2026-08-26,Newcastle,17:18,4,Crooks Willow,513750,Sporting Life,https://www.sportinglife.com/greyhounds/racecards/2026-08-26/newcastle/racecard/513750
2026-08-26,Newcastle,17:18,5,Crooks Nottofar,513750,Sporting Life,https://www.sportinglife.com/greyhounds/racecards/2026-08-26/newcastle/racecard/513750
2026-08-26,Newcastle,17:18,6,Alnwick River,513750,Sporting Life,https://www.sportinglife.com/greyhounds/racecards/2026-08-26/newcastle/racecard/513750
2026-08-26,Newcastle,17:37,1,Westons Skeleton,513751,Sporting Life,https://www.sportinglife.com/greyhounds/racecards/2026-08-26/newcastle/racecard/513751
2026-08-26,Newcastle,17:37,2,So Its Lillie,513751,Sporting Life,https://www.sportinglife.com/greyhounds/racecards/2026-08-26/newcastle/racecard/513751
2026-08-26,Newcastle,17:37,3,Proud One,513751,Sporting Life,https://www.sportinglife.com/greyhounds/racecards/2026-08-26/newcastle/racecard/513751
2026-08-26,Newcastle,17:37,4,Crooks Fearghal,513751,Sporting Life,https://www.sportinglife.com/greyhounds/racecards/2026-08-26/newcastle/racecard/513751
2026-08-26,Newcastle,17:37,5,Lightfoot Lass,513751,Sporting Life,https://www.sportinglife.com/greyhounds/racecards/2026-08-26/newcastle/racecard/513751
2026-08-26,Newcastle,17:37,6,Swift Leon,513751,Sporting Life,https://www.sportinglife.com/greyhounds/racecards/2026-08-26/newcastle/racecard/513751
2026-08-26,Newcastle,17:56,1,My Twilight Zone,513752,Sporting Life,https://www.sportinglife.com/greyhounds/racecards/2026-08-26/newcastle/racecard/513752
2026-08-26,Newcastle,17:56,2,Balrobuck Tom,513752,Sporting Life,https://www.sportinglife.com/greyhounds/racecards/2026-08-26/newcastle/racecard/513752
2026-08-26,Newcastle,17:56,3,Solway Dream,513752,Sporting Life,https://www.sportinglife.com/greyhounds/racecards/2026-08-26/newcastle/racecard/513752
2026-08-26,Newcastle,17:56,4,Brief News,513752,Sporting Life,https://www.sportinglife.com/greyhounds/racecards/2026-08-26/newcastle/racecard/513752
2026-08-26,Newcastle,17:56,6,Solway Ernie,513752,Sporting Life,https://www.sportinglife.com/greyhounds/racecards/2026-08-26/newcastle/racecard/513752
2026-08-26,Nottingham,11:25,1,Sambar Prince,513699,Sporting Life,https://www.sportinglife.com/greyhounds/racecards/2026-08-26/nottingham/racecard/513699
2026-08-26,Nottingham,11:25,2,Clonbrien King,513699,Sporting Life,https://www.sportinglife.com/greyhounds/racecards/2026-08-26/nottingham/racecard/513699
2026-08-26,Nottingham,11:25,3,Michelle My Bell,513699,Sporting Life,https://www.sportinglife.com/greyhounds/racecards/2026-08-26/nottingham/racecard/513699
2026-08-26,Nottingham,11:25,4,Air Flyer,513699,Sporting Life,https://www.sportinglife.com/greyhounds/racecards/2026-08-26/nottingham/racecard/513699
2026-08-26,Nottingham,11:25,5,Bobsleigh Act,513699,Sporting Life,https://www.sportinglife.com/greyhounds/racecards/2026-08-26/nottingham/racecard/513699
2026-08-26,Nottingham,11:25,6,Skyfall Belle,513699,Sporting Life,https://www.sportinglife.com/greyhounds/racecards/2026-08-26/nottingham/racecard/513699
2026-08-26,Nottingham,11:41,1,Honour Face,513700,Sporting Life,https://www.sportinglife.com/greyhounds/racecards/2026-08-26/nottingham/racecard/513700
2026-08-26,Nottingham,11:41,2,Honour Precious,513700,Sporting Life,https://www.sportinglife.com/greyhounds/racecards/2026-08-26/nottingham/racecard/513700
2026-08-26,Nottingham,11:41,3,Unlikely Tom,513700,Sporting Life,https://www.sportinglife.com/greyhounds/racecards/2026-08-26/nottingham/racecard/513700
2026-08-26,Nottingham,11:41,4,Wall Of Silence,513700,Sporting Life,https://www.sportinglife.com/greyhounds/racecards/2026-08-26/nottingham/racecard/513700
2026-08-26,Nottingham,11:41,5,Fairest Point,513700,Sporting Life,https://www.sportinglife.com/greyhounds/racecards/2026-08-26/nottingham/racecard/513700
2026-08-26,Nottingham,11:41,6,Wolf Dawn,513700,Sporting Life,https://www.sportinglife.com/greyhounds/racecards/2026-08-26/nottingham/racecard/513700
2026-08-26,Nottingham,11:58,1,Baby Bono,513701,Sporting Life,https://www.sportinglife.com/greyhounds/racecards/2026-08-26/nottingham/racecard/513701
2026-08-26,Nottingham,11:58,2,Brocquy,513701,Sporting Life,https://www.sportinglife.com/greyhounds/racecards/2026-08-26/nottingham/racecard/513701
2026-08-26,Nottingham,11:58,3,Croaghill Max,513701,Sporting Life,https://www.sportinglife.com/greyhounds/racecards/2026-08-26/nottingham/racecard/513701
2026-08-26,Nottingham,11:58,4,Nidderdaleautumn,513701,Sporting Life,https://www.sportinglife.com/greyhounds/racecards/2026-08-26/nottingham/racecard/513701
2026-08-26,Nottingham,11:58,5,No Luck,513701,Sporting Life,https://www.sportinglife.com/greyhounds/racecards/2026-08-26/nottingham/racecard/513701
2026-08-26,Nottingham,11:58,6,Swift Amplify,513701,Sporting Life,https://www.sportinglife.com/greyhounds/racecards/2026-08-26/nottingham/racecard/513701
2026-08-26,Nottingham,12:14,1,Kelva Brie,513702,Sporting Life,https://www.sportinglife.com/greyhounds/racecards/2026-08-26/nottingham/racecard/513702
2026-08-26,Nottingham,12:14,2,Busta Cherry,513702,Sporting Life,https://www.sportinglife.com/greyhounds/racecards/2026-08-26/nottingham/racecard/513702
2026-08-26,Nottingham,12:14,3,Harlequin Kobe,513702,Sporting Life,https://www.sportinglife.com/greyhounds/racecards/2026-08-26/nottingham/racecard/513702
2026-08-26,Nottingham,12:14,4,Sonic Pixie,513702,Sporting Life,https://www.sportinglife.com/greyhounds/racecards/2026-08-26/nottingham/racecard/513702
2026-08-26,Nottingham,12:14,5,Sunset Years,513702,Sporting Life,https://www.sportinglife.com/greyhounds/racecards/2026-08-26/nottingham/racecard/513702
2026-08-26,Nottingham,12:14,6,Rialto Ben,513702,Sporting Life,https://www.sportinglife.com/greyhounds/racecards/2026-08-26/nottingham/racecard/513702
2026-08-26,Nottingham,12:31,1,Curraghmorechamp,513703,Sporting Life,https://www.sportinglife.com/greyhounds/racecards/2026-08-26/nottingham/racecard/513703
2026-08-26,Nottingham,12:31,2,Elite Max,513703,Sporting Life,https://www.sportinglife.com/greyhounds/racecards/2026-08-26/nottingham/racecard/513703
2026-08-26,Nottingham,12:31,3,Newland Bear,513703,Sporting Life,https://www.sportinglife.com/greyhounds/racecards/2026-08-26/nottingham/racecard/513703
2026-08-26,Nottingham,12:31,4,Keefill Beth,513703,Sporting Life,https://www.sportinglife.com/greyhounds/racecards/2026-08-26/nottingham/racecard/513703
2026-08-26,Nottingham,12:31,5,Platinum Record,513703,Sporting Life,https://www.sportinglife.com/greyhounds/racecards/2026-08-26/nottingham/racecard/513703
2026-08-26,Nottingham,12:31,6,Noelles Pelo,513703,Sporting Life,https://www.sportinglife.com/greyhounds/racecards/2026-08-26/nottingham/racecard/513703
2026-08-26,Nottingham,12:48,1,In Form Lady,513704,Sporting Life,https://www.sportinglife.com/greyhounds/racecards/2026-08-26/nottingham/racecard/513704
2026-08-26,Nottingham,12:48,2,Honeygar Flow,513704,Sporting Life,https://www.sportinglife.com/greyhounds/racecards/2026-08-26/nottingham/racecard/513704
2026-08-26,Nottingham,12:48,3,Furcombe Hall,513704,Sporting Life,https://www.sportinglife.com/greyhounds/racecards/2026-08-26/nottingham/racecard/513704
2026-08-26,Nottingham,12:48,5,Fercullen Champ,513704,Sporting Life,https://www.sportinglife.com/greyhounds/racecards/2026-08-26/nottingham/racecard/513704
2026-08-26,Nottingham,12:48,6,Wolf Diamond,513704,Sporting Life,https://www.sportinglife.com/greyhounds/racecards/2026-08-26/nottingham/racecard/513704
2026-08-26,Nottingham,13:06,1,Piemans Fairy,513705,Sporting Life,https://www.sportinglife.com/greyhounds/racecards/2026-08-26/nottingham/racecard/513705
2026-08-26,Nottingham,13:06,2,Honour Secret,513705,Sporting Life,https://www.sportinglife.com/greyhounds/racecards/2026-08-26/nottingham/racecard/513705
2026-08-26,Nottingham,13:06,4,Noteworthy,513705,Sporting Life,https://www.sportinglife.com/greyhounds/racecards/2026-08-26/nottingham/racecard/513705
2026-08-26,Nottingham,13:06,5,Broomfleet Flyer,513705,Sporting Life,https://www.sportinglife.com/greyhounds/racecards/2026-08-26/nottingham/racecard/513705
2026-08-26,Nottingham,13:06,6,Annadown Guggy,513705,Sporting Life,https://www.sportinglife.com/greyhounds/racecards/2026-08-26/nottingham/racecard/513705
2026-08-26,Nottingham,13:21,1,Churchill Boy,513706,Sporting Life,https://www.sportinglife.com/greyhounds/racecards/2026-08-26/nottingham/racecard/513706
2026-08-26,Nottingham,13:21,2,Aegean Song,513706,Sporting Life,https://www.sportinglife.com/greyhounds/racecards/2026-08-26/nottingham/racecard/513706
2026-08-26,Nottingham,13:21,3,Alwaysoptimistic,513706,Sporting Life,https://www.sportinglife.com/greyhounds/racecards/2026-08-26/nottingham/racecard/513706
2026-08-26,Nottingham,13:21,4,Skyfall Orna,513706,Sporting Life,https://www.sportinglife.com/greyhounds/racecards/2026-08-26/nottingham/racecard/513706
2026-08-26,Nottingham,13:21,5,Bit View Bella,513706,Sporting Life,https://www.sportinglife.com/greyhounds/racecards/2026-08-26/nottingham/racecard/513706
2026-08-26,Nottingham,13:21,6,Droopys Treat,513706,Sporting Life,https://www.sportinglife.com/greyhounds/racecards/2026-08-26/nottingham/racecard/513706
2026-08-26,Nottingham,13:36,2,Petite Pippa,513707,Sporting Life,https://www.sportinglife.com/greyhounds/racecards/2026-08-26/nottingham/racecard/513707
2026-08-26,Nottingham,13:36,3,Crafty Can Do,513707,Sporting Life,https://www.sportinglife.com/greyhounds/racecards/2026-08-26/nottingham/racecard/513707
2026-08-26,Nottingham,13:36,4,Honour Beckham,513707,Sporting Life,https://www.sportinglife.com/greyhounds/racecards/2026-08-26/nottingham/racecard/513707
2026-08-26,Nottingham,13:36,5,Yoguartpotjohn,513707,Sporting Life,https://www.sportinglife.com/greyhounds/racecards/2026-08-26/nottingham/racecard/513707
2026-08-26,Nottingham,13:36,6,Vair Rumpol,513707,Sporting Life,https://www.sportinglife.com/greyhounds/racecards/2026-08-26/nottingham/racecard/513707
2026-08-26,Nottingham,13:52,1,Coin Box,513708,Sporting Life,https://www.sportinglife.com/greyhounds/racecards/2026-08-26/nottingham/racecard/513708
2026-08-26,Nottingham,13:52,2,Rockhouse Woody,513708,Sporting Life,https://www.sportinglife.com/greyhounds/racecards/2026-08-26/nottingham/racecard/513708
2026-08-26,Nottingham,13:52,3,Sambar Dream,513708,Sporting Life,https://www.sportinglife.com/greyhounds/racecards/2026-08-26/nottingham/racecard/513708
2026-08-26,Nottingham,13:52,4,Maree Shay,513708,Sporting Life,https://www.sportinglife.com/greyhounds/racecards/2026-08-26/nottingham/racecard/513708
2026-08-26,Nottingham,13:52,5,Lisnakill Donnie,513708,Sporting Life,https://www.sportinglife.com/greyhounds/racecards/2026-08-26/nottingham/racecard/513708
2026-08-26,Nottingham,14:09,1,Jager Bren,513709,Sporting Life,https://www.sportinglife.com/greyhounds/racecards/2026-08-26/nottingham/racecard/513709
2026-08-26,Nottingham,14:09,2,Demba Bark,513709,Sporting Life,https://www.sportinglife.com/greyhounds/racecards/2026-08-26/nottingham/racecard/513709
2026-08-26,Nottingham,14:09,3,Mongys Tiger,513709,Sporting Life,https://www.sportinglife.com/greyhounds/racecards/2026-08-26/nottingham/racecard/513709
2026-08-26,Nottingham,14:09,4,Headford Tara,513709,Sporting Life,https://www.sportinglife.com/greyhounds/racecards/2026-08-26/nottingham/racecard/513709
2026-08-26,Nottingham,14:09,5,Hollyhill Bullet,513709,Sporting Life,https://www.sportinglife.com/greyhounds/racecards/2026-08-26/nottingham/racecard/513709
2026-08-26,Nottingham,14:09,6,Frederico,513709,Sporting Life,https://www.sportinglife.com/greyhounds/racecards/2026-08-26/nottingham/racecard/513709
2026-08-26,Romford,18:37,1,Castillo Del Rey,513710,Sporting Life,https://www.sportinglife.com/greyhounds/racecards/2026-08-26/romford/racecard/513710
2026-08-26,Romford,18:37,2,Paradise Clover,513710,Sporting Life,https://www.sportinglife.com/greyhounds/racecards/2026-08-26/romford/racecard/513710
2026-08-26,Romford,18:37,3,Hesarightbucko,513710,Sporting Life,https://www.sportinglife.com/greyhounds/racecards/2026-08-26/romford/racecard/513710
2026-08-26,Romford,18:37,4,Easy Anna,513710,Sporting Life,https://www.sportinglife.com/greyhounds/racecards/2026-08-26/romford/racecard/513710
2026-08-26,Romford,18:37,5,Burgess Blackie,513710,Sporting Life,https://www.sportinglife.com/greyhounds/racecards/2026-08-26/romford/racecard/513710
2026-08-26,Romford,18:53,1,Pawed And Bowled,513711,Sporting Life,https://www.sportinglife.com/greyhounds/racecards/2026-08-26/romford/racecard/513711
2026-08-26,Romford,18:53,2,Speedy Zara,513711,Sporting Life,https://www.sportinglife.com/greyhounds/racecards/2026-08-26/romford/racecard/513711
2026-08-26,Romford,18:53,3,Young Poppy,513711,Sporting Life,https://www.sportinglife.com/greyhounds/racecards/2026-08-26/romford/racecard/513711
2026-08-26,Romford,18:53,4,Stormtrooper,513711,Sporting Life,https://www.sportinglife.com/greyhounds/racecards/2026-08-26/romford/racecard/513711
2026-08-26,Romford,18:53,5,Not Now Alan,513711,Sporting Life,https://www.sportinglife.com/greyhounds/racecards/2026-08-26/romford/racecard/513711
2026-08-26,Romford,19:11,1,Alans Amigo,513712,Sporting Life,https://www.sportinglife.com/greyhounds/racecards/2026-08-26/romford/racecard/513712
2026-08-26,Romford,19:11,2,Ballymac Suntan,513712,Sporting Life,https://www.sportinglife.com/greyhounds/racecards/2026-08-26/romford/racecard/513712
2026-08-26,Romford,19:11,3,Phoenix Izzy,513712,Sporting Life,https://www.sportinglife.com/greyhounds/racecards/2026-08-26/romford/racecard/513712
2026-08-26,Romford,19:11,4,Blackburny Storm,513712,Sporting Life,https://www.sportinglife.com/greyhounds/racecards/2026-08-26/romford/racecard/513712
2026-08-26,Romford,19:11,5,Kinstons Angel,513712,Sporting Life,https://www.sportinglife.com/greyhounds/racecards/2026-08-26/romford/racecard/513712
2026-08-26,Romford,19:27,1,Hollywood Lilly,513713,Sporting Life,https://www.sportinglife.com/greyhounds/racecards/2026-08-26/romford/racecard/513713
2026-08-26,Romford,19:27,2,Lizies Legacy,513713,Sporting Life,https://www.sportinglife.com/greyhounds/racecards/2026-08-26/romford/racecard/513713
2026-08-26,Romford,19:27,3,Young Apache,513713,Sporting Life,https://www.sportinglife.com/greyhounds/racecards/2026-08-26/romford/racecard/513713
2026-08-26,Romford,19:27,4,Seomra Mint,513713,Sporting Life,https://www.sportinglife.com/greyhounds/racecards/2026-08-26/romford/racecard/513713
2026-08-26,Romford,19:27,5,Coolanga Junior,513713,Sporting Life,https://www.sportinglife.com/greyhounds/racecards/2026-08-26/romford/racecard/513713
2026-08-26,Romford,19:44,1,Roxys Sunshine,513714,Sporting Life,https://www.sportinglife.com/greyhounds/racecards/2026-08-26/romford/racecard/513714
2026-08-26,Romford,19:44,2,Cluain Denis,513714,Sporting Life,https://www.sportinglife.com/greyhounds/racecards/2026-08-26/romford/racecard/513714
2026-08-26,Romford,19:44,3,Hollywood Bullet,513714,Sporting Life,https://www.sportinglife.com/greyhounds/racecards/2026-08-26/romford/racecard/513714
2026-08-26,Romford,19:44,4,Da Honey Mil,513714,Sporting Life,https://www.sportinglife.com/greyhounds/racecards/2026-08-26/romford/racecard/513714
2026-08-26,Romford,19:44,5,Bubbly Everest,513714,Sporting Life,https://www.sportinglife.com/greyhounds/racecards/2026-08-26/romford/racecard/513714
2026-08-26,Romford,19:44,6,Populist,513714,Sporting Life,https://www.sportinglife.com/greyhounds/racecards/2026-08-26/romford/racecard/513714
2026-08-26,Romford,20:01,1,Jeopardy Diva,513715,Sporting Life,https://www.sportinglife.com/greyhounds/racecards/2026-08-26/romford/racecard/513715
2026-08-26,Romford,20:01,2,Yahoo Cleo,513715,Sporting Life,https://www.sportinglife.com/greyhounds/racecards/2026-08-26/romford/racecard/513715
2026-08-26,Romford,20:01,3,Garrys Lil Star,513715,Sporting Life,https://www.sportinglife.com/greyhounds/racecards/2026-08-26/romford/racecard/513715
2026-08-26,Romford,20:01,4,Snoopys Star,513715,Sporting Life,https://www.sportinglife.com/greyhounds/racecards/2026-08-26/romford/racecard/513715
2026-08-26,Romford,20:01,6,Droopys Peru,513715,Sporting Life,https://www.sportinglife.com/greyhounds/racecards/2026-08-26/romford/racecard/513715
2026-08-26,Romford,20:19,1,Minnie Majestic,513716,Sporting Life,https://www.sportinglife.com/greyhounds/racecards/2026-08-26/romford/racecard/513716
2026-08-26,Romford,20:19,2,Coolanga Diamond,513716,Sporting Life,https://www.sportinglife.com/greyhounds/racecards/2026-08-26/romford/racecard/513716
2026-08-26,Romford,20:19,3,Noreason Jess,513716,Sporting Life,https://www.sportinglife.com/greyhounds/racecards/2026-08-26/romford/racecard/513716
2026-08-26,Romford,20:19,4,Ashwood Links,513716,Sporting Life,https://www.sportinglife.com/greyhounds/racecards/2026-08-26/romford/racecard/513716
2026-08-26,Romford,20:19,5,Tea Leaf Thor,513716,Sporting Life,https://www.sportinglife.com/greyhounds/racecards/2026-08-26/romford/racecard/513716
2026-08-26,Romford,20:36,1,Catunda Harlow,513717,Sporting Life,https://www.sportinglife.com/greyhounds/racecards/2026-08-26/romford/racecard/513717
2026-08-26,Romford,20:36,2,Sheer Magic,513717,Sporting Life,https://www.sportinglife.com/greyhounds/racecards/2026-08-26/romford/racecard/513717
2026-08-26,Romford,20:36,3,San Siro,513717,Sporting Life,https://www.sportinglife.com/greyhounds/racecards/2026-08-26/romford/racecard/513717
2026-08-26,Romford,20:36,4,Bubbly Blackbird,513717,Sporting Life,https://www.sportinglife.com/greyhounds/racecards/2026-08-26/romford/racecard/513717
2026-08-26,Romford,20:36,5,Lavan Minstrelle,513717,Sporting Life,https://www.sportinglife.com/greyhounds/racecards/2026-08-26/romford/racecard/513717
2026-08-26,Romford,20:54,1,Bacon Burrger,513718,Sporting Life,https://www.sportinglife.com/greyhounds/racecards/2026-08-26/romford/racecard/513718
2026-08-26,Romford,20:54,2,Skylars Sonny,513718,Sporting Life,https://www.sportinglife.com/greyhounds/racecards/2026-08-26/romford/racecard/513718
2026-08-26,Romford,20:54,3,Miami Sapphire,513718,Sporting Life,https://www.sportinglife.com/greyhounds/racecards/2026-08-26/romford/racecard/513718
2026-08-26,Romford,20:54,4,Zinedine Zedog,513718,Sporting Life,https://www.sportinglife.com/greyhounds/racecards/2026-08-26/romford/racecard/513718
2026-08-26,Romford,20:54,5,Stormy Pat,513718,Sporting Life,https://www.sportinglife.com/greyhounds/racecards/2026-08-26/romford/racecard/513718
2026-08-26,Romford,20:54,6,Another Solution,513718,Sporting Life,https://www.sportinglife.com/greyhounds/racecards/2026-08-26/romford/racecard/513718
2026-08-26,Romford,21:11,1,Easy Way Out,513719,Sporting Life,https://www.sportinglife.com/greyhounds/racecards/2026-08-26/romford/racecard/513719
2026-08-26,Romford,21:11,2,Eddies Star,513719,Sporting Life,https://www.sportinglife.com/greyhounds/racecards/2026-08-26/romford/racecard/513719
2026-08-26,Romford,21:11,3,Keeperhill Vikki,513719,Sporting Life,https://www.sportinglife.com/greyhounds/racecards/2026-08-26/romford/racecard/513719
2026-08-26,Romford,21:11,4,Rough Dancer,513719,Sporting Life,https://www.sportinglife.com/greyhounds/racecards/2026-08-26/romford/racecard/513719
2026-08-26,Romford,21:11,5,Donegal Cian,513719,Sporting Life,https://www.sportinglife.com/greyhounds/racecards/2026-08-26/romford/racecard/513719
2026-08-26,Romford,21:11,6,Sunshine Lass,513719,Sporting Life,https://www.sportinglife.com/greyhounds/racecards/2026-08-26/romford/racecard/513719
2026-08-26,Romford,21:28,1,Droopys Saoirse,513720,Sporting Life,https://www.sportinglife.com/greyhounds/racecards/2026-08-26/romford/racecard/513720
2026-08-26,Romford,21:28,2,Swift Jasper,513720,Sporting Life,https://www.sportinglife.com/greyhounds/racecards/2026-08-26/romford/racecard/513720
2026-08-26,Romford,21:28,3,Blackburnybullet,513720,Sporting Life,https://www.sportinglife.com/greyhounds/racecards/2026-08-26/romford/racecard/513720
2026-08-26,Romford,21:28,4,Rock Me Rosemary,513720,Sporting Life,https://www.sportinglife.com/greyhounds/racecards/2026-08-26/romford/racecard/513720
2026-08-26,Romford,21:28,5,Lil Bo Beep,513720,Sporting Life,https://www.sportinglife.com/greyhounds/racecards/2026-08-26/romford/racecard/513720
2026-08-26,Romford,21:46,1,Alana The Second,513721,Sporting Life,https://www.sportinglife.com/greyhounds/racecards/2026-08-26/romford/racecard/513721
2026-08-26,Romford,21:46,2,Zenith Angel,513721,Sporting Life,https://www.sportinglife.com/greyhounds/racecards/2026-08-26/romford/racecard/513721
2026-08-26,Romford,21:46,3,Bubbly Holly,513721,Sporting Life,https://www.sportinglife.com/greyhounds/racecards/2026-08-26/romford/racecard/513721
2026-08-26,Romford,21:46,4,Bacon Frazzles,513721,Sporting Life,https://www.sportinglife.com/greyhounds/racecards/2026-08-26/romford/racecard/513721
2026-08-26,Romford,21:46,5,Aint Bothered,513721,Sporting Life,https://www.sportinglife.com/greyhounds/racecards/2026-08-26/romford/racecard/513721
2026-08-26,Sunderland,14:36,1,Helicopter Jacob,513815,Sporting Life,https://www.sportinglife.com/greyhounds/racecards/2026-08-26/sunderland/racecard/513815
2026-08-26,Sunderland,14:36,2,Watermill Emara,513815,Sporting Life,https://www.sportinglife.com/greyhounds/racecards/2026-08-26/sunderland/racecard/513815
2026-08-26,Sunderland,14:36,3,Crafty Momo,513815,Sporting Life,https://www.sportinglife.com/greyhounds/racecards/2026-08-26/sunderland/racecard/513815
2026-08-26,Sunderland,14:36,4,Da Auld Field,513815,Sporting Life,https://www.sportinglife.com/greyhounds/racecards/2026-08-26/sunderland/racecard/513815
2026-08-26,Sunderland,14:36,5,Shalefield Azure,513815,Sporting Life,https://www.sportinglife.com/greyhounds/racecards/2026-08-26/sunderland/racecard/513815
2026-08-26,Sunderland,14:36,6,Jacktavern Nicky,513815,Sporting Life,https://www.sportinglife.com/greyhounds/racecards/2026-08-26/sunderland/racecard/513815
2026-08-26,Sunderland,14:54,1,Watermill Wendy,513816,Sporting Life,https://www.sportinglife.com/greyhounds/racecards/2026-08-26/sunderland/racecard/513816
2026-08-26,Sunderland,14:54,2,Dellser Cassie,513816,Sporting Life,https://www.sportinglife.com/greyhounds/racecards/2026-08-26/sunderland/racecard/513816
2026-08-26,Sunderland,14:54,4,Hi Hilda,513816,Sporting Life,https://www.sportinglife.com/greyhounds/racecards/2026-08-26/sunderland/racecard/513816
2026-08-26,Sunderland,14:54,5,Neon Drifter,513816,Sporting Life,https://www.sportinglife.com/greyhounds/racecards/2026-08-26/sunderland/racecard/513816
2026-08-26,Sunderland,14:54,6,Marwood Magic,513816,Sporting Life,https://www.sportinglife.com/greyhounds/racecards/2026-08-26/sunderland/racecard/513816
2026-08-26,Sunderland,15:13,1,Cagey Nancy,513817,Sporting Life,https://www.sportinglife.com/greyhounds/racecards/2026-08-26/sunderland/racecard/513817
2026-08-26,Sunderland,15:13,2,Neon Whisper,513817,Sporting Life,https://www.sportinglife.com/greyhounds/racecards/2026-08-26/sunderland/racecard/513817
2026-08-26,Sunderland,15:13,3,Easy Elaina,513817,Sporting Life,https://www.sportinglife.com/greyhounds/racecards/2026-08-26/sunderland/racecard/513817
2026-08-26,Sunderland,15:13,4,Boozed Jasmin,513817,Sporting Life,https://www.sportinglife.com/greyhounds/racecards/2026-08-26/sunderland/racecard/513817
2026-08-26,Sunderland,15:13,5,Creevagh Boom,513817,Sporting Life,https://www.sportinglife.com/greyhounds/racecards/2026-08-26/sunderland/racecard/513817
2026-08-26,Sunderland,15:13,6,Freeway Sky,513817,Sporting Life,https://www.sportinglife.com/greyhounds/racecards/2026-08-26/sunderland/racecard/513817
2026-08-26,Sunderland,15:32,1,Marwood Raven,513818,Sporting Life,https://www.sportinglife.com/greyhounds/racecards/2026-08-26/sunderland/racecard/513818
2026-08-26,Sunderland,15:32,2,Anglesey Exile,513818,Sporting Life,https://www.sportinglife.com/greyhounds/racecards/2026-08-26/sunderland/racecard/513818
2026-08-26,Sunderland,15:32,3,Kerabellec Delph,513818,Sporting Life,https://www.sportinglife.com/greyhounds/racecards/2026-08-26/sunderland/racecard/513818
2026-08-26,Sunderland,15:32,4,Divas Girl,513818,Sporting Life,https://www.sportinglife.com/greyhounds/racecards/2026-08-26/sunderland/racecard/513818
2026-08-26,Sunderland,15:32,5,Gallant Queen,513818,Sporting Life,https://www.sportinglife.com/greyhounds/racecards/2026-08-26/sunderland/racecard/513818
2026-08-26,Sunderland,15:32,6,Vale Bucko,513818,Sporting Life,https://www.sportinglife.com/greyhounds/racecards/2026-08-26/sunderland/racecard/513818
2026-08-26,Sunderland,15:51,1,Nicoles Noir,513819,Sporting Life,https://www.sportinglife.com/greyhounds/racecards/2026-08-26/sunderland/racecard/513819
2026-08-26,Sunderland,15:51,2,Untold Freysa,513819,Sporting Life,https://www.sportinglife.com/greyhounds/racecards/2026-08-26/sunderland/racecard/513819
2026-08-26,Sunderland,15:51,3,Ballyquin Izzy,513819,Sporting Life,https://www.sportinglife.com/greyhounds/racecards/2026-08-26/sunderland/racecard/513819
2026-08-26,Sunderland,15:51,4,Doubtful Lizzy,513819,Sporting Life,https://www.sportinglife.com/greyhounds/racecards/2026-08-26/sunderland/racecard/513819
2026-08-26,Sunderland,15:51,5,Zari Trump,513819,Sporting Life,https://www.sportinglife.com/greyhounds/racecards/2026-08-26/sunderland/racecard/513819
2026-08-26,Sunderland,15:51,6,Solsbury Hill,513819,Sporting Life,https://www.sportinglife.com/greyhounds/racecards/2026-08-26/sunderland/racecard/513819
2026-08-26,Sunderland,16:09,1,Lightupthesky,513820,Sporting Life,https://www.sportinglife.com/greyhounds/racecards/2026-08-26/sunderland/racecard/513820
2026-08-26,Sunderland,16:09,2,Knocknadoguebony,513820,Sporting Life,https://www.sportinglife.com/greyhounds/racecards/2026-08-26/sunderland/racecard/513820
2026-08-26,Sunderland,16:09,3,Ballyquin Pedro,513820,Sporting Life,https://www.sportinglife.com/greyhounds/racecards/2026-08-26/sunderland/racecard/513820
2026-08-26,Sunderland,16:09,4,Allowdale Yuno,513820,Sporting Life,https://www.sportinglife.com/greyhounds/racecards/2026-08-26/sunderland/racecard/513820
2026-08-26,Sunderland,16:09,6,Wraysbury Rhyme,513820,Sporting Life,https://www.sportinglife.com/greyhounds/racecards/2026-08-26/sunderland/racecard/513820
2026-08-26,Sunderland,16:28,1,Wishful Nancy,513821,Sporting Life,https://www.sportinglife.com/greyhounds/racecards/2026-08-26/sunderland/racecard/513821
2026-08-26,Sunderland,16:28,2,Charlies Maddie,513821,Sporting Life,https://www.sportinglife.com/greyhounds/racecards/2026-08-26/sunderland/racecard/513821
2026-08-26,Sunderland,16:28,3,Zari Mauve,513821,Sporting Life,https://www.sportinglife.com/greyhounds/racecards/2026-08-26/sunderland/racecard/513821
2026-08-26,Sunderland,16:28,4,Chiltern Lily,513821,Sporting Life,https://www.sportinglife.com/greyhounds/racecards/2026-08-26/sunderland/racecard/513821
2026-08-26,Sunderland,16:28,5,Comawn Ginny,513821,Sporting Life,https://www.sportinglife.com/greyhounds/racecards/2026-08-26/sunderland/racecard/513821
2026-08-26,Sunderland,16:28,6,Mikeyknowsbest,513821,Sporting Life,https://www.sportinglife.com/greyhounds/racecards/2026-08-26/sunderland/racecard/513821
2026-08-26,Sunderland,16:47,1,Fruity Dazzler,513822,Sporting Life,https://www.sportinglife.com/greyhounds/racecards/2026-08-26/sunderland/racecard/513822
2026-08-26,Sunderland,16:47,2,Calabina,513822,Sporting Life,https://www.sportinglife.com/greyhounds/racecards/2026-08-26/sunderland/racecard/513822
2026-08-26,Sunderland,16:47,3,Quickstep Hoban,513822,Sporting Life,https://www.sportinglife.com/greyhounds/racecards/2026-08-26/sunderland/racecard/513822
2026-08-26,Sunderland,16:47,4,Kilmaloo Stilly,513822,Sporting Life,https://www.sportinglife.com/greyhounds/racecards/2026-08-26/sunderland/racecard/513822
2026-08-26,Sunderland,16:47,5,Abbeyside Jasmin,513822,Sporting Life,https://www.sportinglife.com/greyhounds/racecards/2026-08-26/sunderland/racecard/513822
2026-08-26,Sunderland,16:47,6,Vinegarhill Spy,513822,Sporting Life,https://www.sportinglife.com/greyhounds/racecards/2026-08-26/sunderland/racecard/513822
2026-08-26,Sunderland,17:06,1,Westforth Swift,513823,Sporting Life,https://www.sportinglife.com/greyhounds/racecards/2026-08-26/sunderland/racecard/513823
2026-08-26,Sunderland,17:06,2,Autumn Athlete,513823,Sporting Life,https://www.sportinglife.com/greyhounds/racecards/2026-08-26/sunderland/racecard/513823
2026-08-26,Sunderland,17:06,3,Gringos Socks,513823,Sporting Life,https://www.sportinglife.com/greyhounds/racecards/2026-08-26/sunderland/racecard/513823
2026-08-26,Sunderland,17:06,4,Millroad Rocket,513823,Sporting Life,https://www.sportinglife.com/greyhounds/racecards/2026-08-26/sunderland/racecard/513823
2026-08-26,Sunderland,17:06,5,Lazy Loo,513823,Sporting Life,https://www.sportinglife.com/greyhounds/racecards/2026-08-26/sunderland/racecard/513823
2026-08-26,Sunderland,17:06,6,Belle Midnight,513823,Sporting Life,https://www.sportinglife.com/greyhounds/racecards/2026-08-26/sunderland/racecard/513823
2026-08-26,Sunderland,17:24,1,Lillys A Lady,513824,Sporting Life,https://www.sportinglife.com/greyhounds/racecards/2026-08-26/sunderland/racecard/513824
2026-08-26,Sunderland,17:24,2,Kerrylane Ivy,513824,Sporting Life,https://www.sportinglife.com/greyhounds/racecards/2026-08-26/sunderland/racecard/513824
2026-08-26,Sunderland,17:24,3,Ozz Got It,513824,Sporting Life,https://www.sportinglife.com/greyhounds/racecards/2026-08-26/sunderland/racecard/513824
2026-08-26,Sunderland,17:24,4,Fagans Diva,513824,Sporting Life,https://www.sportinglife.com/greyhounds/racecards/2026-08-26/sunderland/racecard/513824
2026-08-26,Sunderland,17:24,5,Cooga Alan,513824,Sporting Life,https://www.sportinglife.com/greyhounds/racecards/2026-08-26/sunderland/racecard/513824
2026-08-26,Sunderland,17:24,6,Speedy Rita,513824,Sporting Life,https://www.sportinglife.com/greyhounds/racecards/2026-08-26/sunderland/racecard/513824
2026-08-26,Sunderland,17:43,1,Ballyroe Blue,513825,Sporting Life,https://www.sportinglife.com/greyhounds/racecards/2026-08-26/sunderland/racecard/513825
2026-08-26,Sunderland,17:43,2,Timmys Duo,513825,Sporting Life,https://www.sportinglife.com/greyhounds/racecards/2026-08-26/sunderland/racecard/513825
2026-08-26,Sunderland,17:43,3,Lukes Stellar,513825,Sporting Life,https://www.sportinglife.com/greyhounds/racecards/2026-08-26/sunderland/racecard/513825
2026-08-26,Sunderland,17:43,4,Kerabellec Neill,513825,Sporting Life,https://www.sportinglife.com/greyhounds/racecards/2026-08-26/sunderland/racecard/513825
2026-08-26,Sunderland,17:43,6,Swift Verified,513825,Sporting Life,https://www.sportinglife.com/greyhounds/racecards/2026-08-26/sunderland/racecard/513825
2026-08-26,Sunderland,18:02,1,Balmoral Lucy,513826,Sporting Life,https://www.sportinglife.com/greyhounds/racecards/2026-08-26/sunderland/racecard/513826
2026-08-26,Sunderland,18:02,2,Ballyhooly Rory,513826,Sporting Life,https://www.sportinglife.com/greyhounds/racecards/2026-08-26/sunderland/racecard/513826
2026-08-26,Sunderland,18:02,3,Lynnia Ranger,513826,Sporting Life,https://www.sportinglife.com/greyhounds/racecards/2026-08-26/sunderland/racecard/513826
2026-08-26,Sunderland,18:02,5,Shanmoyle Mary,513826,Sporting Life,https://www.sportinglife.com/greyhounds/racecards/2026-08-26/sunderland/racecard/513826
2026-08-26,Sunderland,18:02,6,Fruity Cocktail,513826,Sporting Life,https://www.sportinglife.com/greyhounds/racecards/2026-08-26/sunderland/racecard/513826
2026-08-26,Towcester,11:14,1,Orcas Icon,513779,Sporting Life,https://www.sportinglife.com/greyhounds/racecards/2026-08-26/towcester/racecard/513779
2026-08-26,Towcester,11:14,2,Rockstar Sally,513779,Sporting Life,https://www.sportinglife.com/greyhounds/racecards/2026-08-26/towcester/racecard/513779
2026-08-26,Towcester,11:14,3,Scooby Van Gogh,513779,Sporting Life,https://www.sportinglife.com/greyhounds/racecards/2026-08-26/towcester/racecard/513779
2026-08-26,Towcester,11:14,4,Rosegarland Gina,513779,Sporting Life,https://www.sportinglife.com/greyhounds/racecards/2026-08-26/towcester/racecard/513779
2026-08-26,Towcester,11:14,5,Cockneyloudmouth,513779,Sporting Life,https://www.sportinglife.com/greyhounds/racecards/2026-08-26/towcester/racecard/513779
2026-08-26,Towcester,11:14,6,Coolemore South,513779,Sporting Life,https://www.sportinglife.com/greyhounds/racecards/2026-08-26/towcester/racecard/513779
2026-08-26,Towcester,11:30,1,Boherash Jani,513780,Sporting Life,https://www.sportinglife.com/greyhounds/racecards/2026-08-26/towcester/racecard/513780
2026-08-26,Towcester,11:30,2,Last Race Toni,513780,Sporting Life,https://www.sportinglife.com/greyhounds/racecards/2026-08-26/towcester/racecard/513780
2026-08-26,Towcester,11:30,3,Denanval,513780,Sporting Life,https://www.sportinglife.com/greyhounds/racecards/2026-08-26/towcester/racecard/513780
2026-08-26,Towcester,11:30,5,Ballycleary Bono,513780,Sporting Life,https://www.sportinglife.com/greyhounds/racecards/2026-08-26/towcester/racecard/513780
2026-08-26,Towcester,11:30,6,Toems Model,513780,Sporting Life,https://www.sportinglife.com/greyhounds/racecards/2026-08-26/towcester/racecard/513780
2026-08-26,Towcester,11:46,1,Romeo Regent,513781,Sporting Life,https://www.sportinglife.com/greyhounds/racecards/2026-08-26/towcester/racecard/513781
2026-08-26,Towcester,11:46,2,Salacres Berezia,513781,Sporting Life,https://www.sportinglife.com/greyhounds/racecards/2026-08-26/towcester/racecard/513781
2026-08-26,Towcester,11:46,3,Fabulous Allana,513781,Sporting Life,https://www.sportinglife.com/greyhounds/racecards/2026-08-26/towcester/racecard/513781
2026-08-26,Towcester,11:46,4,Salacres Wild,513781,Sporting Life,https://www.sportinglife.com/greyhounds/racecards/2026-08-26/towcester/racecard/513781
2026-08-26,Towcester,11:46,5,Plaza Kathleen,513781,Sporting Life,https://www.sportinglife.com/greyhounds/racecards/2026-08-26/towcester/racecard/513781
2026-08-26,Towcester,12:03,1,Makeit Power,513782,Sporting Life,https://www.sportinglife.com/greyhounds/racecards/2026-08-26/towcester/racecard/513782
2026-08-26,Towcester,12:03,2,Guinness Lad,513782,Sporting Life,https://www.sportinglife.com/greyhounds/racecards/2026-08-26/towcester/racecard/513782
2026-08-26,Towcester,12:03,3,Trapstyle Egg,513782,Sporting Life,https://www.sportinglife.com/greyhounds/racecards/2026-08-26/towcester/racecard/513782
2026-08-26,Towcester,12:03,4,Glenvale Jake,513782,Sporting Life,https://www.sportinglife.com/greyhounds/racecards/2026-08-26/towcester/racecard/513782
2026-08-26,Towcester,12:03,5,Rowington Ruse,513782,Sporting Life,https://www.sportinglife.com/greyhounds/racecards/2026-08-26/towcester/racecard/513782
2026-08-26,Towcester,12:03,6,Vivlinles,513782,Sporting Life,https://www.sportinglife.com/greyhounds/racecards/2026-08-26/towcester/racecard/513782
2026-08-26,Towcester,12:20,1,Donishall Jet,513783,Sporting Life,https://www.sportinglife.com/greyhounds/racecards/2026-08-26/towcester/racecard/513783
2026-08-26,Towcester,12:20,2,Swift Rally,513783,Sporting Life,https://www.sportinglife.com/greyhounds/racecards/2026-08-26/towcester/racecard/513783
2026-08-26,Towcester,12:20,3,Vinies Pet,513783,Sporting Life,https://www.sportinglife.com/greyhounds/racecards/2026-08-26/towcester/racecard/513783
2026-08-26,Towcester,12:20,4,Noirs Bono,513783,Sporting Life,https://www.sportinglife.com/greyhounds/racecards/2026-08-26/towcester/racecard/513783
2026-08-26,Towcester,12:20,5,Marshall Sam,513783,Sporting Life,https://www.sportinglife.com/greyhounds/racecards/2026-08-26/towcester/racecard/513783
2026-08-26,Towcester,12:37,1,Contempt,513784,Sporting Life,https://www.sportinglife.com/greyhounds/racecards/2026-08-26/towcester/racecard/513784
2026-08-26,Towcester,12:37,2,Ballymac Tensel,513784,Sporting Life,https://www.sportinglife.com/greyhounds/racecards/2026-08-26/towcester/racecard/513784
2026-08-26,Towcester,12:37,3,Four Assassins,513784,Sporting Life,https://www.sportinglife.com/greyhounds/racecards/2026-08-26/towcester/racecard/513784
2026-08-26,Towcester,12:37,4,Pomba Gladys,513784,Sporting Life,https://www.sportinglife.com/greyhounds/racecards/2026-08-26/towcester/racecard/513784
2026-08-26,Towcester,12:37,5,Salacres Jojo,513784,Sporting Life,https://www.sportinglife.com/greyhounds/racecards/2026-08-26/towcester/racecard/513784
2026-08-26,Towcester,12:37,6,Ballymac Genius,513784,Sporting Life,https://www.sportinglife.com/greyhounds/racecards/2026-08-26/towcester/racecard/513784
2026-08-26,Towcester,12:53,1,Wraysbury Band,513785,Sporting Life,https://www.sportinglife.com/greyhounds/racecards/2026-08-26/towcester/racecard/513785
2026-08-26,Towcester,12:53,2,Fabulous Sora,513785,Sporting Life,https://www.sportinglife.com/greyhounds/racecards/2026-08-26/towcester/racecard/513785
2026-08-26,Towcester,12:53,3,Fabulous Ramona,513785,Sporting Life,https://www.sportinglife.com/greyhounds/racecards/2026-08-26/towcester/racecard/513785
2026-08-26,Towcester,12:53,4,Eire Katie,513785,Sporting Life,https://www.sportinglife.com/greyhounds/racecards/2026-08-26/towcester/racecard/513785
2026-08-26,Towcester,12:53,5,Plaza Bruno,513785,Sporting Life,https://www.sportinglife.com/greyhounds/racecards/2026-08-26/towcester/racecard/513785
2026-08-26,Towcester,12:53,6,Ducleagh,513785,Sporting Life,https://www.sportinglife.com/greyhounds/racecards/2026-08-26/towcester/racecard/513785
2026-08-26,Towcester,13:11,1,Blakefield Fizz,513786,Sporting Life,https://www.sportinglife.com/greyhounds/racecards/2026-08-26/towcester/racecard/513786
2026-08-26,Towcester,13:11,2,Melbury Rocket,513786,Sporting Life,https://www.sportinglife.com/greyhounds/racecards/2026-08-26/towcester/racecard/513786
2026-08-26,Towcester,13:11,3,Ballymac Nuna,513786,Sporting Life,https://www.sportinglife.com/greyhounds/racecards/2026-08-26/towcester/racecard/513786
2026-08-26,Towcester,13:11,4,Unknown Allie,513786,Sporting Life,https://www.sportinglife.com/greyhounds/racecards/2026-08-26/towcester/racecard/513786
2026-08-26,Towcester,13:11,5,Five Alley Zena,513786,Sporting Life,https://www.sportinglife.com/greyhounds/racecards/2026-08-26/towcester/racecard/513786
2026-08-26,Towcester,13:11,6,Catunda Stella,513786,Sporting Life,https://www.sportinglife.com/greyhounds/racecards/2026-08-26/towcester/racecard/513786
2026-08-26,Towcester,13:26,1,Ardera Lass,513787,Sporting Life,https://www.sportinglife.com/greyhounds/racecards/2026-08-26/towcester/racecard/513787
2026-08-26,Towcester,13:26,2,Rockstar Lilly,513787,Sporting Life,https://www.sportinglife.com/greyhounds/racecards/2026-08-26/towcester/racecard/513787
2026-08-26,Towcester,13:26,3,Blue Robin,513787,Sporting Life,https://www.sportinglife.com/greyhounds/racecards/2026-08-26/towcester/racecard/513787
2026-08-26,Towcester,13:26,4,Zebedee Milan,513787,Sporting Life,https://www.sportinglife.com/greyhounds/racecards/2026-08-26/towcester/racecard/513787
2026-08-26,Towcester,13:26,5,Choices Jean,513787,Sporting Life,https://www.sportinglife.com/greyhounds/racecards/2026-08-26/towcester/racecard/513787
2026-08-26,Towcester,13:26,6,Decent Jeff,513787,Sporting Life,https://www.sportinglife.com/greyhounds/racecards/2026-08-26/towcester/racecard/513787
2026-08-26,Towcester,13:41,1,Makeit Myella,513788,Sporting Life,https://www.sportinglife.com/greyhounds/racecards/2026-08-26/towcester/racecard/513788
2026-08-26,Towcester,13:41,2,Freyas Lula,513788,Sporting Life,https://www.sportinglife.com/greyhounds/racecards/2026-08-26/towcester/racecard/513788
2026-08-26,Towcester,13:41,3,Homestead Ceile,513788,Sporting Life,https://www.sportinglife.com/greyhounds/racecards/2026-08-26/towcester/racecard/513788
2026-08-26,Towcester,13:41,4,Makeit Juice,513788,Sporting Life,https://www.sportinglife.com/greyhounds/racecards/2026-08-26/towcester/racecard/513788
2026-08-26,Towcester,13:41,5,Ballycleary Java,513788,Sporting Life,https://www.sportinglife.com/greyhounds/racecards/2026-08-26/towcester/racecard/513788
2026-08-26,Towcester,13:41,6,Tolpuddleduchess,513788,Sporting Life,https://www.sportinglife.com/greyhounds/racecards/2026-08-26/towcester/racecard/513788
2026-08-26,Towcester,13:58,1,Monroe Bess,513789,Sporting Life,https://www.sportinglife.com/greyhounds/racecards/2026-08-26/towcester/racecard/513789
2026-08-26,Towcester,13:58,2,Darraghs Dream,513789,Sporting Life,https://www.sportinglife.com/greyhounds/racecards/2026-08-26/towcester/racecard/513789
2026-08-26,Towcester,13:58,3,Choices Mile,513789,Sporting Life,https://www.sportinglife.com/greyhounds/racecards/2026-08-26/towcester/racecard/513789
2026-08-26,Towcester,13:58,4,Bambis Miss,513789,Sporting Life,https://www.sportinglife.com/greyhounds/racecards/2026-08-26/towcester/racecard/513789
2026-08-26,Towcester,13:58,5,Coolmeen Chloe,513789,Sporting Life,https://www.sportinglife.com/greyhounds/racecards/2026-08-26/towcester/racecard/513789
2026-08-26,Towcester,13:58,6,Pullinamixer,513789,Sporting Life,https://www.sportinglife.com/greyhounds/racecards/2026-08-26/towcester/racecard/513789
2026-08-26,Towcester,14:14,1,Salacres Logan,513790,Sporting Life,https://www.sportinglife.com/greyhounds/racecards/2026-08-26/towcester/racecard/513790
2026-08-26,Towcester,14:14,2,Stratton Girl,513790,Sporting Life,https://www.sportinglife.com/greyhounds/racecards/2026-08-26/towcester/racecard/513790
2026-08-26,Towcester,14:14,3,Rheas Choice,513790,Sporting Life,https://www.sportinglife.com/greyhounds/racecards/2026-08-26/towcester/racecard/513790
2026-08-26,Towcester,14:14,4,Glasheen Bucko,513790,Sporting Life,https://www.sportinglife.com/greyhounds/racecards/2026-08-26/towcester/racecard/513790
2026-08-26,Towcester,14:14,5,Dublin Jimmy,513790,Sporting Life,https://www.sportinglife.com/greyhounds/racecards/2026-08-26/towcester/racecard/513790
2026-08-26,Towcester,14:14,6,Salacres Bullet,513790,Sporting Life,https://www.sportinglife.com/greyhounds/racecards/2026-08-26/towcester/racecard/513790
2026-08-26,Valley,13:49,1,Afan Louie,513722,Sporting Life,https://www.sportinglife.com/greyhounds/racecards/2026-08-26/valley/racecard/513722
2026-08-26,Valley,13:49,2,Halfway Tiger,513722,Sporting Life,https://www.sportinglife.com/greyhounds/racecards/2026-08-26/valley/racecard/513722
2026-08-26,Valley,13:49,3,Tobergal Suzanne,513722,Sporting Life,https://www.sportinglife.com/greyhounds/racecards/2026-08-26/valley/racecard/513722
2026-08-26,Valley,13:49,4,Playdate Jasper,513722,Sporting Life,https://www.sportinglife.com/greyhounds/racecards/2026-08-26/valley/racecard/513722
2026-08-26,Valley,13:49,5,Mid West Daisy,513722,Sporting Life,https://www.sportinglife.com/greyhounds/racecards/2026-08-26/valley/racecard/513722
2026-08-26,Valley,13:49,6,Hawkfield Taken,513722,Sporting Life,https://www.sportinglife.com/greyhounds/racecards/2026-08-26/valley/racecard/513722
2026-08-26,Valley,14:08,1,Hawkfield Coco,513723,Sporting Life,https://www.sportinglife.com/greyhounds/racecards/2026-08-26/valley/racecard/513723
2026-08-26,Valley,14:08,2,Naughty Ace,513723,Sporting Life,https://www.sportinglife.com/greyhounds/racecards/2026-08-26/valley/racecard/513723
2026-08-26,Valley,14:08,3,No Dont Panic,513723,Sporting Life,https://www.sportinglife.com/greyhounds/racecards/2026-08-26/valley/racecard/513723
2026-08-26,Valley,14:08,4,Lady Fern,513723,Sporting Life,https://www.sportinglife.com/greyhounds/racecards/2026-08-26/valley/racecard/513723
2026-08-26,Valley,14:08,5,Race For Spud,513723,Sporting Life,https://www.sportinglife.com/greyhounds/racecards/2026-08-26/valley/racecard/513723
2026-08-26,Valley,14:08,6,Affleck Nashwan,513723,Sporting Life,https://www.sportinglife.com/greyhounds/racecards/2026-08-26/valley/racecard/513723
2026-08-26,Valley,14:26,1,Burgess Julie,513724,Sporting Life,https://www.sportinglife.com/greyhounds/racecards/2026-08-26/valley/racecard/513724
2026-08-26,Valley,14:26,2,Sawpit Stanley,513724,Sporting Life,https://www.sportinglife.com/greyhounds/racecards/2026-08-26/valley/racecard/513724
2026-08-26,Valley,14:26,3,Sawpit Smokey,513724,Sporting Life,https://www.sportinglife.com/greyhounds/racecards/2026-08-26/valley/racecard/513724
2026-08-26,Valley,14:26,4,Trionas Twilight,513724,Sporting Life,https://www.sportinglife.com/greyhounds/racecards/2026-08-26/valley/racecard/513724
2026-08-26,Valley,14:26,5,My Little Farmer,513724,Sporting Life,https://www.sportinglife.com/greyhounds/racecards/2026-08-26/valley/racecard/513724
2026-08-26,Valley,14:26,6,Roanna Jack,513724,Sporting Life,https://www.sportinglife.com/greyhounds/racecards/2026-08-26/valley/racecard/513724
2026-08-26,Valley,14:44,1,Hawkfield Cassie,513725,Sporting Life,https://www.sportinglife.com/greyhounds/racecards/2026-08-26/valley/racecard/513725
2026-08-26,Valley,14:44,2,Home Colleen,513725,Sporting Life,https://www.sportinglife.com/greyhounds/racecards/2026-08-26/valley/racecard/513725
2026-08-26,Valley,14:44,3,Vixons Nala,513725,Sporting Life,https://www.sportinglife.com/greyhounds/racecards/2026-08-26/valley/racecard/513725
2026-08-26,Valley,14:44,4,Boherdota Flash,513725,Sporting Life,https://www.sportinglife.com/greyhounds/racecards/2026-08-26/valley/racecard/513725
2026-08-26,Valley,14:44,5,Hawkfield Echo,513725,Sporting Life,https://www.sportinglife.com/greyhounds/racecards/2026-08-26/valley/racecard/513725
2026-08-26,Valley,14:44,6,Knockmant Zee,513725,Sporting Life,https://www.sportinglife.com/greyhounds/racecards/2026-08-26/valley/racecard/513725
2026-08-26,Valley,15:03,1,Sawpit Sauvignon,513726,Sporting Life,https://www.sportinglife.com/greyhounds/racecards/2026-08-26/valley/racecard/513726
2026-08-26,Valley,15:03,2,Mallogs Roy,513726,Sporting Life,https://www.sportinglife.com/greyhounds/racecards/2026-08-26/valley/racecard/513726
2026-08-26,Valley,15:03,3,Crokers Pat,513726,Sporting Life,https://www.sportinglife.com/greyhounds/racecards/2026-08-26/valley/racecard/513726
2026-08-26,Valley,15:03,4,Mendip Sally,513726,Sporting Life,https://www.sportinglife.com/greyhounds/racecards/2026-08-26/valley/racecard/513726
2026-08-26,Valley,15:03,5,Crokers Grayson,513726,Sporting Life,https://www.sportinglife.com/greyhounds/racecards/2026-08-26/valley/racecard/513726
2026-08-26,Valley,15:03,6,Metric Buster,513726,Sporting Life,https://www.sportinglife.com/greyhounds/racecards/2026-08-26/valley/racecard/513726
2026-08-26,Valley,15:22,2,Toems Hour,513727,Sporting Life,https://www.sportinglife.com/greyhounds/racecards/2026-08-26/valley/racecard/513727
2026-08-26,Valley,15:22,3,Hawkfield Feral,513727,Sporting Life,https://www.sportinglife.com/greyhounds/racecards/2026-08-26/valley/racecard/513727
2026-08-26,Valley,15:22,4,Faradays Larry,513727,Sporting Life,https://www.sportinglife.com/greyhounds/racecards/2026-08-26/valley/racecard/513727
2026-08-26,Valley,15:22,5,Riot Co Martin,513727,Sporting Life,https://www.sportinglife.com/greyhounds/racecards/2026-08-26/valley/racecard/513727
2026-08-26,Valley,15:22,6,Livingonaprayer,513727,Sporting Life,https://www.sportinglife.com/greyhounds/racecards/2026-08-26/valley/racecard/513727
2026-08-26,Valley,15:41,1,Pandy Daffy,513728,Sporting Life,https://www.sportinglife.com/greyhounds/racecards/2026-08-26/valley/racecard/513728
2026-08-26,Valley,15:41,2,Bale Out Lucy,513728,Sporting Life,https://www.sportinglife.com/greyhounds/racecards/2026-08-26/valley/racecard/513728
2026-08-26,Valley,15:41,3,Sawpit Sable,513728,Sporting Life,https://www.sportinglife.com/greyhounds/racecards/2026-08-26/valley/racecard/513728
2026-08-26,Valley,15:41,4,Shelone Nifty,513728,Sporting Life,https://www.sportinglife.com/greyhounds/racecards/2026-08-26/valley/racecard/513728
2026-08-26,Valley,15:41,5,Trionas Tangle,513728,Sporting Life,https://www.sportinglife.com/greyhounds/racecards/2026-08-26/valley/racecard/513728
2026-08-26,Valley,15:41,6,Gavins Cake,513728,Sporting Life,https://www.sportinglife.com/greyhounds/racecards/2026-08-26/valley/racecard/513728
2026-08-26,Valley,15:59,2,Hawkfield Bailey,513729,Sporting Life,https://www.sportinglife.com/greyhounds/racecards/2026-08-26/valley/racecard/513729
2026-08-26,Valley,15:59,3,Home Grainne,513729,Sporting Life,https://www.sportinglife.com/greyhounds/racecards/2026-08-26/valley/racecard/513729
2026-08-26,Valley,15:59,4,Chadwell Tyson,513729,Sporting Life,https://www.sportinglife.com/greyhounds/racecards/2026-08-26/valley/racecard/513729
2026-08-26,Valley,15:59,5,Taxi Joe,513729,Sporting Life,https://www.sportinglife.com/greyhounds/racecards/2026-08-26/valley/racecard/513729
2026-08-26,Valley,15:59,6,Affleck Airborne,513729,Sporting Life,https://www.sportinglife.com/greyhounds/racecards/2026-08-26/valley/racecard/513729
2026-08-26,Valley,16:18,1,Rory Bellows,513730,Sporting Life,https://www.sportinglife.com/greyhounds/racecards/2026-08-26/valley/racecard/513730
2026-08-26,Valley,16:18,2,Sawpit Seagull,513730,Sporting Life,https://www.sportinglife.com/greyhounds/racecards/2026-08-26/valley/racecard/513730
2026-08-26,Valley,16:18,3,Sawpit Souffle,513730,Sporting Life,https://www.sportinglife.com/greyhounds/racecards/2026-08-26/valley/racecard/513730
2026-08-26,Valley,16:18,4,Puckane Ceol,513730,Sporting Life,https://www.sportinglife.com/greyhounds/racecards/2026-08-26/valley/racecard/513730
2026-08-26,Valley,16:18,6,Rockmount Polly,513730,Sporting Life,https://www.sportinglife.com/greyhounds/racecards/2026-08-26/valley/racecard/513730
2026-08-26,Valley,16:37,1,Battle Lass,513731,Sporting Life,https://www.sportinglife.com/greyhounds/racecards/2026-08-26/valley/racecard/513731
2026-08-26,Valley,16:37,2,Miss Ball,513731,Sporting Life,https://www.sportinglife.com/greyhounds/racecards/2026-08-26/valley/racecard/513731
2026-08-26,Valley,16:37,3,Captainannie,513731,Sporting Life,https://www.sportinglife.com/greyhounds/racecards/2026-08-26/valley/racecard/513731
2026-08-26,Valley,16:37,4,Lady Smith,513731,Sporting Life,https://www.sportinglife.com/greyhounds/racecards/2026-08-26/valley/racecard/513731
2026-08-26,Valley,16:37,5,Astro Mary,513731,Sporting Life,https://www.sportinglife.com/greyhounds/racecards/2026-08-26/valley/racecard/513731
2026-08-26,Valley,16:56,2,Droopys Glaze,513732,Sporting Life,https://www.sportinglife.com/greyhounds/racecards/2026-08-26/valley/racecard/513732
2026-08-26,Valley,16:56,3,Runaway May,513732,Sporting Life,https://www.sportinglife.com/greyhounds/racecards/2026-08-26/valley/racecard/513732
2026-08-26,Valley,16:56,4,Kildallon Poppy,513732,Sporting Life,https://www.sportinglife.com/greyhounds/racecards/2026-08-26/valley/racecard/513732
2026-08-26,Valley,16:56,5,Comer Ash,513732,Sporting Life,https://www.sportinglife.com/greyhounds/racecards/2026-08-26/valley/racecard/513732
2026-08-26,Valley,16:56,6,Battle Taylor,513732,Sporting Life,https://www.sportinglife.com/greyhounds/racecards/2026-08-26/valley/racecard/513732
2026-08-26,Yarmouth,18:14,1,Bird About Town,513827,Sporting Life,https://www.sportinglife.com/greyhounds/racecards/2026-08-26/yarmouth/racecard/513827
2026-08-26,Yarmouth,18:14,2,Mystical Luke,513827,Sporting Life,https://www.sportinglife.com/greyhounds/racecards/2026-08-26/yarmouth/racecard/513827
2026-08-26,Yarmouth,18:14,3,Decoy Oola,513827,Sporting Life,https://www.sportinglife.com/greyhounds/racecards/2026-08-26/yarmouth/racecard/513827
2026-08-26,Yarmouth,18:14,5,Cappy Cailin,513827,Sporting Life,https://www.sportinglife.com/greyhounds/racecards/2026-08-26/yarmouth/racecard/513827
2026-08-26,Yarmouth,18:14,6,Kilara Rodrigo,513827,Sporting Life,https://www.sportinglife.com/greyhounds/racecards/2026-08-26/yarmouth/racecard/513827
2026-08-26,Yarmouth,18:31,1,Crossfield Bella,513828,Sporting Life,https://www.sportinglife.com/greyhounds/racecards/2026-08-26/yarmouth/racecard/513828
2026-08-26,Yarmouth,18:31,2,Monroe Daisy,513828,Sporting Life,https://www.sportinglife.com/greyhounds/racecards/2026-08-26/yarmouth/racecard/513828
2026-08-26,Yarmouth,18:31,3,Only The Third,513828,Sporting Life,https://www.sportinglife.com/greyhounds/racecards/2026-08-26/yarmouth/racecard/513828
2026-08-26,Yarmouth,18:31,4,Giveusaping,513828,Sporting Life,https://www.sportinglife.com/greyhounds/racecards/2026-08-26/yarmouth/racecard/513828
2026-08-26,Yarmouth,18:31,5,Slight Delay,513828,Sporting Life,https://www.sportinglife.com/greyhounds/racecards/2026-08-26/yarmouth/racecard/513828
2026-08-26,Yarmouth,18:48,1,Yourenotforgiven,513829,Sporting Life,https://www.sportinglife.com/greyhounds/racecards/2026-08-26/yarmouth/racecard/513829
2026-08-26,Yarmouth,18:48,2,Olwinn Again,513829,Sporting Life,https://www.sportinglife.com/greyhounds/racecards/2026-08-26/yarmouth/racecard/513829
2026-08-26,Yarmouth,18:48,3,Barnora Horse,513829,Sporting Life,https://www.sportinglife.com/greyhounds/racecards/2026-08-26/yarmouth/racecard/513829
2026-08-26,Yarmouth,18:48,4,Savana Magique,513829,Sporting Life,https://www.sportinglife.com/greyhounds/racecards/2026-08-26/yarmouth/racecard/513829
2026-08-26,Yarmouth,18:48,5,Savana Tango,513829,Sporting Life,https://www.sportinglife.com/greyhounds/racecards/2026-08-26/yarmouth/racecard/513829
2026-08-26,Yarmouth,19:06,1,Murrow Khatani,513830,Sporting Life,https://www.sportinglife.com/greyhounds/racecards/2026-08-26/yarmouth/racecard/513830
2026-08-26,Yarmouth,19:06,2,Ramblin Wild,513830,Sporting Life,https://www.sportinglife.com/greyhounds/racecards/2026-08-26/yarmouth/racecard/513830
2026-08-26,Yarmouth,19:06,3,Fen Nannas Pride,513830,Sporting Life,https://www.sportinglife.com/greyhounds/racecards/2026-08-26/yarmouth/racecard/513830
2026-08-26,Yarmouth,19:06,4,Goldcash Wild,513830,Sporting Life,https://www.sportinglife.com/greyhounds/racecards/2026-08-26/yarmouth/racecard/513830
2026-08-26,Yarmouth,19:06,6,Ballycowen Harry,513830,Sporting Life,https://www.sportinglife.com/greyhounds/racecards/2026-08-26/yarmouth/racecard/513830
2026-08-26,Yarmouth,19:22,1,Blackrosepopcorn,513831,Sporting Life,https://www.sportinglife.com/greyhounds/racecards/2026-08-26/yarmouth/racecard/513831
2026-08-26,Yarmouth,19:22,2,Golden Hare,513831,Sporting Life,https://www.sportinglife.com/greyhounds/racecards/2026-08-26/yarmouth/racecard/513831
2026-08-26,Yarmouth,19:22,3,Razzamatazz,513831,Sporting Life,https://www.sportinglife.com/greyhounds/racecards/2026-08-26/yarmouth/racecard/513831
2026-08-26,Yarmouth,19:22,4,Move Over Julia,513831,Sporting Life,https://www.sportinglife.com/greyhounds/racecards/2026-08-26/yarmouth/racecard/513831
2026-08-26,Yarmouth,19:22,6,Swift Yes,513831,Sporting Life,https://www.sportinglife.com/greyhounds/racecards/2026-08-26/yarmouth/racecard/513831
2026-08-26,Yarmouth,19:39,1,Westway Buzz,513832,Sporting Life,https://www.sportinglife.com/greyhounds/racecards/2026-08-26/yarmouth/racecard/513832
2026-08-26,Yarmouth,19:39,2,Kilcash Happy,513832,Sporting Life,https://www.sportinglife.com/greyhounds/racecards/2026-08-26/yarmouth/racecard/513832
2026-08-26,Yarmouth,19:39,3,Murrow Krakatoa,513832,Sporting Life,https://www.sportinglife.com/greyhounds/racecards/2026-08-26/yarmouth/racecard/513832
2026-08-26,Yarmouth,19:39,4,Carrigoon Wes,513832,Sporting Life,https://www.sportinglife.com/greyhounds/racecards/2026-08-26/yarmouth/racecard/513832
2026-08-26,Yarmouth,19:39,5,Coalville Clown,513832,Sporting Life,https://www.sportinglife.com/greyhounds/racecards/2026-08-26/yarmouth/racecard/513832
2026-08-26,Yarmouth,19:56,1,Zoo Da Man,513833,Sporting Life,https://www.sportinglife.com/greyhounds/racecards/2026-08-26/yarmouth/racecard/513833
2026-08-26,Yarmouth,19:56,2,Razldazl Minty,513833,Sporting Life,https://www.sportinglife.com/greyhounds/racecards/2026-08-26/yarmouth/racecard/513833
2026-08-26,Yarmouth,19:56,3,Cansherun,513833,Sporting Life,https://www.sportinglife.com/greyhounds/racecards/2026-08-26/yarmouth/racecard/513833
2026-08-26,Yarmouth,19:56,4,Bobsleigh Shark,513833,Sporting Life,https://www.sportinglife.com/greyhounds/racecards/2026-08-26/yarmouth/racecard/513833
2026-08-26,Yarmouth,19:56,5,The Other Gigi,513833,Sporting Life,https://www.sportinglife.com/greyhounds/racecards/2026-08-26/yarmouth/racecard/513833
2026-08-26,Yarmouth,19:56,6,Laughil Pippa,513833,Sporting Life,https://www.sportinglife.com/greyhounds/racecards/2026-08-26/yarmouth/racecard/513833
2026-08-26,Yarmouth,20:13,1,Glory Diamond,513834,Sporting Life,https://www.sportinglife.com/greyhounds/racecards/2026-08-26/yarmouth/racecard/513834
2026-08-26,Yarmouth,20:13,2,Whisper Dolly,513834,Sporting Life,https://www.sportinglife.com/greyhounds/racecards/2026-08-26/yarmouth/racecard/513834
2026-08-26,Yarmouth,20:13,4,Wishful Decko,513834,Sporting Life,https://www.sportinglife.com/greyhounds/racecards/2026-08-26/yarmouth/racecard/513834
2026-08-26,Yarmouth,20:13,5,Morning Delight,513834,Sporting Life,https://www.sportinglife.com/greyhounds/racecards/2026-08-26/yarmouth/racecard/513834
2026-08-26,Yarmouth,20:13,6,Air Mix,513834,Sporting Life,https://www.sportinglife.com/greyhounds/racecards/2026-08-26/yarmouth/racecard/513834
2026-08-26,Yarmouth,20:31,1,Hollyhill Isabel,513835,Sporting Life,https://www.sportinglife.com/greyhounds/racecards/2026-08-26/yarmouth/racecard/513835
2026-08-26,Yarmouth,20:31,2,Savana Memories,513835,Sporting Life,https://www.sportinglife.com/greyhounds/racecards/2026-08-26/yarmouth/racecard/513835
2026-08-26,Yarmouth,20:31,3,Wachovia Blaze,513835,Sporting Life,https://www.sportinglife.com/greyhounds/racecards/2026-08-26/yarmouth/racecard/513835
2026-08-26,Yarmouth,20:31,4,Girlfromthefen,513835,Sporting Life,https://www.sportinglife.com/greyhounds/racecards/2026-08-26/yarmouth/racecard/513835
2026-08-26,Yarmouth,20:31,5,American Aray,513835,Sporting Life,https://www.sportinglife.com/greyhounds/racecards/2026-08-26/yarmouth/racecard/513835
2026-08-26,Yarmouth,20:47,1,Outdoor Cracker,513836,Sporting Life,https://www.sportinglife.com/greyhounds/racecards/2026-08-26/yarmouth/racecard/513836
2026-08-26,Yarmouth,20:47,2,Caseys Moment,513836,Sporting Life,https://www.sportinglife.com/greyhounds/racecards/2026-08-26/yarmouth/racecard/513836
2026-08-26,Yarmouth,20:47,3,Goldcash Force,513836,Sporting Life,https://www.sportinglife.com/greyhounds/racecards/2026-08-26/yarmouth/racecard/513836
2026-08-26,Yarmouth,20:47,4,My Name Siddy,513836,Sporting Life,https://www.sportinglife.com/greyhounds/racecards/2026-08-26/yarmouth/racecard/513836
2026-08-26,Yarmouth,20:47,5,Whitewood Gigi,513836,Sporting Life,https://www.sportinglife.com/greyhounds/racecards/2026-08-26/yarmouth/racecard/513836
2026-08-26,Yarmouth,21:04,1,Hi Ricki,513837,Sporting Life,https://www.sportinglife.com/greyhounds/racecards/2026-08-26/yarmouth/racecard/513837
2026-08-26,Yarmouth,21:04,2,Golden Passion,513837,Sporting Life,https://www.sportinglife.com/greyhounds/racecards/2026-08-26/yarmouth/racecard/513837
2026-08-26,Yarmouth,21:04,3,Peppered Bedlam,513837,Sporting Life,https://www.sportinglife.com/greyhounds/racecards/2026-08-26/yarmouth/racecard/513837
2026-08-26,Yarmouth,21:04,4,Venom Storm,513837,Sporting Life,https://www.sportinglife.com/greyhounds/racecards/2026-08-26/yarmouth/racecard/513837
2026-08-26,Yarmouth,21:04,6,Decoy Luca,513837,Sporting Life,https://www.sportinglife.com/greyhounds/racecards/2026-08-26/yarmouth/racecard/513837
2026-08-26,Yarmouth,21:23,1,Wee Mac Kate,513838,Sporting Life,https://www.sportinglife.com/greyhounds/racecards/2026-08-26/yarmouth/racecard/513838
2026-08-26,Yarmouth,21:23,2,Chelms Charmer,513838,Sporting Life,https://www.sportinglife.com/greyhounds/racecards/2026-08-26/yarmouth/racecard/513838
2026-08-26,Yarmouth,21:23,3,Thunder Dance,513838,Sporting Life,https://www.sportinglife.com/greyhounds/racecards/2026-08-26/yarmouth/racecard/513838
2026-08-26,Yarmouth,21:23,4,Laugh Alot,513838,Sporting Life,https://www.sportinglife.com/greyhounds/racecards/2026-08-26/yarmouth/racecard/513838
2026-08-26,Yarmouth,21:23,5,Kilara Reaper,513838,Sporting Life,https://www.sportinglife.com/greyhounds/racecards/2026-08-26/yarmouth/racecard/513838
